aid_record_id,student_id,term_id,aid_year,pell_eligible,pell_recipient,pell_amount,federal_loan_recipient,federal_loan_amount
AID2025-000001,S0037863,2025FA,2025-26,0,0,0,1,5500
AID2025-000002,S0007826,2025FA,2025-26,0,0,0,0,0
AID2025-000003,S0028090,2025FA,2025-26,1,1,7395,0,0
AID2025-000004,S0005095,2025FA,2025-26,1,1,7395,1,5500
AID2025-000005,S0011864,2025FA,2025-26,0,0,0,0,0
AID2025-000006,S0007953,2025FA,2025-26,1,1,7395,0,0
AID2025-000007,S0029223,2025FA,2025-26,0,0,0,1,5500
AID2025-000008,S0037106,2025FA,2025-26,1,0,0,0,0
AID2025-000009,S0039000,2025FA,2025-26,0,0,0,0,0
AID2025-000010,S0018284,2025FA,2025-26,0,0,0,1,5500
AID2025-000011,S0007302,2025FA,2025-26,0,0,0,0,0
AID2025-000012,S0033844,2025FA,2025-26,1,1,7395,0,0
AID2025-000013,S0037828,2025FA,2025-26,0,0,0,1,5500
AID2025-000014,S0033781,2025FA,2025-26,0,0,0,0,0
AID2025-000015,S0006955,2025FA,2025-26,0,0,0,0,0
AID2025-000016,S0036889,2025FA,2025-26,1,1,7395,1,5500
AID2025-000017,S0025845,2025FA,2025-26,0,0,0,0,0
AID2025-000018,S0017123,2025FA,2025-26,0,0,0,0,0
AID2025-000019,S0029494,2025FA,2025-26,0,0,0,1,5500
AID2025-000020,S0008693,2025FA,2025-26,1,1,7395,0,0
AID2025-000021,S0040157,2025FA,2025-26,0,0,0,0,0
AID2025-000022,S0036313,2025FA,2025-26,1,0,0,1,5500
AID2025-000023,S0009907,2025FA,2025-26,1,1,7395,0,0
AID2025-000024,S0030899,2025FA,2025-26,0,0,0,0,0
AID2025-000025,S0037796,2025FA,2025-26,1,1,7395,1,5500
AID2025-000026,S0036137,2025FA,2025-26,0,0,0,0,0
AID2025-000027,S0018026,2025FA,2025-26,0,0,0,0,0
AID2025-000028,S0039412,2025FA,2025-26,1,1,7395,1,5500
AID2025-000029,S0032407,2025FA,2025-26,0,0,0,0,0
AID2025-000030,S0023217,2025FA,2025-26,0,0,0,0,0
AID2025-000031,S0040093,2025FA,2025-26,0,0,0,1,5500
AID2025-000032,S0017458,2025FA,2025-26,1,1,7395,0,0
AID2025-000033,S0010987,2025FA,2025-26,1,1,7395,0,0
AID2025-000034,S0033392,2025FA,2025-26,0,0,0,1,5500
AID2025-000035,S0039394,2025FA,2025-26,0,0,0,0,0
AID2025-000036,S0032904,2025FA,2025-26,0,0,0,0,0
AID2025-000037,S0035496,2025FA,2025-26,0,0,0,1,5500
AID2025-000038,S0010304,2025FA,2025-26,1,1,7395,0,0
AID2025-000039,S0023708,2025FA,2025-26,1,1,7395,0,0
AID2025-000040,S0008431,2025FA,2025-26,0,0,0,1,5500
AID2025-000041,S0040425,2025FA,2025-26,1,1,7395,0,0
AID2025-000042,S0032093,2025FA,2025-26,1,1,7395,0,0
AID2025-000043,S0033009,2025FA,2025-26,0,0,0,1,5500
AID2025-000044,S0023272,2025FA,2025-26,1,1,7395,0,0
AID2025-000045,S0021771,2025FA,2025-26,0,0,0,0,0
AID2025-000046,S0011515,2025FA,2025-26,1,1,7395,1,5500
AID2025-000047,S0006399,2025FA,2025-26,0,0,0,0,0
AID2025-000048,S0018823,2025FA,2025-26,0,0,0,0,0
AID2025-000049,S0038010,2025FA,2025-26,0,0,0,1,5500
AID2025-000050,S0026617,2025FA,2025-26,0,0,0,0,0
AID2025-000051,S0039731,2025FA,2025-26,0,0,0,0,0
AID2025-000052,S0014808,2025FA,2025-26,1,1,7395,1,5500
AID2025-000053,S0039515,2025FA,2025-26,0,0,0,0,0
AID2025-000054,S0010223,2025FA,2025-26,1,1,7395,0,0
AID2025-000055,S0003281,2025FA,2025-26,1,1,7395,1,5500
AID2025-000056,S0032729,2025FA,2025-26,0,0,0,0,0
AID2025-000057,S0021159,2025FA,2025-26,1,0,0,0,0
AID2025-000058,S0003565,2025FA,2025-26,0,0,0,1,5500
AID2025-000059,S0023174,2025FA,2025-26,0,0,0,0,0
AID2025-000060,S0001768,2025FA,2025-26,0,0,0,0,0
AID2025-000061,S0009388,2025FA,2025-26,0,0,0,1,5500
AID2025-000062,S0036888,2025FA,2025-26,1,1,7395,0,0
AID2025-000063,S0034349,2025FA,2025-26,0,0,0,0,0
AID2025-000064,S0022964,2025FA,2025-26,0,0,0,1,5500
AID2025-000065,S0035509,2025FA,2025-26,0,0,0,0,0
AID2025-000066,S0036002,2025FA,2025-26,0,0,0,0,0
AID2025-000067,S0027381,2025FA,2025-26,0,0,0,1,5500
AID2025-000068,S0033589,2025FA,2025-26,0,0,0,0,0
AID2025-000069,S0037575,2025FA,2025-26,0,0,0,0,0
AID2025-000070,S0029142,2025FA,2025-26,1,1,7395,1,5500
AID2025-000071,S0032322,2025FA,2025-26,0,0,0,0,0
AID2025-000072,S0036519,2025FA,2025-26,0,0,0,0,0
AID2025-000073,S0037964,2025FA,2025-26,0,0,0,1,5500
AID2025-000074,S0036155,2025FA,2025-26,0,0,0,0,0
AID2025-000075,S0026434,2025FA,2025-26,0,0,0,0,0
AID2025-000076,S0018846,2025FA,2025-26,0,0,0,1,5500
AID2025-000077,S0038261,2025FA,2025-26,0,0,0,0,0
AID2025-000078,S0035744,2025FA,2025-26,0,0,0,0,0
AID2025-000079,S0036049,2025FA,2025-26,0,0,0,1,5500
AID2025-000080,S0036615,2025FA,2025-26,1,1,7395,0,0
AID2025-000081,S0029018,2025FA,2025-26,0,0,0,0,0
AID2025-000082,S0009239,2025FA,2025-26,0,0,0,1,5500
AID2025-000083,S0035805,2025FA,2025-26,0,0,0,0,0
AID2025-000084,S0020966,2025FA,2025-26,0,0,0,0,0
AID2025-000085,S0023611,2025FA,2025-26,1,0,0,1,5500
AID2025-000086,S0035566,2025FA,2025-26,0,0,0,0,0
AID2025-000087,S0035323,2025FA,2025-26,1,1,7395,0,0
AID2025-000088,S0011891,2025FA,2025-26,0,0,0,1,5500
AID2025-000089,S0024230,2025FA,2025-26,0,0,0,0,0
AID2025-000090,S0017587,2025FA,2025-26,0,0,0,0,0
AID2025-000091,S0020739,2025FA,2025-26,0,0,0,1,5500
AID2025-000092,S0027458,2025FA,2025-26,0,0,0,0,0
AID2025-000093,S0036490,2025FA,2025-26,1,1,7395,0,0
AID2025-000094,S0030528,2025FA,2025-26,1,1,7395,1,5500
AID2025-000095,S0003706,2025FA,2025-26,0,0,0,0,0
AID2025-000096,S0003169,2025FA,2025-26,0,0,0,0,0
AID2025-000097,S0031128,2025FA,2025-26,0,0,0,1,5500
AID2025-000098,S0033972,2025FA,2025-26,0,0,0,0,0
AID2025-000099,S0019196,2025FA,2025-26,0,0,0,0,0
AID2025-000100,S0036117,2025FA,2025-26,0,0,0,1,5500
AID2025-000101,S0038247,2025FA,2025-26,0,0,0,0,0
AID2025-000102,S0023310,2025FA,2025-26,0,0,0,0,0
AID2025-000103,S0024436,2025FA,2025-26,0,0,0,1,5500
AID2025-000104,S0010059,2025FA,2025-26,1,1,7395,0,0
AID2025-000105,S0004480,2025FA,2025-26,0,0,0,0,0
AID2025-000106,S0030507,2025FA,2025-26,0,0,0,1,5500
AID2025-000107,S0017624,2025FA,2025-26,0,0,0,0,0
AID2025-000108,S0032700,2025FA,2025-26,0,0,0,0,0
AID2025-000109,S0005139,2025FA,2025-26,0,0,0,1,5500
AID2025-000110,S0018871,2025FA,2025-26,0,0,0,0,0
AID2025-000111,S0022652,2025FA,2025-26,0,0,0,0,0
AID2025-000112,S0018687,2025FA,2025-26,0,0,0,1,5500
AID2025-000113,S0035102,2025FA,2025-26,1,0,0,0,0
AID2025-000114,S0035899,2025FA,2025-26,0,0,0,0,0
AID2025-000115,S0032630,2025FA,2025-26,1,1,7395,1,5500
AID2025-000116,S0038045,2025FA,2025-26,1,1,7395,0,0
AID2025-000117,S0035561,2025FA,2025-26,0,0,0,0,0
AID2025-000118,S0000667,2025FA,2025-26,0,0,0,1,5500
AID2025-000119,S0027658,2025FA,2025-26,1,1,7395,0,0
AID2025-000120,S0040043,2025FA,2025-26,0,0,0,0,0
AID2025-000121,S0034228,2025FA,2025-26,1,1,7395,1,5500
AID2025-000122,S0026345,2025FA,2025-26,1,1,7395,0,0
AID2025-000123,S0022312,2025FA,2025-26,0,0,0,0,0
AID2025-000124,S0033594,2025FA,2025-26,1,1,7395,1,5500
AID2025-000125,S0032862,2025FA,2025-26,0,0,0,0,0
AID2025-000126,S0038065,2025FA,2025-26,0,0,0,0,0
AID2025-000127,S0031418,2025FA,2025-26,1,0,0,1,5500
AID2025-000128,S0001651,2025FA,2025-26,0,0,0,0,0
AID2025-000129,S0018623,2025FA,2025-26,0,0,0,0,0
AID2025-000130,S0024429,2025FA,2025-26,0,0,0,1,5500
AID2025-000131,S0037170,2025FA,2025-26,0,0,0,0,0
AID2025-000132,S0030441,2025FA,2025-26,0,0,0,0,0
AID2025-000133,S0037067,2025FA,2025-26,1,1,7395,1,5500
AID2025-000134,S0037475,2025FA,2025-26,0,0,0,0,0
AID2025-000135,S0003295,2025FA,2025-26,0,0,0,0,0
AID2025-000136,S0008282,2025FA,2025-26,0,0,0,1,5500
AID2025-000137,S0033884,2025FA,2025-26,0,0,0,0,0
AID2025-000138,S0018662,2025FA,2025-26,0,0,0,0,0
AID2025-000139,S0015709,2025FA,2025-26,1,1,7395,1,5500
AID2025-000140,S0029148,2025FA,2025-26,1,1,7395,0,0
AID2025-000141,S0026631,2025FA,2025-26,1,0,0,0,0
AID2025-000142,S0027892,2025FA,2025-26,0,0,0,1,5500
AID2025-000143,S0033770,2025FA,2025-26,0,0,0,0,0
AID2025-000144,S0026044,2025FA,2025-26,0,0,0,0,0
AID2025-000145,S0037889,2025FA,2025-26,1,1,7395,1,5500
AID2025-000146,S0027485,2025FA,2025-26,0,0,0,0,0
AID2025-000147,S0019665,2025FA,2025-26,0,0,0,0,0
AID2025-000148,S0024331,2025FA,2025-26,1,0,0,1,5500
AID2025-000149,S0029113,2025FA,2025-26,1,1,7395,0,0
AID2025-000150,S0040030,2025FA,2025-26,1,1,7395,0,0
AID2025-000151,S0023989,2025FA,2025-26,0,0,0,1,5500
AID2025-000152,S0033454,2025FA,2025-26,0,0,0,0,0
AID2025-000153,S0004578,2025FA,2025-26,1,1,7395,0,0
AID2025-000154,S0018885,2025FA,2025-26,1,1,7395,1,5500
AID2025-000155,S0003328,2025FA,2025-26,1,0,0,0,0
AID2025-000156,S0029208,2025FA,2025-26,0,0,0,0,0
AID2025-000157,S0019235,2025FA,2025-26,0,0,0,1,5500
AID2025-000158,S0032063,2025FA,2025-26,1,1,7395,0,0
AID2025-000159,S0037671,2025FA,2025-26,0,0,0,0,0
AID2025-000160,S0028794,2025FA,2025-26,0,0,0,1,5500
AID2025-000161,S0032411,2025FA,2025-26,0,0,0,0,0
AID2025-000162,S0018079,2025FA,2025-26,0,0,0,0,0
AID2025-000163,S0023716,2025FA,2025-26,0,0,0,1,5500
AID2025-000164,S0033987,2025FA,2025-26,1,1,7395,0,0
AID2025-000165,S0028029,2025FA,2025-26,0,0,0,0,0
AID2025-000166,S0038416,2025FA,2025-26,1,1,7395,1,5500
AID2025-000167,S0028217,2025FA,2025-26,0,0,0,0,0
AID2025-000168,S0028286,2025FA,2025-26,0,0,0,0,0
AID2025-000169,S0033406,2025FA,2025-26,1,0,0,1,5500
AID2025-000170,S0039744,2025FA,2025-26,0,0,0,0,0
AID2025-000171,S0022806,2025FA,2025-26,1,1,7395,0,0
AID2025-000172,S0018463,2025FA,2025-26,0,0,0,1,5500
AID2025-000173,S0031262,2025FA,2025-26,0,0,0,0,0
AID2025-000174,S0038915,2025FA,2025-26,0,0,0,0,0
AID2025-000175,S0036632,2025FA,2025-26,0,0,0,1,5500
AID2025-000176,S0013530,2025FA,2025-26,0,0,0,0,0
AID2025-000177,S0039478,2025FA,2025-26,0,0,0,0,0
AID2025-000178,S0017426,2025FA,2025-26,1,1,7395,1,5500
AID2025-000179,S0037793,2025FA,2025-26,1,1,7395,0,0
AID2025-000180,S0033994,2025FA,2025-26,0,0,0,0,0
AID2025-000181,S0000009,2025FA,2025-26,0,0,0,1,5500
AID2025-000182,S0032082,2025FA,2025-26,0,0,0,0,0
AID2025-000183,S0021321,2025FA,2025-26,0,0,0,0,0
AID2025-000184,S0014270,2025FA,2025-26,1,1,7395,1,5500
AID2025-000185,S0029057,2025FA,2025-26,0,0,0,0,0
AID2025-000186,S0027895,2025FA,2025-26,0,0,0,0,0
AID2025-000187,S0010828,2025FA,2025-26,1,1,7395,1,5500
AID2025-000188,S0026657,2025FA,2025-26,0,0,0,0,0
AID2025-000189,S0037085,2025FA,2025-26,1,1,7395,0,0
AID2025-000190,S0039669,2025FA,2025-26,1,0,0,1,5500
AID2025-000191,S0035477,2025FA,2025-26,1,1,7395,0,0
AID2025-000192,S0039108,2025FA,2025-26,0,0,0,0,0
AID2025-000193,S0009622,2025FA,2025-26,0,0,0,1,5500
AID2025-000194,S0039377,2025FA,2025-26,0,0,0,0,0
AID2025-000195,S0011626,2025FA,2025-26,0,0,0,0,0
AID2025-000196,S0003512,2025FA,2025-26,0,0,0,1,5500
AID2025-000197,S0034159,2025FA,2025-26,1,0,0,0,0
AID2025-000198,S0026556,2025FA,2025-26,1,1,7395,0,0
AID2025-000199,S0036476,2025FA,2025-26,1,1,7395,1,5500
AID2025-000200,S0008766,2025FA,2025-26,1,1,7395,0,0
AID2025-000201,S0039877,2025FA,2025-26,0,0,0,0,0
AID2025-000202,S0040105,2025FA,2025-26,0,0,0,1,5500
AID2025-000203,S0038460,2025FA,2025-26,1,1,7395,0,0
AID2025-000204,S0022483,2025FA,2025-26,0,0,0,0,0
AID2025-000205,S0027753,2025FA,2025-26,0,0,0,1,5500
AID2025-000206,S0033377,2025FA,2025-26,0,0,0,0,0
AID2025-000207,S0028401,2025FA,2025-26,0,0,0,0,0
AID2025-000208,S0017902,2025FA,2025-26,0,0,0,1,5500
AID2025-000209,S0035741,2025FA,2025-26,0,0,0,0,0
AID2025-000210,S0026979,2025FA,2025-26,0,0,0,0,0
AID2025-000211,S0035303,2025FA,2025-26,1,0,0,1,5500
AID2025-000212,S0018179,2025FA,2025-26,0,0,0,0,0
AID2025-000213,S0039773,2025FA,2025-26,1,1,7395,0,0
AID2025-000214,S0027954,2025FA,2025-26,1,1,7395,1,5500
AID2025-000215,S0010251,2025FA,2025-26,1,1,7395,0,0
AID2025-000216,S0040608,2025FA,2025-26,0,0,0,0,0
AID2025-000217,S0034285,2025FA,2025-26,0,0,0,1,5500
AID2025-000218,S0018715,2025FA,2025-26,1,0,0,0,0
AID2025-000219,S0032758,2025FA,2025-26,1,1,7395,0,0
AID2025-000220,S0013981,2025FA,2025-26,0,0,0,1,5500
AID2025-000221,S0023120,2025FA,2025-26,0,0,0,0,0
AID2025-000222,S0035274,2025FA,2025-26,0,0,0,0,0
AID2025-000223,S0040532,2025FA,2025-26,1,1,7395,1,5500
AID2025-000224,S0029596,2025FA,2025-26,0,0,0,0,0
AID2025-000225,S0009460,2025FA,2025-26,1,0,0,0,0
AID2025-000226,S0031625,2025FA,2025-26,0,0,0,1,5500
AID2025-000227,S0028124,2025FA,2025-26,0,0,0,0,0
AID2025-000228,S0004100,2025FA,2025-26,1,1,7395,0,0
AID2025-000229,S0023431,2025FA,2025-26,0,0,0,1,5500
AID2025-000230,S0038973,2025FA,2025-26,0,0,0,0,0
AID2025-000231,S0026379,2025FA,2025-26,0,0,0,0,0
AID2025-000232,S0035874,2025FA,2025-26,0,0,0,1,5500
AID2025-000233,S0014933,2025FA,2025-26,0,0,0,0,0
AID2025-000234,S0039637,2025FA,2025-26,1,1,7395,0,0
AID2025-000235,S0027987,2025FA,2025-26,1,1,7395,1,5500
AID2025-000236,S0024417,2025FA,2025-26,1,1,7395,0,0
AID2025-000237,S0035760,2025FA,2025-26,1,1,7395,0,0
AID2025-000238,S0021579,2025FA,2025-26,0,0,0,1,5500
AID2025-000239,S0017286,2025FA,2025-26,1,0,0,0,0
AID2025-000240,S0027741,2025FA,2025-26,0,0,0,0,0
AID2025-000241,S0013298,2025FA,2025-26,0,0,0,1,5500
AID2025-000242,S0026166,2025FA,2025-26,1,1,7395,0,0
AID2025-000243,S0037862,2025FA,2025-26,0,0,0,0,0
AID2025-000244,S0022738,2025FA,2025-26,1,1,7395,1,5500
AID2025-000245,S0016443,2025FA,2025-26,1,1,7395,0,0
AID2025-000246,S0033449,2025FA,2025-26,1,0,0,0,0
AID2025-000247,S0017559,2025FA,2025-26,0,0,0,1,5500
AID2025-000248,S0032166,2025FA,2025-26,0,0,0,0,0
AID2025-000249,S0015344,2025FA,2025-26,0,0,0,0,0
AID2025-000250,S0035392,2025FA,2025-26,0,0,0,1,5500
AID2025-000251,S0021913,2025FA,2025-26,0,0,0,0,0
AID2025-000252,S0038926,2025FA,2025-26,0,0,0,0,0
AID2025-000253,S0038650,2025FA,2025-26,0,0,0,1,5500
AID2025-000254,S0038067,2025FA,2025-26,1,1,7395,0,0
AID2025-000255,S0021751,2025FA,2025-26,1,1,7395,0,0
AID2025-000256,S0038141,2025FA,2025-26,1,1,7395,1,5500
AID2025-000257,S0039081,2025FA,2025-26,1,1,7395,0,0
AID2025-000258,S0010301,2025FA,2025-26,1,1,7395,0,0
AID2025-000259,S0015271,2025FA,2025-26,0,0,0,1,5500
AID2025-000260,S0027138,2025FA,2025-26,0,0,0,0,0
AID2025-000261,S0039852,2025FA,2025-26,0,0,0,0,0
AID2025-000262,S0038206,2025FA,2025-26,0,0,0,1,5500
AID2025-000263,S0005887,2025FA,2025-26,1,1,7395,0,0
AID2025-000264,S0011143,2025FA,2025-26,0,0,0,0,0
AID2025-000265,S0037136,2025FA,2025-26,1,1,7395,1,5500
AID2025-000266,S0006109,2025FA,2025-26,0,0,0,0,0
AID2025-000267,S0039442,2025FA,2025-26,0,0,0,0,0
AID2025-000268,S0014774,2025FA,2025-26,0,0,0,1,5500
AID2025-000269,S0038637,2025FA,2025-26,0,0,0,0,0
AID2025-000270,S0001430,2025FA,2025-26,1,1,7395,0,0
AID2025-000271,S0038232,2025FA,2025-26,0,0,0,1,5500
AID2025-000272,S0033569,2025FA,2025-26,0,0,0,0,0
AID2025-000273,S0023676,2025FA,2025-26,0,0,0,0,0
AID2025-000274,S0033798,2025FA,2025-26,0,0,0,1,5500
AID2025-000275,S0024008,2025FA,2025-26,0,0,0,0,0
AID2025-000276,S0039624,2025FA,2025-26,0,0,0,0,0
AID2025-000277,S0017578,2025FA,2025-26,0,0,0,1,5500
AID2025-000278,S0030960,2025FA,2025-26,0,0,0,0,0
AID2025-000279,S0032928,2025FA,2025-26,1,1,7395,0,0
AID2025-000280,S0039441,2025FA,2025-26,1,1,7395,1,5500
AID2025-000281,S0033843,2025FA,2025-26,0,0,0,0,0
AID2025-000282,S0039702,2025FA,2025-26,0,0,0,0,0
AID2025-000283,S0021549,2025FA,2025-26,0,0,0,1,5500
AID2025-000284,S0034125,2025FA,2025-26,0,0,0,0,0
AID2025-000285,S0014128,2025FA,2025-26,1,1,7395,0,0
AID2025-000286,S0006262,2025FA,2025-26,0,0,0,1,5500
AID2025-000287,S0033252,2025FA,2025-26,1,1,7395,0,0
AID2025-000288,S0018572,2025FA,2025-26,1,0,0,0,0
AID2025-000289,S0034408,2025FA,2025-26,1,1,7395,1,5500
AID2025-000290,S0011806,2025FA,2025-26,0,0,0,0,0
AID2025-000291,S0034100,2025FA,2025-26,0,0,0,0,0
AID2025-000292,S0035476,2025FA,2025-26,0,0,0,1,5500
AID2025-000293,S0031907,2025FA,2025-26,1,1,7395,0,0
AID2025-000294,S0039951,2025FA,2025-26,0,0,0,0,0
AID2025-000295,S0032512,2025FA,2025-26,1,0,0,1,5500
AID2025-000296,S0034176,2025FA,2025-26,1,1,7395,0,0
AID2025-000297,S0013918,2025FA,2025-26,0,0,0,0,0
AID2025-000298,S0030730,2025FA,2025-26,0,0,0,1,5500
AID2025-000299,S0010000,2025FA,2025-26,0,0,0,0,0
AID2025-000300,S0012875,2025FA,2025-26,0,0,0,0,0
AID2025-000301,S0001222,2025FA,2025-26,0,0,0,1,5500
AID2025-000302,S0004784,2025FA,2025-26,1,0,0,0,0
AID2025-000303,S0037950,2025FA,2025-26,0,0,0,0,0
AID2025-000304,S0013796,2025FA,2025-26,0,0,0,1,5500
AID2025-000305,S0034135,2025FA,2025-26,0,0,0,0,0
AID2025-000306,S0030642,2025FA,2025-26,1,1,7395,0,0
AID2025-000307,S0032962,2025FA,2025-26,0,0,0,1,5500
AID2025-000308,S0028152,2025FA,2025-26,0,0,0,0,0
AID2025-000309,S0000167,2025FA,2025-26,0,0,0,0,0
AID2025-000310,S0036404,2025FA,2025-26,0,0,0,1,5500
AID2025-000311,S0031646,2025FA,2025-26,0,0,0,0,0
AID2025-000312,S0003561,2025FA,2025-26,0,0,0,0,0
AID2025-000313,S0026233,2025FA,2025-26,0,0,0,1,5500
AID2025-000314,S0010494,2025FA,2025-26,1,1,7395,0,0
AID2025-000315,S0015009,2025FA,2025-26,0,0,0,0,0
AID2025-000316,S0036229,2025FA,2025-26,0,0,0,1,5500
AID2025-000317,S0036994,2025FA,2025-26,0,0,0,0,0
AID2025-000318,S0023371,2025FA,2025-26,0,0,0,0,0
AID2025-000319,S0014543,2025FA,2025-26,0,0,0,1,5500
AID2025-000320,S0034097,2025FA,2025-26,0,0,0,0,0
AID2025-000321,S0003562,2025FA,2025-26,0,0,0,0,0
AID2025-000322,S0031573,2025FA,2025-26,1,1,7395,1,5500
AID2025-000323,S0012536,2025FA,2025-26,0,0,0,0,0
AID2025-000324,S0026212,2025FA,2025-26,0,0,0,0,0
AID2025-000325,S0019593,2025FA,2025-26,0,0,0,1,5500
AID2025-000326,S0029537,2025FA,2025-26,0,0,0,0,0
AID2025-000327,S0012701,2025FA,2025-26,1,1,7395,0,0
AID2025-000328,S0031271,2025FA,2025-26,0,0,0,1,5500
AID2025-000329,S0032502,2025FA,2025-26,0,0,0,0,0
AID2025-000330,S0012476,2025FA,2025-26,0,0,0,0,0
AID2025-000331,S0038842,2025FA,2025-26,0,0,0,1,5500
AID2025-000332,S0022606,2025FA,2025-26,1,1,7395,0,0
AID2025-000333,S0023348,2025FA,2025-26,0,0,0,0,0
AID2025-000334,S0040359,2025FA,2025-26,0,0,0,1,5500
AID2025-000335,S0022978,2025FA,2025-26,1,1,7395,0,0
AID2025-000336,S0034174,2025FA,2025-26,1,1,7395,0,0
AID2025-000337,S0012212,2025FA,2025-26,0,0,0,1,5500
AID2025-000338,S0018309,2025FA,2025-26,0,0,0,0,0
AID2025-000339,S0031501,2025FA,2025-26,1,1,7395,0,0
AID2025-000340,S0033981,2025FA,2025-26,0,0,0,1,5500
AID2025-000341,S0005390,2025FA,2025-26,0,0,0,0,0
AID2025-000342,S0036891,2025FA,2025-26,1,1,7395,0,0
AID2025-000343,S0009536,2025FA,2025-26,0,0,0,1,5500
AID2025-000344,S0024189,2025FA,2025-26,0,0,0,0,0
AID2025-000345,S0006391,2025FA,2025-26,1,1,7395,0,0
AID2025-000346,S0012725,2025FA,2025-26,0,0,0,1,5500
AID2025-000347,S0009025,2025FA,2025-26,0,0,0,0,0
AID2025-000348,S0017699,2025FA,2025-26,0,0,0,0,0
AID2025-000349,S0021517,2025FA,2025-26,0,0,0,1,5500
AID2025-000350,S0032665,2025FA,2025-26,0,0,0,0,0
AID2025-000351,S0031555,2025FA,2025-26,1,0,0,0,0
AID2025-000352,S0004037,2025FA,2025-26,0,0,0,1,5500
AID2025-000353,S0017950,2025FA,2025-26,1,1,7395,0,0
AID2025-000354,S0007883,2025FA,2025-26,1,1,7395,0,0
AID2025-000355,S0031322,2025FA,2025-26,0,0,0,1,5500
AID2025-000356,S0019490,2025FA,2025-26,0,0,0,0,0
AID2025-000357,S0000207,2025FA,2025-26,0,0,0,0,0
AID2025-000358,S0021821,2025FA,2025-26,0,0,0,1,5500
AID2025-000359,S0026714,2025FA,2025-26,0,0,0,0,0
AID2025-000360,S0029085,2025FA,2025-26,0,0,0,0,0
AID2025-000361,S0032140,2025FA,2025-26,0,0,0,1,5500
AID2025-000362,S0038103,2025FA,2025-26,0,0,0,0,0
AID2025-000363,S0032574,2025FA,2025-26,0,0,0,0,0
AID2025-000364,S0040316,2025FA,2025-26,0,0,0,1,5500
AID2025-000365,S0027508,2025FA,2025-26,1,1,7395,0,0
AID2025-000366,S0023968,2025FA,2025-26,0,0,0,0,0
AID2025-000367,S0037116,2025FA,2025-26,0,0,0,1,5500
AID2025-000368,S0033519,2025FA,2025-26,0,0,0,0,0
AID2025-000369,S0007538,2025FA,2025-26,0,0,0,0,0
AID2025-000370,S0032696,2025FA,2025-26,1,1,7395,1,5500
AID2025-000371,S0040333,2025FA,2025-26,0,0,0,0,0
AID2025-000372,S0004732,2025FA,2025-26,1,0,0,0,0
AID2025-000373,S0038017,2025FA,2025-26,1,1,7395,1,5500
AID2025-000374,S0009341,2025FA,2025-26,1,1,7395,0,0
AID2025-000375,S0029243,2025FA,2025-26,0,0,0,0,0
AID2025-000376,S0031697,2025FA,2025-26,0,0,0,1,5500
AID2025-000377,S0011037,2025FA,2025-26,1,1,7395,0,0
AID2025-000378,S0021501,2025FA,2025-26,1,1,7395,0,0
AID2025-000379,S0040253,2025FA,2025-26,0,0,0,1,5500
AID2025-000380,S0025456,2025FA,2025-26,1,1,7395,0,0
AID2025-000381,S0008753,2025FA,2025-26,0,0,0,0,0
AID2025-000382,S0028798,2025FA,2025-26,1,1,7395,1,5500
AID2025-000383,S0026134,2025FA,2025-26,0,0,0,0,0
AID2025-000384,S0013432,2025FA,2025-26,0,0,0,0,0
AID2025-000385,S0001993,2025FA,2025-26,1,1,7395,1,5500
AID2025-000386,S0004909,2025FA,2025-26,0,0,0,0,0
AID2025-000387,S0037537,2025FA,2025-26,1,1,7395,0,0
AID2025-000388,S0033856,2025FA,2025-26,1,1,7395,1,5500
AID2025-000389,S0019623,2025FA,2025-26,0,0,0,0,0
AID2025-000390,S0023492,2025FA,2025-26,0,0,0,0,0
AID2025-000391,S0032380,2025FA,2025-26,0,0,0,1,5500
AID2025-000392,S0027793,2025FA,2025-26,0,0,0,0,0
AID2025-000393,S0029370,2025FA,2025-26,0,0,0,0,0
AID2025-000394,S0012262,2025FA,2025-26,0,0,0,1,5500
AID2025-000395,S0029235,2025FA,2025-26,0,0,0,0,0
AID2025-000396,S0039287,2025FA,2025-26,1,1,7395,0,0
AID2025-000397,S0036012,2025FA,2025-26,1,1,7395,1,5500
AID2025-000398,S0037902,2025FA,2025-26,0,0,0,0,0
AID2025-000399,S0039972,2025FA,2025-26,0,0,0,0,0
AID2025-000400,S0028876,2025FA,2025-26,0,0,0,1,5500
AID2025-000401,S0016868,2025FA,2025-26,1,1,7395,0,0
AID2025-000402,S0015346,2025FA,2025-26,0,0,0,0,0
AID2025-000403,S0010385,2025FA,2025-26,0,0,0,1,5500
AID2025-000404,S0025666,2025FA,2025-26,0,0,0,0,0
AID2025-000405,S0006844,2025FA,2025-26,0,0,0,0,0
AID2025-000406,S0034061,2025FA,2025-26,0,0,0,1,5500
AID2025-000407,S0033648,2025FA,2025-26,0,0,0,0,0
AID2025-000408,S0022845,2025FA,2025-26,0,0,0,0,0
AID2025-000409,S0038494,2025FA,2025-26,1,1,7395,1,5500
AID2025-000410,S0012953,2025FA,2025-26,0,0,0,0,0
AID2025-000411,S0036992,2025FA,2025-26,1,1,7395,0,0
AID2025-000412,S0016108,2025FA,2025-26,1,1,7395,1,5500
AID2025-000413,S0027659,2025FA,2025-26,0,0,0,0,0
AID2025-000414,S0031084,2025FA,2025-26,0,0,0,0,0
AID2025-000415,S0023347,2025FA,2025-26,0,0,0,1,5500
AID2025-000416,S0019059,2025FA,2025-26,0,0,0,0,0
AID2025-000417,S0023337,2025FA,2025-26,0,0,0,0,0
AID2025-000418,S0034266,2025FA,2025-26,0,0,0,1,5500
AID2025-000419,S0038270,2025FA,2025-26,0,0,0,0,0
AID2025-000420,S0035444,2025FA,2025-26,0,0,0,0,0
AID2025-000421,S0028257,2025FA,2025-26,1,0,0,1,5500
AID2025-000422,S0004710,2025FA,2025-26,0,0,0,0,0
AID2025-000423,S0014338,2025FA,2025-26,1,1,7395,0,0
AID2025-000424,S0027370,2025FA,2025-26,0,0,0,1,5500
AID2025-000425,S0030820,2025FA,2025-26,0,0,0,0,0
AID2025-000426,S0001279,2025FA,2025-26,0,0,0,0,0
AID2025-000427,S0038569,2025FA,2025-26,0,0,0,1,5500
AID2025-000428,S0022360,2025FA,2025-26,1,0,0,0,0
AID2025-000429,S0031992,2025FA,2025-26,0,0,0,0,0
AID2025-000430,S0030414,2025FA,2025-26,0,0,0,1,5500
AID2025-000431,S0034147,2025FA,2025-26,0,0,0,0,0
AID2025-000432,S0003396,2025FA,2025-26,0,0,0,0,0
AID2025-000433,S0024287,2025FA,2025-26,0,0,0,1,5500
AID2025-000434,S0023148,2025FA,2025-26,0,0,0,0,0
AID2025-000435,S0040221,2025FA,2025-26,1,0,0,0,0
AID2025-000436,S0027597,2025FA,2025-26,1,1,7395,1,5500
AID2025-000437,S0039177,2025FA,2025-26,1,1,7395,0,0
AID2025-000438,S0032359,2025FA,2025-26,1,1,7395,0,0
AID2025-000439,S0032708,2025FA,2025-26,0,0,0,1,5500
AID2025-000440,S0027038,2025FA,2025-26,0,0,0,0,0
AID2025-000441,S0037840,2025FA,2025-26,0,0,0,0,0
AID2025-000442,S0021407,2025FA,2025-26,0,0,0,1,5500
AID2025-000443,S0032747,2025FA,2025-26,1,1,7395,0,0
AID2025-000444,S0026276,2025FA,2025-26,1,1,7395,0,0
AID2025-000445,S0023420,2025FA,2025-26,1,1,7395,1,5500
AID2025-000446,S0032448,2025FA,2025-26,0,0,0,0,0
AID2025-000447,S0010694,2025FA,2025-26,0,0,0,0,0
AID2025-000448,S0034029,2025FA,2025-26,1,1,7395,1,5500
AID2025-000449,S0031267,2025FA,2025-26,1,0,0,0,0
AID2025-000450,S0023571,2025FA,2025-26,0,0,0,0,0
AID2025-000451,S0014756,2025FA,2025-26,0,0,0,1,5500
AID2025-000452,S0003027,2025FA,2025-26,0,0,0,0,0
AID2025-000453,S0006411,2025FA,2025-26,1,1,7395,0,0
AID2025-000454,S0032285,2025FA,2025-26,0,0,0,1,5500
AID2025-000455,S0022249,2025FA,2025-26,0,0,0,0,0
AID2025-000456,S0024114,2025FA,2025-26,1,1,7395,0,0
AID2025-000457,S0038677,2025FA,2025-26,0,0,0,1,5500
AID2025-000458,S0019337,2025FA,2025-26,0,0,0,0,0
AID2025-000459,S0028252,2025FA,2025-26,1,1,7395,0,0
AID2025-000460,S0034380,2025FA,2025-26,1,1,7395,1,5500
AID2025-000461,S0038144,2025FA,2025-26,0,0,0,0,0
AID2025-000462,S0015793,2025FA,2025-26,0,0,0,0,0
AID2025-000463,S0011704,2025FA,2025-26,0,0,0,1,5500
AID2025-000464,S0000961,2025FA,2025-26,0,0,0,0,0
AID2025-000465,S0033314,2025FA,2025-26,0,0,0,0,0
AID2025-000466,S0034232,2025FA,2025-26,1,1,7395,1,5500
AID2025-000467,S0035544,2025FA,2025-26,0,0,0,0,0
AID2025-000468,S0033773,2025FA,2025-26,0,0,0,0,0
AID2025-000469,S0038587,2025FA,2025-26,0,0,0,1,5500
AID2025-000470,S0000751,2025FA,2025-26,0,0,0,0,0
AID2025-000471,S0029259,2025FA,2025-26,1,1,7395,0,0
AID2025-000472,S0029198,2025FA,2025-26,0,0,0,1,5500
AID2025-000473,S0033629,2025FA,2025-26,0,0,0,0,0
AID2025-000474,S0034241,2025FA,2025-26,0,0,0,0,0
AID2025-000475,S0001611,2025FA,2025-26,1,1,7395,1,5500
AID2025-000476,S0016728,2025FA,2025-26,0,0,0,0,0
AID2025-000477,S0009726,2025FA,2025-26,0,0,0,0,0
AID2025-000478,S0031927,2025FA,2025-26,1,1,7395,1,5500
AID2025-000479,S0033885,2025FA,2025-26,0,0,0,0,0
AID2025-000480,S0038166,2025FA,2025-26,1,1,7395,0,0
AID2025-000481,S0038704,2025FA,2025-26,0,0,0,1,5500
AID2025-000482,S0019186,2025FA,2025-26,0,0,0,0,0
AID2025-000483,S0026487,2025FA,2025-26,0,0,0,0,0
AID2025-000484,S0033401,2025FA,2025-26,0,0,0,1,5500
AID2025-000485,S0038426,2025FA,2025-26,0,0,0,0,0
AID2025-000486,S0027339,2025FA,2025-26,1,1,7395,0,0
AID2025-000487,S0032743,2025FA,2025-26,1,1,7395,1,5500
AID2025-000488,S0036326,2025FA,2025-26,0,0,0,0,0
AID2025-000489,S0008031,2025FA,2025-26,1,1,7395,0,0
AID2025-000490,S0003191,2025FA,2025-26,0,0,0,1,5500
AID2025-000491,S0023121,2025FA,2025-26,0,0,0,0,0
AID2025-000492,S0027787,2025FA,2025-26,0,0,0,0,0
AID2025-000493,S0040339,2025FA,2025-26,0,0,0,1,5500
AID2025-000494,S0029197,2025FA,2025-26,1,1,7395,0,0
AID2025-000495,S0032526,2025FA,2025-26,0,0,0,0,0
AID2025-000496,S0033540,2025FA,2025-26,0,0,0,1,5500
AID2025-000497,S0018655,2025FA,2025-26,0,0,0,0,0
AID2025-000498,S0040143,2025FA,2025-26,1,0,0,0,0
AID2025-000499,S0028354,2025FA,2025-26,0,0,0,1,5500
AID2025-000500,S0034377,2025FA,2025-26,1,1,7395,0,0
AID2025-000501,S0029174,2025FA,2025-26,0,0,0,0,0
AID2025-000502,S0000423,2025FA,2025-26,1,1,7395,1,5500
AID2025-000503,S0021884,2025FA,2025-26,0,0,0,0,0
AID2025-000504,S0016186,2025FA,2025-26,0,0,0,0,0
AID2025-000505,S0040020,2025FA,2025-26,0,0,0,1,5500
AID2025-000506,S0026156,2025FA,2025-26,1,1,7395,0,0
AID2025-000507,S0001257,2025FA,2025-26,1,1,7395,0,0
AID2025-000508,S0029346,2025FA,2025-26,0,0,0,1,5500
AID2025-000509,S0024193,2025FA,2025-26,1,1,7395,0,0
AID2025-000510,S0033297,2025FA,2025-26,1,1,7395,0,0
AID2025-000511,S0039495,2025FA,2025-26,0,0,0,1,5500
AID2025-000512,S0034334,2025FA,2025-26,0,0,0,0,0
AID2025-000513,S0028556,2025FA,2025-26,1,1,7395,0,0
AID2025-000514,S0035110,2025FA,2025-26,1,1,7395,1,5500
AID2025-000515,S0010003,2025FA,2025-26,0,0,0,0,0
AID2025-000516,S0008842,2025FA,2025-26,0,0,0,0,0
AID2025-000517,S0036950,2025FA,2025-26,0,0,0,1,5500
AID2025-000518,S0010263,2025FA,2025-26,0,0,0,0,0
AID2025-000519,S0035746,2025FA,2025-26,0,0,0,0,0
AID2025-000520,S0006847,2025FA,2025-26,0,0,0,1,5500
AID2025-000521,S0029064,2025FA,2025-26,1,1,7395,0,0
AID2025-000522,S0027867,2025FA,2025-26,1,1,7395,0,0
AID2025-000523,S0040551,2025FA,2025-26,1,1,7395,1,5500
AID2025-000524,S0037083,2025FA,2025-26,0,0,0,0,0
AID2025-000525,S0004794,2025FA,2025-26,0,0,0,0,0
AID2025-000526,S0032206,2025FA,2025-26,1,0,0,1,5500
AID2025-000527,S0038137,2025FA,2025-26,1,1,7395,0,0
AID2025-000528,S0038169,2025FA,2025-26,0,0,0,0,0
AID2025-000529,S0038040,2025FA,2025-26,0,0,0,1,5500
AID2025-000530,S0037339,2025FA,2025-26,1,1,7395,0,0
AID2025-000531,S0028456,2025FA,2025-26,0,0,0,0,0
AID2025-000532,S0027211,2025FA,2025-26,1,1,7395,1,5500
AID2025-000533,S0039656,2025FA,2025-26,0,0,0,0,0
AID2025-000534,S0034204,2025FA,2025-26,1,1,7395,0,0
AID2025-000535,S0033647,2025FA,2025-26,1,1,7395,1,5500
AID2025-000536,S0038409,2025FA,2025-26,1,1,7395,0,0
AID2025-000537,S0037187,2025FA,2025-26,0,0,0,0,0
AID2025-000538,S0037217,2025FA,2025-26,0,0,0,1,5500
AID2025-000539,S0003482,2025FA,2025-26,0,0,0,0,0
AID2025-000540,S0015722,2025FA,2025-26,0,0,0,0,0
AID2025-000541,S0039831,2025FA,2025-26,0,0,0,1,5500
AID2025-000542,S0039923,2025FA,2025-26,0,0,0,0,0
AID2025-000543,S0038368,2025FA,2025-26,1,1,7395,0,0
AID2025-000544,S0007034,2025FA,2025-26,1,1,7395,1,5500
AID2025-000545,S0032723,2025FA,2025-26,0,0,0,0,0
AID2025-000546,S0016039,2025FA,2025-26,0,0,0,0,0
AID2025-000547,S0009479,2025FA,2025-26,0,0,0,1,5500
AID2025-000548,S0028149,2025FA,2025-26,0,0,0,0,0
AID2025-000549,S0028400,2025FA,2025-26,0,0,0,0,0
AID2025-000550,S0034092,2025FA,2025-26,1,1,7395,1,5500
AID2025-000551,S0012504,2025FA,2025-26,1,1,7395,0,0
AID2025-000552,S0028196,2025FA,2025-26,0,0,0,0,0
AID2025-000553,S0037882,2025FA,2025-26,1,1,7395,1,5500
AID2025-000554,S0006072,2025FA,2025-26,1,0,0,0,0
AID2025-000555,S0037584,2025FA,2025-26,1,1,7395,0,0
AID2025-000556,S0024315,2025FA,2025-26,1,1,7395,1,5500
AID2025-000557,S0030765,2025FA,2025-26,0,0,0,0,0
AID2025-000558,S0015862,2025FA,2025-26,0,0,0,0,0
AID2025-000559,S0001884,2025FA,2025-26,0,0,0,1,5500
AID2025-000560,S0028313,2025FA,2025-26,0,0,0,0,0
AID2025-000561,S0033921,2025FA,2025-26,0,0,0,0,0
AID2025-000562,S0023808,2025FA,2025-26,0,0,0,1,5500
AID2025-000563,S0017641,2025FA,2025-26,0,0,0,0,0
AID2025-000564,S0021292,2025FA,2025-26,0,0,0,0,0
AID2025-000565,S0003438,2025FA,2025-26,0,0,0,1,5500
AID2025-000566,S0030832,2025FA,2025-26,1,1,7395,0,0
AID2025-000567,S0036516,2025FA,2025-26,0,0,0,0,0
AID2025-000568,S0039857,2025FA,2025-26,0,0,0,1,5500
AID2025-000569,S0033347,2025FA,2025-26,1,1,7395,0,0
AID2025-000570,S0032138,2025FA,2025-26,0,0,0,0,0
AID2025-000571,S0018182,2025FA,2025-26,0,0,0,1,5500
AID2025-000572,S0030713,2025FA,2025-26,0,0,0,0,0
AID2025-000573,S0006490,2025FA,2025-26,0,0,0,0,0
AID2025-000574,S0005963,2025FA,2025-26,0,0,0,1,5500
AID2025-000575,S0038603,2025FA,2025-26,0,0,0,0,0
AID2025-000576,S0003077,2025FA,2025-26,1,1,7395,0,0
AID2025-000577,S0013709,2025FA,2025-26,0,0,0,1,5500
AID2025-000578,S0021559,2025FA,2025-26,0,0,0,0,0
AID2025-000579,S0005291,2025FA,2025-26,0,0,0,0,0
AID2025-000580,S0009259,2025FA,2025-26,0,0,0,1,5500
AID2025-000581,S0017802,2025FA,2025-26,0,0,0,0,0
AID2025-000582,S0036272,2025FA,2025-26,0,0,0,0,0
AID2025-000583,S0033197,2025FA,2025-26,0,0,0,1,5500
AID2025-000584,S0027963,2025FA,2025-26,0,0,0,0,0
AID2025-000585,S0037216,2025FA,2025-26,0,0,0,0,0
AID2025-000586,S0018733,2025FA,2025-26,0,0,0,1,5500
AID2025-000587,S0023030,2025FA,2025-26,0,0,0,0,0
AID2025-000588,S0022986,2025FA,2025-26,0,0,0,0,0
AID2025-000589,S0005072,2025FA,2025-26,1,0,0,1,5500
AID2025-000590,S0037094,2025FA,2025-26,1,1,7395,0,0
AID2025-000591,S0023677,2025FA,2025-26,0,0,0,0,0
AID2025-000592,S0040538,2025FA,2025-26,0,0,0,1,5500
AID2025-000593,S0027207,2025FA,2025-26,1,1,7395,0,0
AID2025-000594,S0037230,2025FA,2025-26,0,0,0,0,0
AID2025-000595,S0014685,2025FA,2025-26,0,0,0,1,5500
AID2025-000596,S0028221,2025FA,2025-26,1,0,0,0,0
AID2025-000597,S0039615,2025FA,2025-26,0,0,0,0,0
AID2025-000598,S0030515,2025FA,2025-26,0,0,0,1,5500
AID2025-000599,S0024051,2025FA,2025-26,0,0,0,0,0
AID2025-000600,S0037129,2025FA,2025-26,1,1,7395,0,0
AID2025-000601,S0024282,2025FA,2025-26,0,0,0,1,5500
AID2025-000602,S0001427,2025FA,2025-26,0,0,0,0,0
AID2025-000603,S0036080,2025FA,2025-26,1,0,0,0,0
AID2025-000604,S0034083,2025FA,2025-26,0,0,0,1,5500
AID2025-000605,S0039003,2025FA,2025-26,1,1,7395,0,0
AID2025-000606,S0028932,2025FA,2025-26,0,0,0,0,0
AID2025-000607,S0012995,2025FA,2025-26,0,0,0,1,5500
AID2025-000608,S0022492,2025FA,2025-26,1,1,7395,0,0
AID2025-000609,S0015632,2025FA,2025-26,0,0,0,0,0
AID2025-000610,S0018387,2025FA,2025-26,0,0,0,1,5500
AID2025-000611,S0033708,2025FA,2025-26,0,0,0,0,0
AID2025-000612,S0004641,2025FA,2025-26,0,0,0,0,0
AID2025-000613,S0023343,2025FA,2025-26,0,0,0,1,5500
AID2025-000614,S0006288,2025FA,2025-26,0,0,0,0,0
AID2025-000615,S0033999,2025FA,2025-26,0,0,0,0,0
AID2025-000616,S0010538,2025FA,2025-26,0,0,0,1,5500
AID2025-000617,S0022167,2025FA,2025-26,0,0,0,0,0
AID2025-000618,S0037071,2025FA,2025-26,1,1,7395,0,0
AID2025-000619,S0017440,2025FA,2025-26,1,1,7395,1,5500
AID2025-000620,S0012639,2025FA,2025-26,1,1,7395,0,0
AID2025-000621,S0006264,2025FA,2025-26,0,0,0,0,0
AID2025-000622,S0005674,2025FA,2025-26,0,0,0,1,5500
AID2025-000623,S0026646,2025FA,2025-26,0,0,0,0,0
AID2025-000624,S0034001,2025FA,2025-26,0,0,0,0,0
AID2025-000625,S0028579,2025FA,2025-26,0,0,0,1,5500
AID2025-000626,S0014570,2025FA,2025-26,0,0,0,0,0
AID2025-000627,S0028301,2025FA,2025-26,0,0,0,0,0
AID2025-000628,S0038871,2025FA,2025-26,1,1,7395,1,5500
AID2025-000629,S0027011,2025FA,2025-26,1,1,7395,0,0
AID2025-000630,S0028003,2025FA,2025-26,0,0,0,0,0
AID2025-000631,S0006938,2025FA,2025-26,0,0,0,1,5500
AID2025-000632,S0022612,2025FA,2025-26,1,1,7395,0,0
AID2025-000633,S0031582,2025FA,2025-26,0,0,0,0,0
AID2025-000634,S0010042,2025FA,2025-26,1,1,7395,1,5500
AID2025-000635,S0006720,2025FA,2025-26,1,1,7395,0,0
AID2025-000636,S0038263,2025FA,2025-26,0,0,0,0,0
AID2025-000637,S0037043,2025FA,2025-26,0,0,0,1,5500
AID2025-000638,S0035715,2025FA,2025-26,1,1,7395,0,0
AID2025-000639,S0034055,2025FA,2025-26,0,0,0,0,0
AID2025-000640,S0039665,2025FA,2025-26,0,0,0,1,5500
AID2025-000641,S0011347,2025FA,2025-26,1,1,7395,0,0
AID2025-000642,S0026271,2025FA,2025-26,0,0,0,0,0
AID2025-000643,S0035101,2025FA,2025-26,1,1,7395,1,5500
AID2025-000644,S0040042,2025FA,2025-26,0,0,0,0,0
AID2025-000645,S0019547,2025FA,2025-26,0,0,0,0,0
AID2025-000646,S0034366,2025FA,2025-26,0,0,0,1,5500
AID2025-000647,S0029170,2025FA,2025-26,1,1,7395,0,0
AID2025-000648,S0026691,2025FA,2025-26,0,0,0,0,0
AID2025-000649,S0023593,2025FA,2025-26,0,0,0,1,5500
AID2025-000650,S0038715,2025FA,2025-26,1,1,7395,0,0
AID2025-000651,S0028448,2025FA,2025-26,1,1,7395,0,0
AID2025-000652,S0021608,2025FA,2025-26,0,0,0,1,5500
AID2025-000653,S0037239,2025FA,2025-26,1,1,7395,0,0
AID2025-000654,S0011103,2025FA,2025-26,1,1,7395,0,0
AID2025-000655,S0033336,2025FA,2025-26,1,1,7395,1,5500
AID2025-000656,S0035635,2025FA,2025-26,0,0,0,0,0
AID2025-000657,S0019032,2025FA,2025-26,0,0,0,0,0
AID2025-000658,S0035433,2025FA,2025-26,0,0,0,1,5500
AID2025-000659,S0037672,2025FA,2025-26,1,0,0,0,0
AID2025-000660,S0025387,2025FA,2025-26,1,1,7395,0,0
AID2025-000661,S0026076,2025FA,2025-26,0,0,0,1,5500
AID2025-000662,S0038818,2025FA,2025-26,0,0,0,0,0
AID2025-000663,S0010151,2025FA,2025-26,1,1,7395,0,0
AID2025-000664,S0039719,2025FA,2025-26,0,0,0,1,5500
AID2025-000665,S0010747,2025FA,2025-26,0,0,0,0,0
AID2025-000666,S0009255,2025FA,2025-26,1,0,0,0,0
AID2025-000667,S0026331,2025FA,2025-26,0,0,0,1,5500
AID2025-000668,S0034111,2025FA,2025-26,0,0,0,0,0
AID2025-000669,S0024178,2025FA,2025-26,0,0,0,0,0
AID2025-000670,S0001246,2025FA,2025-26,0,0,0,1,5500
AID2025-000671,S0027909,2025FA,2025-26,0,0,0,0,0
AID2025-000672,S0009083,2025FA,2025-26,0,0,0,0,0
AID2025-000673,S0038049,2025FA,2025-26,0,0,0,1,5500
AID2025-000674,S0022090,2025FA,2025-26,1,1,7395,0,0
AID2025-000675,S0032171,2025FA,2025-26,1,1,7395,0,0
AID2025-000676,S0031820,2025FA,2025-26,0,0,0,1,5500
AID2025-000677,S0011885,2025FA,2025-26,1,1,7395,0,0
AID2025-000678,S0039552,2025FA,2025-26,0,0,0,0,0
AID2025-000679,S0033326,2025FA,2025-26,0,0,0,1,5500
AID2025-000680,S0033771,2025FA,2025-26,0,0,0,0,0
AID2025-000681,S0037763,2025FA,2025-26,1,1,7395,0,0
AID2025-000682,S0040312,2025FA,2025-26,0,0,0,1,5500
AID2025-000683,S0037059,2025FA,2025-26,0,0,0,0,0
AID2025-000684,S0038956,2025FA,2025-26,1,1,7395,0,0
AID2025-000685,S0036347,2025FA,2025-26,0,0,0,1,5500
AID2025-000686,S0020756,2025FA,2025-26,0,0,0,0,0
AID2025-000687,S0022899,2025FA,2025-26,1,0,0,0,0
AID2025-000688,S0032536,2025FA,2025-26,0,0,0,1,5500
AID2025-000689,S0038740,2025FA,2025-26,0,0,0,0,0
AID2025-000690,S0016856,2025FA,2025-26,0,0,0,0,0
AID2025-000691,S0010546,2025FA,2025-26,0,0,0,1,5500
AID2025-000692,S0025384,2025FA,2025-26,0,0,0,0,0
AID2025-000693,S0030483,2025FA,2025-26,1,1,7395,0,0
AID2025-000694,S0034145,2025FA,2025-26,0,0,0,1,5500
AID2025-000695,S0032782,2025FA,2025-26,0,0,0,0,0
AID2025-000696,S0028030,2025FA,2025-26,1,1,7395,0,0
AID2025-000697,S0022110,2025FA,2025-26,0,0,0,1,5500
AID2025-000698,S0034193,2025FA,2025-26,1,1,7395,0,0
AID2025-000699,S0040564,2025FA,2025-26,1,1,7395,0,0
AID2025-000700,S0027619,2025FA,2025-26,0,0,0,1,5500
AID2025-000701,S0024456,2025FA,2025-26,1,0,0,0,0
AID2025-000702,S0003667,2025FA,2025-26,0,0,0,0,0
AID2025-000703,S0023082,2025FA,2025-26,1,1,7395,1,5500
AID2025-000704,S0021850,2025FA,2025-26,0,0,0,0,0
AID2025-000705,S0021505,2025FA,2025-26,0,0,0,0,0
AID2025-000706,S0038328,2025FA,2025-26,0,0,0,1,5500
AID2025-000707,S0031277,2025FA,2025-26,0,0,0,0,0
AID2025-000708,S0005654,2025FA,2025-26,0,0,0,0,0
AID2025-000709,S0019684,2025FA,2025-26,1,1,7395,1,5500
AID2025-000710,S0028640,2025FA,2025-26,1,1,7395,0,0
AID2025-000711,S0027548,2025FA,2025-26,0,0,0,0,0
AID2025-000712,S0016773,2025FA,2025-26,0,0,0,1,5500
AID2025-000713,S0019241,2025FA,2025-26,0,0,0,0,0
AID2025-000714,S0023129,2025FA,2025-26,0,0,0,0,0
AID2025-000715,S0027187,2025FA,2025-26,0,0,0,1,5500
AID2025-000716,S0039053,2025FA,2025-26,1,1,7395,0,0
AID2025-000717,S0011487,2025FA,2025-26,0,0,0,0,0
AID2025-000718,S0031547,2025FA,2025-26,0,0,0,1,5500
AID2025-000719,S0013524,2025FA,2025-26,0,0,0,0,0
AID2025-000720,S0034188,2025FA,2025-26,0,0,0,0,0
AID2025-000721,S0000303,2025FA,2025-26,0,0,0,1,5500
AID2025-000722,S0032348,2025FA,2025-26,0,0,0,0,0
AID2025-000723,S0010255,2025FA,2025-26,0,0,0,0,0
AID2025-000724,S0032486,2025FA,2025-26,1,1,7395,1,5500
AID2025-000725,S0034368,2025FA,2025-26,0,0,0,0,0
AID2025-000726,S0034291,2025FA,2025-26,0,0,0,0,0
AID2025-000727,S0005880,2025FA,2025-26,0,0,0,1,5500
AID2025-000728,S0020833,2025FA,2025-26,0,0,0,0,0
AID2025-000729,S0016760,2025FA,2025-26,0,0,0,0,0
AID2025-000730,S0007450,2025FA,2025-26,0,0,0,1,5500
AID2025-000731,S0018579,2025FA,2025-26,0,0,0,0,0
AID2025-000732,S0040129,2025FA,2025-26,0,0,0,0,0
AID2025-000733,S0005182,2025FA,2025-26,1,1,7395,1,5500
AID2025-000734,S0038036,2025FA,2025-26,0,0,0,0,0
AID2025-000735,S0034391,2025FA,2025-26,1,1,7395,0,0
AID2025-000736,S0039018,2025FA,2025-26,0,0,0,1,5500
AID2025-000737,S0005160,2025FA,2025-26,0,0,0,0,0
AID2025-000738,S0016789,2025FA,2025-26,0,0,0,0,0
AID2025-000739,S0038467,2025FA,2025-26,0,0,0,1,5500
AID2025-000740,S0017643,2025FA,2025-26,0,0,0,0,0
AID2025-000741,S0033432,2025FA,2025-26,0,0,0,0,0
AID2025-000742,S0023325,2025FA,2025-26,1,1,7395,1,5500
AID2025-000743,S0012736,2025FA,2025-26,0,0,0,0,0
AID2025-000744,S0023692,2025FA,2025-26,0,0,0,0,0
AID2025-000745,S0035359,2025FA,2025-26,1,1,7395,1,5500
AID2025-000746,S0038821,2025FA,2025-26,0,0,0,0,0
AID2025-000747,S0007872,2025FA,2025-26,1,1,7395,0,0
AID2025-000748,S0034265,2025FA,2025-26,0,0,0,1,5500
AID2025-000749,S0036212,2025FA,2025-26,0,0,0,0,0
AID2025-000750,S0035643,2025FA,2025-26,0,0,0,0,0
AID2025-000751,S0023789,2025FA,2025-26,0,0,0,1,5500
AID2025-000752,S0029443,2025FA,2025-26,1,1,7395,0,0
AID2025-000753,S0025388,2025FA,2025-26,0,0,0,0,0
AID2025-000754,S0027522,2025FA,2025-26,1,1,7395,1,5500
AID2025-000755,S0038738,2025FA,2025-26,0,0,0,0,0
AID2025-000756,S0007098,2025FA,2025-26,1,1,7395,0,0
AID2025-000757,S0034030,2025FA,2025-26,1,0,0,1,5500
AID2025-000758,S0027738,2025FA,2025-26,1,1,7395,0,0
AID2025-000759,S0028329,2025FA,2025-26,0,0,0,0,0
AID2025-000760,S0001656,2025FA,2025-26,0,0,0,1,5500
AID2025-000761,S0012733,2025FA,2025-26,0,0,0,0,0
AID2025-000762,S0000753,2025FA,2025-26,0,0,0,0,0
AID2025-000763,S0017672,2025FA,2025-26,0,0,0,1,5500
AID2025-000764,S0001825,2025FA,2025-26,0,0,0,0,0
AID2025-000765,S0022757,2025FA,2025-26,1,1,7395,0,0
AID2025-000766,S0028839,2025FA,2025-26,1,1,7395,1,5500
AID2025-000767,S0040433,2025FA,2025-26,0,0,0,0,0
AID2025-000768,S0039860,2025FA,2025-26,1,1,7395,0,0
AID2025-000769,S0034010,2025FA,2025-26,0,0,0,1,5500
AID2025-000770,S0037589,2025FA,2025-26,0,0,0,0,0
AID2025-000771,S0040555,2025FA,2025-26,0,0,0,0,0
AID2025-000772,S0021272,2025FA,2025-26,0,0,0,1,5500
AID2025-000773,S0040308,2025FA,2025-26,0,0,0,0,0
AID2025-000774,S0019452,2025FA,2025-26,0,0,0,0,0
AID2025-000775,S0038775,2025FA,2025-26,1,1,7395,1,5500
AID2025-000776,S0003271,2025FA,2025-26,0,0,0,0,0
AID2025-000777,S0036723,2025FA,2025-26,0,0,0,0,0
AID2025-000778,S0037451,2025FA,2025-26,1,0,0,1,5500
AID2025-000779,S0032429,2025FA,2025-26,0,0,0,0,0
AID2025-000780,S0039156,2025FA,2025-26,0,0,0,0,0
AID2025-000781,S0019467,2025FA,2025-26,0,0,0,1,5500
AID2025-000782,S0006683,2025FA,2025-26,1,1,7395,0,0
AID2025-000783,S0016294,2025FA,2025-26,1,1,7395,0,0
AID2025-000784,S0039716,2025FA,2025-26,1,1,7395,1,5500
AID2025-000785,S0002025,2025FA,2025-26,0,0,0,0,0
AID2025-000786,S0037845,2025FA,2025-26,1,1,7395,0,0
AID2025-000787,S0014427,2025FA,2025-26,0,0,0,1,5500
AID2025-000788,S0039584,2025FA,2025-26,0,0,0,0,0
AID2025-000789,S0040664,2025FA,2025-26,0,0,0,0,0
AID2025-000790,S0033026,2025FA,2025-26,1,1,7395,1,5500
AID2025-000791,S0006993,2025FA,2025-26,1,1,7395,0,0
AID2025-000792,S0036362,2025FA,2025-26,0,0,0,0,0
AID2025-000793,S0005085,2025FA,2025-26,1,1,7395,1,5500
AID2025-000794,S0023401,2025FA,2025-26,1,1,7395,0,0
AID2025-000795,S0032942,2025FA,2025-26,1,1,7395,0,0
AID2025-000796,S0035146,2025FA,2025-26,0,0,0,1,5500
AID2025-000797,S0033201,2025FA,2025-26,1,1,7395,0,0
AID2025-000798,S0032537,2025FA,2025-26,1,1,7395,0,0
AID2025-000799,S0032304,2025FA,2025-26,1,0,0,1,5500
AID2025-000800,S0036254,2025FA,2025-26,0,0,0,0,0
AID2025-000801,S0034117,2025FA,2025-26,1,1,7395,0,0
AID2025-000802,S0024396,2025FA,2025-26,1,1,7395,1,5500
AID2025-000803,S0028160,2025FA,2025-26,1,1,7395,0,0
AID2025-000804,S0021773,2025FA,2025-26,0,0,0,0,0
AID2025-000805,S0031252,2025FA,2025-26,1,1,7395,1,5500
AID2025-000806,S0014875,2025FA,2025-26,0,0,0,0,0
AID2025-000807,S0013419,2025FA,2025-26,0,0,0,0,0
AID2025-000808,S0028432,2025FA,2025-26,0,0,0,1,5500
AID2025-000809,S0013824,2025FA,2025-26,0,0,0,0,0
AID2025-000810,S0029504,2025FA,2025-26,1,1,7395,0,0
AID2025-000811,S0032880,2025FA,2025-26,0,0,0,1,5500
AID2025-000812,S0005893,2025FA,2025-26,0,0,0,0,0
AID2025-000813,S0011719,2025FA,2025-26,0,0,0,0,0
AID2025-000814,S0033923,2025FA,2025-26,0,0,0,1,5500
AID2025-000815,S0000516,2025FA,2025-26,0,0,0,0,0
AID2025-000816,S0026439,2025FA,2025-26,1,1,7395,0,0
AID2025-000817,S0037307,2025FA,2025-26,0,0,0,1,5500
AID2025-000818,S0037093,2025FA,2025-26,0,0,0,0,0
AID2025-000819,S0018714,2025FA,2025-26,1,1,7395,0,0
AID2025-000820,S0032721,2025FA,2025-26,1,1,7395,1,5500
AID2025-000821,S0003784,2025FA,2025-26,1,1,7395,0,0
AID2025-000822,S0013929,2025FA,2025-26,1,1,7395,0,0
AID2025-000823,S0037702,2025FA,2025-26,1,1,7395,1,5500
AID2025-000824,S0033820,2025FA,2025-26,0,0,0,0,0
AID2025-000825,S0018204,2025FA,2025-26,0,0,0,0,0
AID2025-000826,S0040533,2025FA,2025-26,0,0,0,1,5500
AID2025-000827,S0036647,2025FA,2025-26,0,0,0,0,0
AID2025-000828,S0001452,2025FA,2025-26,0,0,0,0,0
AID2025-000829,S0040211,2025FA,2025-26,0,0,0,1,5500
AID2025-000830,S0005209,2025FA,2025-26,1,1,7395,0,0
AID2025-000831,S0033936,2025FA,2025-26,1,1,7395,0,0
AID2025-000832,S0033614,2025FA,2025-26,0,0,0,1,5500
AID2025-000833,S0028628,2025FA,2025-26,0,0,0,0,0
AID2025-000834,S0024400,2025FA,2025-26,0,0,0,0,0
AID2025-000835,S0027592,2025FA,2025-26,0,0,0,1,5500
AID2025-000836,S0037320,2025FA,2025-26,0,0,0,0,0
AID2025-000837,S0018043,2025FA,2025-26,0,0,0,0,0
AID2025-000838,S0009113,2025FA,2025-26,1,1,7395,1,5500
AID2025-000839,S0030694,2025FA,2025-26,1,1,7395,0,0
AID2025-000840,S0035867,2025FA,2025-26,1,1,7395,0,0
AID2025-000841,S0015810,2025FA,2025-26,0,0,0,1,5500
AID2025-000842,S0031842,2025FA,2025-26,1,1,7395,0,0
AID2025-000843,S0037158,2025FA,2025-26,0,0,0,0,0
AID2025-000844,S0030538,2025FA,2025-26,0,0,0,1,5500
AID2025-000845,S0036552,2025FA,2025-26,0,0,0,0,0
AID2025-000846,S0018508,2025FA,2025-26,0,0,0,0,0
AID2025-000847,S0011270,2025FA,2025-26,0,0,0,1,5500
AID2025-000848,S0010011,2025FA,2025-26,1,0,0,0,0
AID2025-000849,S0000308,2025FA,2025-26,1,1,7395,0,0
AID2025-000850,S0022045,2025FA,2025-26,0,0,0,1,5500
AID2025-000851,S0030354,2025FA,2025-26,1,1,7395,0,0
AID2025-000852,S0039131,2025FA,2025-26,0,0,0,0,0
AID2025-000853,S0016696,2025FA,2025-26,0,0,0,1,5500
AID2025-000854,S0034107,2025FA,2025-26,0,0,0,0,0
AID2025-000855,S0024082,2025FA,2025-26,0,0,0,0,0
AID2025-000856,S0037885,2025FA,2025-26,1,1,7395,1,5500
AID2025-000857,S0004774,2025FA,2025-26,1,1,7395,0,0
AID2025-000858,S0037302,2025FA,2025-26,0,0,0,0,0
AID2025-000859,S0031511,2025FA,2025-26,1,1,7395,1,5500
AID2025-000860,S0023192,2025FA,2025-26,0,0,0,0,0
AID2025-000861,S0009806,2025FA,2025-26,1,1,7395,0,0
AID2025-000862,S0038164,2025FA,2025-26,0,0,0,1,5500
AID2025-000863,S0035640,2025FA,2025-26,0,0,0,0,0
AID2025-000864,S0032648,2025FA,2025-26,0,0,0,0,0
AID2025-000865,S0037939,2025FA,2025-26,0,0,0,1,5500
AID2025-000866,S0036748,2025FA,2025-26,0,0,0,0,0
AID2025-000867,S0004663,2025FA,2025-26,0,0,0,0,0
AID2025-000868,S0028545,2025FA,2025-26,0,0,0,1,5500
AID2025-000869,S0019075,2025FA,2025-26,0,0,0,0,0
AID2025-000870,S0033489,2025FA,2025-26,0,0,0,0,0
AID2025-000871,S0015669,2025FA,2025-26,0,0,0,1,5500
AID2025-000872,S0003326,2025FA,2025-26,0,0,0,0,0
AID2025-000873,S0016374,2025FA,2025-26,1,1,7395,0,0
AID2025-000874,S0024304,2025FA,2025-26,1,1,7395,1,5500
AID2025-000875,S0021658,2025FA,2025-26,0,0,0,0,0
AID2025-000876,S0025514,2025FA,2025-26,0,0,0,0,0
AID2025-000877,S0019019,2025FA,2025-26,0,0,0,1,5500
AID2025-000878,S0024301,2025FA,2025-26,0,0,0,0,0
AID2025-000879,S0026105,2025FA,2025-26,1,1,7395,0,0
AID2025-000880,S0037929,2025FA,2025-26,0,0,0,1,5500
AID2025-000881,S0005997,2025FA,2025-26,0,0,0,0,0
AID2025-000882,S0039062,2025FA,2025-26,0,0,0,0,0
AID2025-000883,S0025706,2025FA,2025-26,0,0,0,1,5500
AID2025-000884,S0023264,2025FA,2025-26,0,0,0,0,0
AID2025-000885,S0008797,2025FA,2025-26,0,0,0,0,0
AID2025-000886,S0002087,2025FA,2025-26,0,0,0,1,5500
AID2025-000887,S0028129,2025FA,2025-26,1,1,7395,0,0
AID2025-000888,S0022592,2025FA,2025-26,0,0,0,0,0
AID2025-000889,S0012526,2025FA,2025-26,0,0,0,1,5500
AID2025-000890,S0039209,2025FA,2025-26,0,0,0,0,0
AID2025-000891,S0033979,2025FA,2025-26,1,1,7395,0,0
AID2025-000892,S0010927,2025FA,2025-26,0,0,0,1,5500
AID2025-000893,S0039878,2025FA,2025-26,1,1,7395,0,0
AID2025-000894,S0038175,2025FA,2025-26,0,0,0,0,0
AID2025-000895,S0032541,2025FA,2025-26,0,0,0,1,5500
AID2025-000896,S0038805,2025FA,2025-26,1,1,7395,0,0
AID2025-000897,S0003298,2025FA,2025-26,1,0,0,0,0
AID2025-000898,S0000881,2025FA,2025-26,1,1,7395,1,5500
AID2025-000899,S0002051,2025FA,2025-26,1,1,7395,0,0
AID2025-000900,S0023813,2025FA,2025-26,1,1,7395,0,0
AID2025-000901,S0009260,2025FA,2025-26,1,1,7395,1,5500
AID2025-000902,S0037127,2025FA,2025-26,1,1,7395,0,0
AID2025-000903,S0030748,2025FA,2025-26,0,0,0,0,0
AID2025-000904,S0036182,2025FA,2025-26,0,0,0,1,5500
AID2025-000905,S0021615,2025FA,2025-26,1,1,7395,0,0
AID2025-000906,S0026975,2025FA,2025-26,0,0,0,0,0
AID2025-000907,S0022333,2025FA,2025-26,0,0,0,1,5500
AID2025-000908,S0029222,2025FA,2025-26,0,0,0,0,0
AID2025-000909,S0027290,2025FA,2025-26,1,1,7395,0,0
AID2025-000910,S0039145,2025FA,2025-26,1,1,7395,1,5500
AID2025-000911,S0037609,2025FA,2025-26,0,0,0,0,0
AID2025-000912,S0033905,2025FA,2025-26,0,0,0,0,0
AID2025-000913,S0000392,2025FA,2025-26,0,0,0,1,5500
AID2025-000914,S0032688,2025FA,2025-26,0,0,0,0,0
AID2025-000915,S0038980,2025FA,2025-26,0,0,0,0,0
AID2025-000916,S0001865,2025FA,2025-26,1,1,7395,1,5500
AID2025-000917,S0031677,2025FA,2025-26,0,0,0,0,0
AID2025-000918,S0030377,2025FA,2025-26,1,0,0,0,0
AID2025-000919,S0017973,2025FA,2025-26,1,1,7395,1,5500
AID2025-000920,S0035416,2025FA,2025-26,0,0,0,0,0
AID2025-000921,S0036214,2025FA,2025-26,0,0,0,0,0
AID2025-000922,S0019639,2025FA,2025-26,1,1,7395,1,5500
AID2025-000923,S0028800,2025FA,2025-26,0,0,0,0,0
AID2025-000924,S0038418,2025FA,2025-26,1,1,7395,0,0
AID2025-000925,S0027802,2025FA,2025-26,0,0,0,1,5500
AID2025-000926,S0005249,2025FA,2025-26,0,0,0,0,0
AID2025-000927,S0026904,2025FA,2025-26,1,1,7395,0,0
AID2025-000928,S0032682,2025FA,2025-26,0,0,0,1,5500
AID2025-000929,S0032870,2025FA,2025-26,0,0,0,0,0
AID2025-000930,S0034327,2025FA,2025-26,0,0,0,0,0
AID2025-000931,S0021654,2025FA,2025-26,0,0,0,1,5500
AID2025-000932,S0035578,2025FA,2025-26,0,0,0,0,0
AID2025-000933,S0035726,2025FA,2025-26,0,0,0,0,0
AID2025-000934,S0015541,2025FA,2025-26,0,0,0,1,5500
AID2025-000935,S0000462,2025FA,2025-26,0,0,0,0,0
AID2025-000936,S0025649,2025FA,2025-26,0,0,0,0,0
AID2025-000937,S0029445,2025FA,2025-26,0,0,0,1,5500
AID2025-000938,S0018347,2025FA,2025-26,0,0,0,0,0
AID2025-000939,S0022474,2025FA,2025-26,1,0,0,0,0
AID2025-000940,S0039629,2025FA,2025-26,0,0,0,1,5500
AID2025-000941,S0027343,2025FA,2025-26,0,0,0,0,0
AID2025-000942,S0011935,2025FA,2025-26,0,0,0,0,0
AID2025-000943,S0018588,2025FA,2025-26,1,1,7395,1,5500
AID2025-000944,S0009549,2025FA,2025-26,0,0,0,0,0
AID2025-000945,S0026500,2025FA,2025-26,0,0,0,0,0
AID2025-000946,S0029271,2025FA,2025-26,1,0,0,1,5500
AID2025-000947,S0007028,2025FA,2025-26,0,0,0,0,0
AID2025-000948,S0026413,2025FA,2025-26,0,0,0,0,0
AID2025-000949,S0037597,2025FA,2025-26,1,1,7395,1,5500
AID2025-000950,S0003968,2025FA,2025-26,0,0,0,0,0
AID2025-000951,S0027177,2025FA,2025-26,1,1,7395,0,0
AID2025-000952,S0004367,2025FA,2025-26,1,1,7395,1,5500
AID2025-000953,S0030978,2025FA,2025-26,1,0,0,0,0
AID2025-000954,S0010744,2025FA,2025-26,0,0,0,0,0
AID2025-000955,S0029120,2025FA,2025-26,0,0,0,1,5500
AID2025-000956,S0031102,2025FA,2025-26,0,0,0,0,0
AID2025-000957,S0009299,2025FA,2025-26,0,0,0,0,0
AID2025-000958,S0037141,2025FA,2025-26,1,1,7395,1,5500
AID2025-000959,S0011131,2025FA,2025-26,0,0,0,0,0
AID2025-000960,S0015550,2025FA,2025-26,1,0,0,0,0
AID2025-000961,S0033590,2025FA,2025-26,0,0,0,1,5500
AID2025-000962,S0033909,2025FA,2025-26,1,1,7395,0,0
AID2025-000963,S0039084,2025FA,2025-26,0,0,0,0,0
AID2025-000964,S0031150,2025FA,2025-26,0,0,0,1,5500
AID2025-000965,S0029460,2025FA,2025-26,1,1,7395,0,0
AID2025-000966,S0005460,2025FA,2025-26,1,1,7395,0,0
AID2025-000967,S0032274,2025FA,2025-26,1,0,0,1,5500
AID2025-000968,S0033400,2025FA,2025-26,0,0,0,0,0
AID2025-000969,S0031665,2025FA,2025-26,1,1,7395,0,0
AID2025-000970,S0003012,2025FA,2025-26,1,1,7395,1,5500
AID2025-000971,S0038117,2025FA,2025-26,0,0,0,0,0
AID2025-000972,S0004723,2025FA,2025-26,0,0,0,0,0
AID2025-000973,S0028553,2025FA,2025-26,0,0,0,1,5500
AID2025-000974,S0016787,2025FA,2025-26,0,0,0,0,0
AID2025-000975,S0006906,2025FA,2025-26,1,1,7395,0,0
AID2025-000976,S0036930,2025FA,2025-26,1,1,7395,1,5500
AID2025-000977,S0039685,2025FA,2025-26,1,1,7395,0,0
AID2025-000978,S0038873,2025FA,2025-26,1,1,7395,0,0
AID2025-000979,S0037201,2025FA,2025-26,0,0,0,1,5500
AID2025-000980,S0027762,2025FA,2025-26,0,0,0,0,0
AID2025-000981,S0022609,2025FA,2025-26,0,0,0,0,0
AID2025-000982,S0040148,2025FA,2025-26,1,1,7395,1,5500
AID2025-000983,S0033209,2025FA,2025-26,0,0,0,0,0
AID2025-000984,S0009426,2025FA,2025-26,0,0,0,0,0
AID2025-000985,S0029027,2025FA,2025-26,1,1,7395,1,5500
AID2025-000986,S0015171,2025FA,2025-26,0,0,0,0,0
AID2025-000987,S0019501,2025FA,2025-26,0,0,0,0,0
AID2025-000988,S0018637,2025FA,2025-26,1,0,0,1,5500
AID2025-000989,S0039305,2025FA,2025-26,0,0,0,0,0
AID2025-000990,S0016973,2025FA,2025-26,0,0,0,0,0
AID2025-000991,S0040660,2025FA,2025-26,0,0,0,1,5500
AID2025-000992,S0030337,2025FA,2025-26,1,1,7395,0,0
AID2025-000993,S0009975,2025FA,2025-26,0,0,0,0,0
AID2025-000994,S0028080,2025FA,2025-26,0,0,0,1,5500
AID2025-000995,S0025799,2025FA,2025-26,1,0,0,0,0
AID2025-000996,S0025850,2025FA,2025-26,0,0,0,0,0
AID2025-000997,S0006868,2025FA,2025-26,0,0,0,1,5500
AID2025-000998,S0039672,2025FA,2025-26,1,1,7395,0,0
AID2025-000999,S0029213,2025FA,2025-26,1,1,7395,0,0
AID2025-001000,S0035771,2025FA,2025-26,1,1,7395,1,5500
AID2025-001001,S0008318,2025FA,2025-26,1,1,7395,0,0
AID2025-001002,S0033159,2025FA,2025-26,0,0,0,0,0
AID2025-001003,S0029552,2025FA,2025-26,0,0,0,1,5500
AID2025-001004,S0022144,2025FA,2025-26,0,0,0,0,0
AID2025-001005,S0038992,2025FA,2025-26,0,0,0,0,0
AID2025-001006,S0007567,2025FA,2025-26,0,0,0,1,5500
AID2025-001007,S0032248,2025FA,2025-26,0,0,0,0,0
AID2025-001008,S0039468,2025FA,2025-26,1,1,7395,0,0
AID2025-001009,S0025392,2025FA,2025-26,0,0,0,1,5500
AID2025-001010,S0039187,2025FA,2025-26,1,1,7395,0,0
AID2025-001011,S0040050,2025FA,2025-26,0,0,0,0,0
AID2025-001012,S0035607,2025FA,2025-26,0,0,0,1,5500
AID2025-001013,S0033091,2025FA,2025-26,0,0,0,0,0
AID2025-001014,S0001943,2025FA,2025-26,0,0,0,0,0
AID2025-001015,S0032599,2025FA,2025-26,1,1,7395,1,5500
AID2025-001016,S0029280,2025FA,2025-26,0,0,0,0,0
AID2025-001017,S0033272,2025FA,2025-26,0,0,0,0,0
AID2025-001018,S0028095,2025FA,2025-26,1,1,7395,1,5500
AID2025-001019,S0033241,2025FA,2025-26,1,1,7395,0,0
AID2025-001020,S0037280,2025FA,2025-26,0,0,0,0,0
AID2025-001021,S0040370,2025FA,2025-26,0,0,0,1,5500
AID2025-001022,S0021339,2025FA,2025-26,0,0,0,0,0
AID2025-001023,S0013878,2025FA,2025-26,0,0,0,0,0
AID2025-001024,S0023483,2025FA,2025-26,0,0,0,1,5500
AID2025-001025,S0032961,2025FA,2025-26,0,0,0,0,0
AID2025-001026,S0037084,2025FA,2025-26,1,1,7395,0,0
AID2025-001027,S0036951,2025FA,2025-26,0,0,0,1,5500
AID2025-001028,S0037527,2025FA,2025-26,0,0,0,0,0
AID2025-001029,S0040535,2025FA,2025-26,0,0,0,0,0
AID2025-001030,S0036144,2025FA,2025-26,1,0,0,1,5500
AID2025-001031,S0032948,2025FA,2025-26,1,1,7395,0,0
AID2025-001032,S0022506,2025FA,2025-26,1,1,7395,0,0
AID2025-001033,S0035472,2025FA,2025-26,1,1,7395,1,5500
AID2025-001034,S0028013,2025FA,2025-26,1,1,7395,0,0
AID2025-001035,S0005976,2025FA,2025-26,0,0,0,0,0
AID2025-001036,S0020625,2025FA,2025-26,0,0,0,1,5500
AID2025-001037,S0032423,2025FA,2025-26,0,0,0,0,0
AID2025-001038,S0028429,2025FA,2025-26,1,1,7395,0,0
AID2025-001039,S0028806,2025FA,2025-26,1,1,7395,1,5500
AID2025-001040,S0040185,2025FA,2025-26,0,0,0,0,0
AID2025-001041,S0038436,2025FA,2025-26,1,1,7395,0,0
AID2025-001042,S0026468,2025FA,2025-26,0,0,0,1,5500
AID2025-001043,S0033548,2025FA,2025-26,0,0,0,0,0
AID2025-001044,S0028122,2025FA,2025-26,0,0,0,0,0
AID2025-001045,S0029187,2025FA,2025-26,1,1,7395,1,5500
AID2025-001046,S0034038,2025FA,2025-26,0,0,0,0,0
AID2025-001047,S0038816,2025FA,2025-26,0,0,0,0,0
AID2025-001048,S0019234,2025FA,2025-26,0,0,0,1,5500
AID2025-001049,S0032593,2025FA,2025-26,1,1,7395,0,0
AID2025-001050,S0010202,2025FA,2025-26,1,1,7395,0,0
AID2025-001051,S0034134,2025FA,2025-26,0,0,0,1,5500
AID2025-001052,S0039226,2025FA,2025-26,0,0,0,0,0
AID2025-001053,S0006001,2025FA,2025-26,0,0,0,0,0
AID2025-001054,S0010770,2025FA,2025-26,0,0,0,1,5500
AID2025-001055,S0015520,2025FA,2025-26,0,0,0,0,0
AID2025-001056,S0033173,2025FA,2025-26,0,0,0,0,0
AID2025-001057,S0001100,2025FA,2025-26,0,0,0,1,5500
AID2025-001058,S0036739,2025FA,2025-26,1,0,0,0,0
AID2025-001059,S0039351,2025FA,2025-26,0,0,0,0,0
AID2025-001060,S0032046,2025FA,2025-26,0,0,0,1,5500
AID2025-001061,S0007088,2025FA,2025-26,1,1,7395,0,0
AID2025-001062,S0029294,2025FA,2025-26,0,0,0,0,0
AID2025-001063,S0032412,2025FA,2025-26,1,1,7395,1,5500
AID2025-001064,S0040218,2025FA,2025-26,0,0,0,0,0
AID2025-001065,S0027316,2025FA,2025-26,1,0,0,0,0
AID2025-001066,S0004662,2025FA,2025-26,1,1,7395,1,5500
AID2025-001067,S0039476,2025FA,2025-26,0,0,0,0,0
AID2025-001068,S0035812,2025FA,2025-26,0,0,0,0,0
AID2025-001069,S0000977,2025FA,2025-26,1,1,7395,1,5500
AID2025-001070,S0035773,2025FA,2025-26,0,0,0,0,0
AID2025-001071,S0008645,2025FA,2025-26,0,0,0,0,0
AID2025-001072,S0032334,2025FA,2025-26,0,0,0,1,5500
AID2025-001073,S0013877,2025FA,2025-26,0,0,0,0,0
AID2025-001074,S0028186,2025FA,2025-26,0,0,0,0,0
AID2025-001075,S0032333,2025FA,2025-26,1,1,7395,1,5500
AID2025-001076,S0008715,2025FA,2025-26,1,1,7395,0,0
AID2025-001077,S0037723,2025FA,2025-26,0,0,0,0,0
AID2025-001078,S0026957,2025FA,2025-26,0,0,0,1,5500
AID2025-001079,S0026006,2025FA,2025-26,0,0,0,0,0
AID2025-001080,S0028641,2025FA,2025-26,0,0,0,0,0
AID2025-001081,S0029180,2025FA,2025-26,0,0,0,1,5500
AID2025-001082,S0024409,2025FA,2025-26,1,1,7395,0,0
AID2025-001083,S0011900,2025FA,2025-26,0,0,0,0,0
AID2025-001084,S0015130,2025FA,2025-26,0,0,0,1,5500
AID2025-001085,S0038437,2025FA,2025-26,0,0,0,0,0
AID2025-001086,S0033183,2025FA,2025-26,1,0,0,0,0
AID2025-001087,S0000956,2025FA,2025-26,0,0,0,1,5500
AID2025-001088,S0033634,2025FA,2025-26,1,1,7395,0,0
AID2025-001089,S0034243,2025FA,2025-26,0,0,0,0,0
AID2025-001090,S0030902,2025FA,2025-26,0,0,0,1,5500
AID2025-001091,S0032558,2025FA,2025-26,1,1,7395,0,0
AID2025-001092,S0039424,2025FA,2025-26,0,0,0,0,0
AID2025-001093,S0023499,2025FA,2025-26,0,0,0,1,5500
AID2025-001094,S0023850,2025FA,2025-26,0,0,0,0,0
AID2025-001095,S0033778,2025FA,2025-26,0,0,0,0,0
AID2025-001096,S0003221,2025FA,2025-26,0,0,0,1,5500
AID2025-001097,S0031841,2025FA,2025-26,0,0,0,0,0
AID2025-001098,S0038365,2025FA,2025-26,1,1,7395,0,0
AID2025-001099,S0022451,2025FA,2025-26,0,0,0,1,5500
AID2025-001100,S0004365,2025FA,2025-26,0,0,0,0,0
AID2025-001101,S0011860,2025FA,2025-26,1,1,7395,0,0
AID2025-001102,S0002046,2025FA,2025-26,1,1,7395,1,5500
AID2025-001103,S0033919,2025FA,2025-26,1,1,7395,0,0
AID2025-001104,S0018685,2025FA,2025-26,0,0,0,0,0
AID2025-001105,S0033593,2025FA,2025-26,0,0,0,1,5500
AID2025-001106,S0033342,2025FA,2025-26,0,0,0,0,0
AID2025-001107,S0032453,2025FA,2025-26,0,0,0,0,0
AID2025-001108,S0028534,2025FA,2025-26,1,1,7395,1,5500
AID2025-001109,S0036928,2025FA,2025-26,0,0,0,0,0
AID2025-001110,S0022660,2025FA,2025-26,0,0,0,0,0
AID2025-001111,S0008385,2025FA,2025-26,1,1,7395,1,5500
AID2025-001112,S0023350,2025FA,2025-26,0,0,0,0,0
AID2025-001113,S0033412,2025FA,2025-26,0,0,0,0,0
AID2025-001114,S0035463,2025FA,2025-26,0,0,0,1,5500
AID2025-001115,S0028246,2025FA,2025-26,0,0,0,0,0
AID2025-001116,S0039416,2025FA,2025-26,0,0,0,0,0
AID2025-001117,S0039294,2025FA,2025-26,0,0,0,1,5500
AID2025-001118,S0036481,2025FA,2025-26,0,0,0,0,0
AID2025-001119,S0006981,2025FA,2025-26,0,0,0,0,0
AID2025-001120,S0038527,2025FA,2025-26,0,0,0,1,5500
AID2025-001121,S0036406,2025FA,2025-26,0,0,0,0,0
AID2025-001122,S0035080,2025FA,2025-26,1,1,7395,0,0
AID2025-001123,S0038286,2025FA,2025-26,1,1,7395,1,5500
AID2025-001124,S0038538,2025FA,2025-26,1,1,7395,0,0
AID2025-001125,S0023212,2025FA,2025-26,1,1,7395,0,0
AID2025-001126,S0010790,2025FA,2025-26,1,1,7395,1,5500
AID2025-001127,S0000474,2025FA,2025-26,1,1,7395,0,0
AID2025-001128,S0008323,2025FA,2025-26,0,0,0,0,0
AID2025-001129,S0000330,2025FA,2025-26,0,0,0,1,5500
AID2025-001130,S0035600,2025FA,2025-26,1,1,7395,0,0
AID2025-001131,S0037347,2025FA,2025-26,0,0,0,0,0
AID2025-001132,S0023292,2025FA,2025-26,0,0,0,1,5500
AID2025-001133,S0028445,2025FA,2025-26,0,0,0,0,0
AID2025-001134,S0033539,2025FA,2025-26,0,0,0,0,0
AID2025-001135,S0023221,2025FA,2025-26,1,0,0,1,5500
AID2025-001136,S0027273,2025FA,2025-26,0,0,0,0,0
AID2025-001137,S0027668,2025FA,2025-26,1,1,7395,0,0
AID2025-001138,S0032600,2025FA,2025-26,0,0,0,1,5500
AID2025-001139,S0031995,2025FA,2025-26,0,0,0,0,0
AID2025-001140,S0030891,2025FA,2025-26,1,1,7395,0,0
AID2025-001141,S0029453,2025FA,2025-26,1,1,7395,1,5500
AID2025-001142,S0037394,2025FA,2025-26,1,0,0,0,0
AID2025-001143,S0039024,2025FA,2025-26,1,1,7395,0,0
AID2025-001144,S0033461,2025FA,2025-26,1,1,7395,1,5500
AID2025-001145,S0021234,2025FA,2025-26,1,1,7395,0,0
AID2025-001146,S0035435,2025FA,2025-26,0,0,0,0,0
AID2025-001147,S0039008,2025FA,2025-26,0,0,0,1,5500
AID2025-001148,S0031619,2025FA,2025-26,0,0,0,0,0
AID2025-001149,S0024375,2025FA,2025-26,0,0,0,0,0
AID2025-001150,S0032636,2025FA,2025-26,0,0,0,1,5500
AID2025-001151,S0034234,2025FA,2025-26,0,0,0,0,0
AID2025-001152,S0012894,2025FA,2025-26,0,0,0,0,0
AID2025-001153,S0003346,2025FA,2025-26,0,0,0,1,5500
AID2025-001154,S0035464,2025FA,2025-26,0,0,0,0,0
AID2025-001155,S0008957,2025FA,2025-26,0,0,0,0,0
AID2025-001156,S0029564,2025FA,2025-26,1,0,0,1,5500
AID2025-001157,S0029442,2025FA,2025-26,1,1,7395,0,0
AID2025-001158,S0007960,2025FA,2025-26,0,0,0,0,0
AID2025-001159,S0023313,2025FA,2025-26,0,0,0,1,5500
AID2025-001160,S0019704,2025FA,2025-26,0,0,0,0,0
AID2025-001161,S0012048,2025FA,2025-26,1,1,7395,0,0
AID2025-001162,S0028662,2025FA,2025-26,0,0,0,1,5500
AID2025-001163,S0034154,2025FA,2025-26,0,0,0,0,0
AID2025-001164,S0000241,2025FA,2025-26,1,1,7395,0,0
AID2025-001165,S0037114,2025FA,2025-26,0,0,0,1,5500
AID2025-001166,S0024002,2025FA,2025-26,0,0,0,0,0
AID2025-001167,S0033609,2025FA,2025-26,0,0,0,0,0
AID2025-001168,S0001324,2025FA,2025-26,0,0,0,1,5500
AID2025-001169,S0024428,2025FA,2025-26,0,0,0,0,0
AID2025-001170,S0032726,2025FA,2025-26,0,0,0,0,0
AID2025-001171,S0016026,2025FA,2025-26,1,1,7395,1,5500
AID2025-001172,S0027961,2025FA,2025-26,0,0,0,0,0
AID2025-001173,S0003703,2025FA,2025-26,1,1,7395,0,0
AID2025-001174,S0012688,2025FA,2025-26,0,0,0,1,5500
AID2025-001175,S0030663,2025FA,2025-26,0,0,0,0,0
AID2025-001176,S0032871,2025FA,2025-26,1,1,7395,0,0
AID2025-001177,S0035438,2025FA,2025-26,1,0,0,1,5500
AID2025-001178,S0022298,2025FA,2025-26,1,1,7395,0,0
AID2025-001179,S0035735,2025FA,2025-26,1,1,7395,0,0
AID2025-001180,S0029009,2025FA,2025-26,1,1,7395,1,5500
AID2025-001181,S0040366,2025FA,2025-26,0,0,0,0,0
AID2025-001182,S0009156,2025FA,2025-26,1,1,7395,0,0
AID2025-001183,S0008625,2025FA,2025-26,1,1,7395,1,5500
AID2025-001184,S0027482,2025FA,2025-26,1,1,7395,0,0
AID2025-001185,S0025736,2025FA,2025-26,1,1,7395,0,0
AID2025-001186,S0012117,2025FA,2025-26,1,1,7395,1,5500
AID2025-001187,S0037721,2025FA,2025-26,0,0,0,0,0
AID2025-001188,S0033976,2025FA,2025-26,1,1,7395,0,0
AID2025-001189,S0025954,2025FA,2025-26,0,0,0,1,5500
AID2025-001190,S0031319,2025FA,2025-26,0,0,0,0,0
AID2025-001191,S0029477,2025FA,2025-26,0,0,0,0,0
AID2025-001192,S0036250,2025FA,2025-26,0,0,0,1,5500
AID2025-001193,S0038313,2025FA,2025-26,0,0,0,0,0
AID2025-001194,S0015975,2025FA,2025-26,1,1,7395,0,0
AID2025-001195,S0029503,2025FA,2025-26,0,0,0,1,5500
AID2025-001196,S0039481,2025FA,2025-26,1,1,7395,0,0
AID2025-001197,S0023419,2025FA,2025-26,1,1,7395,0,0
AID2025-001198,S0025450,2025FA,2025-26,0,0,0,1,5500
AID2025-001199,S0012752,2025FA,2025-26,1,1,7395,0,0
AID2025-001200,S0023761,2025FA,2025-26,0,0,0,0,0
AID2025-001201,S0022504,2025FA,2025-26,0,0,0,1,5500
AID2025-001202,S0022651,2025FA,2025-26,1,1,7395,0,0
AID2025-001203,S0040346,2025FA,2025-26,1,1,7395,0,0
AID2025-001204,S0000156,2025FA,2025-26,0,0,0,1,5500
AID2025-001205,S0036505,2025FA,2025-26,0,0,0,0,0
AID2025-001206,S0027730,2025FA,2025-26,0,0,0,0,0
AID2025-001207,S0033391,2025FA,2025-26,0,0,0,1,5500
AID2025-001208,S0019435,2025FA,2025-26,0,0,0,0,0
AID2025-001209,S0010811,2025FA,2025-26,0,0,0,0,0
AID2025-001210,S0024254,2025FA,2025-26,1,1,7395,1,5500
AID2025-001211,S0039544,2025FA,2025-26,0,0,0,0,0
AID2025-001212,S0021043,2025FA,2025-26,0,0,0,0,0
AID2025-001213,S0030505,2025FA,2025-26,1,1,7395,1,5500
AID2025-001214,S0005718,2025FA,2025-26,0,0,0,0,0
AID2025-001215,S0029507,2025FA,2025-26,0,0,0,0,0
AID2025-001216,S0013563,2025FA,2025-26,0,0,0,1,5500
AID2025-001217,S0037115,2025FA,2025-26,1,1,7395,0,0
AID2025-001218,S0038530,2025FA,2025-26,0,0,0,0,0
AID2025-001219,S0029579,2025FA,2025-26,0,0,0,1,5500
AID2025-001220,S0040427,2025FA,2025-26,1,1,7395,0,0
AID2025-001221,S0038070,2025FA,2025-26,1,1,7395,0,0
AID2025-001222,S0026465,2025FA,2025-26,0,0,0,1,5500
AID2025-001223,S0029379,2025FA,2025-26,0,0,0,0,0
AID2025-001224,S0032931,2025FA,2025-26,0,0,0,0,0
AID2025-001225,S0035397,2025FA,2025-26,1,1,7395,1,5500
AID2025-001226,S0009671,2025FA,2025-26,0,0,0,0,0
AID2025-001227,S0039870,2025FA,2025-26,1,1,7395,0,0
AID2025-001228,S0029119,2025FA,2025-26,0,0,0,1,5500
AID2025-001229,S0035668,2025FA,2025-26,0,0,0,0,0
AID2025-001230,S0025651,2025FA,2025-26,1,1,7395,0,0
AID2025-001231,S0022728,2025FA,2025-26,1,1,7395,1,5500
AID2025-001232,S0033063,2025FA,2025-26,1,1,7395,0,0
AID2025-001233,S0003179,2025FA,2025-26,0,0,0,0,0
AID2025-001234,S0030811,2025FA,2025-26,1,1,7395,1,5500
AID2025-001235,S0021040,2025FA,2025-26,0,0,0,0,0
AID2025-001236,S0009828,2025FA,2025-26,0,0,0,0,0
AID2025-001237,S0028075,2025FA,2025-26,0,0,0,1,5500
AID2025-001238,S0033161,2025FA,2025-26,0,0,0,0,0
AID2025-001239,S0038617,2025FA,2025-26,0,0,0,0,0
AID2025-001240,S0033473,2025FA,2025-26,1,0,0,1,5500
AID2025-001241,S0033169,2025FA,2025-26,1,1,7395,0,0
AID2025-001242,S0036643,2025FA,2025-26,0,0,0,0,0
AID2025-001243,S0004479,2025FA,2025-26,1,1,7395,1,5500
AID2025-001244,S0037727,2025FA,2025-26,0,0,0,0,0
AID2025-001245,S0033085,2025FA,2025-26,0,0,0,0,0
AID2025-001246,S0026690,2025FA,2025-26,1,1,7395,1,5500
AID2025-001247,S0038431,2025FA,2025-26,0,0,0,0,0
AID2025-001248,S0034119,2025FA,2025-26,0,0,0,0,0
AID2025-001249,S0022261,2025FA,2025-26,0,0,0,1,5500
AID2025-001250,S0017910,2025FA,2025-26,0,0,0,0,0
AID2025-001251,S0038056,2025FA,2025-26,0,0,0,0,0
AID2025-001252,S0014511,2025FA,2025-26,1,1,7395,1,5500
AID2025-001253,S0031300,2025FA,2025-26,1,1,7395,0,0
AID2025-001254,S0016317,2025FA,2025-26,1,0,0,0,0
AID2025-001255,S0035350,2025FA,2025-26,0,0,0,1,5500
AID2025-001256,S0028023,2025FA,2025-26,1,1,7395,0,0
AID2025-001257,S0025957,2025FA,2025-26,1,1,7395,0,0
AID2025-001258,S0017141,2025FA,2025-26,0,0,0,1,5500
AID2025-001259,S0037494,2025FA,2025-26,0,0,0,0,0
AID2025-001260,S0022351,2025FA,2025-26,1,1,7395,0,0
AID2025-001261,S0008721,2025FA,2025-26,0,0,0,1,5500
AID2025-001262,S0010288,2025FA,2025-26,0,0,0,0,0
AID2025-001263,S0008018,2025FA,2025-26,0,0,0,0,0
AID2025-001264,S0005173,2025FA,2025-26,0,0,0,1,5500
AID2025-001265,S0039450,2025FA,2025-26,0,0,0,0,0
AID2025-001266,S0032091,2025FA,2025-26,0,0,0,0,0
AID2025-001267,S0039622,2025FA,2025-26,0,0,0,1,5500
AID2025-001268,S0035324,2025FA,2025-26,0,0,0,0,0
AID2025-001269,S0033405,2025FA,2025-26,0,0,0,0,0
AID2025-001270,S0033601,2025FA,2025-26,0,0,0,1,5500
AID2025-001271,S0022485,2025FA,2025-26,1,1,7395,0,0
AID2025-001272,S0027353,2025FA,2025-26,0,0,0,0,0
AID2025-001273,S0040303,2025FA,2025-26,0,0,0,1,5500
AID2025-001274,S0039471,2025FA,2025-26,0,0,0,0,0
AID2025-001275,S0037166,2025FA,2025-26,1,1,7395,0,0
AID2025-001276,S0032797,2025FA,2025-26,0,0,0,1,5500
AID2025-001277,S0036452,2025FA,2025-26,1,1,7395,0,0
AID2025-001278,S0025417,2025FA,2025-26,0,0,0,0,0
AID2025-001279,S0013194,2025FA,2025-26,0,0,0,1,5500
AID2025-001280,S0035249,2025FA,2025-26,1,1,7395,0,0
AID2025-001281,S0028991,2025FA,2025-26,0,0,0,0,0
AID2025-001282,S0037441,2025FA,2025-26,0,0,0,1,5500
AID2025-001283,S0033098,2025FA,2025-26,0,0,0,0,0
AID2025-001284,S0039368,2025FA,2025-26,1,1,7395,0,0
AID2025-001285,S0028880,2025FA,2025-26,0,0,0,1,5500
AID2025-001286,S0027676,2025FA,2025-26,0,0,0,0,0
AID2025-001287,S0032009,2025FA,2025-26,1,1,7395,0,0
AID2025-001288,S0006946,2025FA,2025-26,0,0,0,1,5500
AID2025-001289,S0021387,2025FA,2025-26,1,0,0,0,0
AID2025-001290,S0008426,2025FA,2025-26,0,0,0,0,0
AID2025-001291,S0002094,2025FA,2025-26,1,1,7395,1,5500
AID2025-001292,S0039686,2025FA,2025-26,0,0,0,0,0
AID2025-001293,S0028668,2025FA,2025-26,0,0,0,0,0
AID2025-001294,S0038913,2025FA,2025-26,0,0,0,1,5500
AID2025-001295,S0007029,2025FA,2025-26,0,0,0,0,0
AID2025-001296,S0039550,2025FA,2025-26,1,0,0,0,0
AID2025-001297,S0031020,2025FA,2025-26,0,0,0,1,5500
AID2025-001298,S0013606,2025FA,2025-26,0,0,0,0,0
AID2025-001299,S0036927,2025FA,2025-26,0,0,0,0,0
AID2025-001300,S0032529,2025FA,2025-26,0,0,0,1,5500
AID2025-001301,S0037155,2025FA,2025-26,0,0,0,0,0
AID2025-001302,S0003656,2025FA,2025-26,0,0,0,0,0
AID2025-001303,S0024374,2025FA,2025-26,0,0,0,1,5500
AID2025-001304,S0031290,2025FA,2025-26,0,0,0,0,0
AID2025-001305,S0007709,2025FA,2025-26,0,0,0,0,0
AID2025-001306,S0031054,2025FA,2025-26,1,1,7395,1,5500
AID2025-001307,S0027486,2025FA,2025-26,0,0,0,0,0
AID2025-001308,S0026925,2025FA,2025-26,0,0,0,0,0
AID2025-001309,S0000892,2025FA,2025-26,1,1,7395,1,5500
AID2025-001310,S0040588,2025FA,2025-26,0,0,0,0,0
AID2025-001311,S0028980,2025FA,2025-26,0,0,0,0,0
AID2025-001312,S0006806,2025FA,2025-26,0,0,0,1,5500
AID2025-001313,S0036701,2025FA,2025-26,0,0,0,0,0
AID2025-001314,S0036530,2025FA,2025-26,0,0,0,0,0
AID2025-001315,S0036405,2025FA,2025-26,0,0,0,1,5500
AID2025-001316,S0040241,2025FA,2025-26,0,0,0,0,0
AID2025-001317,S0033518,2025FA,2025-26,1,0,0,0,0
AID2025-001318,S0027946,2025FA,2025-26,0,0,0,1,5500
AID2025-001319,S0011818,2025FA,2025-26,0,0,0,0,0
AID2025-001320,S0032208,2025FA,2025-26,1,1,7395,0,0
AID2025-001321,S0033207,2025FA,2025-26,0,0,0,1,5500
AID2025-001322,S0032262,2025FA,2025-26,0,0,0,0,0
AID2025-001323,S0019427,2025FA,2025-26,0,0,0,0,0
AID2025-001324,S0024376,2025FA,2025-26,0,0,0,1,5500
AID2025-001325,S0028028,2025FA,2025-26,0,0,0,0,0
AID2025-001326,S0024241,2025FA,2025-26,0,0,0,0,0
AID2025-001327,S0005376,2025FA,2025-26,1,1,7395,1,5500
AID2025-001328,S0036370,2025FA,2025-26,0,0,0,0,0
AID2025-001329,S0039625,2025FA,2025-26,0,0,0,0,0
AID2025-001330,S0027847,2025FA,2025-26,0,0,0,1,5500
AID2025-001331,S0027845,2025FA,2025-26,1,0,0,0,0
AID2025-001332,S0036273,2025FA,2025-26,0,0,0,0,0
AID2025-001333,S0006287,2025FA,2025-26,0,0,0,1,5500
AID2025-001334,S0001321,2025FA,2025-26,0,0,0,0,0
AID2025-001335,S0022777,2025FA,2025-26,0,0,0,0,0
AID2025-001336,S0009063,2025FA,2025-26,0,0,0,1,5500
AID2025-001337,S0018233,2025FA,2025-26,0,0,0,0,0
AID2025-001338,S0029254,2025FA,2025-26,1,0,0,0,0
AID2025-001339,S0036854,2025FA,2025-26,0,0,0,1,5500
AID2025-001340,S0017044,2025FA,2025-26,0,0,0,0,0
AID2025-001341,S0010699,2025FA,2025-26,0,0,0,0,0
AID2025-001342,S0023730,2025FA,2025-26,0,0,0,1,5500
AID2025-001343,S0028282,2025FA,2025-26,0,0,0,0,0
AID2025-001344,S0005186,2025FA,2025-26,0,0,0,0,0
AID2025-001345,S0033499,2025FA,2025-26,0,0,0,1,5500
AID2025-001346,S0018817,2025FA,2025-26,0,0,0,0,0
AID2025-001347,S0034051,2025FA,2025-26,1,1,7395,0,0
AID2025-001348,S0023038,2025FA,2025-26,0,0,0,1,5500
AID2025-001349,S0039259,2025FA,2025-26,0,0,0,0,0
AID2025-001350,S0017963,2025FA,2025-26,0,0,0,0,0
AID2025-001351,S0039463,2025FA,2025-26,0,0,0,1,5500
AID2025-001352,S0001536,2025FA,2025-26,0,0,0,0,0
AID2025-001353,S0004541,2025FA,2025-26,0,0,0,0,0
AID2025-001354,S0035316,2025FA,2025-26,0,0,0,1,5500
AID2025-001355,S0039945,2025FA,2025-26,0,0,0,0,0
AID2025-001356,S0000355,2025FA,2025-26,0,0,0,0,0
AID2025-001357,S0038339,2025FA,2025-26,0,0,0,1,5500
AID2025-001358,S0035924,2025FA,2025-26,1,1,7395,0,0
AID2025-001359,S0028321,2025FA,2025-26,1,0,0,0,0
AID2025-001360,S0033748,2025FA,2025-26,0,0,0,1,5500
AID2025-001361,S0030375,2025FA,2025-26,1,1,7395,0,0
AID2025-001362,S0015528,2025FA,2025-26,0,0,0,0,0
AID2025-001363,S0001067,2025FA,2025-26,0,0,0,1,5500
AID2025-001364,S0038255,2025FA,2025-26,1,1,7395,0,0
AID2025-001365,S0031069,2025FA,2025-26,0,0,0,0,0
AID2025-001366,S0021371,2025FA,2025-26,0,0,0,1,5500
AID2025-001367,S0018189,2025FA,2025-26,1,1,7395,0,0
AID2025-001368,S0036264,2025FA,2025-26,0,0,0,0,0
AID2025-001369,S0000211,2025FA,2025-26,0,0,0,1,5500
AID2025-001370,S0012934,2025FA,2025-26,1,1,7395,0,0
AID2025-001371,S0002066,2025FA,2025-26,0,0,0,0,0
AID2025-001372,S0037361,2025FA,2025-26,0,0,0,1,5500
AID2025-001373,S0021398,2025FA,2025-26,1,0,0,0,0
AID2025-001374,S0023878,2025FA,2025-26,0,0,0,0,0
AID2025-001375,S0018762,2025FA,2025-26,0,0,0,1,5500
AID2025-001376,S0029538,2025FA,2025-26,0,0,0,0,0
AID2025-001377,S0017957,2025FA,2025-26,0,0,0,0,0
AID2025-001378,S0022626,2025FA,2025-26,0,0,0,1,5500
AID2025-001379,S0003783,2025FA,2025-26,0,0,0,0,0
AID2025-001380,S0039267,2025FA,2025-26,1,0,0,0,0
AID2025-001381,S0022839,2025FA,2025-26,0,0,0,1,5500
AID2025-001382,S0000522,2025FA,2025-26,0,0,0,0,0
AID2025-001383,S0004698,2025FA,2025-26,0,0,0,0,0
AID2025-001384,S0002061,2025FA,2025-26,0,0,0,1,5500
AID2025-001385,S0039391,2025FA,2025-26,0,0,0,0,0
AID2025-001386,S0017089,2025FA,2025-26,0,0,0,0,0
AID2025-001387,S0029517,2025FA,2025-26,0,0,0,1,5500
AID2025-001388,S0037005,2025FA,2025-26,0,0,0,0,0
AID2025-001389,S0033094,2025FA,2025-26,0,0,0,0,0
AID2025-001390,S0030409,2025FA,2025-26,0,0,0,1,5500
AID2025-001391,S0024266,2025FA,2025-26,0,0,0,0,0
AID2025-001392,S0028050,2025FA,2025-26,0,0,0,0,0
AID2025-001393,S0014769,2025FA,2025-26,0,0,0,1,5500
AID2025-001394,S0038276,2025FA,2025-26,0,0,0,0,0
AID2025-001395,S0010123,2025FA,2025-26,1,1,7395,0,0
AID2025-001396,S0001095,2025FA,2025-26,0,0,0,1,5500
AID2025-001397,S0034078,2025FA,2025-26,0,0,0,0,0
AID2025-001398,S0033349,2025FA,2025-26,0,0,0,0,0
AID2025-001399,S0019246,2025FA,2025-26,1,1,7395,1,5500
AID2025-001400,S0035205,2025FA,2025-26,0,0,0,0,0
AID2025-001401,S0028000,2025FA,2025-26,0,0,0,0,0
AID2025-001402,S0032465,2025FA,2025-26,1,1,7395,1,5500
AID2025-001403,S0034194,2025FA,2025-26,0,0,0,0,0
AID2025-001404,S0033812,2025FA,2025-26,0,0,0,0,0
AID2025-001405,S0031405,2025FA,2025-26,1,1,7395,1,5500
AID2025-001406,S0035232,2025FA,2025-26,0,0,0,0,0
AID2025-001407,S0032739,2025FA,2025-26,1,1,7395,0,0
AID2025-001408,S0022991,2025FA,2025-26,1,0,0,1,5500
AID2025-001409,S0029307,2025FA,2025-26,1,1,7395,0,0
AID2025-001410,S0027757,2025FA,2025-26,0,0,0,0,0
AID2025-001411,S0026728,2025FA,2025-26,0,0,0,1,5500
AID2025-001412,S0005313,2025FA,2025-26,1,1,7395,0,0
AID2025-001413,S0004042,2025FA,2025-26,0,0,0,0,0
AID2025-001414,S0004858,2025FA,2025-26,1,1,7395,1,5500
AID2025-001415,S0040621,2025FA,2025-26,0,0,0,0,0
AID2025-001416,S0009909,2025FA,2025-26,0,0,0,0,0
AID2025-001417,S0006415,2025FA,2025-26,0,0,0,1,5500
AID2025-001418,S0015304,2025FA,2025-26,0,0,0,0,0
AID2025-001419,S0034164,2025FA,2025-26,0,0,0,0,0
AID2025-001420,S0032627,2025FA,2025-26,1,1,7395,1,5500
AID2025-001421,S0038811,2025FA,2025-26,1,1,7395,0,0
AID2025-001422,S0008141,2025FA,2025-26,0,0,0,0,0
AID2025-001423,S0039385,2025FA,2025-26,1,1,7395,1,5500
AID2025-001424,S0035699,2025FA,2025-26,0,0,0,0,0
AID2025-001425,S0028516,2025FA,2025-26,1,1,7395,0,0
AID2025-001426,S0029155,2025FA,2025-26,1,1,7395,1,5500
AID2025-001427,S0021624,2025FA,2025-26,0,0,0,0,0
AID2025-001428,S0026317,2025FA,2025-26,1,1,7395,0,0
AID2025-001429,S0032241,2025FA,2025-26,0,0,0,1,5500
AID2025-001430,S0023762,2025FA,2025-26,0,0,0,0,0
AID2025-001431,S0035100,2025FA,2025-26,1,1,7395,0,0
AID2025-001432,S0040358,2025FA,2025-26,0,0,0,1,5500
AID2025-001433,S0022699,2025FA,2025-26,1,1,7395,0,0
AID2025-001434,S0005388,2025FA,2025-26,0,0,0,0,0
AID2025-001435,S0026721,2025FA,2025-26,0,0,0,1,5500
AID2025-001436,S0038917,2025FA,2025-26,0,0,0,0,0
AID2025-001437,S0017711,2025FA,2025-26,0,0,0,0,0
AID2025-001438,S0005305,2025FA,2025-26,0,0,0,1,5500
AID2025-001439,S0023941,2025FA,2025-26,0,0,0,0,0
AID2025-001440,S0012540,2025FA,2025-26,1,1,7395,0,0
AID2025-001441,S0008362,2025FA,2025-26,0,0,0,1,5500
AID2025-001442,S0039713,2025FA,2025-26,0,0,0,0,0
AID2025-001443,S0031516,2025FA,2025-26,0,0,0,0,0
AID2025-001444,S0033760,2025FA,2025-26,0,0,0,1,5500
AID2025-001445,S0035514,2025FA,2025-26,0,0,0,0,0
AID2025-001446,S0028555,2025FA,2025-26,1,1,7395,0,0
AID2025-001447,S0017743,2025FA,2025-26,0,0,0,1,5500
AID2025-001448,S0033186,2025FA,2025-26,0,0,0,0,0
AID2025-001449,S0008992,2025FA,2025-26,0,0,0,0,0
AID2025-001450,S0000984,2025FA,2025-26,0,0,0,1,5500
AID2025-001451,S0036917,2025FA,2025-26,1,1,7395,0,0
AID2025-001452,S0001260,2025FA,2025-26,1,1,7395,0,0
AID2025-001453,S0035980,2025FA,2025-26,1,1,7395,1,5500
AID2025-001454,S0032422,2025FA,2025-26,1,1,7395,0,0
AID2025-001455,S0015850,2025FA,2025-26,1,1,7395,0,0
AID2025-001456,S0020611,2025FA,2025-26,1,1,7395,1,5500
AID2025-001457,S0030416,2025FA,2025-26,0,0,0,0,0
AID2025-001458,S0017881,2025FA,2025-26,0,0,0,0,0
AID2025-001459,S0032647,2025FA,2025-26,0,0,0,1,5500
AID2025-001460,S0015608,2025FA,2025-26,0,0,0,0,0
AID2025-001461,S0039993,2025FA,2025-26,1,1,7395,0,0
AID2025-001462,S0040665,2025FA,2025-26,0,0,0,1,5500
AID2025-001463,S0037616,2025FA,2025-26,0,0,0,0,0
AID2025-001464,S0040144,2025FA,2025-26,1,0,0,0,0
AID2025-001465,S0032001,2025FA,2025-26,1,1,7395,1,5500
AID2025-001466,S0000908,2025FA,2025-26,1,1,7395,0,0
AID2025-001467,S0036317,2025FA,2025-26,0,0,0,0,0
AID2025-001468,S0023884,2025FA,2025-26,0,0,0,1,5500
AID2025-001469,S0038680,2025FA,2025-26,0,0,0,0,0
AID2025-001470,S0038653,2025FA,2025-26,0,0,0,0,0
AID2025-001471,S0036866,2025FA,2025-26,1,0,0,1,5500
AID2025-001472,S0037404,2025FA,2025-26,0,0,0,0,0
AID2025-001473,S0019602,2025FA,2025-26,0,0,0,0,0
AID2025-001474,S0036852,2025FA,2025-26,0,0,0,1,5500
AID2025-001475,S0036333,2025FA,2025-26,0,0,0,0,0
AID2025-001476,S0036180,2025FA,2025-26,1,1,7395,0,0
AID2025-001477,S0038196,2025FA,2025-26,0,0,0,1,5500
AID2025-001478,S0039612,2025FA,2025-26,0,0,0,0,0
AID2025-001479,S0010325,2025FA,2025-26,1,1,7395,0,0
AID2025-001480,S0000152,2025FA,2025-26,0,0,0,1,5500
AID2025-001481,S0037336,2025FA,2025-26,1,1,7395,0,0
AID2025-001482,S0008724,2025FA,2025-26,1,1,7395,0,0
AID2025-001483,S0005143,2025FA,2025-26,0,0,0,1,5500
AID2025-001484,S0027970,2025FA,2025-26,0,0,0,0,0
AID2025-001485,S0039033,2025FA,2025-26,1,0,0,0,0
AID2025-001486,S0036862,2025FA,2025-26,0,0,0,1,5500
AID2025-001487,S0037317,2025FA,2025-26,0,0,0,0,0
AID2025-001488,S0039867,2025FA,2025-26,0,0,0,0,0
AID2025-001489,S0003832,2025FA,2025-26,0,0,0,1,5500
AID2025-001490,S0009544,2025FA,2025-26,1,1,7395,0,0
AID2025-001491,S0032711,2025FA,2025-26,0,0,0,0,0
AID2025-001492,S0036375,2025FA,2025-26,0,0,0,1,5500
AID2025-001493,S0027520,2025FA,2025-26,1,1,7395,0,0
AID2025-001494,S0032777,2025FA,2025-26,1,1,7395,0,0
AID2025-001495,S0011099,2025FA,2025-26,1,1,7395,1,5500
AID2025-001496,S0040023,2025FA,2025-26,0,0,0,0,0
AID2025-001497,S0004659,2025FA,2025-26,0,0,0,0,0
AID2025-001498,S0029559,2025FA,2025-26,0,0,0,1,5500
AID2025-001499,S0031365,2025FA,2025-26,0,0,0,0,0
AID2025-001500,S0032459,2025FA,2025-26,0,0,0,0,0
AID2025-001501,S0035410,2025FA,2025-26,1,1,7395,1,5500
AID2025-001502,S0006285,2025FA,2025-26,1,1,7395,0,0
AID2025-001503,S0025481,2025FA,2025-26,0,0,0,0,0
AID2025-001504,S0039477,2025FA,2025-26,0,0,0,1,5500
AID2025-001505,S0035217,2025FA,2025-26,1,1,7395,0,0
AID2025-001506,S0037316,2025FA,2025-26,0,0,0,0,0
AID2025-001507,S0037790,2025FA,2025-26,0,0,0,1,5500
AID2025-001508,S0015834,2025FA,2025-26,0,0,0,0,0
AID2025-001509,S0033084,2025FA,2025-26,1,1,7395,0,0
AID2025-001510,S0009790,2025FA,2025-26,0,0,0,1,5500
AID2025-001511,S0008367,2025FA,2025-26,0,0,0,0,0
AID2025-001512,S0028593,2025FA,2025-26,0,0,0,0,0
AID2025-001513,S0001421,2025FA,2025-26,1,0,0,1,5500
AID2025-001514,S0032728,2025FA,2025-26,0,0,0,0,0
AID2025-001515,S0032433,2025FA,2025-26,0,0,0,0,0
AID2025-001516,S0024232,2025FA,2025-26,1,1,7395,1,5500
AID2025-001517,S0012133,2025FA,2025-26,0,0,0,0,0
AID2025-001518,S0001990,2025FA,2025-26,0,0,0,0,0
AID2025-001519,S0028631,2025FA,2025-26,0,0,0,1,5500
AID2025-001520,S0010085,2025FA,2025-26,1,0,0,0,0
AID2025-001521,S0028997,2025FA,2025-26,0,0,0,0,0
AID2025-001522,S0027930,2025FA,2025-26,1,1,7395,1,5500
AID2025-001523,S0022703,2025FA,2025-26,1,1,7395,0,0
AID2025-001524,S0027792,2025FA,2025-26,0,0,0,0,0
AID2025-001525,S0037533,2025FA,2025-26,0,0,0,1,5500
AID2025-001526,S0038069,2025FA,2025-26,0,0,0,0,0
AID2025-001527,S0032689,2025FA,2025-26,0,0,0,0,0
AID2025-001528,S0019243,2025FA,2025-26,0,0,0,1,5500
AID2025-001529,S0029421,2025FA,2025-26,0,0,0,0,0
AID2025-001530,S0018045,2025FA,2025-26,1,1,7395,0,0
AID2025-001531,S0008495,2025FA,2025-26,1,1,7395,1,5500
AID2025-001532,S0023448,2025FA,2025-26,0,0,0,0,0
AID2025-001533,S0012041,2025FA,2025-26,1,1,7395,0,0
AID2025-001534,S0039490,2025FA,2025-26,0,0,0,1,5500
AID2025-001535,S0040388,2025FA,2025-26,0,0,0,0,0
AID2025-001536,S0017622,2025FA,2025-26,0,0,0,0,0
AID2025-001537,S0032983,2025FA,2025-26,0,0,0,1,5500
AID2025-001538,S0038476,2025FA,2025-26,1,1,7395,0,0
AID2025-001539,S0029571,2025FA,2025-26,1,1,7395,0,0
AID2025-001540,S0040192,2025FA,2025-26,0,0,0,1,5500
AID2025-001541,S0011792,2025FA,2025-26,0,0,0,0,0
AID2025-001542,S0037235,2025FA,2025-26,0,0,0,0,0
AID2025-001543,S0009471,2025FA,2025-26,0,0,0,1,5500
AID2025-001544,S0038520,2025FA,2025-26,1,1,7395,0,0
AID2025-001545,S0032586,2025FA,2025-26,1,1,7395,0,0
AID2025-001546,S0037371,2025FA,2025-26,1,1,7395,1,5500
AID2025-001547,S0022566,2025FA,2025-26,1,1,7395,0,0
AID2025-001548,S0038944,2025FA,2025-26,1,1,7395,0,0
AID2025-001549,S0034269,2025FA,2025-26,0,0,0,1,5500
AID2025-001550,S0015343,2025FA,2025-26,1,1,7395,0,0
AID2025-001551,S0031692,2025FA,2025-26,0,0,0,0,0
AID2025-001552,S0030494,2025FA,2025-26,1,1,7395,1,5500
AID2025-001553,S0022541,2025FA,2025-26,1,1,7395,0,0
AID2025-001554,S0019580,2025FA,2025-26,0,0,0,0,0
AID2025-001555,S0026983,2025FA,2025-26,1,0,0,1,5500
AID2025-001556,S0028808,2025FA,2025-26,1,1,7395,0,0
AID2025-001557,S0036365,2025FA,2025-26,1,1,7395,0,0
AID2025-001558,S0017657,2025FA,2025-26,0,0,0,1,5500
AID2025-001559,S0016001,2025FA,2025-26,0,0,0,0,0
AID2025-001560,S0039995,2025FA,2025-26,0,0,0,0,0
AID2025-001561,S0040512,2025FA,2025-26,1,1,7395,1,5500
AID2025-001562,S0039306,2025FA,2025-26,0,0,0,0,0
AID2025-001563,S0014547,2025FA,2025-26,1,1,7395,0,0
AID2025-001564,S0039437,2025FA,2025-26,0,0,0,1,5500
AID2025-001565,S0020888,2025FA,2025-26,0,0,0,0,0
AID2025-001566,S0028139,2025FA,2025-26,0,0,0,0,0
AID2025-001567,S0030344,2025FA,2025-26,0,0,0,1,5500
AID2025-001568,S0033968,2025FA,2025-26,0,0,0,0,0
AID2025-001569,S0036544,2025FA,2025-26,1,0,0,0,0
AID2025-001570,S0028248,2025FA,2025-26,0,0,0,1,5500
AID2025-001571,S0028558,2025FA,2025-26,1,1,7395,0,0
AID2025-001572,S0026148,2025FA,2025-26,0,0,0,0,0
AID2025-001573,S0019395,2025FA,2025-26,0,0,0,1,5500
AID2025-001574,S0040100,2025FA,2025-26,0,0,0,0,0
AID2025-001575,S0035817,2025FA,2025-26,0,0,0,0,0
AID2025-001576,S0020588,2025FA,2025-26,0,0,0,1,5500
AID2025-001577,S0005352,2025FA,2025-26,0,0,0,0,0
AID2025-001578,S0038102,2025FA,2025-26,0,0,0,0,0
AID2025-001579,S0032809,2025FA,2025-26,0,0,0,1,5500
AID2025-001580,S0019454,2025FA,2025-26,1,1,7395,0,0
AID2025-001581,S0026038,2025FA,2025-26,0,0,0,0,0
AID2025-001582,S0029048,2025FA,2025-26,0,0,0,1,5500
AID2025-001583,S0039963,2025FA,2025-26,1,0,0,0,0
AID2025-001584,S0031413,2025FA,2025-26,0,0,0,0,0
AID2025-001585,S0023207,2025FA,2025-26,0,0,0,1,5500
AID2025-001586,S0033674,2025FA,2025-26,0,0,0,0,0
AID2025-001587,S0018511,2025FA,2025-26,0,0,0,0,0
AID2025-001588,S0026851,2025FA,2025-26,0,0,0,1,5500
AID2025-001589,S0028057,2025FA,2025-26,0,0,0,0,0
AID2025-001590,S0029154,2025FA,2025-26,1,0,0,0,0
AID2025-001591,S0021302,2025FA,2025-26,0,0,0,1,5500
AID2025-001592,S0026278,2025FA,2025-26,1,1,7395,0,0
AID2025-001593,S0012936,2025FA,2025-26,1,1,7395,0,0
AID2025-001594,S0031846,2025FA,2025-26,1,1,7395,1,5500
AID2025-001595,S0038946,2025FA,2025-26,1,1,7395,0,0
AID2025-001596,S0023694,2025FA,2025-26,0,0,0,0,0
AID2025-001597,S0000765,2025FA,2025-26,0,0,0,1,5500
AID2025-001598,S0018084,2025FA,2025-26,0,0,0,0,0
AID2025-001599,S0039561,2025FA,2025-26,1,1,7395,0,0
AID2025-001600,S0038850,2025FA,2025-26,0,0,0,1,5500
AID2025-001601,S0014271,2025FA,2025-26,0,0,0,0,0
AID2025-001602,S0039549,2025FA,2025-26,0,0,0,0,0
AID2025-001603,S0037561,2025FA,2025-26,0,0,0,1,5500
AID2025-001604,S0018130,2025FA,2025-26,0,0,0,0,0
AID2025-001605,S0028940,2025FA,2025-26,0,0,0,0,0
AID2025-001606,S0038083,2025FA,2025-26,1,1,7395,1,5500
AID2025-001607,S0029543,2025FA,2025-26,0,0,0,0,0
AID2025-001608,S0038149,2025FA,2025-26,0,0,0,0,0
AID2025-001609,S0019313,2025FA,2025-26,0,0,0,1,5500
AID2025-001610,S0027743,2025FA,2025-26,0,0,0,0,0
AID2025-001611,S0007047,2025FA,2025-26,0,0,0,0,0
AID2025-001612,S0032178,2025FA,2025-26,0,0,0,1,5500
AID2025-001613,S0017135,2025FA,2025-26,0,0,0,0,0
AID2025-001614,S0001590,2025FA,2025-26,0,0,0,0,0
AID2025-001615,S0032469,2025FA,2025-26,0,0,0,1,5500
AID2025-001616,S0013802,2025FA,2025-26,0,0,0,0,0
AID2025-001617,S0013109,2025FA,2025-26,1,1,7395,0,0
AID2025-001618,S0035415,2025FA,2025-26,1,0,0,1,5500
AID2025-001619,S0039193,2025FA,2025-26,0,0,0,0,0
AID2025-001620,S0005683,2025FA,2025-26,0,0,0,0,0
AID2025-001621,S0017640,2025FA,2025-26,0,0,0,1,5500
AID2025-001622,S0035736,2025FA,2025-26,0,0,0,0,0
AID2025-001623,S0006861,2025FA,2025-26,0,0,0,0,0
AID2025-001624,S0026652,2025FA,2025-26,0,0,0,1,5500
AID2025-001625,S0024204,2025FA,2025-26,1,0,0,0,0
AID2025-001626,S0001490,2025FA,2025-26,0,0,0,0,0
AID2025-001627,S0028183,2025FA,2025-26,0,0,0,1,5500
AID2025-001628,S0024071,2025FA,2025-26,1,1,7395,0,0
AID2025-001629,S0023189,2025FA,2025-26,0,0,0,0,0
AID2025-001630,S0015956,2025FA,2025-26,0,0,0,1,5500
AID2025-001631,S0020881,2025FA,2025-26,0,0,0,0,0
AID2025-001632,S0034024,2025FA,2025-26,0,0,0,0,0
AID2025-001633,S0008196,2025FA,2025-26,0,0,0,1,5500
AID2025-001634,S0028290,2025FA,2025-26,1,1,7395,0,0
AID2025-001635,S0033528,2025FA,2025-26,0,0,0,0,0
AID2025-001636,S0027437,2025FA,2025-26,0,0,0,1,5500
AID2025-001637,S0039119,2025FA,2025-26,1,1,7395,0,0
AID2025-001638,S0023971,2025FA,2025-26,0,0,0,0,0
AID2025-001639,S0022653,2025FA,2025-26,0,0,0,1,5500
AID2025-001640,S0005781,2025FA,2025-26,0,0,0,0,0
AID2025-001641,S0000651,2025FA,2025-26,1,1,7395,0,0
AID2025-001642,S0035116,2025FA,2025-26,0,0,0,1,5500
AID2025-001643,S0033249,2025FA,2025-26,0,0,0,0,0
AID2025-001644,S0017983,2025FA,2025-26,0,0,0,0,0
AID2025-001645,S0032560,2025FA,2025-26,0,0,0,1,5500
AID2025-001646,S0030399,2025FA,2025-26,0,0,0,0,0
AID2025-001647,S0032713,2025FA,2025-26,0,0,0,0,0
AID2025-001648,S0034031,2025FA,2025-26,0,0,0,1,5500
AID2025-001649,S0034077,2025FA,2025-26,0,0,0,0,0
AID2025-001650,S0028033,2025FA,2025-26,0,0,0,0,0
AID2025-001651,S0023140,2025FA,2025-26,0,0,0,1,5500
AID2025-001652,S0005225,2025FA,2025-26,0,0,0,0,0
AID2025-001653,S0039557,2025FA,2025-26,0,0,0,0,0
AID2025-001654,S0023537,2025FA,2025-26,0,0,0,1,5500
AID2025-001655,S0014526,2025FA,2025-26,0,0,0,0,0
AID2025-001656,S0024288,2025FA,2025-26,0,0,0,0,0
AID2025-001657,S0037321,2025FA,2025-26,0,0,0,1,5500
AID2025-001658,S0028562,2025FA,2025-26,1,1,7395,0,0
AID2025-001659,S0019505,2025FA,2025-26,0,0,0,0,0
AID2025-001660,S0038165,2025FA,2025-26,1,0,0,1,5500
AID2025-001661,S0040519,2025FA,2025-26,1,1,7395,0,0
AID2025-001662,S0023712,2025FA,2025-26,1,1,7395,0,0
AID2025-001663,S0021217,2025FA,2025-26,1,1,7395,1,5500
AID2025-001664,S0012640,2025FA,2025-26,0,0,0,0,0
AID2025-001665,S0037661,2025FA,2025-26,0,0,0,0,0
AID2025-001666,S0004565,2025FA,2025-26,0,0,0,1,5500
AID2025-001667,S0038739,2025FA,2025-26,0,0,0,0,0
AID2025-001668,S0038016,2025FA,2025-26,0,0,0,0,0
AID2025-001669,S0034225,2025FA,2025-26,0,0,0,1,5500
AID2025-001670,S0022874,2025FA,2025-26,0,0,0,0,0
AID2025-001671,S0040311,2025FA,2025-26,0,0,0,0,0
AID2025-001672,S0035494,2025FA,2025-26,0,0,0,1,5500
AID2025-001673,S0032399,2025FA,2025-26,1,1,7395,0,0
AID2025-001674,S0025782,2025FA,2025-26,0,0,0,0,0
AID2025-001675,S0019443,2025FA,2025-26,0,0,0,1,5500
AID2025-001676,S0031182,2025FA,2025-26,1,1,7395,0,0
AID2025-001677,S0035807,2025FA,2025-26,1,1,7395,0,0
AID2025-001678,S0039342,2025FA,2025-26,0,0,0,1,5500
AID2025-001679,S0003630,2025FA,2025-26,0,0,0,0,0
AID2025-001680,S0026159,2025FA,2025-26,0,0,0,0,0
AID2025-001681,S0036292,2025FA,2025-26,0,0,0,1,5500
AID2025-001682,S0036129,2025FA,2025-26,0,0,0,0,0
AID2025-001683,S0022290,2025FA,2025-26,1,1,7395,0,0
AID2025-001684,S0023093,2025FA,2025-26,0,0,0,1,5500
AID2025-001685,S0019572,2025FA,2025-26,0,0,0,0,0
AID2025-001686,S0030473,2025FA,2025-26,0,0,0,0,0
AID2025-001687,S0029073,2025FA,2025-26,0,0,0,1,5500
AID2025-001688,S0026600,2025FA,2025-26,0,0,0,0,0
AID2025-001689,S0037719,2025FA,2025-26,0,0,0,0,0
AID2025-001690,S0035911,2025FA,2025-26,1,1,7395,1,5500
AID2025-001691,S0003429,2025FA,2025-26,1,1,7395,0,0
AID2025-001692,S0032468,2025FA,2025-26,0,0,0,0,0
AID2025-001693,S0032615,2025FA,2025-26,1,1,7395,1,5500
AID2025-001694,S0035931,2025FA,2025-26,0,0,0,0,0
AID2025-001695,S0019224,2025FA,2025-26,0,0,0,0,0
AID2025-001696,S0039276,2025FA,2025-26,0,0,0,1,5500
AID2025-001697,S0007305,2025FA,2025-26,1,1,7395,0,0
AID2025-001698,S0023811,2025FA,2025-26,0,0,0,0,0
AID2025-001699,S0004535,2025FA,2025-26,0,0,0,1,5500
AID2025-001700,S0009604,2025FA,2025-26,0,0,0,0,0
AID2025-001701,S0017447,2025FA,2025-26,1,1,7395,0,0
AID2025-001702,S0032021,2025FA,2025-26,1,0,0,1,5500
AID2025-001703,S0012824,2025FA,2025-26,1,1,7395,0,0
AID2025-001704,S0039035,2025FA,2025-26,0,0,0,0,0
AID2025-001705,S0007620,2025FA,2025-26,1,1,7395,1,5500
AID2025-001706,S0026534,2025FA,2025-26,0,0,0,0,0
AID2025-001707,S0008575,2025FA,2025-26,0,0,0,0,0
AID2025-001708,S0026818,2025FA,2025-26,1,1,7395,1,5500
AID2025-001709,S0003818,2025FA,2025-26,0,0,0,0,0
AID2025-001710,S0003087,2025FA,2025-26,1,1,7395,0,0
AID2025-001711,S0036360,2025FA,2025-26,1,1,7395,1,5500
AID2025-001712,S0033626,2025FA,2025-26,0,0,0,0,0
AID2025-001713,S0035642,2025FA,2025-26,0,0,0,0,0
AID2025-001714,S0034306,2025FA,2025-26,0,0,0,1,5500
AID2025-001715,S0019414,2025FA,2025-26,1,1,7395,0,0
AID2025-001716,S0003790,2025FA,2025-26,0,0,0,0,0
AID2025-001717,S0027375,2025FA,2025-26,0,0,0,1,5500
AID2025-001718,S0023229,2025FA,2025-26,1,1,7395,0,0
AID2025-001719,S0028542,2025FA,2025-26,0,0,0,0,0
AID2025-001720,S0039190,2025FA,2025-26,1,1,7395,1,5500
AID2025-001721,S0032149,2025FA,2025-26,0,0,0,0,0
AID2025-001722,S0037884,2025FA,2025-26,0,0,0,0,0
AID2025-001723,S0018486,2025FA,2025-26,0,0,0,1,5500
AID2025-001724,S0032492,2025FA,2025-26,0,0,0,0,0
AID2025-001725,S0023156,2025FA,2025-26,0,0,0,0,0
AID2025-001726,S0027554,2025FA,2025-26,0,0,0,1,5500
AID2025-001727,S0038041,2025FA,2025-26,0,0,0,0,0
AID2025-001728,S0029003,2025FA,2025-26,0,0,0,0,0
AID2025-001729,S0008929,2025FA,2025-26,1,1,7395,1,5500
AID2025-001730,S0026969,2025FA,2025-26,1,1,7395,0,0
AID2025-001731,S0038080,2025FA,2025-26,1,1,7395,0,0
AID2025-001732,S0033602,2025FA,2025-26,1,1,7395,1,5500
AID2025-001733,S0033480,2025FA,2025-26,1,1,7395,0,0
AID2025-001734,S0022526,2025FA,2025-26,0,0,0,0,0
AID2025-001735,S0021056,2025FA,2025-26,0,0,0,1,5500
AID2025-001736,S0035307,2025FA,2025-26,0,0,0,0,0
AID2025-001737,S0032990,2025FA,2025-26,0,0,0,0,0
AID2025-001738,S0037349,2025FA,2025-26,0,0,0,1,5500
AID2025-001739,S0023423,2025FA,2025-26,1,1,7395,0,0
AID2025-001740,S0030592,2025FA,2025-26,0,0,0,0,0
AID2025-001741,S0021729,2025FA,2025-26,0,0,0,1,5500
AID2025-001742,S0023053,2025FA,2025-26,1,1,7395,0,0
AID2025-001743,S0027432,2025FA,2025-26,0,0,0,0,0
AID2025-001744,S0037657,2025FA,2025-26,0,0,0,1,5500
AID2025-001745,S0018679,2025FA,2025-26,0,0,0,0,0
AID2025-001746,S0015410,2025FA,2025-26,0,0,0,0,0
AID2025-001747,S0001994,2025FA,2025-26,0,0,0,1,5500
AID2025-001748,S0016232,2025FA,2025-26,1,1,7395,0,0
AID2025-001749,S0022022,2025FA,2025-26,1,1,7395,0,0
AID2025-001750,S0039179,2025FA,2025-26,0,0,0,1,5500
AID2025-001751,S0029523,2025FA,2025-26,1,0,0,0,0
AID2025-001752,S0009451,2025FA,2025-26,0,0,0,0,0
AID2025-001753,S0031234,2025FA,2025-26,0,0,0,1,5500
AID2025-001754,S0040104,2025FA,2025-26,1,1,7395,0,0
AID2025-001755,S0033653,2025FA,2025-26,0,0,0,0,0
AID2025-001756,S0032100,2025FA,2025-26,0,0,0,1,5500
AID2025-001757,S0004090,2025FA,2025-26,0,0,0,0,0
AID2025-001758,S0040641,2025FA,2025-26,0,0,0,0,0
AID2025-001759,S0000806,2025FA,2025-26,0,0,0,1,5500
AID2025-001760,S0033040,2025FA,2025-26,1,1,7395,0,0
AID2025-001761,S0022347,2025FA,2025-26,0,0,0,0,0
AID2025-001762,S0039900,2025FA,2025-26,0,0,0,1,5500
AID2025-001763,S0018964,2025FA,2025-26,0,0,0,0,0
AID2025-001764,S0017873,2025FA,2025-26,1,1,7395,0,0
AID2025-001765,S0029275,2025FA,2025-26,0,0,0,1,5500
AID2025-001766,S0019474,2025FA,2025-26,0,0,0,0,0
AID2025-001767,S0039083,2025FA,2025-26,1,1,7395,0,0
AID2025-001768,S0040642,2025FA,2025-26,1,1,7395,1,5500
AID2025-001769,S0036435,2025FA,2025-26,0,0,0,0,0
AID2025-001770,S0038687,2025FA,2025-26,0,0,0,0,0
AID2025-001771,S0038038,2025FA,2025-26,0,0,0,1,5500
AID2025-001772,S0028708,2025FA,2025-26,1,0,0,0,0
AID2025-001773,S0040485,2025FA,2025-26,0,0,0,0,0
AID2025-001774,S0014033,2025FA,2025-26,1,1,7395,1,5500
AID2025-001775,S0026803,2025FA,2025-26,1,1,7395,0,0
AID2025-001776,S0033310,2025FA,2025-26,1,1,7395,0,0
AID2025-001777,S0006727,2025FA,2025-26,0,0,0,1,5500
AID2025-001778,S0038129,2025FA,2025-26,0,0,0,0,0
AID2025-001779,S0037820,2025FA,2025-26,0,0,0,0,0
AID2025-001780,S0036334,2025FA,2025-26,0,0,0,1,5500
AID2025-001781,S0035988,2025FA,2025-26,0,0,0,0,0
AID2025-001782,S0023250,2025FA,2025-26,1,1,7395,0,0
AID2025-001783,S0039987,2025FA,2025-26,0,0,0,1,5500
AID2025-001784,S0006280,2025FA,2025-26,1,1,7395,0,0
AID2025-001785,S0038806,2025FA,2025-26,0,0,0,0,0
AID2025-001786,S0036220,2025FA,2025-26,1,0,0,1,5500
AID2025-001787,S0023188,2025FA,2025-26,1,1,7395,0,0
AID2025-001788,S0038139,2025FA,2025-26,0,0,0,0,0
AID2025-001789,S0008901,2025FA,2025-26,0,0,0,1,5500
AID2025-001790,S0026469,2025FA,2025-26,0,0,0,0,0
AID2025-001791,S0031618,2025FA,2025-26,1,1,7395,0,0
AID2025-001792,S0033815,2025FA,2025-26,0,0,0,1,5500
AID2025-001793,S0027720,2025FA,2025-26,0,0,0,0,0
AID2025-001794,S0027985,2025FA,2025-26,0,0,0,0,0
AID2025-001795,S0031018,2025FA,2025-26,1,1,7395,1,5500
AID2025-001796,S0030457,2025FA,2025-26,0,0,0,0,0
AID2025-001797,S0027389,2025FA,2025-26,0,0,0,0,0
AID2025-001798,S0030321,2025FA,2025-26,0,0,0,1,5500
AID2025-001799,S0031353,2025FA,2025-26,0,0,0,0,0
AID2025-001800,S0037190,2025FA,2025-26,0,0,0,0,0
AID2025-001801,S0027170,2025FA,2025-26,0,0,0,1,5500
AID2025-001802,S0022486,2025FA,2025-26,0,0,0,0,0
AID2025-001803,S0028153,2025FA,2025-26,1,1,7395,0,0
AID2025-001804,S0037195,2025FA,2025-26,1,1,7395,1,5500
AID2025-001805,S0037271,2025FA,2025-26,0,0,0,0,0
AID2025-001806,S0021758,2025FA,2025-26,1,1,7395,0,0
AID2025-001807,S0013043,2025FA,2025-26,0,0,0,1,5500
AID2025-001808,S0008730,2025FA,2025-26,0,0,0,0,0
AID2025-001809,S0022393,2025FA,2025-26,0,0,0,0,0
AID2025-001810,S0001512,2025FA,2025-26,1,1,7395,1,5500
AID2025-001811,S0008939,2025FA,2025-26,0,0,0,0,0
AID2025-001812,S0036980,2025FA,2025-26,0,0,0,0,0
AID2025-001813,S0040450,2025FA,2025-26,1,1,7395,1,5500
AID2025-001814,S0040463,2025FA,2025-26,1,0,0,0,0
AID2025-001815,S0019732,2025FA,2025-26,0,0,0,0,0
AID2025-001816,S0011084,2025FA,2025-26,0,0,0,1,5500
AID2025-001817,S0021974,2025FA,2025-26,1,1,7395,0,0
AID2025-001818,S0038721,2025FA,2025-26,0,0,0,0,0
AID2025-001819,S0029172,2025FA,2025-26,0,0,0,1,5500
AID2025-001820,S0029232,2025FA,2025-26,0,0,0,0,0
AID2025-001821,S0005952,2025FA,2025-26,0,0,0,0,0
AID2025-001822,S0038367,2025FA,2025-26,0,0,0,1,5500
AID2025-001823,S0004034,2025FA,2025-26,0,0,0,0,0
AID2025-001824,S0038385,2025FA,2025-26,1,1,7395,0,0
AID2025-001825,S0019217,2025FA,2025-26,0,0,0,1,5500
AID2025-001826,S0039093,2025FA,2025-26,0,0,0,0,0
AID2025-001827,S0032124,2025FA,2025-26,0,0,0,0,0
AID2025-001828,S0013116,2025FA,2025-26,1,0,0,1,5500
AID2025-001829,S0004902,2025FA,2025-26,0,0,0,0,0
AID2025-001830,S0008907,2025FA,2025-26,1,1,7395,0,0
AID2025-001831,S0002036,2025FA,2025-26,0,0,0,1,5500
AID2025-001832,S0032671,2025FA,2025-26,0,0,0,0,0
AID2025-001833,S0038807,2025FA,2025-26,0,0,0,0,0
AID2025-001834,S0028331,2025FA,2025-26,1,1,7395,1,5500
AID2025-001835,S0001868,2025FA,2025-26,0,0,0,0,0
AID2025-001836,S0037865,2025FA,2025-26,1,1,7395,0,0
AID2025-001837,S0003084,2025FA,2025-26,0,0,0,1,5500
AID2025-001838,S0038891,2025FA,2025-26,0,0,0,0,0
AID2025-001839,S0014744,2025FA,2025-26,0,0,0,0,0
AID2025-001840,S0001194,2025FA,2025-26,0,0,0,1,5500
AID2025-001841,S0037369,2025FA,2025-26,1,1,7395,0,0
AID2025-001842,S0008689,2025FA,2025-26,0,0,0,0,0
AID2025-001843,S0038493,2025FA,2025-26,0,0,0,1,5500
AID2025-001844,S0027739,2025FA,2025-26,1,1,7395,0,0
AID2025-001845,S0034305,2025FA,2025-26,0,0,0,0,0
AID2025-001846,S0033848,2025FA,2025-26,0,0,0,1,5500
AID2025-001847,S0027690,2025FA,2025-26,0,0,0,0,0
AID2025-001848,S0037198,2025FA,2025-26,0,0,0,0,0
AID2025-001849,S0030589,2025FA,2025-26,0,0,0,1,5500
AID2025-001850,S0037570,2025FA,2025-26,0,0,0,0,0
AID2025-001851,S0034180,2025FA,2025-26,1,1,7395,0,0
AID2025-001852,S0035572,2025FA,2025-26,1,1,7395,1,5500
AID2025-001853,S0030702,2025FA,2025-26,0,0,0,0,0
AID2025-001854,S0036257,2025FA,2025-26,0,0,0,0,0
AID2025-001855,S0018643,2025FA,2025-26,1,1,7395,1,5500
AID2025-001856,S0026231,2025FA,2025-26,1,0,0,0,0
AID2025-001857,S0017345,2025FA,2025-26,0,0,0,0,0
AID2025-001858,S0005129,2025FA,2025-26,0,0,0,1,5500
AID2025-001859,S0029608,2025FA,2025-26,0,0,0,0,0
AID2025-001860,S0033680,2025FA,2025-26,0,0,0,0,0
AID2025-001861,S0037002,2025FA,2025-26,0,0,0,1,5500
AID2025-001862,S0024078,2025FA,2025-26,1,1,7395,0,0
AID2025-001863,S0023144,2025FA,2025-26,0,0,0,0,0
AID2025-001864,S0032926,2025FA,2025-26,0,0,0,1,5500
AID2025-001865,S0018920,2025FA,2025-26,1,1,7395,0,0
AID2025-001866,S0008624,2025FA,2025-26,1,1,7395,0,0
AID2025-001867,S0010983,2025FA,2025-26,1,1,7395,1,5500
AID2025-001868,S0014620,2025FA,2025-26,0,0,0,0,0
AID2025-001869,S0039532,2025FA,2025-26,0,0,0,0,0
AID2025-001870,S0006093,2025FA,2025-26,0,0,0,1,5500
AID2025-001871,S0032775,2025FA,2025-26,0,0,0,0,0
AID2025-001872,S0016291,2025FA,2025-26,0,0,0,0,0
AID2025-001873,S0032631,2025FA,2025-26,0,0,0,1,5500
AID2025-001874,S0032653,2025FA,2025-26,0,0,0,0,0
AID2025-001875,S0039973,2025FA,2025-26,1,1,7395,0,0
AID2025-001876,S0027341,2025FA,2025-26,0,0,0,1,5500
AID2025-001877,S0025823,2025FA,2025-26,0,0,0,0,0
AID2025-001878,S0020992,2025FA,2025-26,1,1,7395,0,0
AID2025-001879,S0027604,2025FA,2025-26,1,1,7395,1,5500
AID2025-001880,S0032268,2025FA,2025-26,0,0,0,0,0
AID2025-001881,S0026144,2025FA,2025-26,0,0,0,0,0
AID2025-001882,S0015812,2025FA,2025-26,0,0,0,1,5500
AID2025-001883,S0040213,2025FA,2025-26,0,0,0,0,0
AID2025-001884,S0008436,2025FA,2025-26,0,0,0,0,0
AID2025-001885,S0028687,2025FA,2025-26,0,0,0,1,5500
AID2025-001886,S0029067,2025FA,2025-26,0,0,0,0,0
AID2025-001887,S0038648,2025FA,2025-26,0,0,0,0,0
AID2025-001888,S0013275,2025FA,2025-26,1,1,7395,1,5500
AID2025-001889,S0036938,2025FA,2025-26,1,1,7395,0,0
AID2025-001890,S0007881,2025FA,2025-26,0,0,0,0,0
AID2025-001891,S0038221,2025FA,2025-26,1,0,0,1,5500
AID2025-001892,S0032518,2025FA,2025-26,0,0,0,0,0
AID2025-001893,S0038525,2025FA,2025-26,0,0,0,0,0
AID2025-001894,S0028110,2025FA,2025-26,0,0,0,1,5500
AID2025-001895,S0022418,2025FA,2025-26,1,1,7395,0,0
AID2025-001896,S0032976,2025FA,2025-26,0,0,0,0,0
AID2025-001897,S0038258,2025FA,2025-26,1,1,7395,1,5500
AID2025-001898,S0035192,2025FA,2025-26,0,0,0,0,0
AID2025-001899,S0013134,2025FA,2025-26,0,0,0,0,0
AID2025-001900,S0015010,2025FA,2025-26,0,0,0,1,5500
AID2025-001901,S0028817,2025FA,2025-26,0,0,0,0,0
AID2025-001902,S0023460,2025FA,2025-26,0,0,0,0,0
AID2025-001903,S0038405,2025FA,2025-26,0,0,0,1,5500
AID2025-001904,S0028827,2025FA,2025-26,1,1,7395,0,0
AID2025-001905,S0011873,2025FA,2025-26,0,0,0,0,0
AID2025-001906,S0021796,2025FA,2025-26,0,0,0,1,5500
AID2025-001907,S0036873,2025FA,2025-26,0,0,0,0,0
AID2025-001908,S0040363,2025FA,2025-26,1,1,7395,0,0
AID2025-001909,S0001574,2025FA,2025-26,0,0,0,1,5500
AID2025-001910,S0011897,2025FA,2025-26,0,0,0,0,0
AID2025-001911,S0036173,2025FA,2025-26,0,0,0,0,0
AID2025-001912,S0003036,2025FA,2025-26,0,0,0,1,5500
AID2025-001913,S0008679,2025FA,2025-26,1,1,7395,0,0
AID2025-001914,S0001478,2025FA,2025-26,1,1,7395,0,0
AID2025-001915,S0026293,2025FA,2025-26,0,0,0,1,5500
AID2025-001916,S0009735,2025FA,2025-26,1,1,7395,0,0
AID2025-001917,S0014724,2025FA,2025-26,0,0,0,0,0
AID2025-001918,S0035345,2025FA,2025-26,0,0,0,1,5500
AID2025-001919,S0030542,2025FA,2025-26,0,0,0,0,0
AID2025-001920,S0040181,2025FA,2025-26,1,1,7395,0,0
AID2025-001921,S0023992,2025FA,2025-26,1,1,7395,1,5500
AID2025-001922,S0017194,2025FA,2025-26,1,1,7395,0,0
AID2025-001923,S0000691,2025FA,2025-26,1,1,7395,0,0
AID2025-001924,S0033001,2025FA,2025-26,0,0,0,1,5500
AID2025-001925,S0030884,2025FA,2025-26,1,1,7395,0,0
AID2025-001926,S0000965,2025FA,2025-26,1,0,0,0,0
AID2025-001927,S0036886,2025FA,2025-26,1,1,7395,1,5500
AID2025-001928,S0038616,2025FA,2025-26,0,0,0,0,0
AID2025-001929,S0021345,2025FA,2025-26,0,0,0,0,0
AID2025-001930,S0028254,2025FA,2025-26,0,0,0,1,5500
AID2025-001931,S0039961,2025FA,2025-26,0,0,0,0,0
AID2025-001932,S0008550,2025FA,2025-26,0,0,0,0,0
AID2025-001933,S0023375,2025FA,2025-26,1,0,0,1,5500
AID2025-001934,S0039200,2025FA,2025-26,0,0,0,0,0
AID2025-001935,S0035852,2025FA,2025-26,1,1,7395,0,0
AID2025-001936,S0021406,2025FA,2025-26,0,0,0,1,5500
AID2025-001937,S0023855,2025FA,2025-26,1,1,7395,0,0
AID2025-001938,S0029075,2025FA,2025-26,0,0,0,0,0
AID2025-001939,S0027663,2025FA,2025-26,1,1,7395,1,5500
AID2025-001940,S0028697,2025FA,2025-26,0,0,0,0,0
AID2025-001941,S0030545,2025FA,2025-26,0,0,0,0,0
AID2025-001942,S0035207,2025FA,2025-26,0,0,0,1,5500
AID2025-001943,S0011557,2025FA,2025-26,1,1,7395,0,0
AID2025-001944,S0040414,2025FA,2025-26,0,0,0,0,0
AID2025-001945,S0019005,2025FA,2025-26,1,1,7395,1,5500
AID2025-001946,S0023220,2025FA,2025-26,0,0,0,0,0
AID2025-001947,S0038836,2025FA,2025-26,0,0,0,0,0
AID2025-001948,S0010043,2025FA,2025-26,0,0,0,1,5500
AID2025-001949,S0019347,2025FA,2025-26,1,1,7395,0,0
AID2025-001950,S0017972,2025FA,2025-26,0,0,0,0,0
AID2025-001951,S0039326,2025FA,2025-26,0,0,0,1,5500
AID2025-001952,S0037941,2025FA,2025-26,0,0,0,0,0
AID2025-001953,S0013057,2025FA,2025-26,1,1,7395,0,0
AID2025-001954,S0030484,2025FA,2025-26,0,0,0,1,5500
AID2025-001955,S0038063,2025FA,2025-26,0,0,0,0,0
AID2025-001956,S0016224,2025FA,2025-26,0,0,0,0,0
AID2025-001957,S0033443,2025FA,2025-26,0,0,0,1,5500
AID2025-001958,S0006320,2025FA,2025-26,0,0,0,0,0
AID2025-001959,S0031228,2025FA,2025-26,1,1,7395,0,0
AID2025-001960,S0005813,2025FA,2025-26,0,0,0,1,5500
AID2025-001961,S0016582,2025FA,2025-26,1,0,0,0,0
AID2025-001962,S0033825,2025FA,2025-26,1,1,7395,0,0
AID2025-001963,S0034400,2025FA,2025-26,1,1,7395,1,5500
AID2025-001964,S0028649,2025FA,2025-26,0,0,0,0,0
AID2025-001965,S0038332,2025FA,2025-26,0,0,0,0,0
AID2025-001966,S0036158,2025FA,2025-26,1,1,7395,1,5500
AID2025-001967,S0026673,2025FA,2025-26,0,0,0,0,0
AID2025-001968,S0023722,2025FA,2025-26,0,0,0,0,0
AID2025-001969,S0032910,2025FA,2025-26,0,0,0,1,5500
AID2025-001970,S0027700,2025FA,2025-26,1,1,7395,0,0
AID2025-001971,S0035365,2025FA,2025-26,0,0,0,0,0
AID2025-001972,S0034002,2025FA,2025-26,0,0,0,1,5500
AID2025-001973,S0040490,2025FA,2025-26,1,1,7395,0,0
AID2025-001974,S0018108,2025FA,2025-26,0,0,0,0,0
AID2025-001975,S0026915,2025FA,2025-26,0,0,0,1,5500
AID2025-001976,S0004017,2025FA,2025-26,1,1,7395,0,0
AID2025-001977,S0021491,2025FA,2025-26,0,0,0,0,0
AID2025-001978,S0036348,2025FA,2025-26,0,0,0,1,5500
AID2025-001979,S0033043,2025FA,2025-26,1,1,7395,0,0
AID2025-001980,S0004594,2025FA,2025-26,0,0,0,0,0
AID2025-001981,S0032331,2025FA,2025-26,0,0,0,1,5500
AID2025-001982,S0036894,2025FA,2025-26,0,0,0,0,0
AID2025-001983,S0036053,2025FA,2025-26,0,0,0,0,0
AID2025-001984,S0032119,2025FA,2025-26,1,1,7395,1,5500
AID2025-001985,S0018003,2025FA,2025-26,1,1,7395,0,0
AID2025-001986,S0040067,2025FA,2025-26,1,1,7395,0,0
AID2025-001987,S0022386,2025FA,2025-26,0,0,0,1,5500
AID2025-001988,S0013130,2025FA,2025-26,0,0,0,0,0
AID2025-001989,S0037812,2025FA,2025-26,0,0,0,0,0
AID2025-001990,S0008398,2025FA,2025-26,0,0,0,1,5500
AID2025-001991,S0027777,2025FA,2025-26,0,0,0,0,0
AID2025-001992,S0032345,2025FA,2025-26,0,0,0,0,0
AID2025-001993,S0014683,2025FA,2025-26,1,1,7395,1,5500
AID2025-001994,S0003806,2025FA,2025-26,0,0,0,0,0
AID2025-001995,S0003447,2025FA,2025-26,0,0,0,0,0
AID2025-001996,S0003164,2025FA,2025-26,0,0,0,1,5500
AID2025-001997,S0024243,2025FA,2025-26,0,0,0,0,0
AID2025-001998,S0000507,2025FA,2025-26,1,1,7395,0,0
AID2025-001999,S0035878,2025FA,2025-26,0,0,0,1,5500
AID2025-002000,S0039118,2025FA,2025-26,0,0,0,0,0
AID2025-002001,S0035661,2025FA,2025-26,0,0,0,0,0
AID2025-002002,S0008758,2025FA,2025-26,0,0,0,1,5500
AID2025-002003,S0014471,2025FA,2025-26,0,0,0,0,0
AID2025-002004,S0012150,2025FA,2025-26,0,0,0,0,0
AID2025-002005,S0038425,2025FA,2025-26,0,0,0,1,5500
AID2025-002006,S0038839,2025FA,2025-26,0,0,0,0,0
AID2025-002007,S0038851,2025FA,2025-26,1,1,7395,0,0
AID2025-002008,S0038404,2025FA,2025-26,1,1,7395,1,5500
AID2025-002009,S0032254,2025FA,2025-26,0,0,0,0,0
AID2025-002010,S0037107,2025FA,2025-26,0,0,0,0,0
AID2025-002011,S0039012,2025FA,2025-26,1,1,7395,1,5500
AID2025-002012,S0005582,2025FA,2025-26,0,0,0,0,0
AID2025-002013,S0038427,2025FA,2025-26,1,1,7395,0,0
AID2025-002014,S0036335,2025FA,2025-26,0,0,0,1,5500
AID2025-002015,S0038190,2025FA,2025-26,0,0,0,0,0
AID2025-002016,S0039428,2025FA,2025-26,0,0,0,0,0
AID2025-002017,S0004905,2025FA,2025-26,1,0,0,1,5500
AID2025-002018,S0039004,2025FA,2025-26,0,0,0,0,0
AID2025-002019,S0017848,2025FA,2025-26,1,1,7395,0,0
AID2025-002020,S0037913,2025FA,2025-26,0,0,0,1,5500
AID2025-002021,S0029069,2025FA,2025-26,0,0,0,0,0
AID2025-002022,S0028376,2025FA,2025-26,0,0,0,0,0
AID2025-002023,S0025362,2025FA,2025-26,0,0,0,1,5500
AID2025-002024,S0013917,2025FA,2025-26,0,0,0,0,0
AID2025-002025,S0023782,2025FA,2025-26,0,0,0,0,0
AID2025-002026,S0013160,2025FA,2025-26,0,0,0,1,5500
AID2025-002027,S0039223,2025FA,2025-26,0,0,0,0,0
AID2025-002028,S0036603,2025FA,2025-26,1,1,7395,0,0
AID2025-002029,S0026358,2025FA,2025-26,0,0,0,1,5500
AID2025-002030,S0026703,2025FA,2025-26,1,1,7395,0,0
AID2025-002031,S0036456,2025FA,2025-26,0,0,0,0,0
AID2025-002032,S0009200,2025FA,2025-26,1,1,7395,1,5500
AID2025-002033,S0023743,2025FA,2025-26,0,0,0,0,0
AID2025-002034,S0027500,2025FA,2025-26,1,1,7395,0,0
AID2025-002035,S0029463,2025FA,2025-26,0,0,0,1,5500
AID2025-002036,S0038107,2025FA,2025-26,0,0,0,0,0
AID2025-002037,S0011591,2025FA,2025-26,0,0,0,0,0
AID2025-002038,S0005259,2025FA,2025-26,0,0,0,1,5500
AID2025-002039,S0008319,2025FA,2025-26,1,1,7395,0,0
AID2025-002040,S0037758,2025FA,2025-26,1,1,7395,0,0
AID2025-002041,S0023479,2025FA,2025-26,0,0,0,1,5500
AID2025-002042,S0037771,2025FA,2025-26,0,0,0,0,0
AID2025-002043,S0032224,2025FA,2025-26,0,0,0,0,0
AID2025-002044,S0023746,2025FA,2025-26,1,1,7395,1,5500
AID2025-002045,S0027697,2025FA,2025-26,0,0,0,0,0
AID2025-002046,S0038064,2025FA,2025-26,0,0,0,0,0
AID2025-002047,S0031487,2025FA,2025-26,0,0,0,1,5500
AID2025-002048,S0032547,2025FA,2025-26,1,1,7395,0,0
AID2025-002049,S0020747,2025FA,2025-26,1,1,7395,0,0
AID2025-002050,S0031308,2025FA,2025-26,1,1,7395,1,5500
AID2025-002051,S0013572,2025FA,2025-26,0,0,0,0,0
AID2025-002052,S0023436,2025FA,2025-26,1,0,0,0,0
AID2025-002053,S0017499,2025FA,2025-26,0,0,0,1,5500
AID2025-002054,S0022910,2025FA,2025-26,0,0,0,0,0
AID2025-002055,S0017555,2025FA,2025-26,0,0,0,0,0
AID2025-002056,S0027763,2025FA,2025-26,0,0,0,1,5500
AID2025-002057,S0021276,2025FA,2025-26,0,0,0,0,0
AID2025-002058,S0039497,2025FA,2025-26,0,0,0,0,0
AID2025-002059,S0036893,2025FA,2025-26,0,0,0,1,5500
AID2025-002060,S0033402,2025FA,2025-26,0,0,0,0,0
AID2025-002061,S0021207,2025FA,2025-26,0,0,0,0,0
AID2025-002062,S0028402,2025FA,2025-26,1,1,7395,1,5500
AID2025-002063,S0039427,2025FA,2025-26,0,0,0,0,0
AID2025-002064,S0027067,2025FA,2025-26,0,0,0,0,0
AID2025-002065,S0009571,2025FA,2025-26,0,0,0,1,5500
AID2025-002066,S0030650,2025FA,2025-26,1,0,0,0,0
AID2025-002067,S0000136,2025FA,2025-26,0,0,0,0,0
AID2025-002068,S0010672,2025FA,2025-26,1,1,7395,1,5500
AID2025-002069,S0036865,2025FA,2025-26,1,1,7395,0,0
AID2025-002070,S0019042,2025FA,2025-26,0,0,0,0,0
AID2025-002071,S0030388,2025FA,2025-26,0,0,0,1,5500
AID2025-002072,S0032117,2025FA,2025-26,0,0,0,0,0
AID2025-002073,S0031188,2025FA,2025-26,0,0,0,0,0
AID2025-002074,S0033194,2025FA,2025-26,0,0,0,1,5500
AID2025-002075,S0030619,2025FA,2025-26,1,1,7395,0,0
AID2025-002076,S0036498,2025FA,2025-26,1,1,7395,0,0
AID2025-002077,S0023102,2025FA,2025-26,0,0,0,1,5500
AID2025-002078,S0025996,2025FA,2025-26,0,0,0,0,0
AID2025-002079,S0032988,2025FA,2025-26,1,1,7395,0,0
AID2025-002080,S0011854,2025FA,2025-26,0,0,0,1,5500
AID2025-002081,S0006019,2025FA,2025-26,1,1,7395,0,0
AID2025-002082,S0032891,2025FA,2025-26,1,1,7395,0,0
AID2025-002083,S0032894,2025FA,2025-26,1,1,7395,1,5500
AID2025-002084,S0018712,2025FA,2025-26,0,0,0,0,0
AID2025-002085,S0037760,2025FA,2025-26,0,0,0,0,0
AID2025-002086,S0036385,2025FA,2025-26,0,0,0,1,5500
AID2025-002087,S0027596,2025FA,2025-26,0,0,0,0,0
AID2025-002088,S0022752,2025FA,2025-26,1,1,7395,0,0
AID2025-002089,S0030688,2025FA,2025-26,0,0,0,1,5500
AID2025-002090,S0036657,2025FA,2025-26,0,0,0,0,0
AID2025-002091,S0037464,2025FA,2025-26,0,0,0,0,0
AID2025-002092,S0040349,2025FA,2025-26,0,0,0,1,5500
AID2025-002093,S0035332,2025FA,2025-26,0,0,0,0,0
AID2025-002094,S0014884,2025FA,2025-26,0,0,0,0,0
AID2025-002095,S0033148,2025FA,2025-26,0,0,0,1,5500
AID2025-002096,S0039469,2025FA,2025-26,1,1,7395,0,0
AID2025-002097,S0035403,2025FA,2025-26,1,1,7395,0,0
AID2025-002098,S0026115,2025FA,2025-26,1,1,7395,1,5500
AID2025-002099,S0015321,2025FA,2025-26,0,0,0,0,0
AID2025-002100,S0023977,2025FA,2025-26,0,0,0,0,0
AID2025-002101,S0027254,2025FA,2025-26,0,0,0,1,5500
AID2025-002102,S0038463,2025FA,2025-26,0,0,0,0,0
AID2025-002103,S0039001,2025FA,2025-26,0,0,0,0,0
AID2025-002104,S0036253,2025FA,2025-26,0,0,0,1,5500
AID2025-002105,S0032335,2025FA,2025-26,1,1,7395,0,0
AID2025-002106,S0016214,2025FA,2025-26,1,1,7395,0,0
AID2025-002107,S0024058,2025FA,2025-26,1,1,7395,1,5500
AID2025-002108,S0036988,2025FA,2025-26,1,0,0,0,0
AID2025-002109,S0028115,2025FA,2025-26,0,0,0,0,0
AID2025-002110,S0027574,2025FA,2025-26,0,0,0,1,5500
AID2025-002111,S0028148,2025FA,2025-26,0,0,0,0,0
AID2025-002112,S0033612,2025FA,2025-26,1,1,7395,0,0
AID2025-002113,S0012767,2025FA,2025-26,1,1,7395,1,5500
AID2025-002114,S0017510,2025FA,2025-26,0,0,0,0,0
AID2025-002115,S0040132,2025FA,2025-26,0,0,0,0,0
AID2025-002116,S0008156,2025FA,2025-26,0,0,0,1,5500
AID2025-002117,S0038174,2025FA,2025-26,1,1,7395,0,0
AID2025-002118,S0021006,2025FA,2025-26,1,1,7395,0,0
AID2025-002119,S0028711,2025FA,2025-26,0,0,0,1,5500
AID2025-002120,S0038019,2025FA,2025-26,0,0,0,0,0
AID2025-002121,S0007087,2025FA,2025-26,1,1,7395,0,0
AID2025-002122,S0016587,2025FA,2025-26,0,0,0,1,5500
AID2025-002123,S0001979,2025FA,2025-26,0,0,0,0,0
AID2025-002124,S0027779,2025FA,2025-26,0,0,0,0,0
AID2025-002125,S0014180,2025FA,2025-26,1,1,7395,1,5500
AID2025-002126,S0033390,2025FA,2025-26,0,0,0,0,0
AID2025-002127,S0019466,2025FA,2025-26,0,0,0,0,0
AID2025-002128,S0015826,2025FA,2025-26,0,0,0,1,5500
AID2025-002129,S0031269,2025FA,2025-26,1,0,0,0,0
AID2025-002130,S0037246,2025FA,2025-26,1,1,7395,0,0
AID2025-002131,S0030610,2025FA,2025-26,0,0,0,1,5500
AID2025-002132,S0030827,2025FA,2025-26,0,0,0,0,0
AID2025-002133,S0023123,2025FA,2025-26,0,0,0,0,0
AID2025-002134,S0022479,2025FA,2025-26,1,1,7395,1,5500
AID2025-002135,S0032609,2025FA,2025-26,0,0,0,0,0
AID2025-002136,S0035358,2025FA,2025-26,0,0,0,0,0
AID2025-002137,S0038110,2025FA,2025-26,0,0,0,1,5500
AID2025-002138,S0008697,2025FA,2025-26,0,0,0,0,0
AID2025-002139,S0010104,2025FA,2025-26,1,1,7395,0,0
AID2025-002140,S0029441,2025FA,2025-26,0,0,0,1,5500
AID2025-002141,S0014022,2025FA,2025-26,0,0,0,0,0
AID2025-002142,S0033243,2025FA,2025-26,0,0,0,0,0
AID2025-002143,S0033087,2025FA,2025-26,0,0,0,1,5500
AID2025-002144,S0005942,2025FA,2025-26,1,1,7395,0,0
AID2025-002145,S0022960,2025FA,2025-26,0,0,0,0,0
AID2025-002146,S0038108,2025FA,2025-26,0,0,0,1,5500
AID2025-002147,S0030974,2025FA,2025-26,0,0,0,0,0
AID2025-002148,S0038344,2025FA,2025-26,1,1,7395,0,0
AID2025-002149,S0037757,2025FA,2025-26,0,0,0,1,5500
AID2025-002150,S0036122,2025FA,2025-26,0,0,0,0,0
AID2025-002151,S0032864,2025FA,2025-26,0,0,0,0,0
AID2025-002152,S0029514,2025FA,2025-26,1,1,7395,1,5500
AID2025-002153,S0010661,2025FA,2025-26,0,0,0,0,0
AID2025-002154,S0035597,2025FA,2025-26,0,0,0,0,0
AID2025-002155,S0012621,2025FA,2025-26,1,1,7395,1,5500
AID2025-002156,S0022697,2025FA,2025-26,0,0,0,0,0
AID2025-002157,S0001705,2025FA,2025-26,0,0,0,0,0
AID2025-002158,S0029546,2025FA,2025-26,0,0,0,1,5500
AID2025-002159,S0033743,2025FA,2025-26,0,0,0,0,0
AID2025-002160,S0038566,2025FA,2025-26,0,0,0,0,0
AID2025-002161,S0037529,2025FA,2025-26,0,0,0,1,5500
AID2025-002162,S0029269,2025FA,2025-26,0,0,0,0,0
AID2025-002163,S0033950,2025FA,2025-26,1,1,7395,0,0
AID2025-002164,S0038536,2025FA,2025-26,0,0,0,1,5500
AID2025-002165,S0037835,2025FA,2025-26,0,0,0,0,0
AID2025-002166,S0031939,2025FA,2025-26,0,0,0,0,0
AID2025-002167,S0038881,2025FA,2025-26,0,0,0,1,5500
AID2025-002168,S0010707,2025FA,2025-26,0,0,0,0,0
AID2025-002169,S0034149,2025FA,2025-26,1,1,7395,0,0
AID2025-002170,S0021947,2025FA,2025-26,1,1,7395,1,5500
AID2025-002171,S0005838,2025FA,2025-26,0,0,0,0,0
AID2025-002172,S0035620,2025FA,2025-26,0,0,0,0,0
AID2025-002173,S0027179,2025FA,2025-26,0,0,0,1,5500
AID2025-002174,S0012575,2025FA,2025-26,0,0,0,0,0
AID2025-002175,S0038116,2025FA,2025-26,0,0,0,0,0
AID2025-002176,S0020691,2025FA,2025-26,0,0,0,1,5500
AID2025-002177,S0036601,2025FA,2025-26,0,0,0,0,0
AID2025-002178,S0036646,2025FA,2025-26,1,0,0,0,0
AID2025-002179,S0001890,2025FA,2025-26,0,0,0,1,5500
AID2025-002180,S0010690,2025FA,2025-26,0,0,0,0,0
AID2025-002181,S0038442,2025FA,2025-26,0,0,0,0,0
AID2025-002182,S0036636,2025FA,2025-26,1,1,7395,1,5500
AID2025-002183,S0010273,2025FA,2025-26,0,0,0,0,0
AID2025-002184,S0026363,2025FA,2025-26,1,1,7395,0,0
AID2025-002185,S0036693,2025FA,2025-26,1,1,7395,1,5500
AID2025-002186,S0024319,2025FA,2025-26,0,0,0,0,0
AID2025-002187,S0027356,2025FA,2025-26,0,0,0,0,0
AID2025-002188,S0015892,2025FA,2025-26,0,0,0,1,5500
AID2025-002189,S0014240,2025FA,2025-26,0,0,0,0,0
AID2025-002190,S0012026,2025FA,2025-26,0,0,0,0,0
AID2025-002191,S0005830,2025FA,2025-26,1,1,7395,1,5500
AID2025-002192,S0031368,2025FA,2025-26,0,0,0,0,0
AID2025-002193,S0036409,2025FA,2025-26,0,0,0,0,0
AID2025-002194,S0039765,2025FA,2025-26,1,1,7395,1,5500
AID2025-002195,S0033689,2025FA,2025-26,0,0,0,0,0
AID2025-002196,S0026687,2025FA,2025-26,0,0,0,0,0
AID2025-002197,S0039593,2025FA,2025-26,0,0,0,1,5500
AID2025-002198,S0038311,2025FA,2025-26,1,1,7395,0,0
AID2025-002199,S0003727,2025FA,2025-26,0,0,0,0,0
AID2025-002200,S0007815,2025FA,2025-26,0,0,0,1,5500
AID2025-002201,S0033099,2025FA,2025-26,1,1,7395,0,0
AID2025-002202,S0037718,2025FA,2025-26,1,1,7395,0,0
AID2025-002203,S0035844,2025FA,2025-26,0,0,0,1,5500
AID2025-002204,S0037813,2025FA,2025-26,0,0,0,0,0
AID2025-002205,S0003302,2025FA,2025-26,0,0,0,0,0
AID2025-002206,S0035991,2025FA,2025-26,0,0,0,1,5500
AID2025-002207,S0013788,2025FA,2025-26,1,1,7395,0,0
AID2025-002208,S0040669,2025FA,2025-26,1,1,7395,0,0
AID2025-002209,S0000328,2025FA,2025-26,0,0,0,1,5500
AID2025-002210,S0037842,2025FA,2025-26,1,1,7395,0,0
AID2025-002211,S0039757,2025FA,2025-26,1,1,7395,0,0
AID2025-002212,S0029549,2025FA,2025-26,0,0,0,1,5500
AID2025-002213,S0036288,2025FA,2025-26,1,0,0,0,0
AID2025-002214,S0027378,2025FA,2025-26,0,0,0,0,0
AID2025-002215,S0013965,2025FA,2025-26,1,1,7395,1,5500
AID2025-002216,S0007111,2025FA,2025-26,1,1,7395,0,0
AID2025-002217,S0023034,2025FA,2025-26,1,1,7395,0,0
AID2025-002218,S0026593,2025FA,2025-26,0,0,0,1,5500
AID2025-002219,S0033670,2025FA,2025-26,1,1,7395,0,0
AID2025-002220,S0040007,2025FA,2025-26,0,0,0,0,0
AID2025-002221,S0039523,2025FA,2025-26,0,0,0,1,5500
AID2025-002222,S0003649,2025FA,2025-26,1,1,7395,0,0
AID2025-002223,S0035732,2025FA,2025-26,0,0,0,0,0
AID2025-002224,S0039237,2025FA,2025-26,0,0,0,1,5500
AID2025-002225,S0033016,2025FA,2025-26,0,0,0,0,0
AID2025-002226,S0019372,2025FA,2025-26,0,0,0,0,0
AID2025-002227,S0023618,2025FA,2025-26,0,0,0,1,5500
AID2025-002228,S0039596,2025FA,2025-26,0,0,0,0,0
AID2025-002229,S0032154,2025FA,2025-26,0,0,0,0,0
AID2025-002230,S0008408,2025FA,2025-26,0,0,0,1,5500
AID2025-002231,S0038127,2025FA,2025-26,0,0,0,0,0
AID2025-002232,S0037079,2025FA,2025-26,0,0,0,0,0
AID2025-002233,S0014954,2025FA,2025-26,0,0,0,1,5500
AID2025-002234,S0001071,2025FA,2025-26,0,0,0,0,0
AID2025-002235,S0033363,2025FA,2025-26,1,1,7395,0,0
AID2025-002236,S0040085,2025FA,2025-26,1,1,7395,1,5500
AID2025-002237,S0033765,2025FA,2025-26,0,0,0,0,0
AID2025-002238,S0036539,2025FA,2025-26,0,0,0,0,0
AID2025-002239,S0038197,2025FA,2025-26,0,0,0,1,5500
AID2025-002240,S0033877,2025FA,2025-26,0,0,0,0,0
AID2025-002241,S0016523,2025FA,2025-26,0,0,0,0,0
AID2025-002242,S0019588,2025FA,2025-26,0,0,0,1,5500
AID2025-002243,S0012175,2025FA,2025-26,0,0,0,0,0
AID2025-002244,S0018818,2025FA,2025-26,0,0,0,0,0
AID2025-002245,S0038002,2025FA,2025-26,0,0,0,1,5500
AID2025-002246,S0015476,2025FA,2025-26,0,0,0,0,0
AID2025-002247,S0010594,2025FA,2025-26,0,0,0,0,0
AID2025-002248,S0037653,2025FA,2025-26,0,0,0,1,5500
AID2025-002249,S0015804,2025FA,2025-26,1,1,7395,0,0
AID2025-002250,S0022852,2025FA,2025-26,0,0,0,0,0
AID2025-002251,S0021076,2025FA,2025-26,0,0,0,1,5500
AID2025-002252,S0000783,2025FA,2025-26,0,0,0,0,0
AID2025-002253,S0025355,2025FA,2025-26,0,0,0,0,0
AID2025-002254,S0038079,2025FA,2025-26,0,0,0,1,5500
AID2025-002255,S0031456,2025FA,2025-26,0,0,0,0,0
AID2025-002256,S0038708,2025FA,2025-26,0,0,0,0,0
AID2025-002257,S0022340,2025FA,2025-26,1,1,7395,1,5500
AID2025-002258,S0023599,2025FA,2025-26,0,0,0,0,0
AID2025-002259,S0031802,2025FA,2025-26,0,0,0,0,0
AID2025-002260,S0039630,2025FA,2025-26,1,1,7395,1,5500
AID2025-002261,S0033479,2025FA,2025-26,0,0,0,0,0
AID2025-002262,S0030462,2025FA,2025-26,1,0,0,0,0
AID2025-002263,S0015244,2025FA,2025-26,0,0,0,1,5500
AID2025-002264,S0000364,2025FA,2025-26,0,0,0,0,0
AID2025-002265,S0028716,2025FA,2025-26,0,0,0,0,0
AID2025-002266,S0027428,2025FA,2025-26,1,1,7395,1,5500
AID2025-002267,S0037044,2025FA,2025-26,1,1,7395,0,0
AID2025-002268,S0024271,2025FA,2025-26,1,1,7395,0,0
AID2025-002269,S0033636,2025FA,2025-26,1,0,0,1,5500
AID2025-002270,S0032162,2025FA,2025-26,0,0,0,0,0
AID2025-002271,S0023815,2025FA,2025-26,0,0,0,0,0
AID2025-002272,S0032706,2025FA,2025-26,0,0,0,1,5500
AID2025-002273,S0033259,2025FA,2025-26,0,0,0,0,0
AID2025-002274,S0000081,2025FA,2025-26,1,1,7395,0,0
AID2025-002275,S0029459,2025FA,2025-26,0,0,0,1,5500
AID2025-002276,S0026866,2025FA,2025-26,1,1,7395,0,0
AID2025-002277,S0000329,2025FA,2025-26,0,0,0,0,0
AID2025-002278,S0022997,2025FA,2025-26,0,0,0,1,5500
AID2025-002279,S0013923,2025FA,2025-26,0,0,0,0,0
AID2025-002280,S0001760,2025FA,2025-26,1,1,7395,0,0
AID2025-002281,S0036772,2025FA,2025-26,0,0,0,1,5500
AID2025-002282,S0020763,2025FA,2025-26,1,1,7395,0,0
AID2025-002283,S0033292,2025FA,2025-26,0,0,0,0,0
AID2025-002284,S0000057,2025FA,2025-26,0,0,0,1,5500
AID2025-002285,S0037286,2025FA,2025-26,0,0,0,0,0
AID2025-002286,S0026433,2025FA,2025-26,0,0,0,0,0
AID2025-002287,S0036735,2025FA,2025-26,1,1,7395,1,5500
AID2025-002288,S0020714,2025FA,2025-26,0,0,0,0,0
AID2025-002289,S0036135,2025FA,2025-26,0,0,0,0,0
AID2025-002290,S0027233,2025FA,2025-26,0,0,0,1,5500
AID2025-002291,S0030992,2025FA,2025-26,0,0,0,0,0
AID2025-002292,S0022883,2025FA,2025-26,0,0,0,0,0
AID2025-002293,S0033184,2025FA,2025-26,0,0,0,1,5500
AID2025-002294,S0029109,2025FA,2025-26,1,1,7395,0,0
AID2025-002295,S0007791,2025FA,2025-26,1,1,7395,0,0
AID2025-002296,S0038376,2025FA,2025-26,0,0,0,1,5500
AID2025-002297,S0025405,2025FA,2025-26,0,0,0,0,0
AID2025-002298,S0029227,2025FA,2025-26,0,0,0,0,0
AID2025-002299,S0038702,2025FA,2025-26,0,0,0,1,5500
AID2025-002300,S0006775,2025FA,2025-26,0,0,0,0,0
AID2025-002301,S0023430,2025FA,2025-26,1,1,7395,0,0
AID2025-002302,S0009792,2025FA,2025-26,1,1,7395,1,5500
AID2025-002303,S0030988,2025FA,2025-26,1,1,7395,0,0
AID2025-002304,S0038260,2025FA,2025-26,1,0,0,0,0
AID2025-002305,S0018983,2025FA,2025-26,1,1,7395,1,5500
AID2025-002306,S0030762,2025FA,2025-26,0,0,0,0,0
AID2025-002307,S0035396,2025FA,2025-26,0,0,0,0,0
AID2025-002308,S0001804,2025FA,2025-26,0,0,0,1,5500
AID2025-002309,S0017724,2025FA,2025-26,0,0,0,0,0
AID2025-002310,S0006225,2025FA,2025-26,1,1,7395,0,0
AID2025-002311,S0018456,2025FA,2025-26,1,0,0,1,5500
AID2025-002312,S0007641,2025FA,2025-26,0,0,0,0,0
AID2025-002313,S0012204,2025FA,2025-26,0,0,0,0,0
AID2025-002314,S0034420,2025FA,2025-26,0,0,0,1,5500
AID2025-002315,S0016584,2025FA,2025-26,1,1,7395,0,0
AID2025-002316,S0038454,2025FA,2025-26,0,0,0,0,0
AID2025-002317,S0034329,2025FA,2025-26,0,0,0,1,5500
AID2025-002318,S0032055,2025FA,2025-26,0,0,0,0,0
AID2025-002319,S0037691,2025FA,2025-26,0,0,0,0,0
AID2025-002320,S0039180,2025FA,2025-26,0,0,0,1,5500
AID2025-002321,S0016997,2025FA,2025-26,1,1,7395,0,0
AID2025-002322,S0007740,2025FA,2025-26,0,0,0,0,0
AID2025-002323,S0032287,2025FA,2025-26,0,0,0,1,5500
AID2025-002324,S0026027,2025FA,2025-26,0,0,0,0,0
AID2025-002325,S0038054,2025FA,2025-26,1,0,0,0,0
AID2025-002326,S0018345,2025FA,2025-26,0,0,0,1,5500
AID2025-002327,S0014549,2025FA,2025-26,0,0,0,0,0
AID2025-002328,S0022750,2025FA,2025-26,0,0,0,0,0
AID2025-002329,S0034141,2025FA,2025-26,0,0,0,1,5500
AID2025-002330,S0038948,2025FA,2025-26,0,0,0,0,0
AID2025-002331,S0028786,2025FA,2025-26,1,1,7395,0,0
AID2025-002332,S0038094,2025FA,2025-26,1,0,0,1,5500
AID2025-002333,S0021519,2025FA,2025-26,0,0,0,0,0
AID2025-002334,S0017779,2025FA,2025-26,0,0,0,0,0
AID2025-002335,S0032013,2025FA,2025-26,0,0,0,1,5500
AID2025-002336,S0016246,2025FA,2025-26,1,1,7395,0,0
AID2025-002337,S0038751,2025FA,2025-26,0,0,0,0,0
AID2025-002338,S0032311,2025FA,2025-26,0,0,0,1,5500
AID2025-002339,S0037076,2025FA,2025-26,0,0,0,0,0
AID2025-002340,S0036816,2025FA,2025-26,0,0,0,0,0
AID2025-002341,S0003531,2025FA,2025-26,0,0,0,1,5500
AID2025-002342,S0026850,2025FA,2025-26,0,0,0,0,0
AID2025-002343,S0038544,2025FA,2025-26,0,0,0,0,0
AID2025-002344,S0039974,2025FA,2025-26,0,0,0,1,5500
AID2025-002345,S0016334,2025FA,2025-26,0,0,0,0,0
AID2025-002346,S0037298,2025FA,2025-26,0,0,0,0,0
AID2025-002347,S0027811,2025FA,2025-26,1,1,7395,1,5500
AID2025-002348,S0040142,2025FA,2025-26,1,1,7395,0,0
AID2025-002349,S0007509,2025FA,2025-26,1,1,7395,0,0
AID2025-002350,S0036454,2025FA,2025-26,0,0,0,1,5500
AID2025-002351,S0021697,2025FA,2025-26,0,0,0,0,0
AID2025-002352,S0030632,2025FA,2025-26,0,0,0,0,0
AID2025-002353,S0015373,2025FA,2025-26,0,0,0,1,5500
AID2025-002354,S0036956,2025FA,2025-26,0,0,0,0,0
AID2025-002355,S0032542,2025FA,2025-26,0,0,0,0,0
AID2025-002356,S0027379,2025FA,2025-26,0,0,0,1,5500
AID2025-002357,S0034230,2025FA,2025-26,0,0,0,0,0
AID2025-002358,S0031181,2025FA,2025-26,1,1,7395,0,0
AID2025-002359,S0028338,2025FA,2025-26,0,0,0,1,5500
AID2025-002360,S0036470,2025FA,2025-26,0,0,0,0,0
AID2025-002361,S0037384,2025FA,2025-26,0,0,0,0,0
AID2025-002362,S0008433,2025FA,2025-26,1,1,7395,1,5500
AID2025-002363,S0036561,2025FA,2025-26,1,1,7395,0,0
AID2025-002364,S0019352,2025FA,2025-26,0,0,0,0,0
AID2025-002365,S0016094,2025FA,2025-26,0,0,0,1,5500
AID2025-002366,S0026313,2025FA,2025-26,1,1,7395,0,0
AID2025-002367,S0040000,2025FA,2025-26,0,0,0,0,0
AID2025-002368,S0032506,2025FA,2025-26,0,0,0,1,5500
AID2025-002369,S0031559,2025FA,2025-26,0,0,0,0,0
AID2025-002370,S0033359,2025FA,2025-26,1,1,7395,0,0
AID2025-002371,S0028573,2025FA,2025-26,0,0,0,1,5500
AID2025-002372,S0037532,2025FA,2025-26,0,0,0,0,0
AID2025-002373,S0039697,2025FA,2025-26,0,0,0,0,0
AID2025-002374,S0010826,2025FA,2025-26,0,0,0,1,5500
AID2025-002375,S0016885,2025FA,2025-26,1,1,7395,0,0
AID2025-002376,S0022160,2025FA,2025-26,1,1,7395,0,0
AID2025-002377,S0032626,2025FA,2025-26,1,1,7395,1,5500
AID2025-002378,S0031764,2025FA,2025-26,0,0,0,0,0
AID2025-002379,S0034218,2025FA,2025-26,0,0,0,0,0
AID2025-002380,S0001770,2025FA,2025-26,0,0,0,1,5500
AID2025-002381,S0030621,2025FA,2025-26,0,0,0,0,0
AID2025-002382,S0021041,2025FA,2025-26,1,1,7395,0,0
AID2025-002383,S0033851,2025FA,2025-26,0,0,0,1,5500
AID2025-002384,S0027537,2025FA,2025-26,0,0,0,0,0
AID2025-002385,S0003713,2025FA,2025-26,1,1,7395,0,0
AID2025-002386,S0024129,2025FA,2025-26,0,0,0,1,5500
AID2025-002387,S0034177,2025FA,2025-26,0,0,0,0,0
AID2025-002388,S0021613,2025FA,2025-26,0,0,0,0,0
AID2025-002389,S0034294,2025FA,2025-26,0,0,0,1,5500
AID2025-002390,S0022378,2025FA,2025-26,0,0,0,0,0
AID2025-002391,S0033395,2025FA,2025-26,0,0,0,0,0
AID2025-002392,S0037736,2025FA,2025-26,0,0,0,1,5500
AID2025-002393,S0020869,2025FA,2025-26,0,0,0,0,0
AID2025-002394,S0019183,2025FA,2025-26,0,0,0,0,0
AID2025-002395,S0035480,2025FA,2025-26,1,0,0,1,5500
AID2025-002396,S0010259,2025FA,2025-26,0,0,0,0,0
AID2025-002397,S0033937,2025FA,2025-26,1,1,7395,0,0
AID2025-002398,S0040258,2025FA,2025-26,0,0,0,1,5500
AID2025-002399,S0037900,2025FA,2025-26,0,0,0,0,0
AID2025-002400,S0033952,2025FA,2025-26,1,1,7395,0,0
AID2025-002401,S0024022,2025FA,2025-26,1,1,7395,1,5500
AID2025-002402,S0028731,2025FA,2025-26,0,0,0,0,0
AID2025-002403,S0031280,2025FA,2025-26,0,0,0,0,0
AID2025-002404,S0022074,2025FA,2025-26,0,0,0,1,5500
AID2025-002405,S0029404,2025FA,2025-26,0,0,0,0,0
AID2025-002406,S0040080,2025FA,2025-26,1,1,7395,0,0
AID2025-002407,S0033655,2025FA,2025-26,1,1,7395,1,5500
AID2025-002408,S0016757,2025FA,2025-26,0,0,0,0,0
AID2025-002409,S0014783,2025FA,2025-26,1,0,0,0,0
AID2025-002410,S0027081,2025FA,2025-26,1,1,7395,1,5500
AID2025-002411,S0018506,2025FA,2025-26,0,0,0,0,0
AID2025-002412,S0033232,2025FA,2025-26,1,1,7395,0,0
AID2025-002413,S0002052,2025FA,2025-26,1,1,7395,1,5500
AID2025-002414,S0040228,2025FA,2025-26,1,1,7395,0,0
AID2025-002415,S0021164,2025FA,2025-26,0,0,0,0,0
AID2025-002416,S0039354,2025FA,2025-26,0,0,0,1,5500
AID2025-002417,S0030670,2025FA,2025-26,1,1,7395,0,0
AID2025-002418,S0039769,2025FA,2025-26,0,0,0,0,0
AID2025-002419,S0036979,2025FA,2025-26,1,1,7395,1,5500
AID2025-002420,S0038312,2025FA,2025-26,0,0,0,0,0
AID2025-002421,S0018445,2025FA,2025-26,0,0,0,0,0
AID2025-002422,S0011484,2025FA,2025-26,1,1,7395,1,5500
AID2025-002423,S0040518,2025FA,2025-26,1,0,0,0,0
AID2025-002424,S0032191,2025FA,2025-26,1,1,7395,0,0
AID2025-002425,S0036151,2025FA,2025-26,0,0,0,1,5500
AID2025-002426,S0031796,2025FA,2025-26,0,0,0,0,0
AID2025-002427,S0028362,2025FA,2025-26,0,0,0,0,0
AID2025-002428,S0027276,2025FA,2025-26,1,1,7395,1,5500
AID2025-002429,S0008635,2025FA,2025-26,0,0,0,0,0
AID2025-002430,S0036099,2025FA,2025-26,1,0,0,0,0
AID2025-002431,S0029004,2025FA,2025-26,1,1,7395,1,5500
AID2025-002432,S0009524,2025FA,2025-26,0,0,0,0,0
AID2025-002433,S0035152,2025FA,2025-26,1,1,7395,0,0
AID2025-002434,S0033603,2025FA,2025-26,0,0,0,1,5500
AID2025-002435,S0039916,2025FA,2025-26,0,0,0,0,0
AID2025-002436,S0023395,2025FA,2025-26,1,1,7395,0,0
AID2025-002437,S0036900,2025FA,2025-26,1,0,0,1,5500
AID2025-002438,S0022639,2025FA,2025-26,1,1,7395,0,0
AID2025-002439,S0001477,2025FA,2025-26,0,0,0,0,0
AID2025-002440,S0016610,2025FA,2025-26,0,0,0,1,5500
AID2025-002441,S0004131,2025FA,2025-26,0,0,0,0,0
AID2025-002442,S0023975,2025FA,2025-26,1,1,7395,0,0
AID2025-002443,S0033675,2025FA,2025-26,0,0,0,1,5500
AID2025-002444,S0021260,2025FA,2025-26,1,0,0,0,0
AID2025-002445,S0005917,2025FA,2025-26,0,0,0,0,0
AID2025-002446,S0026367,2025FA,2025-26,0,0,0,1,5500
AID2025-002447,S0032562,2025FA,2025-26,0,0,0,0,0
AID2025-002448,S0039553,2025FA,2025-26,0,0,0,0,0
AID2025-002449,S0029161,2025FA,2025-26,0,0,0,1,5500
AID2025-002450,S0012968,2025FA,2025-26,0,0,0,0,0
AID2025-002451,S0037664,2025FA,2025-26,0,0,0,0,0
AID2025-002452,S0018170,2025FA,2025-26,0,0,0,1,5500
AID2025-002453,S0032018,2025FA,2025-26,0,0,0,0,0
AID2025-002454,S0005672,2025FA,2025-26,0,0,0,0,0
AID2025-002455,S0020939,2025FA,2025-26,0,0,0,1,5500
AID2025-002456,S0038936,2025FA,2025-26,0,0,0,0,0
AID2025-002457,S0038958,2025FA,2025-26,0,0,0,0,0
AID2025-002458,S0031872,2025FA,2025-26,0,0,0,1,5500
AID2025-002459,S0020947,2025FA,2025-26,1,1,7395,0,0
AID2025-002460,S0037990,2025FA,2025-26,1,1,7395,0,0
AID2025-002461,S0032213,2025FA,2025-26,1,1,7395,1,5500
AID2025-002462,S0000142,2025FA,2025-26,0,0,0,0,0
AID2025-002463,S0037850,2025FA,2025-26,1,1,7395,0,0
AID2025-002464,S0028449,2025FA,2025-26,1,1,7395,1,5500
AID2025-002465,S0037488,2025FA,2025-26,0,0,0,0,0
AID2025-002466,S0038236,2025FA,2025-26,0,0,0,0,0
AID2025-002467,S0005068,2025FA,2025-26,0,0,0,1,5500
AID2025-002468,S0028981,2025FA,2025-26,0,0,0,0,0
AID2025-002469,S0033054,2025FA,2025-26,0,0,0,0,0
AID2025-002470,S0030544,2025FA,2025-26,0,0,0,1,5500
AID2025-002471,S0023670,2025FA,2025-26,0,0,0,0,0
AID2025-002472,S0023864,2025FA,2025-26,0,0,0,0,0
AID2025-002473,S0033262,2025FA,2025-26,0,0,0,1,5500
AID2025-002474,S0038302,2025FA,2025-26,1,1,7395,0,0
AID2025-002475,S0038840,2025FA,2025-26,0,0,0,0,0
AID2025-002476,S0022947,2025FA,2025-26,0,0,0,1,5500
AID2025-002477,S0038519,2025FA,2025-26,1,1,7395,0,0
AID2025-002478,S0017517,2025FA,2025-26,0,0,0,0,0
AID2025-002479,S0006645,2025FA,2025-26,0,0,0,1,5500
AID2025-002480,S0009258,2025FA,2025-26,0,0,0,0,0
AID2025-002481,S0035788,2025FA,2025-26,0,0,0,0,0
AID2025-002482,S0029143,2025FA,2025-26,0,0,0,1,5500
AID2025-002483,S0032316,2025FA,2025-26,0,0,0,0,0
AID2025-002484,S0028737,2025FA,2025-26,0,0,0,0,0
AID2025-002485,S0032350,2025FA,2025-26,0,0,0,1,5500
AID2025-002486,S0037581,2025FA,2025-26,0,0,0,0,0
AID2025-002487,S0027084,2025FA,2025-26,0,0,0,0,0
AID2025-002488,S0028163,2025FA,2025-26,0,0,0,1,5500
AID2025-002489,S0028588,2025FA,2025-26,1,1,7395,0,0
AID2025-002490,S0027533,2025FA,2025-26,0,0,0,0,0
AID2025-002491,S0036045,2025FA,2025-26,0,0,0,1,5500
AID2025-002492,S0032575,2025FA,2025-26,1,1,7395,0,0
AID2025-002493,S0039799,2025FA,2025-26,0,0,0,0,0
AID2025-002494,S0031364,2025FA,2025-26,1,1,7395,1,5500
AID2025-002495,S0037439,2025FA,2025-26,1,1,7395,0,0
AID2025-002496,S0000099,2025FA,2025-26,0,0,0,0,0
AID2025-002497,S0034367,2025FA,2025-26,0,0,0,1,5500
AID2025-002498,S0032843,2025FA,2025-26,0,0,0,0,0
AID2025-002499,S0000713,2025FA,2025-26,1,1,7395,0,0
AID2025-002500,S0023832,2025FA,2025-26,0,0,0,1,5500
AID2025-002501,S0018594,2025FA,2025-26,0,0,0,0,0
AID2025-002502,S0030601,2025FA,2025-26,1,1,7395,0,0
AID2025-002503,S0036537,2025FA,2025-26,0,0,0,1,5500
AID2025-002504,S0022737,2025FA,2025-26,0,0,0,0,0
AID2025-002505,S0027694,2025FA,2025-26,1,1,7395,0,0
AID2025-002506,S0034341,2025FA,2025-26,0,0,0,1,5500
AID2025-002507,S0011716,2025FA,2025-26,1,0,0,0,0
AID2025-002508,S0009056,2025FA,2025-26,0,0,0,0,0
AID2025-002509,S0036726,2025FA,2025-26,0,0,0,1,5500
AID2025-002510,S0038779,2025FA,2025-26,0,0,0,0,0
AID2025-002511,S0039451,2025FA,2025-26,1,1,7395,0,0
AID2025-002512,S0029448,2025FA,2025-26,1,1,7395,1,5500
AID2025-002513,S0038526,2025FA,2025-26,1,1,7395,0,0
AID2025-002514,S0027655,2025FA,2025-26,0,0,0,0,0
AID2025-002515,S0038296,2025FA,2025-26,1,1,7395,1,5500
AID2025-002516,S0038244,2025FA,2025-26,0,0,0,0,0
AID2025-002517,S0011631,2025FA,2025-26,0,0,0,0,0
AID2025-002518,S0029058,2025FA,2025-26,1,1,7395,1,5500
AID2025-002519,S0028916,2025FA,2025-26,0,0,0,0,0
AID2025-002520,S0004404,2025FA,2025-26,1,1,7395,0,0
AID2025-002521,S0022004,2025FA,2025-26,1,0,0,1,5500
AID2025-002522,S0038403,2025FA,2025-26,0,0,0,0,0
AID2025-002523,S0027956,2025FA,2025-26,1,1,7395,0,0
AID2025-002524,S0038573,2025FA,2025-26,0,0,0,1,5500
AID2025-002525,S0012653,2025FA,2025-26,0,0,0,0,0
AID2025-002526,S0004707,2025FA,2025-26,0,0,0,0,0
AID2025-002527,S0038176,2025FA,2025-26,0,0,0,1,5500
AID2025-002528,S0007552,2025FA,2025-26,1,0,0,0,0
AID2025-002529,S0005971,2025FA,2025-26,0,0,0,0,0
AID2025-002530,S0018323,2025FA,2025-26,0,0,0,1,5500
AID2025-002531,S0033769,2025FA,2025-26,0,0,0,0,0
AID2025-002532,S0005968,2025FA,2025-26,1,1,7395,0,0
AID2025-002533,S0034382,2025FA,2025-26,1,1,7395,1,5500
AID2025-002534,S0031287,2025FA,2025-26,0,0,0,0,0
AID2025-002535,S0026901,2025FA,2025-26,1,0,0,0,0
AID2025-002536,S0016985,2025FA,2025-26,0,0,0,1,5500
AID2025-002537,S0040590,2025FA,2025-26,0,0,0,0,0
AID2025-002538,S0032751,2025FA,2025-26,0,0,0,0,0
AID2025-002539,S0031342,2025FA,2025-26,1,1,7395,1,5500
AID2025-002540,S0037544,2025FA,2025-26,0,0,0,0,0
AID2025-002541,S0019078,2025FA,2025-26,0,0,0,0,0
AID2025-002542,S0039712,2025FA,2025-26,1,0,0,1,5500
AID2025-002543,S0033755,2025FA,2025-26,1,1,7395,0,0
AID2025-002544,S0033136,2025FA,2025-26,0,0,0,0,0
AID2025-002545,S0030665,2025FA,2025-26,0,0,0,1,5500
AID2025-002546,S0015823,2025FA,2025-26,0,0,0,0,0
AID2025-002547,S0005512,2025FA,2025-26,0,0,0,0,0
AID2025-002548,S0031674,2025FA,2025-26,0,0,0,1,5500
AID2025-002549,S0038522,2025FA,2025-26,1,1,7395,0,0
AID2025-002550,S0035114,2025FA,2025-26,0,0,0,0,0
AID2025-002551,S0027003,2025FA,2025-26,1,1,7395,1,5500
AID2025-002552,S0037473,2025FA,2025-26,0,0,0,0,0
AID2025-002553,S0022415,2025FA,2025-26,1,1,7395,0,0
AID2025-002554,S0033014,2025FA,2025-26,0,0,0,1,5500
AID2025-002555,S0019504,2025FA,2025-26,0,0,0,0,0
AID2025-002556,S0017152,2025FA,2025-26,1,0,0,0,0
AID2025-002557,S0018126,2025FA,2025-26,0,0,0,1,5500
AID2025-002558,S0003132,2025FA,2025-26,1,1,7395,0,0
AID2025-002559,S0004792,2025FA,2025-26,1,1,7395,0,0
AID2025-002560,S0026580,2025FA,2025-26,0,0,0,1,5500
AID2025-002561,S0028240,2025FA,2025-26,0,0,0,0,0
AID2025-002562,S0019453,2025FA,2025-26,0,0,0,0,0
AID2025-002563,S0039315,2025FA,2025-26,0,0,0,1,5500
AID2025-002564,S0032902,2025FA,2025-26,1,1,7395,0,0
AID2025-002565,S0038294,2025FA,2025-26,1,1,7395,0,0
AID2025-002566,S0037618,2025FA,2025-26,0,0,0,1,5500
AID2025-002567,S0039154,2025FA,2025-26,0,0,0,0,0
AID2025-002568,S0028485,2025FA,2025-26,0,0,0,0,0
AID2025-002569,S0020765,2025FA,2025-26,1,1,7395,1,5500
AID2025-002570,S0028694,2025FA,2025-26,0,0,0,0,0
AID2025-002571,S0037831,2025FA,2025-26,1,1,7395,0,0
AID2025-002572,S0024274,2025FA,2025-26,1,1,7395,1,5500
AID2025-002573,S0026008,2025FA,2025-26,1,1,7395,0,0
AID2025-002574,S0033126,2025FA,2025-26,0,0,0,0,0
AID2025-002575,S0023706,2025FA,2025-26,0,0,0,1,5500
AID2025-002576,S0001801,2025FA,2025-26,1,1,7395,0,0
AID2025-002577,S0025941,2025FA,2025-26,1,0,0,0,0
AID2025-002578,S0029135,2025FA,2025-26,0,0,0,1,5500
AID2025-002579,S0038562,2025FA,2025-26,0,0,0,0,0
AID2025-002580,S0035389,2025FA,2025-26,1,1,7395,0,0
AID2025-002581,S0038408,2025FA,2025-26,1,1,7395,1,5500
AID2025-002582,S0039393,2025FA,2025-26,1,1,7395,0,0
AID2025-002583,S0023916,2025FA,2025-26,0,0,0,0,0
AID2025-002584,S0029183,2025FA,2025-26,0,0,0,1,5500
AID2025-002585,S0002096,2025FA,2025-26,0,0,0,0,0
AID2025-002586,S0039819,2025FA,2025-26,0,0,0,0,0
AID2025-002587,S0032947,2025FA,2025-26,0,0,0,1,5500
AID2025-002588,S0005926,2025FA,2025-26,1,1,7395,0,0
AID2025-002589,S0016796,2025FA,2025-26,0,0,0,0,0
AID2025-002590,S0010852,2025FA,2025-26,0,0,0,1,5500
AID2025-002591,S0003634,2025FA,2025-26,1,0,0,0,0
AID2025-002592,S0032954,2025FA,2025-26,0,0,0,0,0
AID2025-002593,S0000706,2025FA,2025-26,1,1,7395,1,5500
AID2025-002594,S0032288,2025FA,2025-26,0,0,0,0,0
AID2025-002595,S0026793,2025FA,2025-26,0,0,0,0,0
AID2025-002596,S0022732,2025FA,2025-26,0,0,0,1,5500
AID2025-002597,S0001811,2025FA,2025-26,1,1,7395,0,0
AID2025-002598,S0039204,2025FA,2025-26,0,0,0,0,0
AID2025-002599,S0023742,2025FA,2025-26,0,0,0,1,5500
AID2025-002600,S0038593,2025FA,2025-26,0,0,0,0,0
AID2025-002601,S0030431,2025FA,2025-26,0,0,0,0,0
AID2025-002602,S0017733,2025FA,2025-26,0,0,0,1,5500
AID2025-002603,S0007471,2025FA,2025-26,1,1,7395,0,0
AID2025-002604,S0017368,2025FA,2025-26,0,0,0,0,0
AID2025-002605,S0031726,2025FA,2025-26,0,0,0,1,5500
AID2025-002606,S0039340,2025FA,2025-26,0,0,0,0,0
AID2025-002607,S0038254,2025FA,2025-26,0,0,0,0,0
AID2025-002608,S0036287,2025FA,2025-26,0,0,0,1,5500
AID2025-002609,S0035099,2025FA,2025-26,1,1,7395,0,0
AID2025-002610,S0033742,2025FA,2025-26,0,0,0,0,0
AID2025-002611,S0004501,2025FA,2025-26,0,0,0,1,5500
AID2025-002612,S0038630,2025FA,2025-26,1,0,0,0,0
AID2025-002613,S0037348,2025FA,2025-26,1,1,7395,0,0
AID2025-002614,S0039127,2025FA,2025-26,0,0,0,1,5500
AID2025-002615,S0034392,2025FA,2025-26,1,1,7395,0,0
AID2025-002616,S0007208,2025FA,2025-26,0,0,0,0,0
AID2025-002617,S0034296,2025FA,2025-26,0,0,0,1,5500
AID2025-002618,S0001520,2025FA,2025-26,0,0,0,0,0
AID2025-002619,S0039096,2025FA,2025-26,0,0,0,0,0
AID2025-002620,S0022484,2025FA,2025-26,0,0,0,1,5500
AID2025-002621,S0033062,2025FA,2025-26,1,1,7395,0,0
AID2025-002622,S0037981,2025FA,2025-26,0,0,0,0,0
AID2025-002623,S0004203,2025FA,2025-26,0,0,0,1,5500
AID2025-002624,S0028958,2025FA,2025-26,1,1,7395,0,0
AID2025-002625,S0017697,2025FA,2025-26,1,1,7395,0,0
AID2025-002626,S0022897,2025FA,2025-26,0,0,0,1,5500
AID2025-002627,S0027672,2025FA,2025-26,1,1,7395,0,0
AID2025-002628,S0020637,2025FA,2025-26,0,0,0,0,0
AID2025-002629,S0039120,2025FA,2025-26,0,0,0,1,5500
AID2025-002630,S0026241,2025FA,2025-26,1,1,7395,0,0
AID2025-002631,S0001589,2025FA,2025-26,0,0,0,0,0
AID2025-002632,S0025357,2025FA,2025-26,1,1,7395,1,5500
AID2025-002633,S0031999,2025FA,2025-26,1,0,0,0,0
AID2025-002634,S0034274,2025FA,2025-26,0,0,0,0,0
AID2025-002635,S0030782,2025FA,2025-26,1,1,7395,1,5500
AID2025-002636,S0005876,2025FA,2025-26,1,1,7395,0,0
AID2025-002637,S0039188,2025FA,2025-26,0,0,0,0,0
AID2025-002638,S0038878,2025FA,2025-26,0,0,0,1,5500
AID2025-002639,S0015473,2025FA,2025-26,1,1,7395,0,0
AID2025-002640,S0031890,2025FA,2025-26,1,1,7395,0,0
AID2025-002641,S0015993,2025FA,2025-26,0,0,0,1,5500
AID2025-002642,S0028689,2025FA,2025-26,1,1,7395,0,0
AID2025-002643,S0038136,2025FA,2025-26,1,1,7395,0,0
AID2025-002644,S0023138,2025FA,2025-26,0,0,0,1,5500
AID2025-002645,S0030512,2025FA,2025-26,0,0,0,0,0
AID2025-002646,S0035395,2025FA,2025-26,0,0,0,0,0
AID2025-002647,S0036236,2025FA,2025-26,0,0,0,1,5500
AID2025-002648,S0004383,2025FA,2025-26,1,1,7395,0,0
AID2025-002649,S0025999,2025FA,2025-26,0,0,0,0,0
AID2025-002650,S0028520,2025FA,2025-26,1,1,7395,1,5500
AID2025-002651,S0037409,2025FA,2025-26,0,0,0,0,0
AID2025-002652,S0040522,2025FA,2025-26,0,0,0,0,0
AID2025-002653,S0024410,2025FA,2025-26,1,1,7395,1,5500
AID2025-002654,S0038212,2025FA,2025-26,0,0,0,0,0
AID2025-002655,S0034245,2025FA,2025-26,0,0,0,0,0
AID2025-002656,S0006769,2025FA,2025-26,0,0,0,1,5500
AID2025-002657,S0040110,2025FA,2025-26,0,0,0,0,0
AID2025-002658,S0030813,2025FA,2025-26,0,0,0,0,0
AID2025-002659,S0015143,2025FA,2025-26,0,0,0,1,5500
AID2025-002660,S0032543,2025FA,2025-26,1,1,7395,0,0
AID2025-002661,S0033949,2025FA,2025-26,1,0,0,0,0
AID2025-002662,S0022912,2025FA,2025-26,0,0,0,1,5500
AID2025-002663,S0016336,2025FA,2025-26,0,0,0,0,0
AID2025-002664,S0022720,2025FA,2025-26,0,0,0,0,0
AID2025-002665,S0038666,2025FA,2025-26,0,0,0,1,5500
AID2025-002666,S0040048,2025FA,2025-26,0,0,0,0,0
AID2025-002667,S0031404,2025FA,2025-26,0,0,0,0,0
AID2025-002668,S0038273,2025FA,2025-26,0,0,0,1,5500
AID2025-002669,S0029358,2025FA,2025-26,1,1,7395,0,0
AID2025-002670,S0018062,2025FA,2025-26,0,0,0,0,0
AID2025-002671,S0022804,2025FA,2025-26,1,1,7395,1,5500
AID2025-002672,S0040398,2025FA,2025-26,0,0,0,0,0
AID2025-002673,S0036851,2025FA,2025-26,0,0,0,0,0
AID2025-002674,S0038570,2025FA,2025-26,0,0,0,1,5500
AID2025-002675,S0000213,2025FA,2025-26,0,0,0,0,0
AID2025-002676,S0025938,2025FA,2025-26,0,0,0,0,0
AID2025-002677,S0003994,2025FA,2025-26,0,0,0,1,5500
AID2025-002678,S0033925,2025FA,2025-26,1,1,7395,0,0
AID2025-002679,S0031177,2025FA,2025-26,1,1,7395,0,0
AID2025-002680,S0033560,2025FA,2025-26,0,0,0,1,5500
AID2025-002681,S0038477,2025FA,2025-26,0,0,0,0,0
AID2025-002682,S0001502,2025FA,2025-26,0,0,0,0,0
AID2025-002683,S0038744,2025FA,2025-26,0,0,0,1,5500
AID2025-002684,S0007013,2025FA,2025-26,0,0,0,0,0
AID2025-002685,S0040147,2025FA,2025-26,1,1,7395,0,0
AID2025-002686,S0038560,2025FA,2025-26,1,1,7395,1,5500
AID2025-002687,S0039930,2025FA,2025-26,0,0,0,0,0
AID2025-002688,S0001368,2025FA,2025-26,1,1,7395,0,0
AID2025-002689,S0013780,2025FA,2025-26,1,0,0,1,5500
AID2025-002690,S0028346,2025FA,2025-26,0,0,0,0,0
AID2025-002691,S0032113,2025FA,2025-26,1,1,7395,0,0
AID2025-002692,S0022426,2025FA,2025-26,0,0,0,1,5500
AID2025-002693,S0034355,2025FA,2025-26,0,0,0,0,0
AID2025-002694,S0033361,2025FA,2025-26,0,0,0,0,0
AID2025-002695,S0026059,2025FA,2025-26,1,1,7395,1,5500
AID2025-002696,S0024392,2025FA,2025-26,1,0,0,0,0
AID2025-002697,S0029464,2025FA,2025-26,0,0,0,0,0
AID2025-002698,S0039058,2025FA,2025-26,1,1,7395,1,5500
AID2025-002699,S0035541,2025FA,2025-26,0,0,0,0,0
AID2025-002700,S0030448,2025FA,2025-26,0,0,0,0,0
AID2025-002701,S0018867,2025FA,2025-26,0,0,0,1,5500
AID2025-002702,S0025527,2025FA,2025-26,0,0,0,0,0
AID2025-002703,S0027433,2025FA,2025-26,0,0,0,0,0
AID2025-002704,S0036439,2025FA,2025-26,0,0,0,1,5500
AID2025-002705,S0028722,2025FA,2025-26,0,0,0,0,0
AID2025-002706,S0010637,2025FA,2025-26,1,1,7395,0,0
AID2025-002707,S0037858,2025FA,2025-26,0,0,0,1,5500
AID2025-002708,S0038633,2025FA,2025-26,0,0,0,0,0
AID2025-002709,S0023752,2025FA,2025-26,0,0,0,0,0
AID2025-002710,S0031468,2025FA,2025-26,1,0,0,1,5500
AID2025-002711,S0009955,2025FA,2025-26,1,1,7395,0,0
AID2025-002712,S0026932,2025FA,2025-26,0,0,0,0,0
AID2025-002713,S0034122,2025FA,2025-26,0,0,0,1,5500
AID2025-002714,S0000958,2025FA,2025-26,0,0,0,0,0
AID2025-002715,S0035973,2025FA,2025-26,0,0,0,0,0
AID2025-002716,S0033749,2025FA,2025-26,0,0,0,1,5500
AID2025-002717,S0025679,2025FA,2025-26,0,0,0,0,0
AID2025-002718,S0040109,2025FA,2025-26,1,1,7395,0,0
AID2025-002719,S0025798,2025FA,2025-26,1,1,7395,1,5500
AID2025-002720,S0027904,2025FA,2025-26,0,0,0,0,0
AID2025-002721,S0039574,2025FA,2025-26,1,1,7395,0,0
AID2025-002722,S0040027,2025FA,2025-26,1,1,7395,1,5500
AID2025-002723,S0018856,2025FA,2025-26,0,0,0,0,0
AID2025-002724,S0004414,2025FA,2025-26,0,0,0,0,0
AID2025-002725,S0023254,2025FA,2025-26,1,1,7395,1,5500
AID2025-002726,S0007511,2025FA,2025-26,0,0,0,0,0
AID2025-002727,S0031782,2025FA,2025-26,0,0,0,0,0
AID2025-002728,S0014220,2025FA,2025-26,1,1,7395,1,5500
AID2025-002729,S0011985,2025FA,2025-26,0,0,0,0,0
AID2025-002730,S0035929,2025FA,2025-26,0,0,0,0,0
AID2025-002731,S0021117,2025FA,2025-26,0,0,0,1,5500
AID2025-002732,S0017295,2025FA,2025-26,1,1,7395,0,0
AID2025-002733,S0040014,2025FA,2025-26,0,0,0,0,0
AID2025-002734,S0004416,2025FA,2025-26,1,1,7395,1,5500
AID2025-002735,S0021282,2025FA,2025-26,0,0,0,0,0
AID2025-002736,S0035502,2025FA,2025-26,0,0,0,0,0
AID2025-002737,S0014962,2025FA,2025-26,0,0,0,1,5500
AID2025-002738,S0035685,2025FA,2025-26,0,0,0,0,0
AID2025-002739,S0039521,2025FA,2025-26,0,0,0,0,0
AID2025-002740,S0030751,2025FA,2025-26,0,0,0,1,5500
AID2025-002741,S0018809,2025FA,2025-26,0,0,0,0,0
AID2025-002742,S0019134,2025FA,2025-26,0,0,0,0,0
AID2025-002743,S0026251,2025FA,2025-26,0,0,0,1,5500
AID2025-002744,S0039021,2025FA,2025-26,1,1,7395,0,0
AID2025-002745,S0028136,2025FA,2025-26,0,0,0,0,0
AID2025-002746,S0023564,2025FA,2025-26,1,1,7395,1,5500
AID2025-002747,S0018734,2025FA,2025-26,0,0,0,0,0
AID2025-002748,S0012490,2025FA,2025-26,1,1,7395,0,0
AID2025-002749,S0024235,2025FA,2025-26,0,0,0,1,5500
AID2025-002750,S0001196,2025FA,2025-26,1,1,7395,0,0
AID2025-002751,S0026366,2025FA,2025-26,1,1,7395,0,0
AID2025-002752,S0040124,2025FA,2025-26,0,0,0,1,5500
AID2025-002753,S0034136,2025FA,2025-26,0,0,0,0,0
AID2025-002754,S0039506,2025FA,2025-26,0,0,0,0,0
AID2025-002755,S0008591,2025FA,2025-26,1,1,7395,1,5500
AID2025-002756,S0038539,2025FA,2025-26,0,0,0,0,0
AID2025-002757,S0033744,2025FA,2025-26,0,0,0,0,0
AID2025-002758,S0001749,2025FA,2025-26,0,0,0,1,5500
AID2025-002759,S0035126,2025FA,2025-26,0,0,0,0,0
AID2025-002760,S0033731,2025FA,2025-26,0,0,0,0,0
AID2025-002761,S0004058,2025FA,2025-26,0,0,0,1,5500
AID2025-002762,S0031436,2025FA,2025-26,0,0,0,0,0
AID2025-002763,S0031068,2025FA,2025-26,0,0,0,0,0
AID2025-002764,S0021442,2025FA,2025-26,0,0,0,1,5500
AID2025-002765,S0034130,2025FA,2025-26,1,1,7395,0,0
AID2025-002766,S0033498,2025FA,2025-26,0,0,0,0,0
AID2025-002767,S0033672,2025FA,2025-26,1,1,7395,1,5500
AID2025-002768,S0009145,2025FA,2025-26,0,0,0,0,0
AID2025-002769,S0017679,2025FA,2025-26,0,0,0,0,0
AID2025-002770,S0029239,2025FA,2025-26,0,0,0,1,5500
AID2025-002771,S0022404,2025FA,2025-26,1,1,7395,0,0
AID2025-002772,S0027814,2025FA,2025-26,1,1,7395,0,0
AID2025-002773,S0020694,2025FA,2025-26,1,0,0,1,5500
AID2025-002774,S0000970,2025FA,2025-26,1,1,7395,0,0
AID2025-002775,S0029573,2025FA,2025-26,0,0,0,0,0
AID2025-002776,S0027774,2025FA,2025-26,0,0,0,1,5500
AID2025-002777,S0015504,2025FA,2025-26,0,0,0,0,0
AID2025-002778,S0039374,2025FA,2025-26,0,0,0,0,0
AID2025-002779,S0038814,2025FA,2025-26,1,1,7395,1,5500
AID2025-002780,S0035295,2025FA,2025-26,0,0,0,0,0
AID2025-002781,S0010837,2025FA,2025-26,0,0,0,0,0
AID2025-002782,S0032168,2025FA,2025-26,1,1,7395,1,5500
AID2025-002783,S0040220,2025FA,2025-26,1,1,7395,0,0
AID2025-002784,S0033591,2025FA,2025-26,0,0,0,0,0
AID2025-002785,S0010326,2025FA,2025-26,0,0,0,1,5500
AID2025-002786,S0031863,2025FA,2025-26,1,1,7395,0,0
AID2025-002787,S0007398,2025FA,2025-26,0,0,0,0,0
AID2025-002788,S0022871,2025FA,2025-26,1,1,7395,1,5500
AID2025-002789,S0015429,2025FA,2025-26,1,1,7395,0,0
AID2025-002790,S0039152,2025FA,2025-26,1,1,7395,0,0
AID2025-002791,S0039822,2025FA,2025-26,0,0,0,1,5500
AID2025-002792,S0030690,2025FA,2025-26,1,1,7395,0,0
AID2025-002793,S0039422,2025FA,2025-26,0,0,0,0,0
AID2025-002794,S0026664,2025FA,2025-26,0,0,0,1,5500
AID2025-002795,S0013944,2025FA,2025-26,0,0,0,0,0
AID2025-002796,S0009325,2025FA,2025-26,0,0,0,0,0
AID2025-002797,S0037073,2025FA,2025-26,0,0,0,1,5500
AID2025-002798,S0029215,2025FA,2025-26,0,0,0,0,0
AID2025-002799,S0026029,2025FA,2025-26,0,0,0,0,0
AID2025-002800,S0003226,2025FA,2025-26,1,1,7395,1,5500
AID2025-002801,S0015640,2025FA,2025-26,0,0,0,0,0
AID2025-002802,S0038675,2025FA,2025-26,1,1,7395,0,0
AID2025-002803,S0038664,2025FA,2025-26,1,1,7395,1,5500
AID2025-002804,S0033484,2025FA,2025-26,0,0,0,0,0
AID2025-002805,S0037546,2025FA,2025-26,0,0,0,0,0
AID2025-002806,S0038317,2025FA,2025-26,0,0,0,1,5500
AID2025-002807,S0003097,2025FA,2025-26,0,0,0,0,0
AID2025-002808,S0011331,2025FA,2025-26,1,0,0,0,0
AID2025-002809,S0040444,2025FA,2025-26,0,0,0,1,5500
AID2025-002810,S0037120,2025FA,2025-26,1,1,7395,0,0
AID2025-002811,S0032332,2025FA,2025-26,1,1,7395,0,0
AID2025-002812,S0015115,2025FA,2025-26,1,1,7395,1,5500
AID2025-002813,S0039529,2025FA,2025-26,0,0,0,0,0
AID2025-002814,S0006204,2025FA,2025-26,1,1,7395,0,0
AID2025-002815,S0031265,2025FA,2025-26,0,0,0,1,5500
AID2025-002816,S0036131,2025FA,2025-26,0,0,0,0,0
AID2025-002817,S0007042,2025FA,2025-26,1,1,7395,0,0
AID2025-002818,S0025475,2025FA,2025-26,0,0,0,1,5500
AID2025-002819,S0021025,2025FA,2025-26,0,0,0,0,0
AID2025-002820,S0012090,2025FA,2025-26,0,0,0,0,0
AID2025-002821,S0015616,2025FA,2025-26,1,1,7395,1,5500
AID2025-002822,S0032564,2025FA,2025-26,0,0,0,0,0
AID2025-002823,S0022742,2025FA,2025-26,0,0,0,0,0
AID2025-002824,S0032768,2025FA,2025-26,0,0,0,1,5500
AID2025-002825,S0024090,2025FA,2025-26,1,1,7395,0,0
AID2025-002826,S0015076,2025FA,2025-26,0,0,0,0,0
AID2025-002827,S0023163,2025FA,2025-26,0,0,0,1,5500
AID2025-002828,S0026881,2025FA,2025-26,0,0,0,0,0
AID2025-002829,S0003471,2025FA,2025-26,1,0,0,0,0
AID2025-002830,S0036065,2025FA,2025-26,1,1,7395,1,5500
AID2025-002831,S0039641,2025FA,2025-26,0,0,0,0,0
AID2025-002832,S0037890,2025FA,2025-26,1,1,7395,0,0
AID2025-002833,S0036324,2025FA,2025-26,0,0,0,1,5500
AID2025-002834,S0018737,2025FA,2025-26,0,0,0,0,0
AID2025-002835,S0009958,2025FA,2025-26,0,0,0,0,0
AID2025-002836,S0018949,2025FA,2025-26,1,0,0,1,5500
AID2025-002837,S0038013,2025FA,2025-26,1,1,7395,0,0
AID2025-002838,S0015546,2025FA,2025-26,1,1,7395,0,0
AID2025-002839,S0033568,2025FA,2025-26,0,0,0,1,5500
AID2025-002840,S0039816,2025FA,2025-26,1,1,7395,0,0
AID2025-002841,S0016748,2025FA,2025-26,1,1,7395,0,0
AID2025-002842,S0029114,2025FA,2025-26,0,0,0,1,5500
AID2025-002843,S0036895,2025FA,2025-26,0,0,0,0,0
AID2025-002844,S0038731,2025FA,2025-26,0,0,0,0,0
AID2025-002845,S0013063,2025FA,2025-26,0,0,0,1,5500
AID2025-002846,S0007976,2025FA,2025-26,0,0,0,0,0
AID2025-002847,S0008197,2025FA,2025-26,1,1,7395,0,0
AID2025-002848,S0010945,2025FA,2025-26,0,0,0,1,5500
AID2025-002849,S0011374,2025FA,2025-26,0,0,0,0,0
AID2025-002850,S0032855,2025FA,2025-26,0,0,0,0,0
AID2025-002851,S0026515,2025FA,2025-26,0,0,0,1,5500
AID2025-002852,S0035243,2025FA,2025-26,1,1,7395,0,0
AID2025-002853,S0021241,2025FA,2025-26,0,0,0,0,0
AID2025-002854,S0023158,2025FA,2025-26,0,0,0,1,5500
AID2025-002855,S0036510,2025FA,2025-26,1,1,7395,0,0
AID2025-002856,S0005897,2025FA,2025-26,0,0,0,0,0
AID2025-002857,S0018602,2025FA,2025-26,1,0,0,1,5500
AID2025-002858,S0022831,2025FA,2025-26,1,1,7395,0,0
AID2025-002859,S0025985,2025FA,2025-26,1,1,7395,0,0
AID2025-002860,S0021696,2025FA,2025-26,0,0,0,1,5500
AID2025-002861,S0000285,2025FA,2025-26,0,0,0,0,0
AID2025-002862,S0037752,2025FA,2025-26,0,0,0,0,0
AID2025-002863,S0013366,2025FA,2025-26,0,0,0,1,5500
AID2025-002864,S0037700,2025FA,2025-26,1,0,0,0,0
AID2025-002865,S0018639,2025FA,2025-26,0,0,0,0,0
AID2025-002866,S0016703,2025FA,2025-26,0,0,0,1,5500
AID2025-002867,S0005315,2025FA,2025-26,0,0,0,0,0
AID2025-002868,S0039185,2025FA,2025-26,1,1,7395,0,0
AID2025-002869,S0036246,2025FA,2025-26,0,0,0,1,5500
AID2025-002870,S0018416,2025FA,2025-26,1,1,7395,0,0
AID2025-002871,S0004656,2025FA,2025-26,1,0,0,0,0
AID2025-002872,S0012794,2025FA,2025-26,0,0,0,1,5500
AID2025-002873,S0033525,2025FA,2025-26,0,0,0,0,0
AID2025-002874,S0036858,2025FA,2025-26,0,0,0,0,0
AID2025-002875,S0037619,2025FA,2025-26,1,1,7395,1,5500
AID2025-002876,S0011536,2025FA,2025-26,0,0,0,0,0
AID2025-002877,S0033089,2025FA,2025-26,0,0,0,0,0
AID2025-002878,S0030491,2025FA,2025-26,0,0,0,1,5500
AID2025-002879,S0001711,2025FA,2025-26,1,1,7395,0,0
AID2025-002880,S0026474,2025FA,2025-26,1,1,7395,0,0
AID2025-002881,S0033125,2025FA,2025-26,0,0,0,1,5500
AID2025-002882,S0007950,2025FA,2025-26,1,1,7395,0,0
AID2025-002883,S0029511,2025FA,2025-26,0,0,0,0,0
AID2025-002884,S0029169,2025FA,2025-26,0,0,0,1,5500
AID2025-002885,S0038923,2025FA,2025-26,0,0,0,0,0
AID2025-002886,S0035633,2025FA,2025-26,0,0,0,0,0
AID2025-002887,S0006131,2025FA,2025-26,0,0,0,1,5500
AID2025-002888,S0001530,2025FA,2025-26,0,0,0,0,0
AID2025-002889,S0016111,2025FA,2025-26,0,0,0,0,0
AID2025-002890,S0027578,2025FA,2025-26,0,0,0,1,5500
AID2025-002891,S0038720,2025FA,2025-26,1,1,7395,0,0
AID2025-002892,S0024339,2025FA,2025-26,1,0,0,0,0
AID2025-002893,S0027248,2025FA,2025-26,0,0,0,1,5500
AID2025-002894,S0016015,2025FA,2025-26,1,1,7395,0,0
AID2025-002895,S0039405,2025FA,2025-26,0,0,0,0,0
AID2025-002896,S0000537,2025FA,2025-26,1,1,7395,1,5500
AID2025-002897,S0027710,2025FA,2025-26,1,1,7395,0,0
AID2025-002898,S0037151,2025FA,2025-26,0,0,0,0,0
AID2025-002899,S0033110,2025FA,2025-26,1,0,0,1,5500
AID2025-002900,S0038505,2025FA,2025-26,0,0,0,0,0
AID2025-002901,S0024202,2025FA,2025-26,1,1,7395,0,0
AID2025-002902,S0040002,2025FA,2025-26,1,1,7395,1,5500
AID2025-002903,S0008568,2025FA,2025-26,1,1,7395,0,0
AID2025-002904,S0037172,2025FA,2025-26,0,0,0,0,0
AID2025-002905,S0035630,2025FA,2025-26,1,1,7395,1,5500
AID2025-002906,S0039546,2025FA,2025-26,1,0,0,0,0
AID2025-002907,S0032716,2025FA,2025-26,0,0,0,0,0
AID2025-002908,S0033331,2025FA,2025-26,0,0,0,1,5500
AID2025-002909,S0029500,2025FA,2025-26,0,0,0,0,0
AID2025-002910,S0019178,2025FA,2025-26,1,1,7395,0,0
AID2025-002911,S0033030,2025FA,2025-26,1,1,7395,1,5500
AID2025-002912,S0003679,2025FA,2025-26,1,1,7395,0,0
AID2025-002913,S0009956,2025FA,2025-26,1,1,7395,0,0
AID2025-002914,S0037200,2025FA,2025-26,1,1,7395,1,5500
AID2025-002915,S0034091,2025FA,2025-26,0,0,0,0,0
AID2025-002916,S0004472,2025FA,2025-26,0,0,0,0,0
AID2025-002917,S0017953,2025FA,2025-26,0,0,0,1,5500
AID2025-002918,S0027660,2025FA,2025-26,0,0,0,0,0
AID2025-002919,S0031044,2025FA,2025-26,1,1,7395,0,0
AID2025-002920,S0033394,2025FA,2025-26,1,0,0,1,5500
AID2025-002921,S0014987,2025FA,2025-26,0,0,0,0,0
AID2025-002922,S0032470,2025FA,2025-26,0,0,0,0,0
AID2025-002923,S0035885,2025FA,2025-26,0,0,0,1,5500
AID2025-002924,S0023041,2025FA,2025-26,0,0,0,0,0
AID2025-002925,S0031391,2025FA,2025-26,0,0,0,0,0
AID2025-002926,S0012768,2025FA,2025-26,0,0,0,1,5500
AID2025-002927,S0008705,2025FA,2025-26,0,0,0,0,0
AID2025-002928,S0040372,2025FA,2025-26,0,0,0,0,0
AID2025-002929,S0036881,2025FA,2025-26,0,0,0,1,5500
AID2025-002930,S0031382,2025FA,2025-26,1,1,7395,0,0
AID2025-002931,S0038429,2025FA,2025-26,1,1,7395,0,0
AID2025-002932,S0035533,2025FA,2025-26,1,1,7395,1,5500
AID2025-002933,S0012843,2025FA,2025-26,1,1,7395,0,0
AID2025-002934,S0031101,2025FA,2025-26,1,0,0,0,0
AID2025-002935,S0021084,2025FA,2025-26,0,0,0,1,5500
AID2025-002936,S0007304,2025FA,2025-26,1,1,7395,0,0
AID2025-002937,S0033572,2025FA,2025-26,1,1,7395,0,0
AID2025-002938,S0035547,2025FA,2025-26,0,0,0,1,5500
AID2025-002939,S0001467,2025FA,2025-26,0,0,0,0,0
AID2025-002940,S0039910,2025FA,2025-26,0,0,0,0,0
AID2025-002941,S0030816,2025FA,2025-26,0,0,0,1,5500
AID2025-002942,S0038106,2025FA,2025-26,1,1,7395,0,0
AID2025-002943,S0031161,2025FA,2025-26,0,0,0,0,0
AID2025-002944,S0022420,2025FA,2025-26,0,0,0,1,5500
AID2025-002945,S0035655,2025FA,2025-26,0,0,0,0,0
AID2025-002946,S0001497,2025FA,2025-26,0,0,0,0,0
AID2025-002947,S0039785,2025FA,2025-26,0,0,0,1,5500
AID2025-002948,S0040305,2025FA,2025-26,0,0,0,0,0
AID2025-002949,S0019210,2025FA,2025-26,0,0,0,0,0
AID2025-002950,S0009054,2025FA,2025-26,1,1,7395,1,5500
AID2025-002951,S0035909,2025FA,2025-26,1,1,7395,0,0
AID2025-002952,S0027926,2025FA,2025-26,1,1,7395,0,0
AID2025-002953,S0036054,2025FA,2025-26,1,1,7395,1,5500
AID2025-002954,S0039888,2025FA,2025-26,1,1,7395,0,0
AID2025-002955,S0011093,2025FA,2025-26,0,0,0,0,0
AID2025-002956,S0027828,2025FA,2025-26,1,1,7395,1,5500
AID2025-002957,S0023591,2025FA,2025-26,0,0,0,0,0
AID2025-002958,S0007030,2025FA,2025-26,1,1,7395,0,0
AID2025-002959,S0010164,2025FA,2025-26,0,0,0,1,5500
AID2025-002960,S0008835,2025FA,2025-26,0,0,0,0,0
AID2025-002961,S0000336,2025FA,2025-26,0,0,0,0,0
AID2025-002962,S0039619,2025FA,2025-26,1,0,0,1,5500
AID2025-002963,S0014900,2025FA,2025-26,1,1,7395,0,0
AID2025-002964,S0031889,2025FA,2025-26,1,1,7395,0,0
AID2025-002965,S0006281,2025FA,2025-26,1,1,7395,1,5500
AID2025-002966,S0032625,2025FA,2025-26,1,1,7395,0,0
AID2025-002967,S0026939,2025FA,2025-26,0,0,0,0,0
AID2025-002968,S0001245,2025FA,2025-26,0,0,0,1,5500
AID2025-002969,S0035257,2025FA,2025-26,0,0,0,0,0
AID2025-002970,S0038400,2025FA,2025-26,0,0,0,0,0
AID2025-002971,S0009963,2025FA,2025-26,0,0,0,1,5500
AID2025-002972,S0030561,2025FA,2025-26,1,1,7395,0,0
AID2025-002973,S0011614,2025FA,2025-26,1,1,7395,0,0
AID2025-002974,S0030712,2025FA,2025-26,0,0,0,1,5500
AID2025-002975,S0027106,2025FA,2025-26,0,0,0,0,0
AID2025-002976,S0039386,2025FA,2025-26,0,0,0,0,0
AID2025-002977,S0001818,2025FA,2025-26,1,1,7395,1,5500
AID2025-002978,S0040401,2025FA,2025-26,0,0,0,0,0
AID2025-002979,S0038099,2025FA,2025-26,0,0,0,0,0
AID2025-002980,S0038809,2025FA,2025-26,0,0,0,1,5500
AID2025-002981,S0033552,2025FA,2025-26,0,0,0,0,0
AID2025-002982,S0025443,2025FA,2025-26,0,0,0,0,0
AID2025-002983,S0020915,2025FA,2025-26,0,0,0,1,5500
AID2025-002984,S0040489,2025FA,2025-26,0,0,0,0,0
AID2025-002985,S0032684,2025FA,2025-26,0,0,0,0,0
AID2025-002986,S0011535,2025FA,2025-26,0,0,0,1,5500
AID2025-002987,S0004030,2025FA,2025-26,0,0,0,0,0
AID2025-002988,S0004865,2025FA,2025-26,0,0,0,0,0
AID2025-002989,S0024135,2025FA,2025-26,1,1,7395,1,5500
AID2025-002990,S0021198,2025FA,2025-26,0,0,0,0,0
AID2025-002991,S0033437,2025FA,2025-26,1,1,7395,0,0
AID2025-002992,S0023407,2025FA,2025-26,1,1,7395,1,5500
AID2025-002993,S0022002,2025FA,2025-26,1,1,7395,0,0
AID2025-002994,S0023615,2025FA,2025-26,0,0,0,0,0
AID2025-002995,S0033621,2025FA,2025-26,0,0,0,1,5500
AID2025-002996,S0033913,2025FA,2025-26,1,1,7395,0,0
AID2025-002997,S0013241,2025FA,2025-26,1,0,0,0,0
AID2025-002998,S0014600,2025FA,2025-26,0,0,0,1,5500
AID2025-002999,S0037202,2025FA,2025-26,0,0,0,0,0
AID2025-003000,S0012881,2025FA,2025-26,0,0,0,0,0
AID2025-003001,S0038379,2025FA,2025-26,1,1,7395,1,5500
AID2025-003002,S0029470,2025FA,2025-26,0,0,0,0,0
AID2025-003003,S0033677,2025FA,2025-26,0,0,0,0,0
AID2025-003004,S0028311,2025FA,2025-26,1,1,7395,1,5500
AID2025-003005,S0034417,2025FA,2025-26,0,0,0,0,0
AID2025-003006,S0008544,2025FA,2025-26,0,0,0,0,0
AID2025-003007,S0028364,2025FA,2025-26,1,1,7395,1,5500
AID2025-003008,S0032460,2025FA,2025-26,0,0,0,0,0
AID2025-003009,S0015077,2025FA,2025-26,0,0,0,0,0
AID2025-003010,S0032826,2025FA,2025-26,1,1,7395,1,5500
AID2025-003011,S0040256,2025FA,2025-26,0,0,0,0,0
AID2025-003012,S0035554,2025FA,2025-26,0,0,0,0,0
AID2025-003013,S0035483,2025FA,2025-26,0,0,0,1,5500
AID2025-003014,S0031448,2025FA,2025-26,0,0,0,0,0
AID2025-003015,S0000060,2025FA,2025-26,0,0,0,0,0
AID2025-003016,S0034161,2025FA,2025-26,1,1,7395,1,5500
AID2025-003017,S0032230,2025FA,2025-26,1,1,7395,0,0
AID2025-003018,S0011431,2025FA,2025-26,1,0,0,0,0
AID2025-003019,S0018717,2025FA,2025-26,1,1,7395,1,5500
AID2025-003020,S0039277,2025FA,2025-26,0,0,0,0,0
AID2025-003021,S0000079,2025FA,2025-26,0,0,0,0,0
AID2025-003022,S0005937,2025FA,2025-26,1,1,7395,1,5500
AID2025-003023,S0040607,2025FA,2025-26,0,0,0,0,0
AID2025-003024,S0022188,2025FA,2025-26,0,0,0,0,0
AID2025-003025,S0030372,2025FA,2025-26,0,0,0,1,5500
AID2025-003026,S0032238,2025FA,2025-26,0,0,0,0,0
AID2025-003027,S0026318,2025FA,2025-26,1,1,7395,0,0
AID2025-003028,S0031790,2025FA,2025-26,0,0,0,1,5500
AID2025-003029,S0033117,2025FA,2025-26,1,1,7395,0,0
AID2025-003030,S0004748,2025FA,2025-26,1,1,7395,0,0
AID2025-003031,S0036876,2025FA,2025-26,0,0,0,1,5500
AID2025-003032,S0033260,2025FA,2025-26,0,0,0,0,0
AID2025-003033,S0040431,2025FA,2025-26,0,0,0,0,0
AID2025-003034,S0028172,2025FA,2025-26,0,0,0,1,5500
AID2025-003035,S0040202,2025FA,2025-26,0,0,0,0,0
AID2025-003036,S0033998,2025FA,2025-26,0,0,0,0,0
AID2025-003037,S0036645,2025FA,2025-26,1,1,7395,1,5500
AID2025-003038,S0032336,2025FA,2025-26,0,0,0,0,0
AID2025-003039,S0038178,2025FA,2025-26,0,0,0,0,0
AID2025-003040,S0040510,2025FA,2025-26,0,0,0,1,5500
AID2025-003041,S0027734,2025FA,2025-26,1,1,7395,0,0
AID2025-003042,S0010103,2025FA,2025-26,0,0,0,0,0
AID2025-003043,S0030719,2025FA,2025-26,0,0,0,1,5500
AID2025-003044,S0036538,2025FA,2025-26,0,0,0,0,0
AID2025-003045,S0004937,2025FA,2025-26,0,0,0,0,0
AID2025-003046,S0000533,2025FA,2025-26,1,0,0,1,5500
AID2025-003047,S0009042,2025FA,2025-26,0,0,0,0,0
AID2025-003048,S0016667,2025FA,2025-26,0,0,0,0,0
AID2025-003049,S0026185,2025FA,2025-26,1,1,7395,1,5500
AID2025-003050,S0015069,2025FA,2025-26,0,0,0,0,0
AID2025-003051,S0032367,2025FA,2025-26,1,1,7395,0,0
AID2025-003052,S0012471,2025FA,2025-26,1,1,7395,1,5500
AID2025-003053,S0032458,2025FA,2025-26,0,0,0,0,0
AID2025-003054,S0039525,2025FA,2025-26,0,0,0,0,0
AID2025-003055,S0032245,2025FA,2025-26,0,0,0,1,5500
AID2025-003056,S0027534,2025FA,2025-26,0,0,0,0,0
AID2025-003057,S0030686,2025FA,2025-26,0,0,0,0,0
AID2025-003058,S0010117,2025FA,2025-26,1,1,7395,1,5500
AID2025-003059,S0016293,2025FA,2025-26,0,0,0,0,0
AID2025-003060,S0039834,2025FA,2025-26,0,0,0,0,0
AID2025-003061,S0014456,2025FA,2025-26,1,1,7395,1,5500
AID2025-003062,S0018417,2025FA,2025-26,0,0,0,0,0
AID2025-003063,S0013750,2025FA,2025-26,0,0,0,0,0
AID2025-003064,S0039104,2025FA,2025-26,1,1,7395,1,5500
AID2025-003065,S0027147,2025FA,2025-26,1,1,7395,0,0
AID2025-003066,S0026788,2025FA,2025-26,0,0,0,0,0
AID2025-003067,S0017725,2025FA,2025-26,1,0,0,1,5500
AID2025-003068,S0030741,2025FA,2025-26,0,0,0,0,0
AID2025-003069,S0022762,2025FA,2025-26,0,0,0,0,0
AID2025-003070,S0028474,2025FA,2025-26,0,0,0,1,5500
AID2025-003071,S0010486,2025FA,2025-26,1,1,7395,0,0
AID2025-003072,S0028771,2025FA,2025-26,0,0,0,0,0
AID2025-003073,S0017012,2025FA,2025-26,1,1,7395,1,5500
AID2025-003074,S0039968,2025FA,2025-26,0,0,0,0,0
AID2025-003075,S0028291,2025FA,2025-26,0,0,0,0,0
AID2025-003076,S0005265,2025FA,2025-26,0,0,0,1,5500
AID2025-003077,S0010214,2025FA,2025-26,1,1,7395,0,0
AID2025-003078,S0040125,2025FA,2025-26,1,1,7395,0,0
AID2025-003079,S0035222,2025FA,2025-26,0,0,0,1,5500
AID2025-003080,S0007572,2025FA,2025-26,0,0,0,0,0
AID2025-003081,S0017634,2025FA,2025-26,0,0,0,0,0
AID2025-003082,S0024290,2025FA,2025-26,0,0,0,1,5500
AID2025-003083,S0003349,2025FA,2025-26,0,0,0,0,0
AID2025-003084,S0032694,2025FA,2025-26,0,0,0,0,0
AID2025-003085,S0016741,2025FA,2025-26,1,1,7395,1,5500
AID2025-003086,S0003160,2025FA,2025-26,0,0,0,0,0
AID2025-003087,S0030672,2025FA,2025-26,0,0,0,0,0
AID2025-003088,S0032337,2025FA,2025-26,0,0,0,1,5500
AID2025-003089,S0020685,2025FA,2025-26,0,0,0,0,0
AID2025-003090,S0037513,2025FA,2025-26,1,1,7395,0,0
AID2025-003091,S0017870,2025FA,2025-26,0,0,0,1,5500
AID2025-003092,S0032958,2025FA,2025-26,1,1,7395,0,0
AID2025-003093,S0037848,2025FA,2025-26,0,0,0,0,0
AID2025-003094,S0008921,2025FA,2025-26,0,0,0,1,5500
AID2025-003095,S0001223,2025FA,2025-26,0,0,0,0,0
AID2025-003096,S0007545,2025FA,2025-26,0,0,0,0,0
AID2025-003097,S0022537,2025FA,2025-26,0,0,0,1,5500
AID2025-003098,S0034276,2025FA,2025-26,1,1,7395,0,0
AID2025-003099,S0039957,2025FA,2025-26,0,0,0,0,0
AID2025-003100,S0019659,2025FA,2025-26,0,0,0,1,5500
AID2025-003101,S0034255,2025FA,2025-26,0,0,0,0,0
AID2025-003102,S0035093,2025FA,2025-26,0,0,0,0,0
AID2025-003103,S0030343,2025FA,2025-26,0,0,0,1,5500
AID2025-003104,S0035949,2025FA,2025-26,0,0,0,0,0
AID2025-003105,S0035590,2025FA,2025-26,0,0,0,0,0
AID2025-003106,S0022259,2025FA,2025-26,0,0,0,1,5500
AID2025-003107,S0040504,2025FA,2025-26,0,0,0,0,0
AID2025-003108,S0030364,2025FA,2025-26,1,1,7395,0,0
AID2025-003109,S0040064,2025FA,2025-26,0,0,0,1,5500
AID2025-003110,S0016175,2025FA,2025-26,0,0,0,0,0
AID2025-003111,S0028760,2025FA,2025-26,0,0,0,0,0
AID2025-003112,S0028970,2025FA,2025-26,0,0,0,1,5500
AID2025-003113,S0003085,2025FA,2025-26,0,0,0,0,0
AID2025-003114,S0017783,2025FA,2025-26,0,0,0,0,0
AID2025-003115,S0022611,2025FA,2025-26,0,0,0,1,5500
AID2025-003116,S0022663,2025FA,2025-26,0,0,0,0,0
AID2025-003117,S0037846,2025FA,2025-26,0,0,0,0,0
AID2025-003118,S0030928,2025FA,2025-26,0,0,0,1,5500
AID2025-003119,S0040149,2025FA,2025-26,1,1,7395,0,0
AID2025-003120,S0007085,2025FA,2025-26,1,1,7395,0,0
AID2025-003121,S0037455,2025FA,2025-26,1,1,7395,1,5500
AID2025-003122,S0024345,2025FA,2025-26,0,0,0,0,0
AID2025-003123,S0010266,2025FA,2025-26,0,0,0,0,0
AID2025-003124,S0031352,2025FA,2025-26,0,0,0,1,5500
AID2025-003125,S0013776,2025FA,2025-26,0,0,0,0,0
AID2025-003126,S0032820,2025FA,2025-26,1,1,7395,0,0
AID2025-003127,S0032118,2025FA,2025-26,0,0,0,1,5500
AID2025-003128,S0040054,2025FA,2025-26,1,1,7395,0,0
AID2025-003129,S0007007,2025FA,2025-26,0,0,0,0,0
AID2025-003130,S0021280,2025FA,2025-26,0,0,0,1,5500
AID2025-003131,S0012245,2025FA,2025-26,0,0,0,0,0
AID2025-003132,S0001479,2025FA,2025-26,1,1,7395,0,0
AID2025-003133,S0032691,2025FA,2025-26,0,0,0,1,5500
AID2025-003134,S0033991,2025FA,2025-26,0,0,0,0,0
AID2025-003135,S0029152,2025FA,2025-26,0,0,0,0,0
AID2025-003136,S0036936,2025FA,2025-26,1,1,7395,1,5500
AID2025-003137,S0034396,2025FA,2025-26,0,0,0,0,0
AID2025-003138,S0028289,2025FA,2025-26,0,0,0,0,0
AID2025-003139,S0027412,2025FA,2025-26,0,0,0,1,5500
AID2025-003140,S0035660,2025FA,2025-26,0,0,0,0,0
AID2025-003141,S0014972,2025FA,2025-26,0,0,0,0,0
AID2025-003142,S0025444,2025FA,2025-26,1,1,7395,1,5500
AID2025-003143,S0040497,2025FA,2025-26,0,0,0,0,0
AID2025-003144,S0035583,2025FA,2025-26,1,0,0,0,0
AID2025-003145,S0028861,2025FA,2025-26,0,0,0,1,5500
AID2025-003146,S0035753,2025FA,2025-26,0,0,0,0,0
AID2025-003147,S0040343,2025FA,2025-26,1,1,7395,0,0
AID2025-003148,S0006521,2025FA,2025-26,0,0,0,1,5500
AID2025-003149,S0023061,2025FA,2025-26,0,0,0,0,0
AID2025-003150,S0036732,2025FA,2025-26,0,0,0,0,0
AID2025-003151,S0038856,2025FA,2025-26,0,0,0,1,5500
AID2025-003152,S0033578,2025FA,2025-26,1,1,7395,0,0
AID2025-003153,S0017427,2025FA,2025-26,1,1,7395,0,0
AID2025-003154,S0028637,2025FA,2025-26,0,0,0,1,5500
AID2025-003155,S0028443,2025FA,2025-26,1,1,7395,0,0
AID2025-003156,S0023887,2025FA,2025-26,0,0,0,0,0
AID2025-003157,S0036676,2025FA,2025-26,0,0,0,1,5500
AID2025-003158,S0037895,2025FA,2025-26,0,0,0,0,0
AID2025-003159,S0024244,2025FA,2025-26,0,0,0,0,0
AID2025-003160,S0013808,2025FA,2025-26,0,0,0,1,5500
AID2025-003161,S0031381,2025FA,2025-26,0,0,0,0,0
AID2025-003162,S0039943,2025FA,2025-26,0,0,0,0,0
AID2025-003163,S0031230,2025FA,2025-26,0,0,0,1,5500
AID2025-003164,S0036569,2025FA,2025-26,0,0,0,0,0
AID2025-003165,S0038177,2025FA,2025-26,0,0,0,0,0
AID2025-003166,S0015420,2025FA,2025-26,1,1,7395,1,5500
AID2025-003167,S0034127,2025FA,2025-26,1,1,7395,0,0
AID2025-003168,S0036896,2025FA,2025-26,0,0,0,0,0
AID2025-003169,S0014323,2025FA,2025-26,0,0,0,1,5500
AID2025-003170,S0023305,2025FA,2025-26,0,0,0,0,0
AID2025-003171,S0007546,2025FA,2025-26,0,0,0,0,0
AID2025-003172,S0006202,2025FA,2025-26,0,0,0,1,5500
AID2025-003173,S0017586,2025FA,2025-26,0,0,0,0,0
AID2025-003174,S0022614,2025FA,2025-26,1,1,7395,0,0
AID2025-003175,S0036911,2025FA,2025-26,0,0,0,1,5500
AID2025-003176,S0031460,2025FA,2025-26,0,0,0,0,0
AID2025-003177,S0000460,2025FA,2025-26,0,0,0,0,0
AID2025-003178,S0037809,2025FA,2025-26,0,0,0,1,5500
AID2025-003179,S0037168,2025FA,2025-26,0,0,0,0,0
AID2025-003180,S0011546,2025FA,2025-26,0,0,0,0,0
AID2025-003181,S0016951,2025FA,2025-26,1,1,7395,1,5500
AID2025-003182,S0038829,2025FA,2025-26,0,0,0,0,0
AID2025-003183,S0021976,2025FA,2025-26,1,1,7395,0,0
AID2025-003184,S0027007,2025FA,2025-26,0,0,0,1,5500
AID2025-003185,S0027360,2025FA,2025-26,0,0,0,0,0
AID2025-003186,S0029002,2025FA,2025-26,0,0,0,0,0
AID2025-003187,S0003369,2025FA,2025-26,0,0,0,1,5500
AID2025-003188,S0038671,2025FA,2025-26,1,1,7395,0,0
AID2025-003189,S0036279,2025FA,2025-26,0,0,0,0,0
AID2025-003190,S0018591,2025FA,2025-26,0,0,0,1,5500
AID2025-003191,S0034095,2025FA,2025-26,0,0,0,0,0
AID2025-003192,S0005486,2025FA,2025-26,0,0,0,0,0
AID2025-003193,S0028109,2025FA,2025-26,0,0,0,1,5500
AID2025-003194,S0036810,2025FA,2025-26,1,1,7395,0,0
AID2025-003195,S0038988,2025FA,2025-26,0,0,0,0,0
AID2025-003196,S0039494,2025FA,2025-26,0,0,0,1,5500
AID2025-003197,S0016199,2025FA,2025-26,1,1,7395,0,0
AID2025-003198,S0023475,2025FA,2025-26,0,0,0,0,0
AID2025-003199,S0027496,2025FA,2025-26,1,1,7395,1,5500
AID2025-003200,S0033370,2025FA,2025-26,0,0,0,0,0
AID2025-003201,S0025842,2025FA,2025-26,0,0,0,0,0
AID2025-003202,S0007258,2025FA,2025-26,1,1,7395,1,5500
AID2025-003203,S0036278,2025FA,2025-26,0,0,0,0,0
AID2025-003204,S0035470,2025FA,2025-26,1,1,7395,0,0
AID2025-003205,S0037215,2025FA,2025-26,1,1,7395,1,5500
AID2025-003206,S0040499,2025FA,2025-26,1,1,7395,0,0
AID2025-003207,S0036968,2025FA,2025-26,0,0,0,0,0
AID2025-003208,S0010968,2025FA,2025-26,0,0,0,1,5500
AID2025-003209,S0034175,2025FA,2025-26,1,1,7395,0,0
AID2025-003210,S0003155,2025FA,2025-26,0,0,0,0,0
AID2025-003211,S0038159,2025FA,2025-26,0,0,0,1,5500
AID2025-003212,S0033597,2025FA,2025-26,1,1,7395,0,0
AID2025-003213,S0016651,2025FA,2025-26,1,1,7395,0,0
AID2025-003214,S0035875,2025FA,2025-26,1,0,0,1,5500
AID2025-003215,S0026138,2025FA,2025-26,0,0,0,0,0
AID2025-003216,S0019720,2025FA,2025-26,0,0,0,0,0
AID2025-003217,S0024218,2025FA,2025-26,0,0,0,1,5500
AID2025-003218,S0033622,2025FA,2025-26,0,0,0,0,0
AID2025-003219,S0021707,2025FA,2025-26,0,0,0,0,0
AID2025-003220,S0023596,2025FA,2025-26,0,0,0,1,5500
AID2025-003221,S0005051,2025FA,2025-26,1,0,0,0,0
AID2025-003222,S0018197,2025FA,2025-26,0,0,0,0,0
AID2025-003223,S0007839,2025FA,2025-26,0,0,0,1,5500
AID2025-003224,S0021888,2025FA,2025-26,0,0,0,0,0
AID2025-003225,S0012170,2025FA,2025-26,0,0,0,0,0
AID2025-003226,S0031525,2025FA,2025-26,0,0,0,1,5500
AID2025-003227,S0001500,2025FA,2025-26,1,1,7395,0,0
AID2025-003228,S0008010,2025FA,2025-26,0,0,0,0,0
AID2025-003229,S0036905,2025FA,2025-26,0,0,0,1,5500
AID2025-003230,S0039009,2025FA,2025-26,0,0,0,0,0
AID2025-003231,S0018743,2025FA,2025-26,0,0,0,0,0
AID2025-003232,S0018521,2025FA,2025-26,0,0,0,1,5500
AID2025-003233,S0027560,2025FA,2025-26,1,1,7395,0,0
AID2025-003234,S0015460,2025FA,2025-26,0,0,0,0,0
AID2025-003235,S0024438,2025FA,2025-26,0,0,0,1,5500
AID2025-003236,S0015175,2025FA,2025-26,0,0,0,0,0
AID2025-003237,S0014853,2025FA,2025-26,1,1,7395,0,0
AID2025-003238,S0012444,2025FA,2025-26,0,0,0,1,5500
AID2025-003239,S0018159,2025FA,2025-26,1,1,7395,0,0
AID2025-003240,S0005985,2025FA,2025-26,0,0,0,0,0
AID2025-003241,S0032221,2025FA,2025-26,0,0,0,1,5500
AID2025-003242,S0034321,2025FA,2025-26,0,0,0,0,0
AID2025-003243,S0001113,2025FA,2025-26,0,0,0,0,0
AID2025-003244,S0025465,2025FA,2025-26,0,0,0,1,5500
AID2025-003245,S0005429,2025FA,2025-26,1,1,7395,0,0
AID2025-003246,S0032244,2025FA,2025-26,0,0,0,0,0
AID2025-003247,S0015628,2025FA,2025-26,0,0,0,1,5500
AID2025-003248,S0032749,2025FA,2025-26,0,0,0,0,0
AID2025-003249,S0034398,2025FA,2025-26,1,0,0,0,0
AID2025-003250,S0028287,2025FA,2025-26,1,1,7395,1,5500
AID2025-003251,S0021298,2025FA,2025-26,0,0,0,0,0
AID2025-003252,S0035632,2025FA,2025-26,0,0,0,0,0
AID2025-003253,S0016110,2025FA,2025-26,0,0,0,1,5500
AID2025-003254,S0039418,2025FA,2025-26,0,0,0,0,0
AID2025-003255,S0039996,2025FA,2025-26,0,0,0,0,0
AID2025-003256,S0021209,2025FA,2025-26,0,0,0,1,5500
AID2025-003257,S0010576,2025FA,2025-26,1,1,7395,0,0
AID2025-003258,S0031036,2025FA,2025-26,0,0,0,0,0
AID2025-003259,S0012455,2025FA,2025-26,0,0,0,1,5500
AID2025-003260,S0011894,2025FA,2025-26,1,1,7395,0,0
AID2025-003261,S0027699,2025FA,2025-26,0,0,0,0,0
AID2025-003262,S0017866,2025FA,2025-26,0,0,0,1,5500
AID2025-003263,S0036445,2025FA,2025-26,0,0,0,0,0
AID2025-003264,S0033230,2025FA,2025-26,0,0,0,0,0
AID2025-003265,S0030625,2025FA,2025-26,1,1,7395,1,5500
AID2025-003266,S0028820,2025FA,2025-26,0,0,0,0,0
AID2025-003267,S0017348,2025FA,2025-26,1,1,7395,0,0
AID2025-003268,S0033101,2025FA,2025-26,0,0,0,1,5500
AID2025-003269,S0032471,2025FA,2025-26,1,1,7395,0,0
AID2025-003270,S0034378,2025FA,2025-26,0,0,0,0,0
AID2025-003271,S0039073,2025FA,2025-26,0,0,0,1,5500
AID2025-003272,S0040094,2025FA,2025-26,0,0,0,0,0
AID2025-003273,S0040153,2025FA,2025-26,0,0,0,0,0
AID2025-003274,S0036918,2025FA,2025-26,1,1,7395,1,5500
AID2025-003275,S0011494,2025FA,2025-26,1,1,7395,0,0
AID2025-003276,S0001736,2025FA,2025-26,0,0,0,0,0
AID2025-003277,S0028727,2025FA,2025-26,0,0,0,1,5500
AID2025-003278,S0019114,2025FA,2025-26,0,0,0,0,0
AID2025-003279,S0038599,2025FA,2025-26,1,1,7395,0,0
AID2025-003280,S0016488,2025FA,2025-26,0,0,0,1,5500
AID2025-003281,S0037018,2025FA,2025-26,1,1,7395,0,0
AID2025-003282,S0038499,2025FA,2025-26,1,1,7395,0,0
AID2025-003283,S0008729,2025FA,2025-26,1,1,7395,1,5500
AID2025-003284,S0040582,2025FA,2025-26,1,0,0,0,0
AID2025-003285,S0013178,2025FA,2025-26,1,1,7395,0,0
AID2025-003286,S0029480,2025FA,2025-26,0,0,0,1,5500
AID2025-003287,S0026568,2025FA,2025-26,0,0,0,0,0
AID2025-003288,S0025473,2025FA,2025-26,1,1,7395,0,0
AID2025-003289,S0019308,2025FA,2025-26,0,0,0,1,5500
AID2025-003290,S0029406,2025FA,2025-26,0,0,0,0,0
AID2025-003291,S0028540,2025FA,2025-26,0,0,0,0,0
AID2025-003292,S0018749,2025FA,2025-26,0,0,0,1,5500
AID2025-003293,S0021265,2025FA,2025-26,0,0,0,0,0
AID2025-003294,S0039999,2025FA,2025-26,1,1,7395,0,0
AID2025-003295,S0023779,2025FA,2025-26,1,1,7395,1,5500
AID2025-003296,S0021193,2025FA,2025-26,0,0,0,0,0
AID2025-003297,S0037288,2025FA,2025-26,0,0,0,0,0
AID2025-003298,S0032067,2025FA,2025-26,0,0,0,1,5500
AID2025-003299,S0039168,2025FA,2025-26,0,0,0,0,0
AID2025-003300,S0034052,2025FA,2025-26,0,0,0,0,0
AID2025-003301,S0040600,2025FA,2025-26,1,1,7395,1,5500
AID2025-003302,S0023870,2025FA,2025-26,0,0,0,0,0
AID2025-003303,S0015086,2025FA,2025-26,0,0,0,0,0
AID2025-003304,S0033826,2025FA,2025-26,0,0,0,1,5500
AID2025-003305,S0040146,2025FA,2025-26,1,0,0,0,0
AID2025-003306,S0021745,2025FA,2025-26,0,0,0,0,0
AID2025-003307,S0030675,2025FA,2025-26,0,0,0,1,5500
AID2025-003308,S0037010,2025FA,2025-26,0,0,0,0,0
AID2025-003309,S0001965,2025FA,2025-26,1,1,7395,0,0
AID2025-003310,S0017817,2025FA,2025-26,0,0,0,1,5500
AID2025-003311,S0040176,2025FA,2025-26,1,1,7395,0,0
AID2025-003312,S0014091,2025FA,2025-26,0,0,0,0,0
AID2025-003313,S0037566,2025FA,2025-26,1,1,7395,1,5500
AID2025-003314,S0032738,2025FA,2025-26,0,0,0,0,0
AID2025-003315,S0010423,2025FA,2025-26,0,0,0,0,0
AID2025-003316,S0030745,2025FA,2025-26,1,1,7395,1,5500
AID2025-003317,S0037175,2025FA,2025-26,1,1,7395,0,0
AID2025-003318,S0039198,2025FA,2025-26,1,1,7395,0,0
AID2025-003319,S0000161,2025FA,2025-26,1,0,0,1,5500
AID2025-003320,S0001843,2025FA,2025-26,0,0,0,0,0
AID2025-003321,S0007901,2025FA,2025-26,0,0,0,0,0
AID2025-003322,S0032781,2025FA,2025-26,0,0,0,1,5500
AID2025-003323,S0038147,2025FA,2025-26,0,0,0,0,0
AID2025-003324,S0004152,2025FA,2025-26,0,0,0,0,0
AID2025-003325,S0032634,2025FA,2025-26,0,0,0,1,5500
AID2025-003326,S0036935,2025FA,2025-26,0,0,0,0,0
AID2025-003327,S0035301,2025FA,2025-26,1,1,7395,0,0
AID2025-003328,S0006083,2025FA,2025-26,0,0,0,1,5500
AID2025-003329,S0015197,2025FA,2025-26,0,0,0,0,0
AID2025-003330,S0021110,2025FA,2025-26,0,0,0,0,0
AID2025-003331,S0001538,2025FA,2025-26,1,1,7395,1,5500
AID2025-003332,S0034316,2025FA,2025-26,0,0,0,0,0
AID2025-003333,S0035971,2025FA,2025-26,0,0,0,0,0
AID2025-003334,S0022133,2025FA,2025-26,1,1,7395,1,5500
AID2025-003335,S0009433,2025FA,2025-26,1,1,7395,0,0
AID2025-003336,S0038995,2025FA,2025-26,0,0,0,0,0
AID2025-003337,S0039970,2025FA,2025-26,0,0,0,1,5500
AID2025-003338,S0021062,2025FA,2025-26,1,1,7395,0,0
AID2025-003339,S0032632,2025FA,2025-26,0,0,0,0,0
AID2025-003340,S0024165,2025FA,2025-26,0,0,0,1,5500
AID2025-003341,S0019307,2025FA,2025-26,0,0,0,0,0
AID2025-003342,S0037291,2025FA,2025-26,1,1,7395,0,0
AID2025-003343,S0014369,2025FA,2025-26,0,0,0,1,5500
AID2025-003344,S0006032,2025FA,2025-26,1,1,7395,0,0
AID2025-003345,S0032291,2025FA,2025-26,1,1,7395,0,0
AID2025-003346,S0039059,2025FA,2025-26,1,1,7395,1,5500
AID2025-003347,S0040016,2025FA,2025-26,0,0,0,0,0
AID2025-003348,S0027708,2025FA,2025-26,0,0,0,0,0
AID2025-003349,S0013149,2025FA,2025-26,1,1,7395,1,5500
AID2025-003350,S0036955,2025FA,2025-26,1,1,7395,0,0
AID2025-003351,S0007559,2025FA,2025-26,0,0,0,0,0
AID2025-003352,S0006797,2025FA,2025-26,1,1,7395,1,5500
AID2025-003353,S0022726,2025FA,2025-26,0,0,0,0,0
AID2025-003354,S0030778,2025FA,2025-26,0,0,0,0,0
AID2025-003355,S0023827,2025FA,2025-26,1,1,7395,1,5500
AID2025-003356,S0028630,2025FA,2025-26,0,0,0,0,0
AID2025-003357,S0031133,2025FA,2025-26,0,0,0,0,0
AID2025-003358,S0001822,2025FA,2025-26,0,0,0,1,5500
AID2025-003359,S0038700,2025FA,2025-26,0,0,0,0,0
AID2025-003360,S0039005,2025FA,2025-26,0,0,0,0,0
AID2025-003361,S0002024,2025FA,2025-26,1,0,0,1,5500
AID2025-003362,S0008833,2025FA,2025-26,0,0,0,0,0
AID2025-003363,S0034062,2025FA,2025-26,0,0,0,0,0
AID2025-003364,S0035838,2025FA,2025-26,1,1,7395,1,5500
AID2025-003365,S0036737,2025FA,2025-26,1,1,7395,0,0
AID2025-003366,S0011876,2025FA,2025-26,0,0,0,0,0
AID2025-003367,S0028479,2025FA,2025-26,1,1,7395,1,5500
AID2025-003368,S0001331,2025FA,2025-26,1,1,7395,0,0
AID2025-003369,S0036531,2025FA,2025-26,1,1,7395,0,0
AID2025-003370,S0037432,2025FA,2025-26,0,0,0,1,5500
AID2025-003371,S0000374,2025FA,2025-26,0,0,0,0,0
AID2025-003372,S0032908,2025FA,2025-26,0,0,0,0,0
AID2025-003373,S0019429,2025FA,2025-26,0,0,0,1,5500
AID2025-003374,S0007437,2025FA,2025-26,0,0,0,0,0
AID2025-003375,S0012651,2025FA,2025-26,0,0,0,0,0
AID2025-003376,S0018363,2025FA,2025-26,0,0,0,1,5500
AID2025-003377,S0034173,2025FA,2025-26,0,0,0,0,0
AID2025-003378,S0025358,2025FA,2025-26,0,0,0,0,0
AID2025-003379,S0021633,2025FA,2025-26,0,0,0,1,5500
AID2025-003380,S0039271,2025FA,2025-26,1,1,7395,0,0
AID2025-003381,S0039102,2025FA,2025-26,1,1,7395,0,0
AID2025-003382,S0037808,2025FA,2025-26,0,0,0,1,5500
AID2025-003383,S0000282,2025FA,2025-26,0,0,0,0,0
AID2025-003384,S0022774,2025FA,2025-26,1,1,7395,0,0
AID2025-003385,S0038023,2025FA,2025-26,0,0,0,1,5500
AID2025-003386,S0039406,2025FA,2025-26,1,1,7395,0,0
AID2025-003387,S0035943,2025FA,2025-26,1,1,7395,0,0
AID2025-003388,S0029138,2025FA,2025-26,0,0,0,1,5500
AID2025-003389,S0025615,2025FA,2025-26,0,0,0,0,0
AID2025-003390,S0032172,2025FA,2025-26,0,0,0,0,0
AID2025-003391,S0031967,2025FA,2025-26,0,0,0,1,5500
AID2025-003392,S0009621,2025FA,2025-26,1,1,7395,0,0
AID2025-003393,S0006626,2025FA,2025-26,1,1,7395,0,0
AID2025-003394,S0039559,2025FA,2025-26,0,0,0,1,5500
AID2025-003395,S0028726,2025FA,2025-26,0,0,0,0,0
AID2025-003396,S0035734,2025FA,2025-26,0,0,0,0,0
AID2025-003397,S0034395,2025FA,2025-26,1,1,7395,1,5500
AID2025-003398,S0031247,2025FA,2025-26,1,1,7395,0,0
AID2025-003399,S0022318,2025FA,2025-26,1,1,7395,0,0
AID2025-003400,S0038130,2025FA,2025-26,0,0,0,1,5500
AID2025-003401,S0032746,2025FA,2025-26,0,0,0,0,0
AID2025-003402,S0036269,2025FA,2025-26,0,0,0,0,0
AID2025-003403,S0010243,2025FA,2025-26,0,0,0,1,5500
AID2025-003404,S0008605,2025FA,2025-26,0,0,0,0,0
AID2025-003405,S0014760,2025FA,2025-26,0,0,0,0,0
AID2025-003406,S0015553,2025FA,2025-26,0,0,0,1,5500
AID2025-003407,S0028682,2025FA,2025-26,1,1,7395,0,0
AID2025-003408,S0004140,2025FA,2025-26,1,1,7395,0,0
AID2025-003409,S0010651,2025FA,2025-26,1,1,7395,1,5500
AID2025-003410,S0032829,2025FA,2025-26,0,0,0,0,0
AID2025-003411,S0005635,2025FA,2025-26,0,0,0,0,0
AID2025-003412,S0038729,2025FA,2025-26,1,1,7395,1,5500
AID2025-003413,S0022234,2025FA,2025-26,0,0,0,0,0
AID2025-003414,S0007608,2025FA,2025-26,1,1,7395,0,0
AID2025-003415,S0040171,2025FA,2025-26,1,1,7395,1,5500
AID2025-003416,S0035286,2025FA,2025-26,1,1,7395,0,0
AID2025-003417,S0023040,2025FA,2025-26,0,0,0,0,0
AID2025-003418,S0018810,2025FA,2025-26,0,0,0,1,5500
AID2025-003419,S0029130,2025FA,2025-26,0,0,0,0,0
AID2025-003420,S0036296,2025FA,2025-26,0,0,0,0,0
AID2025-003421,S0032439,2025FA,2025-26,1,1,7395,1,5500
AID2025-003422,S0037388,2025FA,2025-26,1,1,7395,0,0
AID2025-003423,S0033664,2025FA,2025-26,1,1,7395,0,0
AID2025-003424,S0022489,2025FA,2025-26,0,0,0,1,5500
AID2025-003425,S0038801,2025FA,2025-26,0,0,0,0,0
AID2025-003426,S0031822,2025FA,2025-26,1,1,7395,0,0
AID2025-003427,S0023243,2025FA,2025-26,1,1,7395,1,5500
AID2025-003428,S0029501,2025FA,2025-26,1,1,7395,0,0
AID2025-003429,S0027536,2025FA,2025-26,1,1,7395,0,0
AID2025-003430,S0039935,2025FA,2025-26,1,1,7395,1,5500
AID2025-003431,S0033129,2025FA,2025-26,1,0,0,0,0
AID2025-003432,S0038551,2025FA,2025-26,0,0,0,0,0
AID2025-003433,S0019279,2025FA,2025-26,0,0,0,1,5500
AID2025-003434,S0032356,2025FA,2025-26,1,1,7395,0,0
AID2025-003435,S0037797,2025FA,2025-26,0,0,0,0,0
AID2025-003436,S0024443,2025FA,2025-26,1,1,7395,1,5500
AID2025-003437,S0032985,2025FA,2025-26,1,1,7395,0,0
AID2025-003438,S0037275,2025FA,2025-26,0,0,0,0,0
AID2025-003439,S0025539,2025FA,2025-26,0,0,0,1,5500
AID2025-003440,S0038267,2025FA,2025-26,0,0,0,0,0
AID2025-003441,S0018813,2025FA,2025-26,0,0,0,0,0
AID2025-003442,S0039461,2025FA,2025-26,1,1,7395,1,5500
AID2025-003443,S0031652,2025FA,2025-26,1,1,7395,0,0
AID2025-003444,S0001980,2025FA,2025-26,1,1,7395,0,0
AID2025-003445,S0009815,2025FA,2025-26,0,0,0,1,5500
AID2025-003446,S0000990,2025FA,2025-26,0,0,0,0,0
AID2025-003447,S0004049,2025FA,2025-26,0,0,0,0,0
AID2025-003448,S0003170,2025FA,2025-26,1,1,7395,1,5500
AID2025-003449,S0037287,2025FA,2025-26,0,0,0,0,0
AID2025-003450,S0015284,2025FA,2025-26,0,0,0,0,0
AID2025-003451,S0027640,2025FA,2025-26,0,0,0,1,5500
AID2025-003452,S0004995,2025FA,2025-26,0,0,0,0,0
AID2025-003453,S0029052,2025FA,2025-26,1,1,7395,0,0
AID2025-003454,S0008321,2025FA,2025-26,0,0,0,1,5500
AID2025-003455,S0028385,2025FA,2025-26,0,0,0,0,0
AID2025-003456,S0040208,2025FA,2025-26,0,0,0,0,0
AID2025-003457,S0031131,2025FA,2025-26,0,0,0,1,5500
AID2025-003458,S0010399,2025FA,2025-26,0,0,0,0,0
AID2025-003459,S0011184,2025FA,2025-26,0,0,0,0,0
AID2025-003460,S0038950,2025FA,2025-26,0,0,0,1,5500
AID2025-003461,S0039567,2025FA,2025-26,0,0,0,0,0
AID2025-003462,S0026792,2025FA,2025-26,0,0,0,0,0
AID2025-003463,S0037989,2025FA,2025-26,0,0,0,1,5500
AID2025-003464,S0035510,2025FA,2025-26,0,0,0,0,0
AID2025-003465,S0023672,2025FA,2025-26,0,0,0,0,0
AID2025-003466,S0037438,2025FA,2025-26,0,0,0,1,5500
AID2025-003467,S0003099,2025FA,2025-26,1,1,7395,0,0
AID2025-003468,S0026770,2025FA,2025-26,1,1,7395,0,0
AID2025-003469,S0015611,2025FA,2025-26,1,1,7395,1,5500
AID2025-003470,S0026621,2025FA,2025-26,1,1,7395,0,0
AID2025-003471,S0018617,2025FA,2025-26,0,0,0,0,0
AID2025-003472,S0036691,2025FA,2025-26,0,0,0,1,5500
AID2025-003473,S0036132,2025FA,2025-26,0,0,0,0,0
AID2025-003474,S0034288,2025FA,2025-26,0,0,0,0,0
AID2025-003475,S0014019,2025FA,2025-26,1,1,7395,1,5500
AID2025-003476,S0028395,2025FA,2025-26,0,0,0,0,0
AID2025-003477,S0023924,2025FA,2025-26,1,1,7395,0,0
AID2025-003478,S0015029,2025FA,2025-26,0,0,0,1,5500
AID2025-003479,S0037590,2025FA,2025-26,0,0,0,0,0
AID2025-003480,S0037970,2025FA,2025-26,0,0,0,0,0
AID2025-003481,S0034021,2025FA,2025-26,1,1,7395,1,5500
AID2025-003482,S0039017,2025FA,2025-26,1,1,7395,0,0
AID2025-003483,S0003431,2025FA,2025-26,1,1,7395,0,0
AID2025-003484,S0033482,2025FA,2025-26,0,0,0,1,5500
AID2025-003485,S0035233,2025FA,2025-26,0,0,0,0,0
AID2025-003486,S0007439,2025FA,2025-26,1,1,7395,0,0
AID2025-003487,S0003108,2025FA,2025-26,0,0,0,1,5500
AID2025-003488,S0036309,2025FA,2025-26,0,0,0,0,0
AID2025-003489,S0028228,2025FA,2025-26,1,1,7395,0,0
AID2025-003490,S0021870,2025FA,2025-26,0,0,0,1,5500
AID2025-003491,S0010848,2025FA,2025-26,1,1,7395,0,0
AID2025-003492,S0033038,2025FA,2025-26,1,1,7395,0,0
AID2025-003493,S0039388,2025FA,2025-26,1,1,7395,1,5500
AID2025-003494,S0039373,2025FA,2025-26,0,0,0,0,0
AID2025-003495,S0039975,2025FA,2025-26,1,1,7395,0,0
AID2025-003496,S0038896,2025FA,2025-26,0,0,0,1,5500
AID2025-003497,S0035719,2025FA,2025-26,0,0,0,0,0
AID2025-003498,S0035938,2025FA,2025-26,1,1,7395,0,0
AID2025-003499,S0016088,2025FA,2025-26,0,0,0,1,5500
AID2025-003500,S0032812,2025FA,2025-26,1,1,7395,0,0
AID2025-003501,S0039679,2025FA,2025-26,0,0,0,0,0
AID2025-003502,S0013359,2025FA,2025-26,0,0,0,1,5500
AID2025-003503,S0014819,2025FA,2025-26,1,1,7395,0,0
AID2025-003504,S0015940,2025FA,2025-26,1,1,7395,0,0
AID2025-003505,S0006518,2025FA,2025-26,0,0,0,1,5500
AID2025-003506,S0037357,2025FA,2025-26,0,0,0,0,0
AID2025-003507,S0037984,2025FA,2025-26,1,1,7395,0,0
AID2025-003508,S0014238,2025FA,2025-26,1,0,0,1,5500
AID2025-003509,S0036977,2025FA,2025-26,1,1,7395,0,0
AID2025-003510,S0036727,2025FA,2025-26,0,0,0,0,0
AID2025-003511,S0037392,2025FA,2025-26,0,0,0,1,5500
AID2025-003512,S0011302,2025FA,2025-26,0,0,0,0,0
AID2025-003513,S0031206,2025FA,2025-26,0,0,0,0,0
AID2025-003514,S0023042,2025FA,2025-26,0,0,0,1,5500
AID2025-003515,S0026794,2025FA,2025-26,0,0,0,0,0
AID2025-003516,S0008678,2025FA,2025-26,0,0,0,0,0
AID2025-003517,S0038143,2025FA,2025-26,1,1,7395,1,5500
AID2025-003518,S0008713,2025FA,2025-26,1,1,7395,0,0
AID2025-003519,S0015694,2025FA,2025-26,0,0,0,0,0
AID2025-003520,S0033955,2025FA,2025-26,1,1,7395,1,5500
AID2025-003521,S0014514,2025FA,2025-26,0,0,0,0,0
AID2025-003522,S0016472,2025FA,2025-26,0,0,0,0,0
AID2025-003523,S0019408,2025FA,2025-26,0,0,0,1,5500
AID2025-003524,S0014956,2025FA,2025-26,1,1,7395,0,0
AID2025-003525,S0014502,2025FA,2025-26,0,0,0,0,0
AID2025-003526,S0018372,2025FA,2025-26,0,0,0,1,5500
AID2025-003527,S0027456,2025FA,2025-26,0,0,0,0,0
AID2025-003528,S0019227,2025FA,2025-26,0,0,0,0,0
AID2025-003529,S0025441,2025FA,2025-26,0,0,0,1,5500
AID2025-003530,S0040462,2025FA,2025-26,0,0,0,0,0
AID2025-003531,S0018298,2025FA,2025-26,0,0,0,0,0
AID2025-003532,S0026965,2025FA,2025-26,0,0,0,1,5500
AID2025-003533,S0033685,2025FA,2025-26,1,1,7395,0,0
AID2025-003534,S0007729,2025FA,2025-26,0,0,0,0,0
AID2025-003535,S0028871,2025FA,2025-26,0,0,0,1,5500
AID2025-003536,S0004180,2025FA,2025-26,0,0,0,0,0
AID2025-003537,S0025480,2025FA,2025-26,0,0,0,0,0
AID2025-003538,S0011046,2025FA,2025-26,0,0,0,1,5500
AID2025-003539,S0017705,2025FA,2025-26,1,1,7395,0,0
AID2025-003540,S0032084,2025FA,2025-26,1,1,7395,0,0
AID2025-003541,S0025367,2025FA,2025-26,0,0,0,1,5500
AID2025-003542,S0038074,2025FA,2025-26,0,0,0,0,0
AID2025-003543,S0023866,2025FA,2025-26,0,0,0,0,0
AID2025-003544,S0039254,2025FA,2025-26,1,1,7395,1,5500
AID2025-003545,S0022993,2025FA,2025-26,0,0,0,0,0
AID2025-003546,S0022990,2025FA,2025-26,0,0,0,0,0
AID2025-003547,S0034364,2025FA,2025-26,0,0,0,1,5500
AID2025-003548,S0040443,2025FA,2025-26,0,0,0,0,0
AID2025-003549,S0001116,2025FA,2025-26,0,0,0,0,0
AID2025-003550,S0027473,2025FA,2025-26,1,1,7395,1,5500
AID2025-003551,S0033046,2025FA,2025-26,0,0,0,0,0
AID2025-003552,S0038600,2025FA,2025-26,0,0,0,0,0
AID2025-003553,S0001192,2025FA,2025-26,0,0,0,1,5500
AID2025-003554,S0005695,2025FA,2025-26,1,1,7395,0,0
AID2025-003555,S0006790,2025FA,2025-26,0,0,0,0,0
AID2025-003556,S0004533,2025FA,2025-26,0,0,0,1,5500
AID2025-003557,S0033888,2025FA,2025-26,0,0,0,0,0
AID2025-003558,S0010908,2025FA,2025-26,1,1,7395,0,0
AID2025-003559,S0037057,2025FA,2025-26,1,1,7395,1,5500
AID2025-003560,S0021933,2025FA,2025-26,0,0,0,0,0
AID2025-003561,S0040013,2025FA,2025-26,0,0,0,0,0
AID2025-003562,S0017039,2025FA,2025-26,0,0,0,1,5500
AID2025-003563,S0038464,2025FA,2025-26,0,0,0,0,0
AID2025-003564,S0023457,2025FA,2025-26,0,0,0,0,0
AID2025-003565,S0040472,2025FA,2025-26,0,0,0,1,5500
AID2025-003566,S0024257,2025FA,2025-26,0,0,0,0,0
AID2025-003567,S0003437,2025FA,2025-26,0,0,0,0,0
AID2025-003568,S0033333,2025FA,2025-26,1,1,7395,1,5500
AID2025-003569,S0021558,2025FA,2025-26,1,1,7395,0,0
AID2025-003570,S0028968,2025FA,2025-26,0,0,0,0,0
AID2025-003571,S0005059,2025FA,2025-26,0,0,0,1,5500
AID2025-003572,S0006835,2025FA,2025-26,0,0,0,0,0
AID2025-003573,S0025544,2025FA,2025-26,0,0,0,0,0
AID2025-003574,S0039359,2025FA,2025-26,0,0,0,1,5500
AID2025-003575,S0028006,2025FA,2025-26,0,0,0,0,0
AID2025-003576,S0039057,2025FA,2025-26,1,1,7395,0,0
AID2025-003577,S0038571,2025FA,2025-26,1,1,7395,1,5500
AID2025-003578,S0036043,2025FA,2025-26,0,0,0,0,0
AID2025-003579,S0022163,2025FA,2025-26,1,1,7395,0,0
AID2025-003580,S0007807,2025FA,2025-26,0,0,0,1,5500
AID2025-003581,S0017274,2025FA,2025-26,0,0,0,0,0
AID2025-003582,S0019663,2025FA,2025-26,0,0,0,0,0
AID2025-003583,S0008931,2025FA,2025-26,0,0,0,1,5500
AID2025-003584,S0029425,2025FA,2025-26,0,0,0,0,0
AID2025-003585,S0035705,2025FA,2025-26,0,0,0,0,0
AID2025-003586,S0038044,2025FA,2025-26,1,1,7395,1,5500
AID2025-003587,S0037205,2025FA,2025-26,1,1,7395,0,0
AID2025-003588,S0010006,2025FA,2025-26,0,0,0,0,0
AID2025-003589,S0040273,2025FA,2025-26,0,0,0,1,5500
AID2025-003590,S0038655,2025FA,2025-26,1,1,7395,0,0
AID2025-003591,S0000728,2025FA,2025-26,1,1,7395,0,0
AID2025-003592,S0013066,2025FA,2025-26,1,0,0,1,5500
AID2025-003593,S0021778,2025FA,2025-26,1,1,7395,0,0
AID2025-003594,S0015820,2025FA,2025-26,0,0,0,0,0
AID2025-003595,S0037791,2025FA,2025-26,1,1,7395,1,5500
AID2025-003596,S0028923,2025FA,2025-26,1,1,7395,0,0
AID2025-003597,S0029205,2025FA,2025-26,0,0,0,0,0
AID2025-003598,S0035535,2025FA,2025-26,0,0,0,1,5500
AID2025-003599,S0018745,2025FA,2025-26,0,0,0,0,0
AID2025-003600,S0008186,2025FA,2025-26,0,0,0,0,0
AID2025-003601,S0032915,2025FA,2025-26,0,0,0,1,5500
AID2025-003602,S0039568,2025FA,2025-26,0,0,0,0,0
AID2025-003603,S0040375,2025FA,2025-26,0,0,0,0,0
AID2025-003604,S0033752,2025FA,2025-26,0,0,0,1,5500
AID2025-003605,S0018331,2025FA,2025-26,0,0,0,0,0
AID2025-003606,S0028392,2025FA,2025-26,1,0,0,0,0
AID2025-003607,S0035157,2025FA,2025-26,1,1,7395,1,5500
AID2025-003608,S0026897,2025FA,2025-26,1,1,7395,0,0
AID2025-003609,S0040354,2025FA,2025-26,0,0,0,0,0
AID2025-003610,S0031281,2025FA,2025-26,0,0,0,1,5500
AID2025-003611,S0031284,2025FA,2025-26,1,1,7395,0,0
AID2025-003612,S0026613,2025FA,2025-26,1,1,7395,0,0
AID2025-003613,S0022881,2025FA,2025-26,0,0,0,1,5500
AID2025-003614,S0036920,2025FA,2025-26,1,1,7395,0,0
AID2025-003615,S0011925,2025FA,2025-26,0,0,0,0,0
AID2025-003616,S0028603,2025FA,2025-26,0,0,0,1,5500
AID2025-003617,S0038872,2025FA,2025-26,0,0,0,0,0
AID2025-003618,S0038090,2025FA,2025-26,0,0,0,0,0
AID2025-003619,S0003791,2025FA,2025-26,0,0,0,1,5500
AID2025-003620,S0003416,2025FA,2025-26,0,0,0,0,0
AID2025-003621,S0004318,2025FA,2025-26,1,1,7395,0,0
AID2025-003622,S0020840,2025FA,2025-26,0,0,0,1,5500
AID2025-003623,S0022761,2025FA,2025-26,0,0,0,0,0
AID2025-003624,S0014791,2025FA,2025-26,0,0,0,0,0
AID2025-003625,S0032965,2025FA,2025-26,0,0,0,1,5500
AID2025-003626,S0033587,2025FA,2025-26,1,1,7395,0,0
AID2025-003627,S0032611,2025FA,2025-26,1,0,0,0,0
AID2025-003628,S0036512,2025FA,2025-26,0,0,0,1,5500
AID2025-003629,S0004379,2025FA,2025-26,0,0,0,0,0
AID2025-003630,S0011015,2025FA,2025-26,1,1,7395,0,0
AID2025-003631,S0039758,2025FA,2025-26,0,0,0,1,5500
AID2025-003632,S0005902,2025FA,2025-26,0,0,0,0,0
AID2025-003633,S0033517,2025FA,2025-26,0,0,0,0,0
AID2025-003634,S0004199,2025FA,2025-26,1,0,0,1,5500
AID2025-003635,S0000618,2025FA,2025-26,0,0,0,0,0
AID2025-003636,S0012567,2025FA,2025-26,1,1,7395,0,0
AID2025-003637,S0033036,2025FA,2025-26,0,0,0,1,5500
AID2025-003638,S0025991,2025FA,2025-26,1,1,7395,0,0
AID2025-003639,S0036644,2025FA,2025-26,1,1,7395,0,0
AID2025-003640,S0015377,2025FA,2025-26,0,0,0,1,5500
AID2025-003641,S0038645,2025FA,2025-26,0,0,0,0,0
AID2025-003642,S0021065,2025FA,2025-26,0,0,0,0,0
AID2025-003643,S0032509,2025FA,2025-26,0,0,0,1,5500
AID2025-003644,S0021215,2025FA,2025-26,0,0,0,0,0
AID2025-003645,S0021266,2025FA,2025-26,0,0,0,0,0
AID2025-003646,S0024098,2025FA,2025-26,0,0,0,1,5500
AID2025-003647,S0025936,2025FA,2025-26,0,0,0,0,0
AID2025-003648,S0032281,2025FA,2025-26,1,0,0,0,0
AID2025-003649,S0032881,2025FA,2025-26,1,1,7395,1,5500
AID2025-003650,S0013430,2025FA,2025-26,0,0,0,0,0
AID2025-003651,S0034104,2025FA,2025-26,0,0,0,0,0
AID2025-003652,S0040382,2025FA,2025-26,0,0,0,1,5500
AID2025-003653,S0008704,2025FA,2025-26,0,0,0,0,0
AID2025-003654,S0017879,2025FA,2025-26,1,1,7395,0,0
AID2025-003655,S0017327,2025FA,2025-26,0,0,0,1,5500
AID2025-003656,S0026485,2025FA,2025-26,0,0,0,0,0
AID2025-003657,S0027778,2025FA,2025-26,0,0,0,0,0
AID2025-003658,S0039439,2025FA,2025-26,0,0,0,1,5500
AID2025-003659,S0029380,2025FA,2025-26,0,0,0,0,0
AID2025-003660,S0035894,2025FA,2025-26,1,1,7395,0,0
AID2025-003661,S0031480,2025FA,2025-26,1,1,7395,1,5500
AID2025-003662,S0039783,2025FA,2025-26,1,0,0,0,0
AID2025-003663,S0005720,2025FA,2025-26,1,1,7395,0,0
AID2025-003664,S0037646,2025FA,2025-26,1,1,7395,1,5500
AID2025-003665,S0027085,2025FA,2025-26,0,0,0,0,0
AID2025-003666,S0008664,2025FA,2025-26,1,1,7395,0,0
AID2025-003667,S0032999,2025FA,2025-26,0,0,0,1,5500
AID2025-003668,S0024177,2025FA,2025-26,0,0,0,0,0
AID2025-003669,S0008388,2025FA,2025-26,0,0,0,0,0
AID2025-003670,S0012178,2025FA,2025-26,0,0,0,1,5500
AID2025-003671,S0008903,2025FA,2025-26,0,0,0,0,0
AID2025-003672,S0007576,2025FA,2025-26,0,0,0,0,0
AID2025-003673,S0039864,2025FA,2025-26,1,1,7395,1,5500
AID2025-003674,S0035241,2025FA,2025-26,0,0,0,0,0
AID2025-003675,S0035317,2025FA,2025-26,0,0,0,0,0
AID2025-003676,S0003332,2025FA,2025-26,1,0,0,1,5500
AID2025-003677,S0003755,2025FA,2025-26,1,1,7395,0,0
AID2025-003678,S0004884,2025FA,2025-26,1,1,7395,0,0
AID2025-003679,S0024303,2025FA,2025-26,0,0,0,1,5500
AID2025-003680,S0023427,2025FA,2025-26,0,0,0,0,0
AID2025-003681,S0027293,2025FA,2025-26,0,0,0,0,0
AID2025-003682,S0036984,2025FA,2025-26,0,0,0,1,5500
AID2025-003683,S0007770,2025FA,2025-26,0,0,0,0,0
AID2025-003684,S0040577,2025FA,2025-26,0,0,0,0,0
AID2025-003685,S0040369,2025FA,2025-26,0,0,0,1,5500
AID2025-003686,S0035501,2025FA,2025-26,0,0,0,0,0
AID2025-003687,S0028663,2025FA,2025-26,0,0,0,0,0
AID2025-003688,S0003787,2025FA,2025-26,0,0,0,1,5500
AID2025-003689,S0032661,2025FA,2025-26,0,0,0,0,0
AID2025-003690,S0027600,2025FA,2025-26,1,0,0,0,0
AID2025-003691,S0033868,2025FA,2025-26,0,0,0,1,5500
AID2025-003692,S0022439,2025FA,2025-26,0,0,0,0,0
AID2025-003693,S0039125,2025FA,2025-26,1,1,7395,0,0
AID2025-003694,S0018824,2025FA,2025-26,0,0,0,1,5500
AID2025-003695,S0017033,2025FA,2025-26,0,0,0,0,0
AID2025-003696,S0039743,2025FA,2025-26,1,1,7395,0,0
AID2025-003697,S0019046,2025FA,2025-26,1,0,0,1,5500
AID2025-003698,S0003303,2025FA,2025-26,1,1,7395,0,0
AID2025-003699,S0039283,2025FA,2025-26,0,0,0,0,0
AID2025-003700,S0039616,2025FA,2025-26,1,1,7395,1,5500
AID2025-003701,S0039060,2025FA,2025-26,0,0,0,0,0
AID2025-003702,S0010516,2025FA,2025-26,1,1,7395,0,0
AID2025-003703,S0030999,2025FA,2025-26,0,0,0,1,5500
AID2025-003704,S0027371,2025FA,2025-26,0,0,0,0,0
AID2025-003705,S0019011,2025FA,2025-26,0,0,0,0,0
AID2025-003706,S0019197,2025FA,2025-26,1,1,7395,1,5500
AID2025-003707,S0029547,2025FA,2025-26,0,0,0,0,0
AID2025-003708,S0032077,2025FA,2025-26,0,0,0,0,0
AID2025-003709,S0005877,2025FA,2025-26,1,1,7395,1,5500
AID2025-003710,S0037159,2025FA,2025-26,1,1,7395,0,0
AID2025-003711,S0032169,2025FA,2025-26,0,0,0,0,0
AID2025-003712,S0037251,2025FA,2025-26,1,1,7395,1,5500
AID2025-003713,S0028467,2025FA,2025-26,1,1,7395,0,0
AID2025-003714,S0033132,2025FA,2025-26,1,1,7395,0,0
AID2025-003715,S0040015,2025FA,2025-26,0,0,0,1,5500
AID2025-003716,S0004431,2025FA,2025-26,0,0,0,0,0
AID2025-003717,S0040130,2025FA,2025-26,1,1,7395,0,0
AID2025-003718,S0029031,2025FA,2025-26,0,0,0,1,5500
AID2025-003719,S0023804,2025FA,2025-26,1,1,7395,0,0
AID2025-003720,S0036112,2025FA,2025-26,0,0,0,0,0
AID2025-003721,S0032732,2025FA,2025-26,1,1,7395,1,5500
AID2025-003722,S0033047,2025FA,2025-26,0,0,0,0,0
AID2025-003723,S0033352,2025FA,2025-26,0,0,0,0,0
AID2025-003724,S0031070,2025FA,2025-26,0,0,0,1,5500
AID2025-003725,S0038259,2025FA,2025-26,0,0,0,0,0
AID2025-003726,S0001698,2025FA,2025-26,1,1,7395,0,0
AID2025-003727,S0022631,2025FA,2025-26,1,1,7395,1,5500
AID2025-003728,S0028929,2025FA,2025-26,1,1,7395,0,0
AID2025-003729,S0023372,2025FA,2025-26,0,0,0,0,0
AID2025-003730,S0000508,2025FA,2025-26,0,0,0,1,5500
AID2025-003731,S0039355,2025FA,2025-26,0,0,0,0,0
AID2025-003732,S0032397,2025FA,2025-26,0,0,0,0,0
AID2025-003733,S0026258,2025FA,2025-26,0,0,0,1,5500
AID2025-003734,S0030735,2025FA,2025-26,0,0,0,0,0
AID2025-003735,S0036411,2025FA,2025-26,0,0,0,0,0
AID2025-003736,S0032701,2025FA,2025-26,0,0,0,1,5500
AID2025-003737,S0033106,2025FA,2025-26,1,1,7395,0,0
AID2025-003738,S0026248,2025FA,2025-26,0,0,0,0,0
AID2025-003739,S0038778,2025FA,2025-26,0,0,0,1,5500
AID2025-003740,S0015606,2025FA,2025-26,0,0,0,0,0
AID2025-003741,S0027584,2025FA,2025-26,0,0,0,0,0
AID2025-003742,S0030322,2025FA,2025-26,0,0,0,1,5500
AID2025-003743,S0030361,2025FA,2025-26,1,1,7395,0,0
AID2025-003744,S0034413,2025FA,2025-26,1,1,7395,0,0
AID2025-003745,S0039434,2025FA,2025-26,1,1,7395,1,5500
AID2025-003746,S0037111,2025FA,2025-26,1,0,0,0,0
AID2025-003747,S0036013,2025FA,2025-26,0,0,0,0,0
AID2025-003748,S0011883,2025FA,2025-26,0,0,0,1,5500
AID2025-003749,S0020922,2025FA,2025-26,0,0,0,0,0
AID2025-003750,S0023258,2025FA,2025-26,0,0,0,0,0
AID2025-003751,S0030400,2025FA,2025-26,0,0,0,1,5500
AID2025-003752,S0022585,2025FA,2025-26,1,1,7395,0,0
AID2025-003753,S0001528,2025FA,2025-26,0,0,0,0,0
AID2025-003754,S0001516,2025FA,2025-26,0,0,0,1,5500
AID2025-003755,S0004163,2025FA,2025-26,1,1,7395,0,0
AID2025-003756,S0011045,2025FA,2025-26,0,0,0,0,0
AID2025-003757,S0025403,2025FA,2025-26,0,0,0,1,5500
AID2025-003758,S0032328,2025FA,2025-26,0,0,0,0,0
AID2025-003759,S0034320,2025FA,2025-26,0,0,0,0,0
AID2025-003760,S0000143,2025FA,2025-26,0,0,0,1,5500
AID2025-003761,S0005925,2025FA,2025-26,0,0,0,0,0
AID2025-003762,S0000414,2025FA,2025-26,0,0,0,0,0
AID2025-003763,S0020985,2025FA,2025-26,1,1,7395,1,5500
AID2025-003764,S0037334,2025FA,2025-26,0,0,0,0,0
AID2025-003765,S0030478,2025FA,2025-26,1,1,7395,0,0
AID2025-003766,S0001588,2025FA,2025-26,0,0,0,1,5500
AID2025-003767,S0016354,2025FA,2025-26,0,0,0,0,0
AID2025-003768,S0019552,2025FA,2025-26,0,0,0,0,0
AID2025-003769,S0031905,2025FA,2025-26,0,0,0,1,5500
AID2025-003770,S0021724,2025FA,2025-26,1,1,7395,0,0
AID2025-003771,S0038832,2025FA,2025-26,1,1,7395,0,0
AID2025-003772,S0015150,2025FA,2025-26,1,1,7395,1,5500
AID2025-003773,S0008576,2025FA,2025-26,1,1,7395,0,0
AID2025-003774,S0018923,2025FA,2025-26,1,0,0,0,0
AID2025-003775,S0029032,2025FA,2025-26,1,1,7395,1,5500
AID2025-003776,S0038401,2025FA,2025-26,0,0,0,0,0
AID2025-003777,S0022602,2025FA,2025-26,1,1,7395,0,0
AID2025-003778,S0019554,2025FA,2025-26,1,1,7395,1,5500
AID2025-003779,S0039906,2025FA,2025-26,0,0,0,0,0
AID2025-003780,S0028844,2025FA,2025-26,0,0,0,0,0
AID2025-003781,S0035762,2025FA,2025-26,0,0,0,1,5500
AID2025-003782,S0002042,2025FA,2025-26,0,0,0,0,0
AID2025-003783,S0037986,2025FA,2025-26,0,0,0,0,0
AID2025-003784,S0019175,2025FA,2025-26,0,0,0,1,5500
AID2025-003785,S0030488,2025FA,2025-26,0,0,0,0,0
AID2025-003786,S0022785,2025FA,2025-26,1,1,7395,0,0
AID2025-003787,S0031540,2025FA,2025-26,1,1,7395,1,5500
AID2025-003788,S0008430,2025FA,2025-26,0,0,0,0,0
AID2025-003789,S0006427,2025FA,2025-26,1,1,7395,0,0
AID2025-003790,S0038249,2025FA,2025-26,1,1,7395,1,5500
AID2025-003791,S0029611,2025FA,2025-26,0,0,0,0,0
AID2025-003792,S0021490,2025FA,2025-26,1,1,7395,0,0
AID2025-003793,S0033504,2025FA,2025-26,0,0,0,1,5500
AID2025-003794,S0013608,2025FA,2025-26,1,1,7395,0,0
AID2025-003795,S0026719,2025FA,2025-26,0,0,0,0,0
AID2025-003796,S0027267,2025FA,2025-26,0,0,0,1,5500
AID2025-003797,S0011658,2025FA,2025-26,0,0,0,0,0
AID2025-003798,S0036247,2025FA,2025-26,1,1,7395,0,0
AID2025-003799,S0035194,2025FA,2025-26,0,0,0,1,5500
AID2025-003800,S0034017,2025FA,2025-26,1,1,7395,0,0
AID2025-003801,S0039699,2025FA,2025-26,0,0,0,0,0
AID2025-003802,S0037744,2025FA,2025-26,0,0,0,1,5500
AID2025-003803,S0038994,2025FA,2025-26,0,0,0,0,0
AID2025-003804,S0035354,2025FA,2025-26,1,1,7395,0,0
AID2025-003805,S0038496,2025FA,2025-26,1,1,7395,1,5500
AID2025-003806,S0015603,2025FA,2025-26,0,0,0,0,0
AID2025-003807,S0035962,2025FA,2025-26,0,0,0,0,0
AID2025-003808,S0004824,2025FA,2025-26,0,0,0,1,5500
AID2025-003809,S0031098,2025FA,2025-26,0,0,0,0,0
AID2025-003810,S0034094,2025FA,2025-26,0,0,0,0,0
AID2025-003811,S0019289,2025FA,2025-26,0,0,0,1,5500
AID2025-003812,S0033757,2025FA,2025-26,1,1,7395,0,0
AID2025-003813,S0033253,2025FA,2025-26,1,1,7395,0,0
AID2025-003814,S0033983,2025FA,2025-26,0,0,0,1,5500
AID2025-003815,S0038523,2025FA,2025-26,0,0,0,0,0
AID2025-003816,S0018299,2025FA,2025-26,0,0,0,0,0
AID2025-003817,S0019538,2025FA,2025-26,1,1,7395,1,5500
AID2025-003818,S0040471,2025FA,2025-26,0,0,0,0,0
AID2025-003819,S0033933,2025FA,2025-26,0,0,0,0,0
AID2025-003820,S0039014,2025FA,2025-26,0,0,0,1,5500
AID2025-003821,S0035859,2025FA,2025-26,1,1,7395,0,0
AID2025-003822,S0028519,2025FA,2025-26,0,0,0,0,0
AID2025-003823,S0027928,2025FA,2025-26,0,0,0,1,5500
AID2025-003824,S0040024,2025FA,2025-26,0,0,0,0,0
AID2025-003825,S0023482,2025FA,2025-26,0,0,0,0,0
AID2025-003826,S0033374,2025FA,2025-26,0,0,0,1,5500
AID2025-003827,S0032259,2025FA,2025-26,1,1,7395,0,0
AID2025-003828,S0023356,2025FA,2025-26,0,0,0,0,0
AID2025-003829,S0038272,2025FA,2025-26,1,1,7395,1,5500
AID2025-003830,S0032158,2025FA,2025-26,0,0,0,0,0
AID2025-003831,S0012625,2025FA,2025-26,1,1,7395,0,0
AID2025-003832,S0038578,2025FA,2025-26,0,0,0,1,5500
AID2025-003833,S0022885,2025FA,2025-26,0,0,0,0,0
AID2025-003834,S0016499,2025FA,2025-26,1,1,7395,0,0
AID2025-003835,S0028645,2025FA,2025-26,0,0,0,1,5500
AID2025-003836,S0030753,2025FA,2025-26,0,0,0,0,0
AID2025-003837,S0038158,2025FA,2025-26,1,0,0,0,0
AID2025-003838,S0013790,2025FA,2025-26,0,0,0,1,5500
AID2025-003839,S0038207,2025FA,2025-26,1,1,7395,0,0
AID2025-003840,S0017385,2025FA,2025-26,1,1,7395,0,0
AID2025-003841,S0031007,2025FA,2025-26,1,1,7395,1,5500
AID2025-003842,S0000873,2025FA,2025-26,0,0,0,0,0
AID2025-003843,S0026445,2025FA,2025-26,0,0,0,0,0
AID2025-003844,S0036150,2025FA,2025-26,1,0,0,1,5500
AID2025-003845,S0032657,2025FA,2025-26,1,1,7395,0,0
AID2025-003846,S0038528,2025FA,2025-26,0,0,0,0,0
AID2025-003847,S0037690,2025FA,2025-26,0,0,0,1,5500
AID2025-003848,S0035236,2025FA,2025-26,0,0,0,0,0
AID2025-003849,S0040390,2025FA,2025-26,1,1,7395,0,0
AID2025-003850,S0037257,2025FA,2025-26,0,0,0,1,5500
AID2025-003851,S0031794,2025FA,2025-26,0,0,0,0,0
AID2025-003852,S0028383,2025FA,2025-26,1,1,7395,0,0
AID2025-003853,S0007234,2025FA,2025-26,1,1,7395,1,5500
AID2025-003854,S0039407,2025FA,2025-26,1,1,7395,0,0
AID2025-003855,S0022647,2025FA,2025-26,0,0,0,0,0
AID2025-003856,S0026326,2025FA,2025-26,0,0,0,1,5500
AID2025-003857,S0030681,2025FA,2025-26,0,0,0,0,0
AID2025-003858,S0004413,2025FA,2025-26,0,0,0,0,0
AID2025-003859,S0032660,2025FA,2025-26,1,1,7395,1,5500
AID2025-003860,S0009114,2025FA,2025-26,0,0,0,0,0
AID2025-003861,S0013428,2025FA,2025-26,0,0,0,0,0
AID2025-003862,S0037028,2025FA,2025-26,0,0,0,1,5500
AID2025-003863,S0018443,2025FA,2025-26,1,1,7395,0,0
AID2025-003864,S0027621,2025FA,2025-26,0,0,0,0,0
AID2025-003865,S0039664,2025FA,2025-26,0,0,0,1,5500
AID2025-003866,S0023031,2025FA,2025-26,0,0,0,0,0
AID2025-003867,S0027506,2025FA,2025-26,0,0,0,0,0
AID2025-003868,S0039919,2025FA,2025-26,1,1,7395,1,5500
AID2025-003869,S0031257,2025FA,2025-26,0,0,0,0,0
AID2025-003870,S0037227,2025FA,2025-26,0,0,0,0,0
AID2025-003871,S0022719,2025FA,2025-26,0,0,0,1,5500
AID2025-003872,S0037652,2025FA,2025-26,0,0,0,0,0
AID2025-003873,S0004467,2025FA,2025-26,0,0,0,0,0
AID2025-003874,S0030461,2025FA,2025-26,0,0,0,1,5500
AID2025-003875,S0015227,2025FA,2025-26,1,1,7395,0,0
AID2025-003876,S0038059,2025FA,2025-26,0,0,0,0,0
AID2025-003877,S0023521,2025FA,2025-26,1,1,7395,1,5500
AID2025-003878,S0023286,2025FA,2025-26,0,0,0,0,0
AID2025-003879,S0012500,2025FA,2025-26,0,0,0,0,0
AID2025-003880,S0003316,2025FA,2025-26,0,0,0,1,5500
AID2025-003881,S0001345,2025FA,2025-26,0,0,0,0,0
AID2025-003882,S0037469,2025FA,2025-26,1,1,7395,0,0
AID2025-003883,S0037480,2025FA,2025-26,0,0,0,1,5500
AID2025-003884,S0032263,2025FA,2025-26,1,1,7395,0,0
AID2025-003885,S0008027,2025FA,2025-26,1,1,7395,0,0
AID2025-003886,S0028547,2025FA,2025-26,0,0,0,1,5500
AID2025-003887,S0001640,2025FA,2025-26,0,0,0,0,0
AID2025-003888,S0023285,2025FA,2025-26,1,1,7395,0,0
AID2025-003889,S0038279,2025FA,2025-26,0,0,0,1,5500
AID2025-003890,S0034103,2025FA,2025-26,0,0,0,0,0
AID2025-003891,S0038060,2025FA,2025-26,0,0,0,0,0
AID2025-003892,S0001268,2025FA,2025-26,0,0,0,1,5500
AID2025-003893,S0033640,2025FA,2025-26,0,0,0,0,0
AID2025-003894,S0024448,2025FA,2025-26,0,0,0,0,0
AID2025-003895,S0009282,2025FA,2025-26,0,0,0,1,5500
AID2025-003896,S0030846,2025FA,2025-26,1,1,7395,0,0
AID2025-003897,S0021048,2025FA,2025-26,0,0,0,0,0
AID2025-003898,S0040481,2025FA,2025-26,0,0,0,1,5500
AID2025-003899,S0023265,2025FA,2025-26,0,0,0,0,0
AID2025-003900,S0001623,2025FA,2025-26,0,0,0,0,0
AID2025-003901,S0010551,2025FA,2025-26,0,0,0,1,5500
AID2025-003902,S0032182,2025FA,2025-26,0,0,0,0,0
AID2025-003903,S0014035,2025FA,2025-26,1,1,7395,0,0
AID2025-003904,S0019126,2025FA,2025-26,0,0,0,1,5500
AID2025-003905,S0036548,2025FA,2025-26,1,1,7395,0,0
AID2025-003906,S0018429,2025FA,2025-26,1,1,7395,0,0
AID2025-003907,S0017514,2025FA,2025-26,0,0,0,1,5500
AID2025-003908,S0014150,2025FA,2025-26,0,0,0,0,0
AID2025-003909,S0019563,2025FA,2025-26,0,0,0,0,0
AID2025-003910,S0037262,2025FA,2025-26,1,1,7395,1,5500
AID2025-003911,S0029605,2025FA,2025-26,1,1,7395,0,0
AID2025-003912,S0040426,2025FA,2025-26,0,0,0,0,0
AID2025-003913,S0040232,2025FA,2025-26,1,1,7395,1,5500
AID2025-003914,S0022125,2025FA,2025-26,0,0,0,0,0
AID2025-003915,S0007058,2025FA,2025-26,0,0,0,0,0
AID2025-003916,S0036145,2025FA,2025-26,0,0,0,1,5500
AID2025-003917,S0038138,2025FA,2025-26,1,1,7395,0,0
AID2025-003918,S0007618,2025FA,2025-26,0,0,0,0,0
AID2025-003919,S0023664,2025FA,2025-26,0,0,0,1,5500
AID2025-003920,S0008344,2025FA,2025-26,1,1,7395,0,0
AID2025-003921,S0013282,2025FA,2025-26,0,0,0,0,0
AID2025-003922,S0021556,2025FA,2025-26,1,1,7395,1,5500
AID2025-003923,S0037985,2025FA,2025-26,0,0,0,0,0
AID2025-003924,S0037967,2025FA,2025-26,0,0,0,0,0
AID2025-003925,S0032633,2025FA,2025-26,0,0,0,1,5500
AID2025-003926,S0037538,2025FA,2025-26,0,0,0,0,0
AID2025-003927,S0037578,2025FA,2025-26,1,1,7395,0,0
AID2025-003928,S0032126,2025FA,2025-26,0,0,0,1,5500
AID2025-003929,S0040182,2025FA,2025-26,0,0,0,0,0
AID2025-003930,S0025843,2025FA,2025-26,1,1,7395,0,0
AID2025-003931,S0037355,2025FA,2025-26,0,0,0,1,5500
AID2025-003932,S0014895,2025FA,2025-26,1,1,7395,0,0
AID2025-003933,S0019546,2025FA,2025-26,0,0,0,0,0
AID2025-003934,S0032284,2025FA,2025-26,1,1,7395,1,5500
AID2025-003935,S0037908,2025FA,2025-26,0,0,0,0,0
AID2025-003936,S0038678,2025FA,2025-26,0,0,0,0,0
AID2025-003937,S0012748,2025FA,2025-26,0,0,0,1,5500
AID2025-003938,S0032789,2025FA,2025-26,0,0,0,0,0
AID2025-003939,S0036631,2025FA,2025-26,0,0,0,0,0
AID2025-003940,S0015435,2025FA,2025-26,0,0,0,1,5500
AID2025-003941,S0008655,2025FA,2025-26,1,1,7395,0,0
AID2025-003942,S0039674,2025FA,2025-26,0,0,0,0,0
AID2025-003943,S0034253,2025FA,2025-26,1,1,7395,1,5500
AID2025-003944,S0033245,2025FA,2025-26,0,0,0,0,0
AID2025-003945,S0031906,2025FA,2025-26,0,0,0,0,0
AID2025-003946,S0014312,2025FA,2025-26,0,0,0,1,5500
AID2025-003947,S0038444,2025FA,2025-26,0,0,0,0,0
AID2025-003948,S0013350,2025FA,2025-26,0,0,0,0,0
AID2025-003949,S0032783,2025FA,2025-26,0,0,0,1,5500
AID2025-003950,S0008707,2025FA,2025-26,1,1,7395,0,0
AID2025-003951,S0030366,2025FA,2025-26,1,1,7395,0,0
AID2025-003952,S0008170,2025FA,2025-26,1,1,7395,1,5500
AID2025-003953,S0031659,2025FA,2025-26,1,1,7395,0,0
AID2025-003954,S0033532,2025FA,2025-26,0,0,0,0,0
AID2025-003955,S0038699,2025FA,2025-26,1,1,7395,1,5500
AID2025-003956,S0007052,2025FA,2025-26,0,0,0,0,0
AID2025-003957,S0038205,2025FA,2025-26,1,1,7395,0,0
AID2025-003958,S0035539,2025FA,2025-26,0,0,0,1,5500
AID2025-003959,S0022382,2025FA,2025-26,0,0,0,0,0
AID2025-003960,S0001341,2025FA,2025-26,0,0,0,0,0
AID2025-003961,S0030534,2025FA,2025-26,0,0,0,1,5500
AID2025-003962,S0024395,2025FA,2025-26,0,0,0,0,0
AID2025-003963,S0023720,2025FA,2025-26,0,0,0,0,0
AID2025-003964,S0021160,2025FA,2025-26,0,0,0,1,5500
AID2025-003965,S0022015,2025FA,2025-26,0,0,0,0,0
AID2025-003966,S0014342,2025FA,2025-26,0,0,0,0,0
AID2025-003967,S0037800,2025FA,2025-26,0,0,0,1,5500
AID2025-003968,S0032764,2025FA,2025-26,1,1,7395,0,0
AID2025-003969,S0029221,2025FA,2025-26,0,0,0,0,0
AID2025-003970,S0018497,2025FA,2025-26,1,0,0,1,5500
AID2025-003971,S0039473,2025FA,2025-26,0,0,0,0,0
AID2025-003972,S0022862,2025FA,2025-26,1,1,7395,0,0
AID2025-003973,S0032548,2025FA,2025-26,1,1,7395,1,5500
AID2025-003974,S0033021,2025FA,2025-26,1,1,7395,0,0
AID2025-003975,S0026301,2025FA,2025-26,0,0,0,0,0
AID2025-003976,S0026360,2025FA,2025-26,0,0,0,1,5500
AID2025-003977,S0011811,2025FA,2025-26,1,0,0,0,0
AID2025-003978,S0037632,2025FA,2025-26,0,0,0,0,0
AID2025-003979,S0038229,2025FA,2025-26,0,0,0,1,5500
AID2025-003980,S0025529,2025FA,2025-26,0,0,0,0,0
AID2025-003981,S0005840,2025FA,2025-26,0,0,0,0,0
AID2025-003982,S0029128,2025FA,2025-26,1,1,7395,1,5500
AID2025-003983,S0033832,2025FA,2025-26,0,0,0,0,0
AID2025-003984,S0033595,2025FA,2025-26,0,0,0,0,0
AID2025-003985,S0001161,2025FA,2025-26,0,0,0,1,5500
AID2025-003986,S0001219,2025FA,2025-26,0,0,0,0,0
AID2025-003987,S0032225,2025FA,2025-26,1,1,7395,0,0
AID2025-003988,S0028191,2025FA,2025-26,0,0,0,1,5500
AID2025-003989,S0032971,2025FA,2025-26,0,0,0,0,0
AID2025-003990,S0006757,2025FA,2025-26,1,1,7395,0,0
AID2025-003991,S0039684,2025FA,2025-26,0,0,0,1,5500
AID2025-003992,S0037191,2025FA,2025-26,0,0,0,0,0
AID2025-003993,S0012613,2025FA,2025-26,0,0,0,0,0
AID2025-003994,S0022017,2025FA,2025-26,0,0,0,1,5500
AID2025-003995,S0039194,2025FA,2025-26,0,0,0,0,0
AID2025-003996,S0032705,2025FA,2025-26,0,0,0,0,0
AID2025-003997,S0012163,2025FA,2025-26,0,0,0,1,5500
AID2025-003998,S0031839,2025FA,2025-26,1,0,0,0,0
AID2025-003999,S0033407,2025FA,2025-26,0,0,0,0,0
AID2025-004000,S0022571,2025FA,2025-26,0,0,0,1,5500
AID2025-004001,S0011625,2025FA,2025-26,1,1,7395,0,0
AID2025-004002,S0017691,2025FA,2025-26,1,1,7395,0,0
AID2025-004003,S0001725,2025FA,2025-26,0,0,0,1,5500
AID2025-004004,S0029253,2025FA,2025-26,1,1,7395,0,0
AID2025-004005,S0001560,2025FA,2025-26,0,0,0,0,0
AID2025-004006,S0029482,2025FA,2025-26,0,0,0,1,5500
AID2025-004007,S0022798,2025FA,2025-26,0,0,0,0,0
AID2025-004008,S0003180,2025FA,2025-26,0,0,0,0,0
AID2025-004009,S0035318,2025FA,2025-26,0,0,0,1,5500
AID2025-004010,S0035225,2025FA,2025-26,0,0,0,0,0
AID2025-004011,S0028386,2025FA,2025-26,0,0,0,0,0
AID2025-004012,S0012823,2025FA,2025-26,0,0,0,1,5500
AID2025-004013,S0033663,2025FA,2025-26,0,0,0,0,0
AID2025-004014,S0013645,2025FA,2025-26,0,0,0,0,0
AID2025-004015,S0034016,2025FA,2025-26,0,0,0,1,5500
AID2025-004016,S0018865,2025FA,2025-26,1,1,7395,0,0
AID2025-004017,S0035978,2025FA,2025-26,1,1,7395,0,0
AID2025-004018,S0006897,2025FA,2025-26,1,1,7395,1,5500
AID2025-004019,S0036940,2025FA,2025-26,0,0,0,0,0
AID2025-004020,S0032364,2025FA,2025-26,1,1,7395,0,0
AID2025-004021,S0040601,2025FA,2025-26,0,0,0,1,5500
AID2025-004022,S0019463,2025FA,2025-26,0,0,0,0,0
AID2025-004023,S0022088,2025FA,2025-26,0,0,0,0,0
AID2025-004024,S0029190,2025FA,2025-26,0,0,0,1,5500
AID2025-004025,S0024127,2025FA,2025-26,0,0,0,0,0
AID2025-004026,S0033261,2025FA,2025-26,1,0,0,0,0
AID2025-004027,S0027131,2025FA,2025-26,1,1,7395,1,5500
AID2025-004028,S0013141,2025FA,2025-26,0,0,0,0,0
AID2025-004029,S0037368,2025FA,2025-26,0,0,0,0,0
AID2025-004030,S0013120,2025FA,2025-26,0,0,0,1,5500
AID2025-004031,S0032305,2025FA,2025-26,0,0,0,0,0
AID2025-004032,S0034126,2025FA,2025-26,0,0,0,0,0
AID2025-004033,S0022531,2025FA,2025-26,0,0,0,1,5500
AID2025-004034,S0011833,2025FA,2025-26,0,0,0,0,0
AID2025-004035,S0029295,2025FA,2025-26,0,0,0,0,0
AID2025-004036,S0037935,2025FA,2025-26,0,0,0,1,5500
AID2025-004037,S0040163,2025FA,2025-26,0,0,0,0,0
AID2025-004038,S0029263,2025FA,2025-26,1,1,7395,0,0
AID2025-004039,S0036589,2025FA,2025-26,0,0,0,1,5500
AID2025-004040,S0023620,2025FA,2025-26,0,0,0,0,0
AID2025-004041,S0040288,2025FA,2025-26,0,0,0,0,0
AID2025-004042,S0022596,2025FA,2025-26,1,1,7395,1,5500
AID2025-004043,S0032874,2025FA,2025-26,0,0,0,0,0
AID2025-004044,S0027291,2025FA,2025-26,0,0,0,0,0
AID2025-004045,S0037260,2025FA,2025-26,0,0,0,1,5500
AID2025-004046,S0005748,2025FA,2025-26,0,0,0,0,0
AID2025-004047,S0018096,2025FA,2025-26,0,0,0,0,0
AID2025-004048,S0018891,2025FA,2025-26,1,1,7395,1,5500
AID2025-004049,S0026724,2025FA,2025-26,1,1,7395,0,0
AID2025-004050,S0031749,2025FA,2025-26,1,1,7395,0,0
AID2025-004051,S0035624,2025FA,2025-26,0,0,0,1,5500
AID2025-004052,S0010327,2025FA,2025-26,0,0,0,0,0
AID2025-004053,S0022939,2025FA,2025-26,0,0,0,0,0
AID2025-004054,S0025896,2025FA,2025-26,1,0,0,1,5500
AID2025-004055,S0009373,2025FA,2025-26,0,0,0,0,0
AID2025-004056,S0038783,2025FA,2025-26,0,0,0,0,0
AID2025-004057,S0039884,2025FA,2025-26,0,0,0,1,5500
AID2025-004058,S0038952,2025FA,2025-26,1,1,7395,0,0
AID2025-004059,S0035424,2025FA,2025-26,0,0,0,0,0
AID2025-004060,S0001964,2025FA,2025-26,0,0,0,1,5500
AID2025-004061,S0007392,2025FA,2025-26,0,0,0,0,0
AID2025-004062,S0023572,2025FA,2025-26,1,1,7395,0,0
AID2025-004063,S0027825,2025FA,2025-26,1,1,7395,1,5500
AID2025-004064,S0028539,2025FA,2025-26,0,0,0,0,0
AID2025-004065,S0039430,2025FA,2025-26,1,1,7395,0,0
AID2025-004066,S0040200,2025FA,2025-26,0,0,0,1,5500
AID2025-004067,S0016780,2025FA,2025-26,1,1,7395,0,0
AID2025-004068,S0031406,2025FA,2025-26,0,0,0,0,0
AID2025-004069,S0039514,2025FA,2025-26,1,1,7395,1,5500
AID2025-004070,S0028917,2025FA,2025-26,0,0,0,0,0
AID2025-004071,S0036037,2025FA,2025-26,0,0,0,0,0
AID2025-004072,S0032737,2025FA,2025-26,1,1,7395,1,5500
AID2025-004073,S0036932,2025FA,2025-26,1,1,7395,0,0
AID2025-004074,S0003075,2025FA,2025-26,1,1,7395,0,0
AID2025-004075,S0027761,2025FA,2025-26,1,0,0,1,5500
AID2025-004076,S0022735,2025FA,2025-26,1,1,7395,0,0
AID2025-004077,S0036455,2025FA,2025-26,1,1,7395,0,0
AID2025-004078,S0038712,2025FA,2025-26,0,0,0,1,5500
AID2025-004079,S0029137,2025FA,2025-26,0,0,0,0,0
AID2025-004080,S0032239,2025FA,2025-26,0,0,0,0,0
AID2025-004081,S0039475,2025FA,2025-26,0,0,0,1,5500
AID2025-004082,S0039768,2025FA,2025-26,1,0,0,0,0
AID2025-004083,S0031534,2025FA,2025-26,0,0,0,0,0
AID2025-004084,S0009860,2025FA,2025-26,1,1,7395,1,5500
AID2025-004085,S0040465,2025FA,2025-26,0,0,0,0,0
AID2025-004086,S0036398,2025FA,2025-26,0,0,0,0,0
AID2025-004087,S0006051,2025FA,2025-26,0,0,0,1,5500
AID2025-004088,S0018603,2025FA,2025-26,1,1,7395,0,0
AID2025-004089,S0038596,2025FA,2025-26,1,0,0,0,0
AID2025-004090,S0036742,2025FA,2025-26,0,0,0,1,5500
AID2025-004091,S0038981,2025FA,2025-26,1,1,7395,0,0
AID2025-004092,S0039948,2025FA,2025-26,0,0,0,0,0
AID2025-004093,S0016586,2025FA,2025-26,0,0,0,1,5500
AID2025-004094,S0014073,2025FA,2025-26,1,1,7395,0,0
AID2025-004095,S0007666,2025FA,2025-26,0,0,0,0,0
AID2025-004096,S0028428,2025FA,2025-26,1,1,7395,1,5500
AID2025-004097,S0025425,2025FA,2025-26,0,0,0,0,0
AID2025-004098,S0030485,2025FA,2025-26,0,0,0,0,0
AID2025-004099,S0032246,2025FA,2025-26,0,0,0,1,5500
AID2025-004100,S0037685,2025FA,2025-26,0,0,0,0,0
AID2025-004101,S0037210,2025FA,2025-26,0,0,0,0,0
AID2025-004102,S0029342,2025FA,2025-26,0,0,0,1,5500
AID2025-004103,S0005809,2025FA,2025-26,1,0,0,0,0
AID2025-004104,S0037639,2025FA,2025-26,0,0,0,0,0
AID2025-004105,S0023122,2025FA,2025-26,0,0,0,1,5500
AID2025-004106,S0034018,2025FA,2025-26,0,0,0,0,0
AID2025-004107,S0018343,2025FA,2025-26,0,0,0,0,0
AID2025-004108,S0034069,2025FA,2025-26,1,1,7395,1,5500
AID2025-004109,S0012722,2025FA,2025-26,0,0,0,0,0
AID2025-004110,S0038512,2025FA,2025-26,0,0,0,0,0
AID2025-004111,S0015003,2025FA,2025-26,0,0,0,1,5500
AID2025-004112,S0028213,2025FA,2025-26,0,0,0,0,0
AID2025-004113,S0017710,2025FA,2025-26,0,0,0,0,0
AID2025-004114,S0037910,2025FA,2025-26,0,0,0,1,5500
AID2025-004115,S0013714,2025FA,2025-26,0,0,0,0,0
AID2025-004116,S0032102,2025FA,2025-26,0,0,0,0,0
AID2025-004117,S0012456,2025FA,2025-26,0,0,0,1,5500
AID2025-004118,S0017418,2025FA,2025-26,0,0,0,0,0
AID2025-004119,S0009690,2025FA,2025-26,1,1,7395,0,0
AID2025-004120,S0001856,2025FA,2025-26,0,0,0,1,5500
AID2025-004121,S0027165,2025FA,2025-26,0,0,0,0,0
AID2025-004122,S0028466,2025FA,2025-26,1,1,7395,0,0
AID2025-004123,S0039789,2025FA,2025-26,0,0,0,1,5500
AID2025-004124,S0029118,2025FA,2025-26,1,0,0,0,0
AID2025-004125,S0039528,2025FA,2025-26,0,0,0,0,0
AID2025-004126,S0031696,2025FA,2025-26,0,0,0,1,5500
AID2025-004127,S0039830,2025FA,2025-26,0,0,0,0,0
AID2025-004128,S0032973,2025FA,2025-26,0,0,0,0,0
AID2025-004129,S0012720,2025FA,2025-26,0,0,0,1,5500
AID2025-004130,S0032878,2025FA,2025-26,0,0,0,0,0
AID2025-004131,S0034353,2025FA,2025-26,0,0,0,0,0
AID2025-004132,S0028854,2025FA,2025-26,0,0,0,1,5500
AID2025-004133,S0038877,2025FA,2025-26,0,0,0,0,0
AID2025-004134,S0037576,2025FA,2025-26,1,1,7395,0,0
AID2025-004135,S0026384,2025FA,2025-26,0,0,0,1,5500
AID2025-004136,S0028302,2025FA,2025-26,0,0,0,0,0
AID2025-004137,S0009827,2025FA,2025-26,0,0,0,0,0
AID2025-004138,S0036962,2025FA,2025-26,0,0,0,1,5500
AID2025-004139,S0022628,2025FA,2025-26,0,0,0,0,0
AID2025-004140,S0009773,2025FA,2025-26,0,0,0,0,0
AID2025-004141,S0039462,2025FA,2025-26,0,0,0,1,5500
AID2025-004142,S0034333,2025FA,2025-26,1,1,7395,0,0
AID2025-004143,S0034026,2025FA,2025-26,0,0,0,0,0
AID2025-004144,S0000444,2025FA,2025-26,0,0,0,1,5500
AID2025-004145,S0005872,2025FA,2025-26,0,0,0,0,0
AID2025-004146,S0039061,2025FA,2025-26,0,0,0,0,0
AID2025-004147,S0025742,2025FA,2025-26,0,0,0,1,5500
AID2025-004148,S0023792,2025FA,2025-26,0,0,0,0,0
AID2025-004149,S0015507,2025FA,2025-26,0,0,0,0,0
AID2025-004150,S0038148,2025FA,2025-26,0,0,0,1,5500
AID2025-004151,S0026778,2025FA,2025-26,0,0,0,0,0
AID2025-004152,S0012514,2025FA,2025-26,0,0,0,0,0
AID2025-004153,S0027306,2025FA,2025-26,0,0,0,1,5500
AID2025-004154,S0031879,2025FA,2025-26,0,0,0,0,0
AID2025-004155,S0019113,2025FA,2025-26,0,0,0,0,0
AID2025-004156,S0015920,2025FA,2025-26,0,0,0,1,5500
AID2025-004157,S0027369,2025FA,2025-26,1,1,7395,0,0
AID2025-004158,S0026017,2025FA,2025-26,0,0,0,0,0
AID2025-004159,S0031396,2025FA,2025-26,0,0,0,1,5500
AID2025-004160,S0037603,2025FA,2025-26,0,0,0,0,0
AID2025-004161,S0026385,2025FA,2025-26,0,0,0,0,0
AID2025-004162,S0040001,2025FA,2025-26,1,1,7395,1,5500
AID2025-004163,S0032499,2025FA,2025-26,1,1,7395,0,0
AID2025-004164,S0038208,2025FA,2025-26,1,1,7395,0,0
AID2025-004165,S0037605,2025FA,2025-26,0,0,0,1,5500
AID2025-004166,S0022363,2025FA,2025-26,0,0,0,0,0
AID2025-004167,S0040281,2025FA,2025-26,0,0,0,0,0
AID2025-004168,S0028477,2025FA,2025-26,1,1,7395,1,5500
AID2025-004169,S0031787,2025FA,2025-26,0,0,0,0,0
AID2025-004170,S0028025,2025FA,2025-26,1,1,7395,0,0
AID2025-004171,S0016349,2025FA,2025-26,0,0,0,1,5500
AID2025-004172,S0039158,2025FA,2025-26,1,1,7395,0,0
AID2025-004173,S0021350,2025FA,2025-26,1,0,0,0,0
AID2025-004174,S0028178,2025FA,2025-26,1,1,7395,1,5500
AID2025-004175,S0033702,2025FA,2025-26,0,0,0,0,0
AID2025-004176,S0003965,2025FA,2025-26,0,0,0,0,0
AID2025-004177,S0018280,2025FA,2025-26,0,0,0,1,5500
AID2025-004178,S0015132,2025FA,2025-26,1,1,7395,0,0
AID2025-004179,S0040133,2025FA,2025-26,0,0,0,0,0
AID2025-004180,S0035417,2025FA,2025-26,0,0,0,1,5500
AID2025-004181,S0039470,2025FA,2025-26,1,1,7395,0,0
AID2025-004182,S0032823,2025FA,2025-26,0,0,0,0,0
AID2025-004183,S0023001,2025FA,2025-26,0,0,0,1,5500
AID2025-004184,S0033767,2025FA,2025-26,1,1,7395,0,0
AID2025-004185,S0005974,2025FA,2025-26,0,0,0,0,0
AID2025-004186,S0017668,2025FA,2025-26,0,0,0,1,5500
AID2025-004187,S0029211,2025FA,2025-26,0,0,0,0,0
AID2025-004188,S0028719,2025FA,2025-26,0,0,0,0,0
AID2025-004189,S0022423,2025FA,2025-26,0,0,0,1,5500
AID2025-004190,S0033239,2025FA,2025-26,1,1,7395,0,0
AID2025-004191,S0020864,2025FA,2025-26,0,0,0,0,0
AID2025-004192,S0039956,2025FA,2025-26,0,0,0,1,5500
AID2025-004193,S0040563,2025FA,2025-26,0,0,0,0,0
AID2025-004194,S0021651,2025FA,2025-26,0,0,0,0,0
AID2025-004195,S0031110,2025FA,2025-26,0,0,0,1,5500
AID2025-004196,S0032619,2025FA,2025-26,0,0,0,0,0
AID2025-004197,S0024267,2025FA,2025-26,0,0,0,0,0
AID2025-004198,S0027435,2025FA,2025-26,1,1,7395,1,5500
AID2025-004199,S0010020,2025FA,2025-26,0,0,0,0,0
AID2025-004200,S0032153,2025FA,2025-26,1,1,7395,0,0
AID2025-004201,S0018563,2025FA,2025-26,0,0,0,1,5500
AID2025-004202,S0026419,2025FA,2025-26,1,1,7395,0,0
AID2025-004203,S0031238,2025FA,2025-26,0,0,0,0,0
AID2025-004204,S0001961,2025FA,2025-26,1,1,7395,1,5500
AID2025-004205,S0038378,2025FA,2025-26,0,0,0,0,0
AID2025-004206,S0033053,2025FA,2025-26,1,1,7395,0,0
AID2025-004207,S0001064,2025FA,2025-26,1,1,7395,1,5500
AID2025-004208,S0019277,2025FA,2025-26,0,0,0,0,0
AID2025-004209,S0034233,2025FA,2025-26,0,0,0,0,0
AID2025-004210,S0035145,2025FA,2025-26,0,0,0,1,5500
AID2025-004211,S0026056,2025FA,2025-26,1,1,7395,0,0
AID2025-004212,S0033123,2025FA,2025-26,1,1,7395,0,0
AID2025-004213,S0031498,2025FA,2025-26,1,1,7395,1,5500
AID2025-004214,S0038215,2025FA,2025-26,0,0,0,0,0
AID2025-004215,S0016512,2025FA,2025-26,0,0,0,0,0
AID2025-004216,S0021366,2025FA,2025-26,1,1,7395,1,5500
AID2025-004217,S0038584,2025FA,2025-26,0,0,0,0,0
AID2025-004218,S0007138,2025FA,2025-26,0,0,0,0,0
AID2025-004219,S0037483,2025FA,2025-26,0,0,0,1,5500
AID2025-004220,S0033585,2025FA,2025-26,0,0,0,0,0
AID2025-004221,S0033313,2025FA,2025-26,1,1,7395,0,0
AID2025-004222,S0021028,2025FA,2025-26,1,0,0,1,5500
AID2025-004223,S0037825,2025FA,2025-26,0,0,0,0,0
AID2025-004224,S0037212,2025FA,2025-26,0,0,0,0,0
AID2025-004225,S0037936,2025FA,2025-26,0,0,0,1,5500
AID2025-004226,S0035129,2025FA,2025-26,0,0,0,0,0
AID2025-004227,S0035801,2025FA,2025-26,0,0,0,0,0
AID2025-004228,S0040158,2025FA,2025-26,1,1,7395,1,5500
AID2025-004229,S0023770,2025FA,2025-26,0,0,0,0,0
AID2025-004230,S0010822,2025FA,2025-26,1,1,7395,0,0
AID2025-004231,S0038092,2025FA,2025-26,1,1,7395,1,5500
AID2025-004232,S0018022,2025FA,2025-26,1,1,7395,0,0
AID2025-004233,S0015100,2025FA,2025-26,1,1,7395,0,0
AID2025-004234,S0034108,2025FA,2025-26,1,1,7395,1,5500
AID2025-004235,S0004886,2025FA,2025-26,0,0,0,0,0
AID2025-004236,S0029150,2025FA,2025-26,1,0,0,0,0
AID2025-004237,S0038586,2025FA,2025-26,0,0,0,1,5500
AID2025-004238,S0023485,2025FA,2025-26,0,0,0,0,0
AID2025-004239,S0027812,2025FA,2025-26,0,0,0,0,0
AID2025-004240,S0009336,2025FA,2025-26,1,1,7395,1,5500
AID2025-004241,S0009778,2025FA,2025-26,0,0,0,0,0
AID2025-004242,S0013791,2025FA,2025-26,0,0,0,0,0
AID2025-004243,S0005772,2025FA,2025-26,0,0,0,1,5500
AID2025-004244,S0001085,2025FA,2025-26,1,1,7395,0,0
AID2025-004245,S0008316,2025FA,2025-26,0,0,0,0,0
AID2025-004246,S0036903,2025FA,2025-26,0,0,0,1,5500
AID2025-004247,S0035893,2025FA,2025-26,0,0,0,0,0
AID2025-004248,S0031865,2025FA,2025-26,0,0,0,0,0
AID2025-004249,S0034235,2025FA,2025-26,0,0,0,1,5500
AID2025-004250,S0027616,2025FA,2025-26,0,0,0,0,0
AID2025-004251,S0015881,2025FA,2025-26,0,0,0,0,0
AID2025-004252,S0038390,2025FA,2025-26,0,0,0,1,5500
AID2025-004253,S0011121,2025FA,2025-26,0,0,0,0,0
AID2025-004254,S0037503,2025FA,2025-26,0,0,0,0,0
AID2025-004255,S0000986,2025FA,2025-26,0,0,0,1,5500
AID2025-004256,S0009868,2025FA,2025-26,0,0,0,0,0
AID2025-004257,S0036813,2025FA,2025-26,1,0,0,0,0
AID2025-004258,S0039585,2025FA,2025-26,0,0,0,1,5500
AID2025-004259,S0001833,2025FA,2025-26,0,0,0,0,0
AID2025-004260,S0005996,2025FA,2025-26,0,0,0,0,0
AID2025-004261,S0040137,2025FA,2025-26,0,0,0,1,5500
AID2025-004262,S0014120,2025FA,2025-26,0,0,0,0,0
AID2025-004263,S0023329,2025FA,2025-26,0,0,0,0,0
AID2025-004264,S0000170,2025FA,2025-26,0,0,0,1,5500
AID2025-004265,S0004751,2025FA,2025-26,0,0,0,0,0
AID2025-004266,S0039348,2025FA,2025-26,1,1,7395,0,0
AID2025-004267,S0006505,2025FA,2025-26,0,0,0,1,5500
AID2025-004268,S0032950,2025FA,2025-26,0,0,0,0,0
AID2025-004269,S0018499,2025FA,2025-26,0,0,0,0,0
AID2025-004270,S0037064,2025FA,2025-26,0,0,0,1,5500
AID2025-004271,S0039693,2025FA,2025-26,1,0,0,0,0
AID2025-004272,S0002033,2025FA,2025-26,0,0,0,0,0
AID2025-004273,S0028522,2025FA,2025-26,1,1,7395,1,5500
AID2025-004274,S0032414,2025FA,2025-26,1,1,7395,0,0
AID2025-004275,S0040397,2025FA,2025-26,1,1,7395,0,0
AID2025-004276,S0003119,2025FA,2025-26,0,0,0,1,5500
AID2025-004277,S0033271,2025FA,2025-26,0,0,0,0,0
AID2025-004278,S0040655,2025FA,2025-26,0,0,0,0,0
AID2025-004279,S0035172,2025FA,2025-26,0,0,0,1,5500
AID2025-004280,S0023165,2025FA,2025-26,1,1,7395,0,0
AID2025-004281,S0017807,2025FA,2025-26,0,0,0,0,0
AID2025-004282,S0032203,2025FA,2025-26,1,1,7395,1,5500
AID2025-004283,S0037383,2025FA,2025-26,1,1,7395,0,0
AID2025-004284,S0023805,2025FA,2025-26,0,0,0,0,0
AID2025-004285,S0028452,2025FA,2025-26,0,0,0,1,5500
AID2025-004286,S0008913,2025FA,2025-26,0,0,0,0,0
AID2025-004287,S0029384,2025FA,2025-26,0,0,0,0,0
AID2025-004288,S0032838,2025FA,2025-26,0,0,0,1,5500
AID2025-004289,S0000704,2025FA,2025-26,1,1,7395,0,0
AID2025-004290,S0011564,2025FA,2025-26,0,0,0,0,0
AID2025-004291,S0029417,2025FA,2025-26,0,0,0,1,5500
AID2025-004292,S0033189,2025FA,2025-26,0,0,0,0,0
AID2025-004293,S0039100,2025FA,2025-26,1,1,7395,0,0
AID2025-004294,S0030573,2025FA,2025-26,0,0,0,1,5500
AID2025-004295,S0019244,2025FA,2025-26,1,1,7395,0,0
AID2025-004296,S0037091,2025FA,2025-26,1,1,7395,0,0
AID2025-004297,S0001476,2025FA,2025-26,0,0,0,1,5500
AID2025-004298,S0034082,2025FA,2025-26,0,0,0,0,0
AID2025-004299,S0028274,2025FA,2025-26,1,0,0,0,0
AID2025-004300,S0010186,2025FA,2025-26,1,1,7395,1,5500
AID2025-004301,S0032846,2025FA,2025-26,0,0,0,0,0
AID2025-004302,S0006715,2025FA,2025-26,0,0,0,0,0
AID2025-004303,S0001123,2025FA,2025-26,1,1,7395,1,5500
AID2025-004304,S0040461,2025FA,2025-26,1,1,7395,0,0
AID2025-004305,S0040046,2025FA,2025-26,0,0,0,0,0
AID2025-004306,S0040033,2025FA,2025-26,1,0,0,1,5500
AID2025-004307,S0039811,2025FA,2025-26,1,1,7395,0,0
AID2025-004308,S0023480,2025FA,2025-26,1,1,7395,0,0
AID2025-004309,S0011937,2025FA,2025-26,0,0,0,1,5500
AID2025-004310,S0007297,2025FA,2025-26,0,0,0,0,0
AID2025-004311,S0001935,2025FA,2025-26,0,0,0,0,0
AID2025-004312,S0022930,2025FA,2025-26,0,0,0,1,5500
AID2025-004313,S0032569,2025FA,2025-26,0,0,0,0,0
AID2025-004314,S0019380,2025FA,2025-26,0,0,0,0,0
AID2025-004315,S0037866,2025FA,2025-26,1,1,7395,1,5500
AID2025-004316,S0033807,2025FA,2025-26,0,0,0,0,0
AID2025-004317,S0008019,2025FA,2025-26,1,1,7395,0,0
AID2025-004318,S0001250,2025FA,2025-26,0,0,0,1,5500
AID2025-004319,S0000394,2025FA,2025-26,0,0,0,0,0
AID2025-004320,S0022310,2025FA,2025-26,0,0,0,0,0
AID2025-004321,S0036536,2025FA,2025-26,0,0,0,1,5500
AID2025-004322,S0017363,2025FA,2025-26,1,1,7395,0,0
AID2025-004323,S0033658,2025FA,2025-26,0,0,0,0,0
AID2025-004324,S0009143,2025FA,2025-26,1,1,7395,1,5500
AID2025-004325,S0027681,2025FA,2025-26,0,0,0,0,0
AID2025-004326,S0039089,2025FA,2025-26,0,0,0,0,0
AID2025-004327,S0009137,2025FA,2025-26,0,0,0,1,5500
AID2025-004328,S0023208,2025FA,2025-26,0,0,0,0,0
AID2025-004329,S0025468,2025FA,2025-26,0,0,0,0,0
AID2025-004330,S0033889,2025FA,2025-26,0,0,0,1,5500
AID2025-004331,S0013518,2025FA,2025-26,1,1,7395,0,0
AID2025-004332,S0016550,2025FA,2025-26,1,1,7395,0,0
AID2025-004333,S0030609,2025FA,2025-26,1,1,7395,1,5500
AID2025-004334,S0039613,2025FA,2025-26,1,0,0,0,0
AID2025-004335,S0038924,2025FA,2025-26,1,1,7395,0,0
AID2025-004336,S0021901,2025FA,2025-26,0,0,0,1,5500
AID2025-004337,S0009706,2025FA,2025-26,0,0,0,0,0
AID2025-004338,S0039270,2025FA,2025-26,1,1,7395,0,0
AID2025-004339,S0029270,2025FA,2025-26,0,0,0,1,5500
AID2025-004340,S0040546,2025FA,2025-26,0,0,0,0,0
AID2025-004341,S0015392,2025FA,2025-26,0,0,0,0,0
AID2025-004342,S0028799,2025FA,2025-26,1,1,7395,1,5500
AID2025-004343,S0035522,2025FA,2025-26,0,0,0,0,0
AID2025-004344,S0022428,2025FA,2025-26,0,0,0,0,0
AID2025-004345,S0008462,2025FA,2025-26,1,1,7395,1,5500
AID2025-004346,S0000422,2025FA,2025-26,1,1,7395,0,0
AID2025-004347,S0016549,2025FA,2025-26,0,0,0,0,0
AID2025-004348,S0031791,2025FA,2025-26,0,0,0,1,5500
AID2025-004349,S0019391,2025FA,2025-26,0,0,0,0,0
AID2025-004350,S0038269,2025FA,2025-26,0,0,0,0,0
AID2025-004351,S0039146,2025FA,2025-26,1,1,7395,1,5500
AID2025-004352,S0037039,2025FA,2025-26,0,0,0,0,0
AID2025-004353,S0036267,2025FA,2025-26,0,0,0,0,0
AID2025-004354,S0007672,2025FA,2025-26,0,0,0,1,5500
AID2025-004355,S0001684,2025FA,2025-26,0,0,0,0,0
AID2025-004356,S0017671,2025FA,2025-26,0,0,0,0,0
AID2025-004357,S0023629,2025FA,2025-26,0,0,0,1,5500
AID2025-004358,S0013895,2025FA,2025-26,1,1,7395,0,0
AID2025-004359,S0033957,2025FA,2025-26,0,0,0,0,0
AID2025-004360,S0010636,2025FA,2025-26,0,0,0,1,5500
AID2025-004361,S0022219,2025FA,2025-26,0,0,0,0,0
AID2025-004362,S0038634,2025FA,2025-26,0,0,0,0,0
AID2025-004363,S0040247,2025FA,2025-26,0,0,0,1,5500
AID2025-004364,S0037663,2025FA,2025-26,0,0,0,0,0
AID2025-004365,S0023595,2025FA,2025-26,0,0,0,0,0
AID2025-004366,S0038188,2025FA,2025-26,0,0,0,1,5500
AID2025-004367,S0011970,2025FA,2025-26,0,0,0,0,0
AID2025-004368,S0027311,2025FA,2025-26,0,0,0,0,0
AID2025-004369,S0038310,2025FA,2025-26,1,1,7395,1,5500
AID2025-004370,S0032836,2025FA,2025-26,0,0,0,0,0
AID2025-004371,S0018670,2025FA,2025-26,1,1,7395,0,0
AID2025-004372,S0025640,2025FA,2025-26,0,0,0,1,5500
AID2025-004373,S0029368,2025FA,2025-26,0,0,0,0,0
AID2025-004374,S0003822,2025FA,2025-26,0,0,0,0,0
AID2025-004375,S0036449,2025FA,2025-26,0,0,0,1,5500
AID2025-004376,S0033144,2025FA,2025-26,0,0,0,0,0
AID2025-004377,S0005151,2025FA,2025-26,1,1,7395,0,0
AID2025-004378,S0040193,2025FA,2025-26,0,0,0,1,5500
AID2025-004379,S0039705,2025FA,2025-26,0,0,0,0,0
AID2025-004380,S0030994,2025FA,2025-26,1,1,7395,0,0
AID2025-004381,S0029266,2025FA,2025-26,0,0,0,1,5500
AID2025-004382,S0004041,2025FA,2025-26,0,0,0,0,0
AID2025-004383,S0036969,2025FA,2025-26,1,0,0,0,0
AID2025-004384,S0032478,2025FA,2025-26,0,0,0,1,5500
AID2025-004385,S0030463,2025FA,2025-26,0,0,0,0,0
AID2025-004386,S0009330,2025FA,2025-26,0,0,0,0,0
AID2025-004387,S0032237,2025FA,2025-26,0,0,0,1,5500
AID2025-004388,S0023774,2025FA,2025-26,1,1,7395,0,0
AID2025-004389,S0022687,2025FA,2025-26,0,0,0,0,0
AID2025-004390,S0039186,2025FA,2025-26,0,0,0,1,5500
AID2025-004391,S0013466,2025FA,2025-26,0,0,0,0,0
AID2025-004392,S0033814,2025FA,2025-26,0,0,0,0,0
AID2025-004393,S0000807,2025FA,2025-26,0,0,0,1,5500
AID2025-004394,S0032918,2025FA,2025-26,1,1,7395,0,0
AID2025-004395,S0033712,2025FA,2025-26,0,0,0,0,0
AID2025-004396,S0007068,2025FA,2025-26,0,0,0,1,5500
AID2025-004397,S0018258,2025FA,2025-26,1,0,0,0,0
AID2025-004398,S0034214,2025FA,2025-26,0,0,0,0,0
AID2025-004399,S0034113,2025FA,2025-26,0,0,0,1,5500
AID2025-004400,S0040361,2025FA,2025-26,0,0,0,0,0
AID2025-004401,S0023303,2025FA,2025-26,1,1,7395,0,0
AID2025-004402,S0039201,2025FA,2025-26,1,1,7395,1,5500
AID2025-004403,S0022579,2025FA,2025-26,1,1,7395,0,0
AID2025-004404,S0040470,2025FA,2025-26,0,0,0,0,0
AID2025-004405,S0027074,2025FA,2025-26,0,0,0,1,5500
AID2025-004406,S0033989,2025FA,2025-26,1,1,7395,0,0
AID2025-004407,S0039041,2025FA,2025-26,0,0,0,0,0
AID2025-004408,S0038961,2025FA,2025-26,0,0,0,1,5500
AID2025-004409,S0028325,2025FA,2025-26,1,1,7395,0,0
AID2025-004410,S0038195,2025FA,2025-26,0,0,0,0,0
AID2025-004411,S0031884,2025FA,2025-26,0,0,0,1,5500
AID2025-004412,S0032395,2025FA,2025-26,0,0,0,0,0
AID2025-004413,S0029179,2025FA,2025-26,1,1,7395,0,0
AID2025-004414,S0035158,2025FA,2025-26,1,1,7395,1,5500
AID2025-004415,S0025377,2025FA,2025-26,0,0,0,0,0
AID2025-004416,S0008986,2025FA,2025-26,0,0,0,0,0
AID2025-004417,S0017394,2025FA,2025-26,1,1,7395,1,5500
AID2025-004418,S0021885,2025FA,2025-26,0,0,0,0,0
AID2025-004419,S0031805,2025FA,2025-26,1,1,7395,0,0
AID2025-004420,S0033428,2025FA,2025-26,0,0,0,1,5500
AID2025-004421,S0030987,2025FA,2025-26,1,1,7395,0,0
AID2025-004422,S0014943,2025FA,2025-26,0,0,0,0,0
AID2025-004423,S0026674,2025FA,2025-26,1,1,7395,1,5500
AID2025-004424,S0035914,2025FA,2025-26,0,0,0,0,0
AID2025-004425,S0025504,2025FA,2025-26,0,0,0,0,0
AID2025-004426,S0009101,2025FA,2025-26,0,0,0,1,5500
AID2025-004427,S0000568,2025FA,2025-26,0,0,0,0,0
AID2025-004428,S0040262,2025FA,2025-26,1,1,7395,0,0
AID2025-004429,S0000016,2025FA,2025-26,1,1,7395,1,5500
AID2025-004430,S0026340,2025FA,2025-26,1,1,7395,0,0
AID2025-004431,S0009060,2025FA,2025-26,1,1,7395,0,0
AID2025-004432,S0028049,2025FA,2025-26,0,0,0,1,5500
AID2025-004433,S0011436,2025FA,2025-26,1,1,7395,0,0
AID2025-004434,S0016339,2025FA,2025-26,0,0,0,0,0
AID2025-004435,S0039487,2025FA,2025-26,0,0,0,1,5500
AID2025-004436,S0037733,2025FA,2025-26,0,0,0,0,0
AID2025-004437,S0033027,2025FA,2025-26,0,0,0,0,0
AID2025-004438,S0021023,2025FA,2025-26,0,0,0,1,5500
AID2025-004439,S0019645,2025FA,2025-26,1,0,0,0,0
AID2025-004440,S0040174,2025FA,2025-26,1,1,7395,0,0
AID2025-004441,S0010379,2025FA,2025-26,0,0,0,1,5500
AID2025-004442,S0014263,2025FA,2025-26,0,0,0,0,0
AID2025-004443,S0020886,2025FA,2025-26,0,0,0,0,0
AID2025-004444,S0004026,2025FA,2025-26,0,0,0,1,5500
AID2025-004445,S0023703,2025FA,2025-26,1,1,7395,0,0
AID2025-004446,S0037874,2025FA,2025-26,1,0,0,0,0
AID2025-004447,S0028533,2025FA,2025-26,0,0,0,1,5500
AID2025-004448,S0039809,2025FA,2025-26,1,1,7395,0,0
AID2025-004449,S0038727,2025FA,2025-26,0,0,0,0,0
AID2025-004450,S0038152,2025FA,2025-26,0,0,0,1,5500
AID2025-004451,S0009266,2025FA,2025-26,1,1,7395,0,0
AID2025-004452,S0001733,2025FA,2025-26,1,1,7395,0,0
AID2025-004453,S0037069,2025FA,2025-26,1,0,0,1,5500
AID2025-004454,S0014228,2025FA,2025-26,1,1,7395,0,0
AID2025-004455,S0015208,2025FA,2025-26,1,1,7395,0,0
AID2025-004456,S0036959,2025FA,2025-26,1,1,7395,1,5500
AID2025-004457,S0038470,2025FA,2025-26,1,1,7395,0,0
AID2025-004458,S0037254,2025FA,2025-26,0,0,0,0,0
AID2025-004459,S0036906,2025FA,2025-26,0,0,0,1,5500
AID2025-004460,S0040405,2025FA,2025-26,1,1,7395,0,0
AID2025-004461,S0032996,2025FA,2025-26,1,1,7395,0,0
AID2025-004462,S0000677,2025FA,2025-26,1,1,7395,1,5500
AID2025-004463,S0032849,2025FA,2025-26,0,0,0,0,0
AID2025-004464,S0028604,2025FA,2025-26,0,0,0,0,0
AID2025-004465,S0018278,2025FA,2025-26,0,0,0,1,5500
AID2025-004466,S0023875,2025FA,2025-26,0,0,0,0,0
AID2025-004467,S0022600,2025FA,2025-26,0,0,0,0,0
AID2025-004468,S0029300,2025FA,2025-26,1,1,7395,1,5500
AID2025-004469,S0040357,2025FA,2025-26,0,0,0,0,0
AID2025-004470,S0028104,2025FA,2025-26,1,1,7395,0,0
AID2025-004471,S0039939,2025FA,2025-26,0,0,0,1,5500
AID2025-004472,S0038857,2025FA,2025-26,0,0,0,0,0
AID2025-004473,S0033113,2025FA,2025-26,0,0,0,0,0
AID2025-004474,S0029273,2025FA,2025-26,0,0,0,1,5500
AID2025-004475,S0040536,2025FA,2025-26,0,0,0,0,0
AID2025-004476,S0037423,2025FA,2025-26,0,0,0,0,0
AID2025-004477,S0038032,2025FA,2025-26,0,0,0,1,5500
AID2025-004478,S0035839,2025FA,2025-26,1,1,7395,0,0
AID2025-004479,S0033682,2025FA,2025-26,1,1,7395,0,0
AID2025-004480,S0033550,2025FA,2025-26,0,0,0,1,5500
AID2025-004481,S0031053,2025FA,2025-26,0,0,0,0,0
AID2025-004482,S0032156,2025FA,2025-26,0,0,0,0,0
AID2025-004483,S0018941,2025FA,2025-26,1,1,7395,1,5500
AID2025-004484,S0010114,2025FA,2025-26,1,1,7395,0,0
AID2025-004485,S0036162,2025FA,2025-26,0,0,0,0,0
AID2025-004486,S0027257,2025FA,2025-26,0,0,0,1,5500
AID2025-004487,S0015634,2025FA,2025-26,0,0,0,0,0
AID2025-004488,S0027581,2025FA,2025-26,0,0,0,0,0
AID2025-004489,S0035273,2025FA,2025-26,0,0,0,1,5500
AID2025-004490,S0036705,2025FA,2025-26,0,0,0,0,0
AID2025-004491,S0035264,2025FA,2025-26,0,0,0,0,0
AID2025-004492,S0005594,2025FA,2025-26,1,1,7395,1,5500
AID2025-004493,S0011155,2025FA,2025-26,1,1,7395,0,0
AID2025-004494,S0032960,2025FA,2025-26,0,0,0,0,0
AID2025-004495,S0019441,2025FA,2025-26,0,0,0,1,5500
AID2025-004496,S0031668,2025FA,2025-26,0,0,0,0,0
AID2025-004497,S0032523,2025FA,2025-26,1,1,7395,0,0
AID2025-004498,S0012266,2025FA,2025-26,0,0,0,1,5500
AID2025-004499,S0018981,2025FA,2025-26,1,1,7395,0,0
AID2025-004500,S0037729,2025FA,2025-26,0,0,0,0,0
AID2025-004501,S0028964,2025FA,2025-26,1,1,7395,1,5500
AID2025-004502,S0029308,2025FA,2025-26,0,0,0,0,0
AID2025-004503,S0001263,2025FA,2025-26,1,1,7395,0,0
AID2025-004504,S0036535,2025FA,2025-26,0,0,0,1,5500
AID2025-004505,S0033871,2025FA,2025-26,1,1,7395,0,0
AID2025-004506,S0012475,2025FA,2025-26,0,0,0,0,0
AID2025-004507,S0039505,2025FA,2025-26,0,0,0,1,5500
AID2025-004508,S0039917,2025FA,2025-26,1,1,7395,0,0
AID2025-004509,S0003020,2025FA,2025-26,0,0,0,0,0
AID2025-004510,S0025848,2025FA,2025-26,1,1,7395,1,5500
AID2025-004511,S0029281,2025FA,2025-26,0,0,0,0,0
AID2025-004512,S0040623,2025FA,2025-26,0,0,0,0,0
AID2025-004513,S0035210,2025FA,2025-26,1,1,7395,1,5500
AID2025-004514,S0004484,2025FA,2025-26,0,0,0,0,0
AID2025-004515,S0037625,2025FA,2025-26,0,0,0,0,0
AID2025-004516,S0003408,2025FA,2025-26,0,0,0,1,5500
AID2025-004517,S0032994,2025FA,2025-26,0,0,0,0,0
AID2025-004518,S0037594,2025FA,2025-26,0,0,0,0,0
AID2025-004519,S0015732,2025FA,2025-26,0,0,0,1,5500
AID2025-004520,S0032136,2025FA,2025-26,1,1,7395,0,0
AID2025-004521,S0029371,2025FA,2025-26,0,0,0,0,0
AID2025-004522,S0033809,2025FA,2025-26,0,0,0,1,5500
AID2025-004523,S0010041,2025FA,2025-26,1,0,0,0,0
AID2025-004524,S0029200,2025FA,2025-26,0,0,0,0,0
AID2025-004525,S0039465,2025FA,2025-26,0,0,0,1,5500
AID2025-004526,S0018322,2025FA,2025-26,0,0,0,0,0
AID2025-004527,S0037224,2025FA,2025-26,1,1,7395,0,0
AID2025-004528,S0031067,2025FA,2025-26,1,1,7395,1,5500
AID2025-004529,S0033463,2025FA,2025-26,0,0,0,0,0
AID2025-004530,S0027837,2025FA,2025-26,0,0,0,0,0
AID2025-004531,S0018005,2025FA,2025-26,1,1,7395,1,5500
AID2025-004532,S0022505,2025FA,2025-26,0,0,0,0,0
AID2025-004533,S0023947,2025FA,2025-26,0,0,0,0,0
AID2025-004534,S0023621,2025FA,2025-26,1,1,7395,1,5500
AID2025-004535,S0038018,2025FA,2025-26,0,0,0,0,0
AID2025-004536,S0034298,2025FA,2025-26,0,0,0,0,0
AID2025-004537,S0029325,2025FA,2025-26,1,0,0,1,5500
AID2025-004538,S0039868,2025FA,2025-26,0,0,0,0,0
AID2025-004539,S0039072,2025FA,2025-26,1,1,7395,0,0
AID2025-004540,S0015084,2025FA,2025-26,0,0,0,1,5500
AID2025-004541,S0022573,2025FA,2025-26,0,0,0,0,0
AID2025-004542,S0017808,2025FA,2025-26,0,0,0,0,0
AID2025-004543,S0024079,2025FA,2025-26,1,1,7395,1,5500
AID2025-004544,S0024354,2025FA,2025-26,0,0,0,0,0
AID2025-004545,S0035466,2025FA,2025-26,0,0,0,0,0
AID2025-004546,S0024123,2025FA,2025-26,1,1,7395,1,5500
AID2025-004547,S0010619,2025FA,2025-26,0,0,0,0,0
AID2025-004548,S0033804,2025FA,2025-26,1,1,7395,0,0
AID2025-004549,S0024370,2025FA,2025-26,0,0,0,1,5500
AID2025-004550,S0027891,2025FA,2025-26,0,0,0,0,0
AID2025-004551,S0039268,2025FA,2025-26,1,1,7395,0,0
AID2025-004552,S0039848,2025FA,2025-26,0,0,0,1,5500
AID2025-004553,S0000398,2025FA,2025-26,0,0,0,0,0
AID2025-004554,S0028209,2025FA,2025-26,0,0,0,0,0
AID2025-004555,S0038911,2025FA,2025-26,0,0,0,1,5500
AID2025-004556,S0031426,2025FA,2025-26,0,0,0,0,0
AID2025-004557,S0023236,2025FA,2025-26,1,1,7395,0,0
AID2025-004558,S0007466,2025FA,2025-26,0,0,0,1,5500
AID2025-004559,S0015468,2025FA,2025-26,0,0,0,0,0
AID2025-004560,S0029029,2025FA,2025-26,1,1,7395,0,0
AID2025-004561,S0035162,2025FA,2025-26,0,0,0,1,5500
AID2025-004562,S0037645,2025FA,2025-26,0,0,0,0,0
AID2025-004563,S0032638,2025FA,2025-26,0,0,0,0,0
AID2025-004564,S0017244,2025FA,2025-26,1,1,7395,1,5500
AID2025-004565,S0035250,2025FA,2025-26,0,0,0,0,0
AID2025-004566,S0001496,2025FA,2025-26,0,0,0,0,0
AID2025-004567,S0019493,2025FA,2025-26,0,0,0,1,5500
AID2025-004568,S0011879,2025FA,2025-26,1,1,7395,0,0
AID2025-004569,S0009532,2025FA,2025-26,1,1,7395,0,0
AID2025-004570,S0020835,2025FA,2025-26,1,1,7395,1,5500
AID2025-004571,S0035489,2025FA,2025-26,0,0,0,0,0
AID2025-004572,S0023524,2025FA,2025-26,0,0,0,0,0
AID2025-004573,S0003738,2025FA,2025-26,0,0,0,1,5500
AID2025-004574,S0003747,2025FA,2025-26,0,0,0,0,0
AID2025-004575,S0000672,2025FA,2025-26,1,1,7395,0,0
AID2025-004576,S0010314,2025FA,2025-26,0,0,0,1,5500
AID2025-004577,S0029122,2025FA,2025-26,1,1,7395,0,0
AID2025-004578,S0025886,2025FA,2025-26,1,1,7395,0,0
AID2025-004579,S0008184,2025FA,2025-26,1,0,0,1,5500
AID2025-004580,S0037149,2025FA,2025-26,0,0,0,0,0
AID2025-004581,S0025576,2025FA,2025-26,1,1,7395,0,0
AID2025-004582,S0033316,2025FA,2025-26,0,0,0,1,5500
AID2025-004583,S0010197,2025FA,2025-26,0,0,0,0,0
AID2025-004584,S0033562,2025FA,2025-26,0,0,0,0,0
AID2025-004585,S0031639,2025FA,2025-26,0,0,0,1,5500
AID2025-004586,S0032877,2025FA,2025-26,0,0,0,0,0
AID2025-004587,S0037706,2025FA,2025-26,0,0,0,0,0
AID2025-004588,S0037640,2025FA,2025-26,0,0,0,1,5500
AID2025-004589,S0029024,2025FA,2025-26,0,0,0,0,0
AID2025-004590,S0035959,2025FA,2025-26,1,1,7395,0,0
AID2025-004591,S0028684,2025FA,2025-26,0,0,0,1,5500
AID2025-004592,S0039218,2025FA,2025-26,0,0,0,0,0
AID2025-004593,S0019514,2025FA,2025-26,0,0,0,0,0
AID2025-004594,S0039780,2025FA,2025-26,0,0,0,1,5500
AID2025-004595,S0009829,2025FA,2025-26,0,0,0,0,0
AID2025-004596,S0001292,2025FA,2025-26,0,0,0,0,0
AID2025-004597,S0000333,2025FA,2025-26,0,0,0,1,5500
AID2025-004598,S0024261,2025FA,2025-26,1,1,7395,0,0
AID2025-004599,S0017629,2025FA,2025-26,0,0,0,0,0
AID2025-004600,S0018674,2025FA,2025-26,0,0,0,1,5500
AID2025-004601,S0024010,2025FA,2025-26,0,0,0,0,0
AID2025-004602,S0027561,2025FA,2025-26,0,0,0,0,0
AID2025-004603,S0034179,2025FA,2025-26,0,0,0,1,5500
AID2025-004604,S0028102,2025FA,2025-26,0,0,0,0,0
AID2025-004605,S0001612,2025FA,2025-26,0,0,0,0,0
AID2025-004606,S0011210,2025FA,2025-26,0,0,0,1,5500
AID2025-004607,S0037177,2025FA,2025-26,1,0,0,0,0
AID2025-004608,S0034244,2025FA,2025-26,0,0,0,0,0
AID2025-004609,S0037266,2025FA,2025-26,0,0,0,1,5500
AID2025-004610,S0004789,2025FA,2025-26,0,0,0,0,0
AID2025-004611,S0004384,2025FA,2025-26,0,0,0,0,0
AID2025-004612,S0032540,2025FA,2025-26,1,1,7395,1,5500
AID2025-004613,S0015145,2025FA,2025-26,1,1,7395,0,0
AID2025-004614,S0033816,2025FA,2025-26,0,0,0,0,0
AID2025-004615,S0039054,2025FA,2025-26,1,1,7395,1,5500
AID2025-004616,S0025805,2025FA,2025-26,0,0,0,0,0
AID2025-004617,S0038518,2025FA,2025-26,1,1,7395,0,0
AID2025-004618,S0032995,2025FA,2025-26,0,0,0,1,5500
AID2025-004619,S0015032,2025FA,2025-26,0,0,0,0,0
AID2025-004620,S0037980,2025FA,2025-26,0,0,0,0,0
AID2025-004621,S0037705,2025FA,2025-26,1,0,0,1,5500
AID2025-004622,S0030882,2025FA,2025-26,0,0,0,0,0
AID2025-004623,S0027786,2025FA,2025-26,1,1,7395,0,0
AID2025-004624,S0037526,2025FA,2025-26,0,0,0,1,5500
AID2025-004625,S0022159,2025FA,2025-26,1,1,7395,0,0
AID2025-004626,S0022033,2025FA,2025-26,0,0,0,0,0
AID2025-004627,S0036658,2025FA,2025-26,1,1,7395,1,5500
AID2025-004628,S0039709,2025FA,2025-26,1,0,0,0,0
AID2025-004629,S0037572,2025FA,2025-26,0,0,0,0,0
AID2025-004630,S0028904,2025FA,2025-26,0,0,0,1,5500
AID2025-004631,S0032646,2025FA,2025-26,1,1,7395,0,0
AID2025-004632,S0012181,2025FA,2025-26,0,0,0,0,0
AID2025-004633,S0007592,2025FA,2025-26,1,1,7395,1,5500
AID2025-004634,S0038014,2025FA,2025-26,0,0,0,0,0
AID2025-004635,S0024386,2025FA,2025-26,0,0,0,0,0
AID2025-004636,S0036353,2025FA,2025-26,0,0,0,1,5500
AID2025-004637,S0035896,2025FA,2025-26,1,1,7395,0,0
AID2025-004638,S0033779,2025FA,2025-26,1,1,7395,0,0
AID2025-004639,S0000205,2025FA,2025-26,0,0,0,1,5500
AID2025-004640,S0015744,2025FA,2025-26,0,0,0,0,0
AID2025-004641,S0004799,2025FA,2025-26,0,0,0,0,0
AID2025-004642,S0033214,2025FA,2025-26,1,1,7395,1,5500
AID2025-004643,S0039912,2025FA,2025-26,0,0,0,0,0
AID2025-004644,S0004240,2025FA,2025-26,1,1,7395,0,0
AID2025-004645,S0020654,2025FA,2025-26,0,0,0,1,5500
AID2025-004646,S0000625,2025FA,2025-26,1,1,7395,0,0
AID2025-004647,S0037726,2025FA,2025-26,1,1,7395,0,0
AID2025-004648,S0028205,2025FA,2025-26,1,1,7395,1,5500
AID2025-004649,S0001796,2025FA,2025-26,0,0,0,0,0
AID2025-004650,S0015177,2025FA,2025-26,0,0,0,0,0
AID2025-004651,S0031804,2025FA,2025-26,1,1,7395,1,5500
AID2025-004652,S0039316,2025FA,2025-26,1,1,7395,0,0
AID2025-004653,S0022823,2025FA,2025-26,0,0,0,0,0
AID2025-004654,S0034339,2025FA,2025-26,0,0,0,1,5500
AID2025-004655,S0036692,2025FA,2025-26,0,0,0,0,0
AID2025-004656,S0037400,2025FA,2025-26,1,0,0,0,0
AID2025-004657,S0007678,2025FA,2025-26,0,0,0,1,5500
AID2025-004658,S0037852,2025FA,2025-26,0,0,0,0,0
AID2025-004659,S0032731,2025FA,2025-26,1,1,7395,0,0
AID2025-004660,S0034397,2025FA,2025-26,1,1,7395,1,5500
AID2025-004661,S0031080,2025FA,2025-26,1,1,7395,0,0
AID2025-004662,S0040351,2025FA,2025-26,0,0,0,0,0
AID2025-004663,S0036860,2025FA,2025-26,1,0,0,1,5500
AID2025-004664,S0027524,2025FA,2025-26,0,0,0,0,0
AID2025-004665,S0038742,2025FA,2025-26,1,1,7395,0,0
AID2025-004666,S0031931,2025FA,2025-26,0,0,0,1,5500
AID2025-004667,S0018095,2025FA,2025-26,0,0,0,0,0
AID2025-004668,S0009641,2025FA,2025-26,0,0,0,0,0
AID2025-004669,S0037311,2025FA,2025-26,1,1,7395,1,5500
AID2025-004670,S0030744,2025FA,2025-26,0,0,0,0,0
AID2025-004671,S0018628,2025FA,2025-26,0,0,0,0,0
AID2025-004672,S0027794,2025FA,2025-26,0,0,0,1,5500
AID2025-004673,S0037995,2025FA,2025-26,0,0,0,0,0
AID2025-004674,S0028648,2025FA,2025-26,0,0,0,0,0
AID2025-004675,S0040263,2025FA,2025-26,1,1,7395,1,5500
AID2025-004676,S0029539,2025FA,2025-26,0,0,0,0,0
AID2025-004677,S0038438,2025FA,2025-26,0,0,0,0,0
AID2025-004678,S0037896,2025FA,2025-26,1,1,7395,1,5500
AID2025-004679,S0027588,2025FA,2025-26,0,0,0,0,0
AID2025-004680,S0026630,2025FA,2025-26,1,1,7395,0,0
AID2025-004681,S0035847,2025FA,2025-26,0,0,0,1,5500
AID2025-004682,S0029225,2025FA,2025-26,0,0,0,0,0
AID2025-004683,S0035868,2025FA,2025-26,0,0,0,0,0
AID2025-004684,S0026426,2025FA,2025-26,0,0,0,1,5500
AID2025-004685,S0033256,2025FA,2025-26,0,0,0,0,0
AID2025-004686,S0022449,2025FA,2025-26,0,0,0,0,0
AID2025-004687,S0037731,2025FA,2025-26,0,0,0,1,5500
AID2025-004688,S0018678,2025FA,2025-26,0,0,0,0,0
AID2025-004689,S0037626,2025FA,2025-26,0,0,0,0,0
AID2025-004690,S0038417,2025FA,2025-26,0,0,0,1,5500
AID2025-004691,S0028206,2025FA,2025-26,0,0,0,0,0
AID2025-004692,S0014532,2025FA,2025-26,1,1,7395,0,0
AID2025-004693,S0039220,2025FA,2025-26,1,1,7395,1,5500
AID2025-004694,S0016474,2025FA,2025-26,1,1,7395,0,0
AID2025-004695,S0038245,2025FA,2025-26,1,1,7395,0,0
AID2025-004696,S0012532,2025FA,2025-26,0,0,0,1,5500
AID2025-004697,S0010269,2025FA,2025-26,0,0,0,0,0
AID2025-004698,S0033268,2025FA,2025-26,0,0,0,0,0
AID2025-004699,S0019358,2025FA,2025-26,1,1,7395,1,5500
AID2025-004700,S0015906,2025FA,2025-26,1,1,7395,0,0
AID2025-004701,S0032869,2025FA,2025-26,0,0,0,0,0
AID2025-004702,S0018439,2025FA,2025-26,0,0,0,1,5500
AID2025-004703,S0037725,2025FA,2025-26,1,1,7395,0,0
AID2025-004704,S0023366,2025FA,2025-26,1,1,7395,0,0
AID2025-004705,S0033613,2025FA,2025-26,0,0,0,1,5500
AID2025-004706,S0037019,2025FA,2025-26,1,1,7395,0,0
AID2025-004707,S0032695,2025FA,2025-26,0,0,0,0,0
AID2025-004708,S0033321,2025FA,2025-26,0,0,0,1,5500
AID2025-004709,S0027860,2025FA,2025-26,0,0,0,0,0
AID2025-004710,S0039192,2025FA,2025-26,0,0,0,0,0
AID2025-004711,S0037920,2025FA,2025-26,1,1,7395,1,5500
AID2025-004712,S0009894,2025FA,2025-26,0,0,0,0,0
AID2025-004713,S0036798,2025FA,2025-26,0,0,0,0,0
AID2025-004714,S0019184,2025FA,2025-26,0,0,0,1,5500
AID2025-004715,S0027591,2025FA,2025-26,0,0,0,0,0
AID2025-004716,S0038305,2025FA,2025-26,0,0,0,0,0
AID2025-004717,S0003782,2025FA,2025-26,0,0,0,1,5500
AID2025-004718,S0032131,2025FA,2025-26,0,0,0,0,0
AID2025-004719,S0022392,2025FA,2025-26,0,0,0,0,0
AID2025-004720,S0012005,2025FA,2025-26,0,0,0,1,5500
AID2025-004721,S0026390,2025FA,2025-26,0,0,0,0,0
AID2025-004722,S0034156,2025FA,2025-26,0,0,0,0,0
AID2025-004723,S0031682,2025FA,2025-26,0,0,0,1,5500
AID2025-004724,S0038096,2025FA,2025-26,0,0,0,0,0
AID2025-004725,S0021108,2025FA,2025-26,0,0,0,0,0
AID2025-004726,S0035527,2025FA,2025-26,0,0,0,1,5500
AID2025-004727,S0032161,2025FA,2025-26,1,1,7395,0,0
AID2025-004728,S0038552,2025FA,2025-26,0,0,0,0,0
AID2025-004729,S0028954,2025FA,2025-26,0,0,0,1,5500
AID2025-004730,S0039369,2025FA,2025-26,0,0,0,0,0
AID2025-004731,S0040121,2025FA,2025-26,0,0,0,0,0
AID2025-004732,S0040515,2025FA,2025-26,0,0,0,1,5500
AID2025-004733,S0000639,2025FA,2025-26,0,0,0,0,0
AID2025-004734,S0040106,2025FA,2025-26,0,0,0,0,0
AID2025-004735,S0010887,2025FA,2025-26,0,0,0,1,5500
AID2025-004736,S0031852,2025FA,2025-26,0,0,0,0,0
AID2025-004737,S0038015,2025FA,2025-26,1,1,7395,0,0
AID2025-004738,S0033705,2025FA,2025-26,1,1,7395,1,5500
AID2025-004739,S0035840,2025FA,2025-26,0,0,0,0,0
AID2025-004740,S0012904,2025FA,2025-26,0,0,0,0,0
AID2025-004741,S0031765,2025FA,2025-26,0,0,0,1,5500
AID2025-004742,S0017342,2025FA,2025-26,0,0,0,0,0
AID2025-004743,S0022836,2025FA,2025-26,1,1,7395,0,0
AID2025-004744,S0039751,2025FA,2025-26,1,1,7395,1,5500
AID2025-004745,S0011890,2025FA,2025-26,1,1,7395,0,0
AID2025-004746,S0013679,2025FA,2025-26,1,1,7395,0,0
AID2025-004747,S0028888,2025FA,2025-26,0,0,0,1,5500
AID2025-004748,S0028435,2025FA,2025-26,1,1,7395,0,0
AID2025-004749,S0005018,2025FA,2025-26,1,1,7395,0,0
AID2025-004750,S0005395,2025FA,2025-26,0,0,0,1,5500
AID2025-004751,S0033283,2025FA,2025-26,0,0,0,0,0
AID2025-004752,S0027982,2025FA,2025-26,0,0,0,0,0
AID2025-004753,S0027305,2025FA,2025-26,1,1,7395,1,5500
AID2025-004754,S0010300,2025FA,2025-26,0,0,0,0,0
AID2025-004755,S0032369,2025FA,2025-26,0,0,0,0,0
AID2025-004756,S0039400,2025FA,2025-26,0,0,0,1,5500
AID2025-004757,S0022848,2025FA,2025-26,1,1,7395,0,0
AID2025-004758,S0022684,2025FA,2025-26,1,1,7395,0,0
AID2025-004759,S0000148,2025FA,2025-26,0,0,0,1,5500
AID2025-004760,S0034124,2025FA,2025-26,0,0,0,0,0
AID2025-004761,S0038450,2025FA,2025-26,0,0,0,0,0
AID2025-004762,S0035282,2025FA,2025-26,0,0,0,1,5500
AID2025-004763,S0029550,2025FA,2025-26,0,0,0,0,0
AID2025-004764,S0023467,2025FA,2025-26,1,1,7395,0,0
AID2025-004765,S0017293,2025FA,2025-26,0,0,0,1,5500
AID2025-004766,S0030989,2025FA,2025-26,1,1,7395,0,0
AID2025-004767,S0036281,2025FA,2025-26,0,0,0,0,0
AID2025-004768,S0035898,2025FA,2025-26,0,0,0,1,5500
AID2025-004769,S0023234,2025FA,2025-26,1,1,7395,0,0
AID2025-004770,S0017757,2025FA,2025-26,0,0,0,0,0
AID2025-004771,S0038934,2025FA,2025-26,0,0,0,1,5500
AID2025-004772,S0036113,2025FA,2025-26,0,0,0,0,0
AID2025-004773,S0039971,2025FA,2025-26,0,0,0,0,0
AID2025-004774,S0038845,2025FA,2025-26,0,0,0,1,5500
AID2025-004775,S0029189,2025FA,2025-26,0,0,0,0,0
AID2025-004776,S0008409,2025FA,2025-26,1,1,7395,0,0
AID2025-004777,S0006308,2025FA,2025-26,0,0,0,1,5500
AID2025-004778,S0014508,2025FA,2025-26,0,0,0,0,0
AID2025-004779,S0016804,2025FA,2025-26,0,0,0,0,0
AID2025-004780,S0020855,2025FA,2025-26,1,1,7395,1,5500
AID2025-004781,S0034212,2025FA,2025-26,0,0,0,0,0
AID2025-004782,S0021860,2025FA,2025-26,0,0,0,0,0
AID2025-004783,S0028222,2025FA,2025-26,0,0,0,1,5500
AID2025-004784,S0030584,2025FA,2025-26,0,0,0,0,0
AID2025-004785,S0032856,2025FA,2025-26,0,0,0,0,0
AID2025-004786,S0010493,2025FA,2025-26,1,1,7395,1,5500
AID2025-004787,S0037583,2025FA,2025-26,0,0,0,0,0
AID2025-004788,S0038458,2025FA,2025-26,0,0,0,0,0
AID2025-004789,S0026359,2025FA,2025-26,1,0,0,1,5500
AID2025-004790,S0015220,2025FA,2025-26,0,0,0,0,0
AID2025-004791,S0013185,2025FA,2025-26,0,0,0,0,0
AID2025-004792,S0036929,2025FA,2025-26,0,0,0,1,5500
AID2025-004793,S0027974,2025FA,2025-26,0,0,0,0,0
AID2025-004794,S0040126,2025FA,2025-26,0,0,0,0,0
AID2025-004795,S0025969,2025FA,2025-26,1,1,7395,1,5500
AID2025-004796,S0014388,2025FA,2025-26,1,0,0,0,0
AID2025-004797,S0039680,2025FA,2025-26,0,0,0,0,0
AID2025-004798,S0039872,2025FA,2025-26,1,1,7395,1,5500
AID2025-004799,S0040473,2025FA,2025-26,0,0,0,0,0
AID2025-004800,S0040432,2025FA,2025-26,0,0,0,0,0
AID2025-004801,S0022749,2025FA,2025-26,1,1,7395,1,5500
AID2025-004802,S0038965,2025FA,2025-26,1,1,7395,0,0
AID2025-004803,S0023150,2025FA,2025-26,0,0,0,0,0
AID2025-004804,S0037861,2025FA,2025-26,0,0,0,1,5500
AID2025-004805,S0032750,2025FA,2025-26,1,1,7395,0,0
AID2025-004806,S0040276,2025FA,2025-26,0,0,0,0,0
AID2025-004807,S0017965,2025FA,2025-26,1,1,7395,1,5500
AID2025-004808,S0023957,2025FA,2025-26,0,0,0,0,0
AID2025-004809,S0036076,2025FA,2025-26,0,0,0,0,0
AID2025-004810,S0032513,2025FA,2025-26,1,0,0,1,5500
AID2025-004811,S0024160,2025FA,2025-26,1,1,7395,0,0
AID2025-004812,S0038897,2025FA,2025-26,0,0,0,0,0
AID2025-004813,S0017995,2025FA,2025-26,0,0,0,1,5500
AID2025-004814,S0013239,2025FA,2025-26,1,1,7395,0,0
AID2025-004815,S0035098,2025FA,2025-26,1,1,7395,0,0
AID2025-004816,S0038888,2025FA,2025-26,0,0,0,1,5500
AID2025-004817,S0022511,2025FA,2025-26,0,0,0,0,0
AID2025-004818,S0026479,2025FA,2025-26,0,0,0,0,0
AID2025-004819,S0025557,2025FA,2025-26,0,0,0,1,5500
AID2025-004820,S0037053,2025FA,2025-26,1,1,7395,0,0
AID2025-004821,S0037199,2025FA,2025-26,1,1,7395,0,0
AID2025-004822,S0016683,2025FA,2025-26,0,0,0,1,5500
AID2025-004823,S0028185,2025FA,2025-26,1,1,7395,0,0
AID2025-004824,S0035936,2025FA,2025-26,0,0,0,0,0
AID2025-004825,S0004325,2025FA,2025-26,1,1,7395,1,5500
AID2025-004826,S0030293,2025FA,2025-26,0,0,0,0,0
AID2025-004827,S0031399,2025FA,2025-26,1,1,7395,0,0
AID2025-004828,S0012064,2025FA,2025-26,1,1,7395,1,5500
AID2025-004829,S0030353,2025FA,2025-26,0,0,0,0,0
AID2025-004830,S0026620,2025FA,2025-26,1,1,7395,0,0
AID2025-004831,S0038901,2025FA,2025-26,0,0,0,1,5500
AID2025-004832,S0022532,2025FA,2025-26,0,0,0,0,0
AID2025-004833,S0001784,2025FA,2025-26,1,1,7395,0,0
AID2025-004834,S0003428,2025FA,2025-26,0,0,0,1,5500
AID2025-004835,S0017516,2025FA,2025-26,1,1,7395,0,0
AID2025-004836,S0022433,2025FA,2025-26,0,0,0,0,0
AID2025-004837,S0018524,2025FA,2025-26,0,0,0,1,5500
AID2025-004838,S0031623,2025FA,2025-26,1,0,0,0,0
AID2025-004839,S0036532,2025FA,2025-26,0,0,0,0,0
AID2025-004840,S0007411,2025FA,2025-26,0,0,0,1,5500
AID2025-004841,S0038730,2025FA,2025-26,0,0,0,0,0
AID2025-004842,S0037426,2025FA,2025-26,1,1,7395,0,0
AID2025-004843,S0010850,2025FA,2025-26,0,0,0,1,5500
AID2025-004844,S0018538,2025FA,2025-26,1,1,7395,0,0
AID2025-004845,S0027390,2025FA,2025-26,0,0,0,0,0
AID2025-004846,S0035763,2025FA,2025-26,0,0,0,1,5500
AID2025-004847,S0017804,2025FA,2025-26,1,1,7395,0,0
AID2025-004848,S0036393,2025FA,2025-26,0,0,0,0,0
AID2025-004849,S0037930,2025FA,2025-26,0,0,0,1,5500
AID2025-004850,S0038643,2025FA,2025-26,1,1,7395,0,0
AID2025-004851,S0040364,2025FA,2025-26,0,0,0,0,0
AID2025-004852,S0021393,2025FA,2025-26,0,0,0,1,5500
AID2025-004853,S0040620,2025FA,2025-26,0,0,0,0,0
AID2025-004854,S0022998,2025FA,2025-26,0,0,0,0,0
AID2025-004855,S0001906,2025FA,2025-26,1,1,7395,1,5500
AID2025-004856,S0023289,2025FA,2025-26,0,0,0,0,0
AID2025-004857,S0011909,2025FA,2025-26,0,0,0,0,0
AID2025-004858,S0019451,2025FA,2025-26,1,1,7395,1,5500
AID2025-004859,S0003884,2025FA,2025-26,0,0,0,0,0
AID2025-004860,S0036887,2025FA,2025-26,1,1,7395,0,0
AID2025-004861,S0014444,2025FA,2025-26,1,1,7395,1,5500
AID2025-004862,S0040159,2025FA,2025-26,0,0,0,0,0
AID2025-004863,S0001495,2025FA,2025-26,1,1,7395,0,0
AID2025-004864,S0029574,2025FA,2025-26,0,0,0,1,5500
AID2025-004865,S0001958,2025FA,2025-26,0,0,0,0,0
AID2025-004866,S0023464,2025FA,2025-26,0,0,0,0,0
AID2025-004867,S0010578,2025FA,2025-26,0,0,0,1,5500
AID2025-004868,S0008581,2025FA,2025-26,0,0,0,0,0
AID2025-004869,S0021541,2025FA,2025-26,0,0,0,0,0
AID2025-004870,S0013970,2025FA,2025-26,0,0,0,1,5500
AID2025-004871,S0039562,2025FA,2025-26,0,0,0,0,0
AID2025-004872,S0029498,2025FA,2025-26,0,0,0,0,0
AID2025-004873,S0038855,2025FA,2025-26,0,0,0,1,5500
AID2025-004874,S0003459,2025FA,2025-26,0,0,0,0,0
AID2025-004875,S0014016,2025FA,2025-26,0,0,0,0,0
AID2025-004876,S0033545,2025FA,2025-26,0,0,0,1,5500
AID2025-004877,S0013029,2025FA,2025-26,0,0,0,0,0
AID2025-004878,S0029046,2025FA,2025-26,0,0,0,0,0
AID2025-004879,S0035530,2025FA,2025-26,0,0,0,1,5500
AID2025-004880,S0027465,2025FA,2025-26,0,0,0,0,0
AID2025-004881,S0007376,2025FA,2025-26,1,1,7395,0,0
AID2025-004882,S0028979,2025FA,2025-26,0,0,0,1,5500
AID2025-004883,S0029590,2025FA,2025-26,0,0,0,0,0
AID2025-004884,S0035261,2025FA,2025-26,0,0,0,0,0
AID2025-004885,S0037013,2025FA,2025-26,1,1,7395,1,5500
AID2025-004886,S0033080,2025FA,2025-26,0,0,0,0,0
AID2025-004887,S0018449,2025FA,2025-26,0,0,0,0,0
AID2025-004888,S0029330,2025FA,2025-26,0,0,0,1,5500
AID2025-004889,S0035143,2025FA,2025-26,0,0,0,0,0
AID2025-004890,S0027986,2025FA,2025-26,0,0,0,0,0
AID2025-004891,S0008071,2025FA,2025-26,0,0,0,1,5500
AID2025-004892,S0007056,2025FA,2025-26,0,0,0,0,0
AID2025-004893,S0040413,2025FA,2025-26,0,0,0,0,0
AID2025-004894,S0019154,2025FA,2025-26,0,0,0,1,5500
AID2025-004895,S0020731,2025FA,2025-26,0,0,0,0,0
AID2025-004896,S0033345,2025FA,2025-26,1,1,7395,0,0
AID2025-004897,S0007181,2025FA,2025-26,0,0,0,1,5500
AID2025-004898,S0036085,2025FA,2025-26,0,0,0,0,0
AID2025-004899,S0033942,2025FA,2025-26,1,1,7395,0,0
AID2025-004900,S0039486,2025FA,2025-26,0,0,0,1,5500
AID2025-004901,S0026372,2025FA,2025-26,1,0,0,0,0
AID2025-004902,S0036773,2025FA,2025-26,0,0,0,0,0
AID2025-004903,S0030923,2025FA,2025-26,0,0,0,1,5500
AID2025-004904,S0026848,2025FA,2025-26,0,0,0,0,0
AID2025-004905,S0003410,2025FA,2025-26,0,0,0,0,0
AID2025-004906,S0022733,2025FA,2025-26,1,1,7395,1,5500
AID2025-004907,S0031620,2025FA,2025-26,0,0,0,0,0
AID2025-004908,S0000252,2025FA,2025-26,0,0,0,0,0
AID2025-004909,S0030749,2025FA,2025-26,0,0,0,1,5500
AID2025-004910,S0027120,2025FA,2025-26,1,1,7395,0,0
AID2025-004911,S0039019,2025FA,2025-26,0,0,0,0,0
AID2025-004912,S0033278,2025FA,2025-26,0,0,0,1,5500
AID2025-004913,S0014229,2025FA,2025-26,0,0,0,0,0
AID2025-004914,S0027653,2025FA,2025-26,0,0,0,0,0
AID2025-004915,S0033196,2025FA,2025-26,0,0,0,1,5500
AID2025-004916,S0034237,2025FA,2025-26,0,0,0,0,0
AID2025-004917,S0031976,2025FA,2025-26,0,0,0,0,0
AID2025-004918,S0011583,2025FA,2025-26,1,1,7395,1,5500
AID2025-004919,S0000478,2025FA,2025-26,0,0,0,0,0
AID2025-004920,S0004260,2025FA,2025-26,0,0,0,0,0
AID2025-004921,S0028026,2025FA,2025-26,1,1,7395,1,5500
AID2025-004922,S0033573,2025FA,2025-26,1,0,0,0,0
AID2025-004923,S0030630,2025FA,2025-26,0,0,0,0,0
AID2025-004924,S0018210,2025FA,2025-26,1,1,7395,1,5500
AID2025-004925,S0037222,2025FA,2025-26,1,1,7395,0,0
AID2025-004926,S0040486,2025FA,2025-26,0,0,0,0,0
AID2025-004927,S0022946,2025FA,2025-26,0,0,0,1,5500
AID2025-004928,S0001231,2025FA,2025-26,0,0,0,0,0
AID2025-004929,S0009667,2025FA,2025-26,0,0,0,0,0
AID2025-004930,S0001466,2025FA,2025-26,1,1,7395,1,5500
AID2025-004931,S0036570,2025FA,2025-26,0,0,0,0,0
AID2025-004932,S0033624,2025FA,2025-26,0,0,0,0,0
AID2025-004933,S0004064,2025FA,2025-26,0,0,0,1,5500
AID2025-004934,S0000470,2025FA,2025-26,0,0,0,0,0
AID2025-004935,S0038815,2025FA,2025-26,0,0,0,0,0
AID2025-004936,S0016455,2025FA,2025-26,1,0,0,1,5500
AID2025-004937,S0014134,2025FA,2025-26,1,1,7395,0,0
AID2025-004938,S0039483,2025FA,2025-26,0,0,0,0,0
AID2025-004939,S0028413,2025FA,2025-26,0,0,0,1,5500
AID2025-004940,S0034376,2025FA,2025-26,0,0,0,0,0
AID2025-004941,S0027661,2025FA,2025-26,0,0,0,0,0
AID2025-004942,S0000321,2025FA,2025-26,1,1,7395,1,5500
AID2025-004943,S0038220,2025FA,2025-26,1,0,0,0,0
AID2025-004944,S0013504,2025FA,2025-26,0,0,0,0,0
AID2025-004945,S0027315,2025FA,2025-26,0,0,0,1,5500
AID2025-004946,S0030810,2025FA,2025-26,0,0,0,0,0
AID2025-004947,S0012907,2025FA,2025-26,0,0,0,0,0
AID2025-004948,S0009530,2025FA,2025-26,0,0,0,1,5500
AID2025-004949,S0034322,2025FA,2025-26,0,0,0,0,0
AID2025-004950,S0036541,2025FA,2025-26,1,0,0,0,0
AID2025-004951,S0022868,2025FA,2025-26,1,1,7395,1,5500
AID2025-004952,S0037382,2025FA,2025-26,0,0,0,0,0
AID2025-004953,S0036052,2025FA,2025-26,1,1,7395,0,0
AID2025-004954,S0022380,2025FA,2025-26,0,0,0,1,5500
AID2025-004955,S0028016,2025FA,2025-26,0,0,0,0,0
AID2025-004956,S0036553,2025FA,2025-26,0,0,0,0,0
AID2025-004957,S0030695,2025FA,2025-26,1,0,0,1,5500
AID2025-004958,S0011616,2025FA,2025-26,0,0,0,0,0
AID2025-004959,S0026361,2025FA,2025-26,1,1,7395,0,0
AID2025-004960,S0010863,2025FA,2025-26,0,0,0,1,5500
AID2025-004961,S0007983,2025FA,2025-26,1,1,7395,0,0
AID2025-004962,S0031266,2025FA,2025-26,1,1,7395,0,0
AID2025-004963,S0014752,2025FA,2025-26,0,0,0,1,5500
AID2025-004964,S0017610,2025FA,2025-26,1,0,0,0,0
AID2025-004965,S0038285,2025FA,2025-26,1,1,7395,0,0
AID2025-004966,S0001282,2025FA,2025-26,0,0,0,1,5500
AID2025-004967,S0016641,2025FA,2025-26,0,0,0,0,0
AID2025-004968,S0032125,2025FA,2025-26,1,1,7395,0,0
AID2025-004969,S0038614,2025FA,2025-26,0,0,0,1,5500
AID2025-004970,S0033520,2025FA,2025-26,0,0,0,0,0
AID2025-004971,S0003721,2025FA,2025-26,1,0,0,0,0
AID2025-004972,S0040356,2025FA,2025-26,0,0,0,1,5500
AID2025-004973,S0038576,2025FA,2025-26,1,1,7395,0,0
AID2025-004974,S0015281,2025FA,2025-26,1,1,7395,0,0
AID2025-004975,S0029297,2025FA,2025-26,0,0,0,1,5500
AID2025-004976,S0023133,2025FA,2025-26,1,1,7395,0,0
AID2025-004977,S0017653,2025FA,2025-26,1,1,7395,0,0
AID2025-004978,S0039352,2025FA,2025-26,0,0,0,1,5500
AID2025-004979,S0012660,2025FA,2025-26,0,0,0,0,0
AID2025-004980,S0038749,2025FA,2025-26,0,0,0,0,0
AID2025-004981,S0027440,2025FA,2025-26,0,0,0,1,5500
AID2025-004982,S0028273,2025FA,2025-26,1,1,7395,0,0
AID2025-004983,S0039202,2025FA,2025-26,0,0,0,0,0
AID2025-004984,S0027695,2025FA,2025-26,0,0,0,1,5500
AID2025-004985,S0034139,2025FA,2025-26,1,0,0,0,0
AID2025-004986,S0029101,2025FA,2025-26,0,0,0,0,0
AID2025-004987,S0036628,2025FA,2025-26,0,0,0,1,5500
AID2025-004988,S0019567,2025FA,2025-26,1,1,7395,0,0
AID2025-004989,S0000773,2025FA,2025-26,0,0,0,0,0
AID2025-004990,S0037068,2025FA,2025-26,1,1,7395,1,5500
AID2025-004991,S0033912,2025FA,2025-26,0,0,0,0,0
AID2025-004992,S0038484,2025FA,2025-26,1,0,0,0,0
AID2025-004993,S0040656,2025FA,2025-26,1,1,7395,1,5500
AID2025-004994,S0027374,2025FA,2025-26,1,1,7395,0,0
AID2025-004995,S0017916,2025FA,2025-26,1,1,7395,0,0
AID2025-004996,S0038112,2025FA,2025-26,0,0,0,1,5500
AID2025-004997,S0021557,2025FA,2025-26,1,1,7395,0,0
AID2025-004998,S0039246,2025FA,2025-26,1,1,7395,0,0
AID2025-004999,S0024170,2025FA,2025-26,1,0,0,1,5500
AID2025-005000,S0033494,2025FA,2025-26,1,1,7395,0,0
AID2025-005001,S0039746,2025FA,2025-26,1,1,7395,0,0
AID2025-005002,S0027717,2025FA,2025-26,0,0,0,1,5500
AID2025-005003,S0034248,2025FA,2025-26,1,1,7395,0,0
AID2025-005004,S0022282,2025FA,2025-26,0,0,0,0,0
AID2025-005005,S0023294,2025FA,2025-26,0,0,0,1,5500
AID2025-005006,S0030955,2025FA,2025-26,1,1,7395,0,0
AID2025-005007,S0029416,2025FA,2025-26,1,1,7395,0,0
AID2025-005008,S0039871,2025FA,2025-26,0,0,0,1,5500
AID2025-005009,S0037113,2025FA,2025-26,1,1,7395,0,0
AID2025-005010,S0024349,2025FA,2025-26,0,0,0,0,0
AID2025-005011,S0036722,2025FA,2025-26,0,0,0,1,5500
AID2025-005012,S0015697,2025FA,2025-26,0,0,0,0,0
AID2025-005013,S0033838,2025FA,2025-26,0,0,0,0,0
AID2025-005014,S0028464,2025FA,2025-26,0,0,0,1,5500
AID2025-005015,S0037325,2025FA,2025-26,0,0,0,0,0
AID2025-005016,S0032198,2025FA,2025-26,0,0,0,0,0
AID2025-005017,S0023798,2025FA,2025-26,1,1,7395,1,5500
AID2025-005018,S0039417,2025FA,2025-26,0,0,0,0,0
AID2025-005019,S0011201,2025FA,2025-26,0,0,0,0,0
AID2025-005020,S0037569,2025FA,2025-26,1,0,0,1,5500
AID2025-005021,S0023920,2025FA,2025-26,0,0,0,0,0
AID2025-005022,S0025526,2025FA,2025-26,0,0,0,0,0
AID2025-005023,S0003940,2025FA,2025-26,0,0,0,1,5500
AID2025-005024,S0028439,2025FA,2025-26,0,0,0,0,0
AID2025-005025,S0039413,2025FA,2025-26,0,0,0,0,0
AID2025-005026,S0018580,2025FA,2025-26,1,1,7395,1,5500
AID2025-005027,S0025634,2025FA,2025-26,0,0,0,0,0
AID2025-005028,S0034227,2025FA,2025-26,0,0,0,0,0
AID2025-005029,S0005694,2025FA,2025-26,0,0,0,1,5500
AID2025-005030,S0030320,2025FA,2025-26,1,1,7395,0,0
AID2025-005031,S0033854,2025FA,2025-26,0,0,0,0,0
AID2025-005032,S0008241,2025FA,2025-26,1,1,7395,1,5500
AID2025-005033,S0040178,2025FA,2025-26,1,1,7395,0,0
AID2025-005034,S0038646,2025FA,2025-26,1,0,0,0,0
AID2025-005035,S0025621,2025FA,2025-26,0,0,0,1,5500
AID2025-005036,S0009578,2025FA,2025-26,1,1,7395,0,0
AID2025-005037,S0038907,2025FA,2025-26,0,0,0,0,0
AID2025-005038,S0032187,2025FA,2025-26,0,0,0,1,5500
AID2025-005039,S0013514,2025FA,2025-26,1,1,7395,0,0
AID2025-005040,S0039329,2025FA,2025-26,0,0,0,0,0
AID2025-005041,S0025844,2025FA,2025-26,0,0,0,1,5500
AID2025-005042,S0031789,2025FA,2025-26,0,0,0,0,0
AID2025-005043,S0029258,2025FA,2025-26,1,1,7395,0,0
AID2025-005044,S0022350,2025FA,2025-26,0,0,0,1,5500
AID2025-005045,S0038813,2025FA,2025-26,1,1,7395,0,0
AID2025-005046,S0024106,2025FA,2025-26,1,1,7395,0,0
AID2025-005047,S0013336,2025FA,2025-26,1,1,7395,1,5500
AID2025-005048,S0022650,2025FA,2025-26,1,0,0,0,0
AID2025-005049,S0006187,2025FA,2025-26,1,1,7395,0,0
AID2025-005050,S0037031,2025FA,2025-26,0,0,0,1,5500
AID2025-005051,S0033011,2025FA,2025-26,0,0,0,0,0
AID2025-005052,S0033383,2025FA,2025-26,1,1,7395,0,0
AID2025-005053,S0037919,2025FA,2025-26,0,0,0,1,5500
AID2025-005054,S0036879,2025FA,2025-26,0,0,0,0,0
AID2025-005055,S0040099,2025FA,2025-26,1,0,0,0,0
AID2025-005056,S0032903,2025FA,2025-26,1,1,7395,1,5500
AID2025-005057,S0012740,2025FA,2025-26,0,0,0,0,0
AID2025-005058,S0007074,2025FA,2025-26,1,1,7395,0,0
AID2025-005059,S0027975,2025FA,2025-26,0,0,0,1,5500
AID2025-005060,S0008540,2025FA,2025-26,1,1,7395,0,0
AID2025-005061,S0031345,2025FA,2025-26,1,1,7395,0,0
AID2025-005062,S0028247,2025FA,2025-26,1,0,0,1,5500
AID2025-005063,S0027662,2025FA,2025-26,0,0,0,0,0
AID2025-005064,S0033513,2025FA,2025-26,0,0,0,0,0
AID2025-005065,S0020804,2025FA,2025-26,0,0,0,1,5500
AID2025-005066,S0034372,2025FA,2025-26,0,0,0,0,0
AID2025-005067,S0029576,2025FA,2025-26,0,0,0,0,0
AID2025-005068,S0028430,2025FA,2025-26,0,0,0,1,5500
AID2025-005069,S0030581,2025FA,2025-26,0,0,0,0,0
AID2025-005070,S0039558,2025FA,2025-26,0,0,0,0,0
AID2025-005071,S0027349,2025FA,2025-26,0,0,0,1,5500
AID2025-005072,S0036670,2025FA,2025-26,1,1,7395,0,0
AID2025-005073,S0037379,2025FA,2025-26,0,0,0,0,0
AID2025-005074,S0035892,2025FA,2025-26,0,0,0,1,5500
AID2025-005075,S0039688,2025FA,2025-26,1,1,7395,0,0
AID2025-005076,S0023849,2025FA,2025-26,0,0,0,0,0
AID2025-005077,S0039844,2025FA,2025-26,0,0,0,1,5500
AID2025-005078,S0022005,2025FA,2025-26,0,0,0,0,0
AID2025-005079,S0010328,2025FA,2025-26,0,0,0,0,0
AID2025-005080,S0011230,2025FA,2025-26,1,1,7395,1,5500
AID2025-005081,S0040558,2025FA,2025-26,1,1,7395,0,0
AID2025-005082,S0031093,2025FA,2025-26,0,0,0,0,0
AID2025-005083,S0005613,2025FA,2025-26,0,0,0,1,5500
AID2025-005084,S0037545,2025FA,2025-26,0,0,0,0,0
AID2025-005085,S0032408,2025FA,2025-26,1,1,7395,0,0
AID2025-005086,S0027632,2025FA,2025-26,0,0,0,1,5500
AID2025-005087,S0030674,2025FA,2025-26,0,0,0,0,0
AID2025-005088,S0030844,2025FA,2025-26,0,0,0,0,0
AID2025-005089,S0012611,2025FA,2025-26,1,1,7395,1,5500
AID2025-005090,S0036071,2025FA,2025-26,0,0,0,0,0
AID2025-005091,S0025802,2025FA,2025-26,0,0,0,0,0
AID2025-005092,S0017707,2025FA,2025-26,1,1,7395,1,5500
AID2025-005093,S0023159,2025FA,2025-26,1,1,7395,0,0
AID2025-005094,S0037834,2025FA,2025-26,1,1,7395,0,0
AID2025-005095,S0033541,2025FA,2025-26,1,1,7395,1,5500
AID2025-005096,S0015895,2025FA,2025-26,1,1,7395,0,0
AID2025-005097,S0004360,2025FA,2025-26,0,0,0,0,0
AID2025-005098,S0027422,2025FA,2025-26,0,0,0,1,5500
AID2025-005099,S0035327,2025FA,2025-26,0,0,0,0,0
AID2025-005100,S0025940,2025FA,2025-26,0,0,0,0,0
AID2025-005101,S0038101,2025FA,2025-26,1,1,7395,1,5500
AID2025-005102,S0028977,2025FA,2025-26,0,0,0,0,0
AID2025-005103,S0026432,2025FA,2025-26,0,0,0,0,0
AID2025-005104,S0033893,2025FA,2025-26,1,0,0,1,5500
AID2025-005105,S0037680,2025FA,2025-26,1,1,7395,0,0
AID2025-005106,S0030501,2025FA,2025-26,0,0,0,0,0
AID2025-005107,S0007341,2025FA,2025-26,0,0,0,1,5500
AID2025-005108,S0017831,2025FA,2025-26,0,0,0,0,0
AID2025-005109,S0039858,2025FA,2025-26,0,0,0,0,0
AID2025-005110,S0038281,2025FA,2025-26,0,0,0,1,5500
AID2025-005111,S0039962,2025FA,2025-26,1,0,0,0,0
AID2025-005112,S0037232,2025FA,2025-26,1,1,7395,0,0
AID2025-005113,S0038541,2025FA,2025-26,1,1,7395,1,5500
AID2025-005114,S0018244,2025FA,2025-26,0,0,0,0,0
AID2025-005115,S0039734,2025FA,2025-26,1,1,7395,0,0
AID2025-005116,S0037662,2025FA,2025-26,0,0,0,1,5500
AID2025-005117,S0032637,2025FA,2025-26,0,0,0,0,0
AID2025-005118,S0026040,2025FA,2025-26,0,0,0,0,0
AID2025-005119,S0029393,2025FA,2025-26,0,0,0,1,5500
AID2025-005120,S0026324,2025FA,2025-26,0,0,0,0,0
AID2025-005121,S0031712,2025FA,2025-26,0,0,0,0,0
AID2025-005122,S0005329,2025FA,2025-26,0,0,0,1,5500
AID2025-005123,S0010563,2025FA,2025-26,1,1,7395,0,0
AID2025-005124,S0039873,2025FA,2025-26,0,0,0,0,0
AID2025-005125,S0025923,2025FA,2025-26,0,0,0,1,5500
AID2025-005126,S0009929,2025FA,2025-26,1,1,7395,0,0
AID2025-005127,S0033167,2025FA,2025-26,0,0,0,0,0
AID2025-005128,S0027377,2025FA,2025-26,1,1,7395,1,5500
AID2025-005129,S0039036,2025FA,2025-26,0,0,0,0,0
AID2025-005130,S0019015,2025FA,2025-26,0,0,0,0,0
AID2025-005131,S0025854,2025FA,2025-26,1,1,7395,1,5500
AID2025-005132,S0037427,2025FA,2025-26,0,0,0,0,0
AID2025-005133,S0007558,2025FA,2025-26,0,0,0,0,0
AID2025-005134,S0033220,2025FA,2025-26,0,0,0,1,5500
AID2025-005135,S0023177,2025FA,2025-26,0,0,0,0,0
AID2025-005136,S0010763,2025FA,2025-26,0,0,0,0,0
AID2025-005137,S0034279,2025FA,2025-26,0,0,0,1,5500
AID2025-005138,S0001938,2025FA,2025-26,0,0,0,0,0
AID2025-005139,S0027386,2025FA,2025-26,0,0,0,0,0
AID2025-005140,S0037739,2025FA,2025-26,1,1,7395,1,5500
AID2025-005141,S0027964,2025FA,2025-26,1,1,7395,0,0
AID2025-005142,S0033728,2025FA,2025-26,0,0,0,0,0
AID2025-005143,S0003692,2025FA,2025-26,1,1,7395,1,5500
AID2025-005144,S0035716,2025FA,2025-26,1,1,7395,0,0
AID2025-005145,S0022801,2025FA,2025-26,1,1,7395,0,0
AID2025-005146,S0029318,2025FA,2025-26,0,0,0,1,5500
AID2025-005147,S0026666,2025FA,2025-26,0,0,0,0,0
AID2025-005148,S0034312,2025FA,2025-26,0,0,0,0,0
AID2025-005149,S0008633,2025FA,2025-26,0,0,0,1,5500
AID2025-005150,S0035777,2025FA,2025-26,1,1,7395,0,0
AID2025-005151,S0000768,2025FA,2025-26,1,1,7395,0,0
AID2025-005152,S0035955,2025FA,2025-26,0,0,0,1,5500
AID2025-005153,S0039138,2025FA,2025-26,0,0,0,0,0
AID2025-005154,S0023063,2025FA,2025-26,0,0,0,0,0
AID2025-005155,S0036805,2025FA,2025-26,1,1,7395,1,5500
AID2025-005156,S0021466,2025FA,2025-26,0,0,0,0,0
AID2025-005157,S0037931,2025FA,2025-26,0,0,0,0,0
AID2025-005158,S0007159,2025FA,2025-26,0,0,0,1,5500
AID2025-005159,S0005097,2025FA,2025-26,0,0,0,0,0
AID2025-005160,S0030443,2025FA,2025-26,1,0,0,0,0
AID2025-005161,S0022257,2025FA,2025-26,1,1,7395,1,5500
AID2025-005162,S0007859,2025FA,2025-26,0,0,0,0,0
AID2025-005163,S0037082,2025FA,2025-26,0,0,0,0,0
AID2025-005164,S0027855,2025FA,2025-26,1,1,7395,1,5500
AID2025-005165,S0019192,2025FA,2025-26,1,1,7395,0,0
AID2025-005166,S0023230,2025FA,2025-26,1,1,7395,0,0
AID2025-005167,S0011919,2025FA,2025-26,1,0,0,1,5500
AID2025-005168,S0029604,2025FA,2025-26,0,0,0,0,0
AID2025-005169,S0014811,2025FA,2025-26,0,0,0,0,0
AID2025-005170,S0027585,2025FA,2025-26,1,1,7395,1,5500
AID2025-005171,S0004989,2025FA,2025-26,0,0,0,0,0
AID2025-005172,S0004869,2025FA,2025-26,0,0,0,0,0
AID2025-005173,S0021135,2025FA,2025-26,0,0,0,1,5500
AID2025-005174,S0031272,2025FA,2025-26,1,0,0,0,0
AID2025-005175,S0040282,2025FA,2025-26,0,0,0,0,0
AID2025-005176,S0029117,2025FA,2025-26,0,0,0,1,5500
AID2025-005177,S0028415,2025FA,2025-26,0,0,0,0,0
AID2025-005178,S0016381,2025FA,2025-26,1,1,7395,0,0
AID2025-005179,S0036319,2025FA,2025-26,0,0,0,1,5500
AID2025-005180,S0029455,2025FA,2025-26,0,0,0,0,0
AID2025-005181,S0022519,2025FA,2025-26,0,0,0,0,0
AID2025-005182,S0033282,2025FA,2025-26,1,1,7395,1,5500
AID2025-005183,S0029332,2025FA,2025-26,0,0,0,0,0
AID2025-005184,S0012650,2025FA,2025-26,0,0,0,0,0
AID2025-005185,S0032089,2025FA,2025-26,0,0,0,1,5500
AID2025-005186,S0032833,2025FA,2025-26,1,1,7395,0,0
AID2025-005187,S0022129,2025FA,2025-26,1,1,7395,0,0
AID2025-005188,S0040514,2025FA,2025-26,0,0,0,1,5500
AID2025-005189,S0019556,2025FA,2025-26,0,0,0,0,0
AID2025-005190,S0004960,2025FA,2025-26,0,0,0,0,0
AID2025-005191,S0032635,2025FA,2025-26,0,0,0,1,5500
AID2025-005192,S0023204,2025FA,2025-26,0,0,0,0,0
AID2025-005193,S0032840,2025FA,2025-26,1,1,7395,0,0
AID2025-005194,S0035814,2025FA,2025-26,0,0,0,1,5500
AID2025-005195,S0018776,2025FA,2025-26,0,0,0,0,0
AID2025-005196,S0035163,2025FA,2025-26,1,1,7395,0,0
AID2025-005197,S0016647,2025FA,2025-26,0,0,0,1,5500
AID2025-005198,S0004798,2025FA,2025-26,0,0,0,0,0
AID2025-005199,S0032827,2025FA,2025-26,0,0,0,0,0
AID2025-005200,S0033714,2025FA,2025-26,0,0,0,1,5500
AID2025-005201,S0040342,2025FA,2025-26,1,1,7395,0,0
AID2025-005202,S0035711,2025FA,2025-26,0,0,0,0,0
AID2025-005203,S0039722,2025FA,2025-26,0,0,0,1,5500
AID2025-005204,S0035791,2025FA,2025-26,0,0,0,0,0
AID2025-005205,S0015270,2025FA,2025-26,1,1,7395,0,0
AID2025-005206,S0013503,2025FA,2025-26,0,0,0,1,5500
AID2025-005207,S0012186,2025FA,2025-26,0,0,0,0,0
AID2025-005208,S0022339,2025FA,2025-26,0,0,0,0,0
AID2025-005209,S0019722,2025FA,2025-26,1,0,0,1,5500
AID2025-005210,S0015122,2025FA,2025-26,0,0,0,0,0
AID2025-005211,S0007284,2025FA,2025-26,1,1,7395,0,0
AID2025-005212,S0032052,2025FA,2025-26,1,1,7395,1,5500
AID2025-005213,S0000301,2025FA,2025-26,0,0,0,0,0
AID2025-005214,S0019018,2025FA,2025-26,1,1,7395,0,0
AID2025-005215,S0004742,2025FA,2025-26,0,0,0,1,5500
AID2025-005216,S0008886,2025FA,2025-26,1,0,0,0,0
AID2025-005217,S0035725,2025FA,2025-26,0,0,0,0,0
AID2025-005218,S0038866,2025FA,2025-26,1,1,7395,1,5500
AID2025-005219,S0012882,2025FA,2025-26,0,0,0,0,0
AID2025-005220,S0028198,2025FA,2025-26,1,1,7395,0,0
AID2025-005221,S0008378,2025FA,2025-26,1,1,7395,1,5500
AID2025-005222,S0035577,2025FA,2025-26,0,0,0,0,0
AID2025-005223,S0035755,2025FA,2025-26,0,0,0,0,0
AID2025-005224,S0037182,2025FA,2025-26,0,0,0,1,5500
AID2025-005225,S0040400,2025FA,2025-26,1,1,7395,0,0
AID2025-005226,S0022410,2025FA,2025-26,1,1,7395,0,0
AID2025-005227,S0031438,2025FA,2025-26,1,1,7395,1,5500
AID2025-005228,S0036758,2025FA,2025-26,1,1,7395,0,0
AID2025-005229,S0027317,2025FA,2025-26,1,1,7395,0,0
AID2025-005230,S0025716,2025FA,2025-26,1,0,0,1,5500
AID2025-005231,S0026160,2025FA,2025-26,1,1,7395,0,0
AID2025-005232,S0000223,2025FA,2025-26,0,0,0,0,0
AID2025-005233,S0030830,2025FA,2025-26,1,1,7395,1,5500
AID2025-005234,S0010697,2025FA,2025-26,0,0,0,0,0
AID2025-005235,S0038588,2025FA,2025-26,0,0,0,0,0
AID2025-005236,S0033645,2025FA,2025-26,1,1,7395,1,5500
AID2025-005237,S0022956,2025FA,2025-26,0,0,0,0,0
AID2025-005238,S0016313,2025FA,2025-26,1,1,7395,0,0
AID2025-005239,S0033210,2025FA,2025-26,0,0,0,1,5500
AID2025-005240,S0021361,2025FA,2025-26,0,0,0,0,0
AID2025-005241,S0028995,2025FA,2025-26,1,1,7395,0,0
AID2025-005242,S0027499,2025FA,2025-26,0,0,0,1,5500
AID2025-005243,S0001039,2025FA,2025-26,1,1,7395,0,0
AID2025-005244,S0023519,2025FA,2025-26,1,0,0,0,0
AID2025-005245,S0036899,2025FA,2025-26,0,0,0,1,5500
AID2025-005246,S0025635,2025FA,2025-26,1,1,7395,0,0
AID2025-005247,S0037485,2025FA,2025-26,0,0,0,0,0
AID2025-005248,S0035134,2025FA,2025-26,0,0,0,1,5500
AID2025-005249,S0015841,2025FA,2025-26,0,0,0,0,0
AID2025-005250,S0004806,2025FA,2025-26,0,0,0,0,0
AID2025-005251,S0009293,2025FA,2025-26,0,0,0,1,5500
AID2025-005252,S0001201,2025FA,2025-26,0,0,0,0,0
AID2025-005253,S0034389,2025FA,2025-26,0,0,0,0,0
AID2025-005254,S0015661,2025FA,2025-26,1,1,7395,1,5500
AID2025-005255,S0009286,2025FA,2025-26,0,0,0,0,0
AID2025-005256,S0030365,2025FA,2025-26,0,0,0,0,0
AID2025-005257,S0025851,2025FA,2025-26,0,0,0,1,5500
AID2025-005258,S0032060,2025FA,2025-26,0,0,0,0,0
AID2025-005259,S0035094,2025FA,2025-26,0,0,0,0,0
AID2025-005260,S0008841,2025FA,2025-26,0,0,0,1,5500
AID2025-005261,S0035927,2025FA,2025-26,0,0,0,0,0
AID2025-005262,S0030815,2025FA,2025-26,1,1,7395,0,0
AID2025-005263,S0032216,2025FA,2025-26,0,0,0,1,5500
AID2025-005264,S0016087,2025FA,2025-26,1,1,7395,0,0
AID2025-005265,S0034385,2025FA,2025-26,0,0,0,0,0
AID2025-005266,S0032590,2025FA,2025-26,0,0,0,1,5500
AID2025-005267,S0039508,2025FA,2025-26,0,0,0,0,0
AID2025-005268,S0037715,2025FA,2025-26,1,1,7395,0,0
AID2025-005269,S0033782,2025FA,2025-26,1,1,7395,1,5500
AID2025-005270,S0027759,2025FA,2025-26,0,0,0,0,0
AID2025-005271,S0040021,2025FA,2025-26,0,0,0,0,0
AID2025-005272,S0016621,2025FA,2025-26,0,0,0,1,5500
AID2025-005273,S0034270,2025FA,2025-26,1,1,7395,0,0
AID2025-005274,S0031213,2025FA,2025-26,0,0,0,0,0
AID2025-005275,S0029319,2025FA,2025-26,0,0,0,1,5500
AID2025-005276,S0039243,2025FA,2025-26,0,0,0,0,0
AID2025-005277,S0022906,2025FA,2025-26,0,0,0,0,0
AID2025-005278,S0038089,2025FA,2025-26,0,0,0,1,5500
AID2025-005279,S0039650,2025FA,2025-26,1,1,7395,0,0
AID2025-005280,S0023057,2025FA,2025-26,0,0,0,0,0
AID2025-005281,S0036806,2025FA,2025-26,0,0,0,1,5500
AID2025-005282,S0037826,2025FA,2025-26,0,0,0,0,0
AID2025-005283,S0023334,2025FA,2025-26,1,1,7395,0,0
AID2025-005284,S0032987,2025FA,2025-26,0,0,0,1,5500
AID2025-005285,S0006971,2025FA,2025-26,1,1,7395,0,0
AID2025-005286,S0011392,2025FA,2025-26,0,0,0,0,0
AID2025-005287,S0001059,2025FA,2025-26,1,1,7395,1,5500
AID2025-005288,S0035265,2025FA,2025-26,1,1,7395,0,0
AID2025-005289,S0009642,2025FA,2025-26,0,0,0,0,0
AID2025-005290,S0030966,2025FA,2025-26,1,1,7395,1,5500
AID2025-005291,S0039874,2025FA,2025-26,0,0,0,0,0
AID2025-005292,S0016602,2025FA,2025-26,0,0,0,0,0
AID2025-005293,S0033961,2025FA,2025-26,1,0,0,1,5500
AID2025-005294,S0039292,2025FA,2025-26,1,1,7395,0,0
AID2025-005295,S0032854,2025FA,2025-26,1,1,7395,0,0
AID2025-005296,S0038714,2025FA,2025-26,1,1,7395,1,5500
AID2025-005297,S0024466,2025FA,2025-26,0,0,0,0,0
AID2025-005298,S0034068,2025FA,2025-26,1,1,7395,0,0
AID2025-005299,S0011335,2025FA,2025-26,0,0,0,1,5500
AID2025-005300,S0005633,2025FA,2025-26,0,0,0,0,0
AID2025-005301,S0038495,2025FA,2025-26,0,0,0,0,0
AID2025-005302,S0024161,2025FA,2025-26,0,0,0,1,5500
AID2025-005303,S0005910,2025FA,2025-26,0,0,0,0,0
AID2025-005304,S0040663,2025FA,2025-26,0,0,0,0,0
AID2025-005305,S0034236,2025FA,2025-26,0,0,0,1,5500
AID2025-005306,S0018840,2025FA,2025-26,1,1,7395,0,0
AID2025-005307,S0037779,2025FA,2025-26,0,0,0,0,0
AID2025-005308,S0024013,2025FA,2025-26,0,0,0,1,5500
AID2025-005309,S0037118,2025FA,2025-26,0,0,0,0,0
AID2025-005310,S0019528,2025FA,2025-26,1,1,7395,0,0
AID2025-005311,S0015095,2025FA,2025-26,1,1,7395,1,5500
AID2025-005312,S0016054,2025FA,2025-26,1,1,7395,0,0
AID2025-005313,S0026887,2025FA,2025-26,1,1,7395,0,0
AID2025-005314,S0027623,2025FA,2025-26,1,0,0,1,5500
AID2025-005315,S0004752,2025FA,2025-26,0,0,0,0,0
AID2025-005316,S0035886,2025FA,2025-26,1,1,7395,0,0
AID2025-005317,S0030747,2025FA,2025-26,0,0,0,1,5500
AID2025-005318,S0033652,2025FA,2025-26,0,0,0,0,0
AID2025-005319,S0023809,2025FA,2025-26,0,0,0,0,0
AID2025-005320,S0036063,2025FA,2025-26,0,0,0,1,5500
AID2025-005321,S0011198,2025FA,2025-26,0,0,0,0,0
AID2025-005322,S0036340,2025FA,2025-26,1,1,7395,0,0
AID2025-005323,S0039255,2025FA,2025-26,0,0,0,1,5500
AID2025-005324,S0033471,2025FA,2025-26,0,0,0,0,0
AID2025-005325,S0037728,2025FA,2025-26,0,0,0,0,0
AID2025-005326,S0038800,2025FA,2025-26,0,0,0,1,5500
AID2025-005327,S0027764,2025FA,2025-26,0,0,0,0,0
AID2025-005328,S0028427,2025FA,2025-26,0,0,0,0,0
AID2025-005329,S0034310,2025FA,2025-26,0,0,0,1,5500
AID2025-005330,S0033154,2025FA,2025-26,1,1,7395,0,0
AID2025-005331,S0025432,2025FA,2025-26,0,0,0,0,0
AID2025-005332,S0007828,2025FA,2025-26,0,0,0,1,5500
AID2025-005333,S0036788,2025FA,2025-26,1,1,7395,0,0
AID2025-005334,S0036700,2025FA,2025-26,0,0,0,0,0
AID2025-005335,S0039500,2025FA,2025-26,0,0,0,1,5500
AID2025-005336,S0009428,2025FA,2025-26,0,0,0,0,0
AID2025-005337,S0031395,2025FA,2025-26,1,1,7395,0,0
AID2025-005338,S0010662,2025FA,2025-26,0,0,0,1,5500
AID2025-005339,S0040028,2025FA,2025-26,0,0,0,0,0
AID2025-005340,S0036303,2025FA,2025-26,0,0,0,0,0
AID2025-005341,S0018033,2025FA,2025-26,1,1,7395,1,5500
AID2025-005342,S0003944,2025FA,2025-26,1,0,0,0,0
AID2025-005343,S0031286,2025FA,2025-26,0,0,0,0,0
AID2025-005344,S0009120,2025FA,2025-26,1,1,7395,1,5500
AID2025-005345,S0039928,2025FA,2025-26,0,0,0,0,0
AID2025-005346,S0027398,2025FA,2025-26,1,1,7395,0,0
AID2025-005347,S0028092,2025FA,2025-26,1,1,7395,1,5500
AID2025-005348,S0027940,2025FA,2025-26,0,0,0,0,0
AID2025-005349,S0033131,2025FA,2025-26,0,0,0,0,0
AID2025-005350,S0035519,2025FA,2025-26,0,0,0,1,5500
AID2025-005351,S0023349,2025FA,2025-26,0,0,0,0,0
AID2025-005352,S0011333,2025FA,2025-26,0,0,0,0,0
AID2025-005353,S0027408,2025FA,2025-26,0,0,0,1,5500
AID2025-005354,S0026894,2025FA,2025-26,1,1,7395,0,0
AID2025-005355,S0040452,2025FA,2025-26,0,0,0,0,0
AID2025-005356,S0011972,2025FA,2025-26,0,0,0,1,5500
AID2025-005357,S0018632,2025FA,2025-26,0,0,0,0,0
AID2025-005358,S0016783,2025FA,2025-26,1,1,7395,0,0
AID2025-005359,S0025581,2025FA,2025-26,0,0,0,1,5500
AID2025-005360,S0023522,2025FA,2025-26,1,1,7395,0,0
AID2025-005361,S0005235,2025FA,2025-26,1,1,7395,0,0
AID2025-005362,S0010331,2025FA,2025-26,0,0,0,1,5500
AID2025-005363,S0027483,2025FA,2025-26,0,0,0,0,0
AID2025-005364,S0012658,2025FA,2025-26,0,0,0,0,0
AID2025-005365,S0023363,2025FA,2025-26,0,0,0,1,5500
AID2025-005366,S0036790,2025FA,2025-26,1,1,7395,0,0
AID2025-005367,S0032409,2025FA,2025-26,0,0,0,0,0
AID2025-005368,S0004793,2025FA,2025-26,0,0,0,1,5500
AID2025-005369,S0037613,2025FA,2025-26,0,0,0,0,0
AID2025-005370,S0000313,2025FA,2025-26,1,1,7395,0,0
AID2025-005371,S0027973,2025FA,2025-26,0,0,0,1,5500
AID2025-005372,S0035681,2025FA,2025-26,0,0,0,0,0
AID2025-005373,S0025705,2025FA,2025-26,1,1,7395,0,0
AID2025-005374,S0003152,2025FA,2025-26,1,1,7395,1,5500
AID2025-005375,S0037972,2025FA,2025-26,0,0,0,0,0
AID2025-005376,S0020929,2025FA,2025-26,1,1,7395,0,0
AID2025-005377,S0019423,2025FA,2025-26,0,0,0,1,5500
AID2025-005378,S0030628,2025FA,2025-26,0,0,0,0,0
AID2025-005379,S0027552,2025FA,2025-26,1,1,7395,0,0
AID2025-005380,S0001141,2025FA,2025-26,0,0,0,1,5500
AID2025-005381,S0000592,2025FA,2025-26,1,1,7395,0,0
AID2025-005382,S0033325,2025FA,2025-26,0,0,0,0,0
AID2025-005383,S0038999,2025FA,2025-26,1,1,7395,1,5500
AID2025-005384,S0022395,2025FA,2025-26,1,0,0,0,0
AID2025-005385,S0009076,2025FA,2025-26,1,1,7395,0,0
AID2025-005386,S0019620,2025FA,2025-26,0,0,0,1,5500
AID2025-005387,S0037558,2025FA,2025-26,1,1,7395,0,0
AID2025-005388,S0037229,2025FA,2025-26,1,1,7395,0,0
AID2025-005389,S0026634,2025FA,2025-26,0,0,0,1,5500
AID2025-005390,S0030298,2025FA,2025-26,0,0,0,0,0
AID2025-005391,S0021678,2025FA,2025-26,0,0,0,0,0
AID2025-005392,S0032503,2025FA,2025-26,0,0,0,1,5500
AID2025-005393,S0037196,2025FA,2025-26,0,0,0,0,0
AID2025-005394,S0037193,2025FA,2025-26,0,0,0,0,0
AID2025-005395,S0037683,2025FA,2025-26,0,0,0,1,5500
AID2025-005396,S0027654,2025FA,2025-26,0,0,0,0,0
AID2025-005397,S0003829,2025FA,2025-26,1,1,7395,0,0
AID2025-005398,S0028925,2025FA,2025-26,0,0,0,1,5500
AID2025-005399,S0032851,2025FA,2025-26,0,0,0,0,0
AID2025-005400,S0037977,2025FA,2025-26,0,0,0,0,0
AID2025-005401,S0040271,2025FA,2025-26,0,0,0,1,5500
AID2025-005402,S0036946,2025FA,2025-26,0,0,0,0,0
AID2025-005403,S0004964,2025FA,2025-26,0,0,0,0,0
AID2025-005404,S0009366,2025FA,2025-26,1,1,7395,1,5500
AID2025-005405,S0028527,2025FA,2025-26,1,0,0,0,0
AID2025-005406,S0037299,2025FA,2025-26,0,0,0,0,0
AID2025-005407,S0017545,2025FA,2025-26,0,0,0,1,5500
AID2025-005408,S0036833,2025FA,2025-26,1,1,7395,0,0
AID2025-005409,S0016717,2025FA,2025-26,1,1,7395,0,0
AID2025-005410,S0026013,2025FA,2025-26,0,0,0,1,5500
AID2025-005411,S0035155,2025FA,2025-26,1,1,7395,0,0
AID2025-005412,S0036219,2025FA,2025-26,1,0,0,0,0
AID2025-005413,S0038257,2025FA,2025-26,0,0,0,1,5500
AID2025-005414,S0023474,2025FA,2025-26,0,0,0,0,0
AID2025-005415,S0014155,2025FA,2025-26,0,0,0,0,0
AID2025-005416,S0026565,2025FA,2025-26,1,1,7395,1,5500
AID2025-005417,S0038435,2025FA,2025-26,0,0,0,0,0
AID2025-005418,S0004555,2025FA,2025-26,1,1,7395,0,0
AID2025-005419,S0001706,2025FA,2025-26,0,0,0,1,5500
AID2025-005420,S0001786,2025FA,2025-26,1,1,7395,0,0
AID2025-005421,S0021427,2025FA,2025-26,1,1,7395,0,0
AID2025-005422,S0038183,2025FA,2025-26,1,1,7395,1,5500
AID2025-005423,S0014455,2025FA,2025-26,0,0,0,0,0
AID2025-005424,S0027634,2025FA,2025-26,1,1,7395,0,0
AID2025-005425,S0015058,2025FA,2025-26,0,0,0,1,5500
AID2025-005426,S0033881,2025FA,2025-26,1,0,0,0,0
AID2025-005427,S0010451,2025FA,2025-26,0,0,0,0,0
AID2025-005428,S0015490,2025FA,2025-26,1,1,7395,1,5500
AID2025-005429,S0011261,2025FA,2025-26,0,0,0,0,0
AID2025-005430,S0019044,2025FA,2025-26,1,1,7395,0,0
AID2025-005431,S0040003,2025FA,2025-26,1,1,7395,1,5500
AID2025-005432,S0016545,2025FA,2025-26,0,0,0,0,0
AID2025-005433,S0040476,2025FA,2025-26,1,0,0,0,0
AID2025-005434,S0039592,2025FA,2025-26,0,0,0,1,5500
AID2025-005435,S0009607,2025FA,2025-26,0,0,0,0,0
AID2025-005436,S0007291,2025FA,2025-26,0,0,0,0,0
AID2025-005437,S0000657,2025FA,2025-26,0,0,0,1,5500
AID2025-005438,S0013550,2025FA,2025-26,0,0,0,0,0
AID2025-005439,S0027821,2025FA,2025-26,1,1,7395,0,0
AID2025-005440,S0015659,2025FA,2025-26,1,0,0,1,5500
AID2025-005441,S0005406,2025FA,2025-26,0,0,0,0,0
AID2025-005442,S0028909,2025FA,2025-26,0,0,0,0,0
AID2025-005443,S0023368,2025FA,2025-26,0,0,0,1,5500
AID2025-005444,S0004118,2025FA,2025-26,1,1,7395,0,0
AID2025-005445,S0026946,2025FA,2025-26,1,1,7395,0,0
AID2025-005446,S0000566,2025FA,2025-26,0,0,0,1,5500
AID2025-005447,S0023027,2025FA,2025-26,1,0,0,0,0
AID2025-005448,S0036230,2025FA,2025-26,0,0,0,0,0
AID2025-005449,S0020726,2025FA,2025-26,1,1,7395,1,5500
AID2025-005450,S0008578,2025FA,2025-26,0,0,0,0,0
AID2025-005451,S0032355,2025FA,2025-26,0,0,0,0,0
AID2025-005452,S0033699,2025FA,2025-26,0,0,0,1,5500
AID2025-005453,S0009825,2025FA,2025-26,1,1,7395,0,0
AID2025-005454,S0019566,2025FA,2025-26,0,0,0,0,0
AID2025-005455,S0029540,2025FA,2025-26,0,0,0,1,5500
AID2025-005456,S0037686,2025FA,2025-26,1,1,7395,0,0
AID2025-005457,S0008910,2025FA,2025-26,0,0,0,0,0
AID2025-005458,S0032313,2025FA,2025-26,1,1,7395,1,5500
AID2025-005459,S0035335,2025FA,2025-26,0,0,0,0,0
AID2025-005460,S0038008,2025FA,2025-26,1,1,7395,0,0
AID2025-005461,S0016248,2025FA,2025-26,0,0,0,1,5500
AID2025-005462,S0000841,2025FA,2025-26,0,0,0,0,0
AID2025-005463,S0001565,2025FA,2025-26,0,0,0,0,0
AID2025-005464,S0008494,2025FA,2025-26,1,1,7395,1,5500
AID2025-005465,S0032360,2025FA,2025-26,0,0,0,0,0
AID2025-005466,S0026641,2025FA,2025-26,0,0,0,0,0
AID2025-005467,S0037998,2025FA,2025-26,0,0,0,1,5500
AID2025-005468,S0036479,2025FA,2025-26,0,0,0,0,0
AID2025-005469,S0036494,2025FA,2025-26,1,1,7395,0,0
AID2025-005470,S0007967,2025FA,2025-26,1,1,7395,1,5500
AID2025-005471,S0027151,2025FA,2025-26,0,0,0,0,0
AID2025-005472,S0028594,2025FA,2025-26,1,1,7395,0,0
AID2025-005473,S0025603,2025FA,2025-26,0,0,0,1,5500
AID2025-005474,S0027817,2025FA,2025-26,1,1,7395,0,0
AID2025-005475,S0032006,2025FA,2025-26,1,0,0,0,0
AID2025-005476,S0037401,2025FA,2025-26,1,1,7395,1,5500
AID2025-005477,S0030540,2025FA,2025-26,0,0,0,0,0
AID2025-005478,S0030417,2025FA,2025-26,0,0,0,0,0
AID2025-005479,S0039727,2025FA,2025-26,0,0,0,1,5500
AID2025-005480,S0011692,2025FA,2025-26,0,0,0,0,0
AID2025-005481,S0039206,2025FA,2025-26,0,0,0,0,0
AID2025-005482,S0036086,2025FA,2025-26,0,0,0,1,5500
AID2025-005483,S0012282,2025FA,2025-26,0,0,0,0,0
AID2025-005484,S0033875,2025FA,2025-26,0,0,0,0,0
AID2025-005485,S0036720,2025FA,2025-26,1,1,7395,1,5500
AID2025-005486,S0009267,2025FA,2025-26,0,0,0,0,0
AID2025-005487,S0033222,2025FA,2025-26,1,1,7395,0,0
AID2025-005488,S0038935,2025FA,2025-26,0,0,0,1,5500
AID2025-005489,S0034087,2025FA,2025-26,0,0,0,0,0
AID2025-005490,S0035230,2025FA,2025-26,0,0,0,0,0
AID2025-005491,S0015243,2025FA,2025-26,1,1,7395,1,5500
AID2025-005492,S0004245,2025FA,2025-26,1,1,7395,0,0
AID2025-005493,S0036195,2025FA,2025-26,0,0,0,0,0
AID2025-005494,S0039824,2025FA,2025-26,1,1,7395,1,5500
AID2025-005495,S0020796,2025FA,2025-26,0,0,0,0,0
AID2025-005496,S0037600,2025FA,2025-26,0,0,0,0,0
AID2025-005497,S0005541,2025FA,2025-26,0,0,0,1,5500
AID2025-005498,S0001180,2025FA,2025-26,1,1,7395,0,0
AID2025-005499,S0011754,2025FA,2025-26,0,0,0,0,0
AID2025-005500,S0007179,2025FA,2025-26,0,0,0,1,5500
AID2025-005501,S0035144,2025FA,2025-26,0,0,0,0,0
AID2025-005502,S0035712,2025FA,2025-26,0,0,0,0,0
AID2025-005503,S0028712,2025FA,2025-26,0,0,0,1,5500
AID2025-005504,S0035610,2025FA,2025-26,0,0,0,0,0
AID2025-005505,S0040055,2025FA,2025-26,0,0,0,0,0
AID2025-005506,S0028616,2025FA,2025-26,0,0,0,1,5500
AID2025-005507,S0019256,2025FA,2025-26,1,1,7395,0,0
AID2025-005508,S0026168,2025FA,2025-26,0,0,0,0,0
AID2025-005509,S0001830,2025FA,2025-26,0,0,0,1,5500
AID2025-005510,S0030958,2025FA,2025-26,0,0,0,0,0
AID2025-005511,S0033651,2025FA,2025-26,1,1,7395,0,0
AID2025-005512,S0023987,2025FA,2025-26,1,1,7395,1,5500
AID2025-005513,S0033720,2025FA,2025-26,1,1,7395,0,0
AID2025-005514,S0032724,2025FA,2025-26,1,1,7395,0,0
AID2025-005515,S0039645,2025FA,2025-26,0,0,0,1,5500
AID2025-005516,S0003585,2025FA,2025-26,0,0,0,0,0
AID2025-005517,S0020689,2025FA,2025-26,1,0,0,0,0
AID2025-005518,S0025402,2025FA,2025-26,1,1,7395,1,5500
AID2025-005519,S0006831,2025FA,2025-26,0,0,0,0,0
AID2025-005520,S0033055,2025FA,2025-26,1,1,7395,0,0
AID2025-005521,S0016645,2025FA,2025-26,0,0,0,1,5500
AID2025-005522,S0035495,2025FA,2025-26,1,1,7395,0,0
AID2025-005523,S0034006,2025FA,2025-26,1,1,7395,0,0
AID2025-005524,S0028418,2025FA,2025-26,0,0,0,1,5500
AID2025-005525,S0029381,2025FA,2025-26,1,1,7395,0,0
AID2025-005526,S0024469,2025FA,2025-26,0,0,0,0,0
AID2025-005527,S0037749,2025FA,2025-26,0,0,0,1,5500
AID2025-005528,S0004418,2025FA,2025-26,0,0,0,0,0
AID2025-005529,S0019073,2025FA,2025-26,1,1,7395,0,0
AID2025-005530,S0032419,2025FA,2025-26,0,0,0,1,5500
AID2025-005531,S0038925,2025FA,2025-26,1,0,0,0,0
AID2025-005532,S0024394,2025FA,2025-26,0,0,0,0,0
AID2025-005533,S0040289,2025FA,2025-26,1,1,7395,1,5500
AID2025-005534,S0004449,2025FA,2025-26,0,0,0,0,0
AID2025-005535,S0040136,2025FA,2025-26,1,1,7395,0,0
AID2025-005536,S0035809,2025FA,2025-26,1,1,7395,1,5500
AID2025-005537,S0037553,2025FA,2025-26,0,0,0,0,0
AID2025-005538,S0038894,2025FA,2025-26,1,0,0,0,0
AID2025-005539,S0027546,2025FA,2025-26,0,0,0,1,5500
AID2025-005540,S0032097,2025FA,2025-26,0,0,0,0,0
AID2025-005541,S0036751,2025FA,2025-26,1,1,7395,0,0
AID2025-005542,S0039931,2025FA,2025-26,0,0,0,1,5500
AID2025-005543,S0033841,2025FA,2025-26,0,0,0,0,0
AID2025-005544,S0033918,2025FA,2025-26,0,0,0,0,0
AID2025-005545,S0022120,2025FA,2025-26,0,0,0,1,5500
AID2025-005546,S0003224,2025FA,2025-26,0,0,0,0,0
AID2025-005547,S0021050,2025FA,2025-26,0,0,0,0,0
AID2025-005548,S0023099,2025FA,2025-26,0,0,0,1,5500
AID2025-005549,S0033384,2025FA,2025-26,1,1,7395,0,0
AID2025-005550,S0001326,2025FA,2025-26,0,0,0,0,0
AID2025-005551,S0009772,2025FA,2025-26,0,0,0,1,5500
AID2025-005552,S0035935,2025FA,2025-26,0,0,0,0,0
AID2025-005553,S0011472,2025FA,2025-26,0,0,0,0,0
AID2025-005554,S0040610,2025FA,2025-26,0,0,0,1,5500
AID2025-005555,S0007601,2025FA,2025-26,1,1,7395,0,0
AID2025-005556,S0035474,2025FA,2025-26,0,0,0,0,0
AID2025-005557,S0037380,2025FA,2025-26,1,1,7395,1,5500
AID2025-005558,S0018980,2025FA,2025-26,0,0,0,0,0
AID2025-005559,S0011922,2025FA,2025-26,0,0,0,0,0
AID2025-005560,S0038097,2025FA,2025-26,0,0,0,1,5500
AID2025-005561,S0037877,2025FA,2025-26,0,0,0,0,0
AID2025-005562,S0039715,2025FA,2025-26,0,0,0,0,0
AID2025-005563,S0038812,2025FA,2025-26,0,0,0,1,5500
AID2025-005564,S0021981,2025FA,2025-26,0,0,0,0,0
AID2025-005565,S0009992,2025FA,2025-26,1,1,7395,0,0
AID2025-005566,S0003560,2025FA,2025-26,0,0,0,1,5500
AID2025-005567,S0032211,2025FA,2025-26,0,0,0,0,0
AID2025-005568,S0030760,2025FA,2025-26,0,0,0,0,0
AID2025-005569,S0003453,2025FA,2025-26,1,1,7395,1,5500
AID2025-005570,S0039807,2025FA,2025-26,0,0,0,0,0
AID2025-005571,S0038743,2025FA,2025-26,0,0,0,0,0
AID2025-005572,S0016906,2025FA,2025-26,0,0,0,1,5500
AID2025-005573,S0038402,2025FA,2025-26,1,0,0,0,0
AID2025-005574,S0034332,2025FA,2025-26,1,1,7395,0,0
AID2025-005575,S0040134,2025FA,2025-26,1,1,7395,1,5500
AID2025-005576,S0027313,2025FA,2025-26,1,1,7395,0,0
AID2025-005577,S0003379,2025FA,2025-26,0,0,0,0,0
AID2025-005578,S0038407,2025FA,2025-26,0,0,0,1,5500
AID2025-005579,S0038199,2025FA,2025-26,1,1,7395,0,0
AID2025-005580,S0021001,2025FA,2025-26,0,0,0,0,0
AID2025-005581,S0036878,2025FA,2025-26,1,1,7395,1,5500
AID2025-005582,S0038371,2025FA,2025-26,0,0,0,0,0
AID2025-005583,S0029111,2025FA,2025-26,1,1,7395,0,0
AID2025-005584,S0027199,2025FA,2025-26,0,0,0,1,5500
AID2025-005585,S0039507,2025FA,2025-26,1,1,7395,0,0
AID2025-005586,S0035958,2025FA,2025-26,0,0,0,0,0
AID2025-005587,S0039140,2025FA,2025-26,1,0,0,1,5500
AID2025-005588,S0038884,2025FA,2025-26,0,0,0,0,0
AID2025-005589,S0003887,2025FA,2025-26,0,0,0,0,0
AID2025-005590,S0029561,2025FA,2025-26,0,0,0,1,5500
AID2025-005591,S0036268,2025FA,2025-26,1,1,7395,0,0
AID2025-005592,S0006792,2025FA,2025-26,0,0,0,0,0
AID2025-005593,S0039512,2025FA,2025-26,1,1,7395,1,5500
AID2025-005594,S0035508,2025FA,2025-26,0,0,0,0,0
AID2025-005595,S0031201,2025FA,2025-26,0,0,0,0,0
AID2025-005596,S0037405,2025FA,2025-26,0,0,0,1,5500
AID2025-005597,S0034323,2025FA,2025-26,0,0,0,0,0
AID2025-005598,S0017934,2025FA,2025-26,0,0,0,0,0
AID2025-005599,S0022119,2025FA,2025-26,1,1,7395,1,5500
AID2025-005600,S0036652,2025FA,2025-26,1,1,7395,0,0
AID2025-005601,S0040310,2025FA,2025-26,0,0,0,0,0
AID2025-005602,S0027691,2025FA,2025-26,0,0,0,1,5500
AID2025-005603,S0007148,2025FA,2025-26,1,1,7395,0,0
AID2025-005604,S0036564,2025FA,2025-26,1,1,7395,0,0
AID2025-005605,S0005581,2025FA,2025-26,0,0,0,1,5500
AID2025-005606,S0022900,2025FA,2025-26,1,1,7395,0,0
AID2025-005607,S0012414,2025FA,2025-26,0,0,0,0,0
AID2025-005608,S0039265,2025FA,2025-26,1,0,0,1,5500
AID2025-005609,S0028409,2025FA,2025-26,0,0,0,0,0
AID2025-005610,S0031500,2025FA,2025-26,1,1,7395,0,0
AID2025-005611,S0024369,2025FA,2025-26,0,0,0,1,5500
AID2025-005612,S0039922,2025FA,2025-26,0,0,0,0,0
AID2025-005613,S0032487,2025FA,2025-26,0,0,0,0,0
AID2025-005614,S0037418,2025FA,2025-26,1,1,7395,1,5500
AID2025-005615,S0033588,2025FA,2025-26,0,0,0,0,0
AID2025-005616,S0025490,2025FA,2025-26,0,0,0,0,0
AID2025-005617,S0038976,2025FA,2025-26,0,0,0,1,5500
AID2025-005618,S0017166,2025FA,2025-26,0,0,0,0,0
AID2025-005619,S0029090,2025FA,2025-26,0,0,0,0,0
AID2025-005620,S0036562,2025FA,2025-26,0,0,0,1,5500
AID2025-005621,S0038251,2025FA,2025-26,0,0,0,0,0
AID2025-005622,S0026201,2025FA,2025-26,1,0,0,0,0
AID2025-005623,S0039614,2025FA,2025-26,0,0,0,1,5500
AID2025-005624,S0033267,2025FA,2025-26,0,0,0,0,0
AID2025-005625,S0017122,2025FA,2025-26,1,1,7395,0,0
AID2025-005626,S0037164,2025FA,2025-26,1,1,7395,1,5500
AID2025-005627,S0004016,2025FA,2025-26,0,0,0,0,0
AID2025-005628,S0033704,2025FA,2025-26,1,1,7395,0,0
AID2025-005629,S0037362,2025FA,2025-26,1,0,0,1,5500
AID2025-005630,S0027153,2025FA,2025-26,0,0,0,0,0
AID2025-005631,S0039426,2025FA,2025-26,1,1,7395,0,0
AID2025-005632,S0008413,2025FA,2025-26,1,1,7395,1,5500
AID2025-005633,S0030347,2025FA,2025-26,1,1,7395,0,0
AID2025-005634,S0033204,2025FA,2025-26,0,0,0,0,0
AID2025-005635,S0027872,2025FA,2025-26,0,0,0,1,5500
AID2025-005636,S0014903,2025FA,2025-26,0,0,0,0,0
AID2025-005637,S0038204,2025FA,2025-26,0,0,0,0,0
AID2025-005638,S0038306,2025FA,2025-26,1,1,7395,1,5500
AID2025-005639,S0017258,2025FA,2025-26,0,0,0,0,0
AID2025-005640,S0023999,2025FA,2025-26,1,1,7395,0,0
AID2025-005641,S0023340,2025FA,2025-26,0,0,0,1,5500
AID2025-005642,S0016695,2025FA,2025-26,1,1,7395,0,0
AID2025-005643,S0017921,2025FA,2025-26,0,0,0,0,0
AID2025-005644,S0028989,2025FA,2025-26,1,1,7395,1,5500
AID2025-005645,S0032493,2025FA,2025-26,1,1,7395,0,0
AID2025-005646,S0025439,2025FA,2025-26,1,1,7395,0,0
AID2025-005647,S0035957,2025FA,2025-26,1,1,7395,1,5500
AID2025-005648,S0021760,2025FA,2025-26,1,1,7395,0,0
AID2025-005649,S0038355,2025FA,2025-26,1,1,7395,0,0
AID2025-005650,S0011303,2025FA,2025-26,1,0,0,1,5500
AID2025-005651,S0038021,2025FA,2025-26,0,0,0,0,0
AID2025-005652,S0036473,2025FA,2025-26,0,0,0,0,0
AID2025-005653,S0035391,2025FA,2025-26,1,1,7395,1,5500
AID2025-005654,S0000350,2025FA,2025-26,0,0,0,0,0
AID2025-005655,S0015034,2025FA,2025-26,0,0,0,0,0
AID2025-005656,S0040332,2025FA,2025-26,0,0,0,1,5500
AID2025-005657,S0033660,2025FA,2025-26,0,0,0,0,0
AID2025-005658,S0033715,2025FA,2025-26,0,0,0,0,0
AID2025-005659,S0000578,2025FA,2025-26,0,0,0,1,5500
AID2025-005660,S0021686,2025FA,2025-26,0,0,0,0,0
AID2025-005661,S0037208,2025FA,2025-26,0,0,0,0,0
AID2025-005662,S0020941,2025FA,2025-26,0,0,0,1,5500
AID2025-005663,S0022448,2025FA,2025-26,0,0,0,0,0
AID2025-005664,S0032754,2025FA,2025-26,1,0,0,0,0
AID2025-005665,S0024239,2025FA,2025-26,0,0,0,1,5500
AID2025-005666,S0016444,2025FA,2025-26,1,1,7395,0,0
AID2025-005667,S0014552,2025FA,2025-26,0,0,0,0,0
AID2025-005668,S0009928,2025FA,2025-26,0,0,0,1,5500
AID2025-005669,S0036105,2025FA,2025-26,0,0,0,0,0
AID2025-005670,S0033861,2025FA,2025-26,0,0,0,0,0
AID2025-005671,S0027470,2025FA,2025-26,1,0,0,1,5500
AID2025-005672,S0023679,2025FA,2025-26,0,0,0,0,0
AID2025-005673,S0026458,2025FA,2025-26,0,0,0,0,0
AID2025-005674,S0013169,2025FA,2025-26,1,1,7395,1,5500
AID2025-005675,S0000227,2025FA,2025-26,0,0,0,0,0
AID2025-005676,S0010481,2025FA,2025-26,0,0,0,0,0
AID2025-005677,S0031558,2025FA,2025-26,0,0,0,1,5500
AID2025-005678,S0005069,2025FA,2025-26,0,0,0,0,0
AID2025-005679,S0016736,2025FA,2025-26,0,0,0,0,0
AID2025-005680,S0018945,2025FA,2025-26,0,0,0,1,5500
AID2025-005681,S0033149,2025FA,2025-26,0,0,0,0,0
AID2025-005682,S0024142,2025FA,2025-26,1,1,7395,0,0
AID2025-005683,S0038869,2025FA,2025-26,0,0,0,1,5500
AID2025-005684,S0038657,2025FA,2025-26,1,1,7395,0,0
AID2025-005685,S0025344,2025FA,2025-26,0,0,0,0,0
AID2025-005686,S0030398,2025FA,2025-26,0,0,0,1,5500
AID2025-005687,S0036027,2025FA,2025-26,0,0,0,0,0
AID2025-005688,S0039363,2025FA,2025-26,0,0,0,0,0
AID2025-005689,S0030559,2025FA,2025-26,0,0,0,1,5500
AID2025-005690,S0026339,2025FA,2025-26,1,1,7395,0,0
AID2025-005691,S0040365,2025FA,2025-26,0,0,0,0,0
AID2025-005692,S0038135,2025FA,2025-26,1,0,0,1,5500
AID2025-005693,S0027077,2025FA,2025-26,1,1,7395,0,0
AID2025-005694,S0039040,2025FA,2025-26,0,0,0,0,0
AID2025-005695,S0001817,2025FA,2025-26,0,0,0,1,5500
AID2025-005696,S0028725,2025FA,2025-26,1,1,7395,0,0
AID2025-005697,S0001124,2025FA,2025-26,0,0,0,0,0
AID2025-005698,S0007626,2025FA,2025-26,1,1,7395,1,5500
AID2025-005699,S0021051,2025FA,2025-26,1,0,0,0,0
AID2025-005700,S0033823,2025FA,2025-26,1,1,7395,0,0
AID2025-005701,S0028292,2025FA,2025-26,0,0,0,1,5500
AID2025-005702,S0019611,2025FA,2025-26,0,0,0,0,0
AID2025-005703,S0031959,2025FA,2025-26,0,0,0,0,0
AID2025-005704,S0038900,2025FA,2025-26,0,0,0,1,5500
AID2025-005705,S0036579,2025FA,2025-26,0,0,0,0,0
AID2025-005706,S0028174,2025FA,2025-26,1,0,0,0,0
AID2025-005707,S0021171,2025FA,2025-26,0,0,0,1,5500
AID2025-005708,S0034086,2025FA,2025-26,0,0,0,0,0
AID2025-005709,S0012743,2025FA,2025-26,1,1,7395,0,0
AID2025-005710,S0028903,2025FA,2025-26,0,0,0,1,5500
AID2025-005711,S0022605,2025FA,2025-26,0,0,0,0,0
AID2025-005712,S0005164,2025FA,2025-26,0,0,0,0,0
AID2025-005713,S0036604,2025FA,2025-26,0,0,0,1,5500
AID2025-005714,S0032654,2025FA,2025-26,0,0,0,0,0
AID2025-005715,S0012671,2025FA,2025-26,0,0,0,0,0
AID2025-005716,S0008534,2025FA,2025-26,1,1,7395,1,5500
AID2025-005717,S0001183,2025FA,2025-26,0,0,0,0,0
AID2025-005718,S0035213,2025FA,2025-26,0,0,0,0,0
AID2025-005719,S0014870,2025FA,2025-26,1,1,7395,1,5500
AID2025-005720,S0032461,2025FA,2025-26,0,0,0,0,0
AID2025-005721,S0030348,2025FA,2025-26,0,0,0,0,0
AID2025-005722,S0030947,2025FA,2025-26,0,0,0,1,5500
AID2025-005723,S0038047,2025FA,2025-26,0,0,0,0,0
AID2025-005724,S0018090,2025FA,2025-26,0,0,0,0,0
AID2025-005725,S0019653,2025FA,2025-26,0,0,0,1,5500
AID2025-005726,S0032354,2025FA,2025-26,0,0,0,0,0
AID2025-005727,S0039540,2025FA,2025-26,0,0,0,0,0
AID2025-005728,S0027692,2025FA,2025-26,0,0,0,1,5500
AID2025-005729,S0033385,2025FA,2025-26,0,0,0,0,0
AID2025-005730,S0031127,2025FA,2025-26,0,0,0,0,0
AID2025-005731,S0032218,2025FA,2025-26,0,0,0,1,5500
AID2025-005732,S0031825,2025FA,2025-26,0,0,0,0,0
AID2025-005733,S0024421,2025FA,2025-26,1,1,7395,0,0
AID2025-005734,S0001412,2025FA,2025-26,1,1,7395,1,5500
AID2025-005735,S0027883,2025FA,2025-26,1,1,7395,0,0
AID2025-005736,S0022706,2025FA,2025-26,0,0,0,0,0
AID2025-005737,S0029250,2025FA,2025-26,0,0,0,1,5500
AID2025-005738,S0031156,2025FA,2025-26,0,0,0,0,0
AID2025-005739,S0006992,2025FA,2025-26,0,0,0,0,0
AID2025-005740,S0028473,2025FA,2025-26,0,0,0,1,5500
AID2025-005741,S0036588,2025FA,2025-26,0,0,0,0,0
AID2025-005742,S0024049,2025FA,2025-26,1,1,7395,0,0
AID2025-005743,S0008783,2025FA,2025-26,0,0,0,1,5500
AID2025-005744,S0038628,2025FA,2025-26,0,0,0,0,0
AID2025-005745,S0038579,2025FA,2025-26,1,1,7395,0,0
AID2025-005746,S0032528,2025FA,2025-26,1,1,7395,1,5500
AID2025-005747,S0016578,2025FA,2025-26,0,0,0,0,0
AID2025-005748,S0008954,2025FA,2025-26,0,0,0,0,0
AID2025-005749,S0036651,2025FA,2025-26,0,0,0,1,5500
AID2025-005750,S0036003,2025FA,2025-26,1,1,7395,0,0
AID2025-005751,S0033707,2025FA,2025-26,0,0,0,0,0
AID2025-005752,S0036941,2025FA,2025-26,1,1,7395,1,5500
AID2025-005753,S0018106,2025FA,2025-26,0,0,0,0,0
AID2025-005754,S0037100,2025FA,2025-26,1,1,7395,0,0
AID2025-005755,S0016574,2025FA,2025-26,0,0,0,1,5500
AID2025-005756,S0036263,2025FA,2025-26,0,0,0,0,0
AID2025-005757,S0039172,2025FA,2025-26,0,0,0,0,0
AID2025-005758,S0024066,2025FA,2025-26,0,0,0,1,5500
AID2025-005759,S0028035,2025FA,2025-26,1,1,7395,0,0
AID2025-005760,S0028487,2025FA,2025-26,0,0,0,0,0
AID2025-005761,S0038430,2025FA,2025-26,0,0,0,1,5500
AID2025-005762,S0034315,2025FA,2025-26,0,0,0,0,0
AID2025-005763,S0037337,2025FA,2025-26,0,0,0,0,0
AID2025-005764,S0039527,2025FA,2025-26,0,0,0,1,5500
AID2025-005765,S0039580,2025FA,2025-26,1,1,7395,0,0
AID2025-005766,S0023297,2025FA,2025-26,1,1,7395,0,0
AID2025-005767,S0032321,2025FA,2025-26,0,0,0,1,5500
AID2025-005768,S0021356,2025FA,2025-26,0,0,0,0,0
AID2025-005769,S0021440,2025FA,2025-26,0,0,0,0,0
AID2025-005770,S0023191,2025FA,2025-26,0,0,0,1,5500
AID2025-005771,S0039953,2025FA,2025-26,0,0,0,0,0
AID2025-005772,S0039698,2025FA,2025-26,0,0,0,0,0
AID2025-005773,S0006817,2025FA,2025-26,1,1,7395,1,5500
AID2025-005774,S0008111,2025FA,2025-26,0,0,0,0,0
AID2025-005775,S0039756,2025FA,2025-26,0,0,0,0,0
AID2025-005776,S0033639,2025FA,2025-26,1,0,0,1,5500
AID2025-005777,S0030948,2025FA,2025-26,0,0,0,0,0
AID2025-005778,S0038167,2025FA,2025-26,1,1,7395,0,0
AID2025-005779,S0028042,2025FA,2025-26,0,0,0,1,5500
AID2025-005780,S0040654,2025FA,2025-26,0,0,0,0,0
AID2025-005781,S0035985,2025FA,2025-26,0,0,0,0,0
AID2025-005782,S0022355,2025FA,2025-26,0,0,0,1,5500
AID2025-005783,S0038876,2025FA,2025-26,0,0,0,0,0
AID2025-005784,S0021202,2025FA,2025-26,0,0,0,0,0
AID2025-005785,S0032606,2025FA,2025-26,0,0,0,1,5500
AID2025-005786,S0037724,2025FA,2025-26,1,1,7395,0,0
AID2025-005787,S0009534,2025FA,2025-26,0,0,0,0,0
AID2025-005788,S0018190,2025FA,2025-26,0,0,0,1,5500
AID2025-005789,S0000190,2025FA,2025-26,0,0,0,0,0
AID2025-005790,S0027523,2025FA,2025-26,0,0,0,0,0
AID2025-005791,S0036355,2025FA,2025-26,0,0,0,1,5500
AID2025-005792,S0029233,2025FA,2025-26,0,0,0,0,0
AID2025-005793,S0013443,2025FA,2025-26,0,0,0,0,0
AID2025-005794,S0038883,2025FA,2025-26,1,1,7395,1,5500
AID2025-005795,S0005000,2025FA,2025-26,0,0,0,0,0
AID2025-005796,S0027846,2025FA,2025-26,0,0,0,0,0
AID2025-005797,S0020808,2025FA,2025-26,1,0,0,1,5500
AID2025-005798,S0005854,2025FA,2025-26,0,0,0,0,0
AID2025-005799,S0026869,2025FA,2025-26,1,1,7395,0,0
AID2025-005800,S0019540,2025FA,2025-26,0,0,0,1,5500
AID2025-005801,S0034293,2025FA,2025-26,0,0,0,0,0
AID2025-005802,S0028792,2025FA,2025-26,0,0,0,0,0
AID2025-005803,S0029038,2025FA,2025-26,1,1,7395,1,5500
AID2025-005804,S0013173,2025FA,2025-26,1,0,0,0,0
AID2025-005805,S0037128,2025FA,2025-26,1,1,7395,0,0
AID2025-005806,S0027162,2025FA,2025-26,0,0,0,1,5500
AID2025-005807,S0037838,2025FA,2025-26,0,0,0,0,0
AID2025-005808,S0033409,2025FA,2025-26,0,0,0,0,0
AID2025-005809,S0038555,2025FA,2025-26,1,1,7395,1,5500
AID2025-005810,S0018692,2025FA,2025-26,1,1,7395,0,0
AID2025-005811,S0003759,2025FA,2025-26,1,0,0,0,0
AID2025-005812,S0017079,2025FA,2025-26,1,1,7395,1,5500
AID2025-005813,S0033803,2025FA,2025-26,0,0,0,0,0
AID2025-005814,S0035429,2025FA,2025-26,0,0,0,0,0
AID2025-005815,S0011078,2025FA,2025-26,1,1,7395,1,5500
AID2025-005816,S0028379,2025FA,2025-26,0,0,0,0,0
AID2025-005817,S0000318,2025FA,2025-26,1,1,7395,0,0
AID2025-005818,S0039382,2025FA,2025-26,1,0,0,1,5500
AID2025-005819,S0019412,2025FA,2025-26,0,0,0,0,0
AID2025-005820,S0039331,2025FA,2025-26,0,0,0,0,0
AID2025-005821,S0040236,2025FA,2025-26,0,0,0,1,5500
AID2025-005822,S0022012,2025FA,2025-26,0,0,0,0,0
AID2025-005823,S0035796,2025FA,2025-26,0,0,0,0,0
AID2025-005824,S0039263,2025FA,2025-26,0,0,0,1,5500
AID2025-005825,S0028151,2025FA,2025-26,0,0,0,0,0
AID2025-005826,S0036768,2025FA,2025-26,1,1,7395,0,0
AID2025-005827,S0010416,2025FA,2025-26,0,0,0,1,5500
AID2025-005828,S0028921,2025FA,2025-26,0,0,0,0,0
AID2025-005829,S0021099,2025FA,2025-26,0,0,0,0,0
AID2025-005830,S0028272,2025FA,2025-26,0,0,0,1,5500
AID2025-005831,S0001344,2025FA,2025-26,0,0,0,0,0
AID2025-005832,S0006994,2025FA,2025-26,1,0,0,0,0
AID2025-005833,S0021813,2025FA,2025-26,0,0,0,1,5500
AID2025-005834,S0038757,2025FA,2025-26,1,1,7395,0,0
AID2025-005835,S0038459,2025FA,2025-26,1,1,7395,0,0
AID2025-005836,S0036202,2025FA,2025-26,1,1,7395,1,5500
AID2025-005837,S0011052,2025FA,2025-26,0,0,0,0,0
AID2025-005838,S0019003,2025FA,2025-26,0,0,0,0,0
AID2025-005839,S0036068,2025FA,2025-26,1,0,0,1,5500
AID2025-005840,S0022659,2025FA,2025-26,0,0,0,0,0
AID2025-005841,S0001654,2025FA,2025-26,0,0,0,0,0
AID2025-005842,S0021918,2025FA,2025-26,1,1,7395,1,5500
AID2025-005843,S0024215,2025FA,2025-26,0,0,0,0,0
AID2025-005844,S0030333,2025FA,2025-26,0,0,0,0,0
AID2025-005845,S0005495,2025FA,2025-26,0,0,0,1,5500
AID2025-005846,S0023251,2025FA,2025-26,1,0,0,0,0
AID2025-005847,S0019638,2025FA,2025-26,1,1,7395,0,0
AID2025-005848,S0000279,2025FA,2025-26,0,0,0,1,5500
AID2025-005849,S0033580,2025FA,2025-26,0,0,0,0,0
AID2025-005850,S0034240,2025FA,2025-26,0,0,0,0,0
AID2025-005851,S0033287,2025FA,2025-26,0,0,0,1,5500
AID2025-005852,S0019544,2025FA,2025-26,1,1,7395,0,0
AID2025-005853,S0012337,2025FA,2025-26,0,0,0,0,0
AID2025-005854,S0027351,2025FA,2025-26,0,0,0,1,5500
AID2025-005855,S0012686,2025FA,2025-26,0,0,0,0,0
AID2025-005856,S0012871,2025FA,2025-26,1,1,7395,0,0
AID2025-005857,S0036682,2025FA,2025-26,0,0,0,1,5500
AID2025-005858,S0022487,2025FA,2025-26,1,1,7395,0,0
AID2025-005859,S0039810,2025FA,2025-26,0,0,0,0,0
AID2025-005860,S0036877,2025FA,2025-26,0,0,0,1,5500
AID2025-005861,S0036824,2025FA,2025-26,0,0,0,0,0
AID2025-005862,S0028145,2025FA,2025-26,1,1,7395,0,0
AID2025-005863,S0023013,2025FA,2025-26,0,0,0,1,5500
AID2025-005864,S0029063,2025FA,2025-26,0,0,0,0,0
AID2025-005865,S0024464,2025FA,2025-26,0,0,0,0,0
AID2025-005866,S0039941,2025FA,2025-26,0,0,0,1,5500
AID2025-005867,S0038561,2025FA,2025-26,1,0,0,0,0
AID2025-005868,S0034213,2025FA,2025-26,0,0,0,0,0
AID2025-005869,S0031000,2025FA,2025-26,0,0,0,1,5500
AID2025-005870,S0040301,2025FA,2025-26,0,0,0,0,0
AID2025-005871,S0003196,2025FA,2025-26,1,1,7395,0,0
AID2025-005872,S0024284,2025FA,2025-26,1,1,7395,1,5500
AID2025-005873,S0024444,2025FA,2025-26,0,0,0,0,0
AID2025-005874,S0023953,2025FA,2025-26,0,0,0,0,0
AID2025-005875,S0008391,2025FA,2025-26,0,0,0,1,5500
AID2025-005876,S0011899,2025FA,2025-26,0,0,0,0,0
AID2025-005877,S0017767,2025FA,2025-26,1,1,7395,0,0
AID2025-005878,S0034267,2025FA,2025-26,0,0,0,1,5500
AID2025-005879,S0028657,2025FA,2025-26,1,1,7395,0,0
AID2025-005880,S0024210,2025FA,2025-26,1,1,7395,0,0
AID2025-005881,S0000031,2025FA,2025-26,0,0,0,1,5500
AID2025-005882,S0005370,2025FA,2025-26,0,0,0,0,0
AID2025-005883,S0028189,2025FA,2025-26,1,1,7395,0,0
AID2025-005884,S0016168,2025FA,2025-26,1,1,7395,1,5500
AID2025-005885,S0010674,2025FA,2025-26,0,0,0,0,0
AID2025-005886,S0040580,2025FA,2025-26,1,1,7395,0,0
AID2025-005887,S0012755,2025FA,2025-26,0,0,0,1,5500
AID2025-005888,S0014314,2025FA,2025-26,0,0,0,0,0
AID2025-005889,S0018859,2025FA,2025-26,0,0,0,0,0
AID2025-005890,S0025471,2025FA,2025-26,0,0,0,1,5500
AID2025-005891,S0033502,2025FA,2025-26,0,0,0,0,0
AID2025-005892,S0037063,2025FA,2025-26,1,1,7395,0,0
AID2025-005893,S0035242,2025FA,2025-26,0,0,0,1,5500
AID2025-005894,S0039051,2025FA,2025-26,0,0,0,0,0
AID2025-005895,S0033496,2025FA,2025-26,1,0,0,0,0
AID2025-005896,S0033980,2025FA,2025-26,0,0,0,1,5500
AID2025-005897,S0013513,2025FA,2025-26,0,0,0,0,0
AID2025-005898,S0040304,2025FA,2025-26,1,1,7395,0,0
AID2025-005899,S0037297,2025FA,2025-26,0,0,0,1,5500
AID2025-005900,S0005648,2025FA,2025-26,0,0,0,0,0
AID2025-005901,S0000739,2025FA,2025-26,1,1,7395,0,0
AID2025-005902,S0039847,2025FA,2025-26,1,0,0,1,5500
AID2025-005903,S0039802,2025FA,2025-26,1,1,7395,0,0
AID2025-005904,S0023397,2025FA,2025-26,0,0,0,0,0
AID2025-005905,S0026492,2025FA,2025-26,0,0,0,1,5500
AID2025-005906,S0008763,2025FA,2025-26,1,1,7395,0,0
AID2025-005907,S0017978,2025FA,2025-26,1,1,7395,0,0
AID2025-005908,S0039631,2025FA,2025-26,0,0,0,1,5500
AID2025-005909,S0028271,2025FA,2025-26,0,0,0,0,0
AID2025-005910,S0036702,2025FA,2025-26,1,1,7395,0,0
AID2025-005911,S0039543,2025FA,2025-26,0,0,0,1,5500
AID2025-005912,S0011000,2025FA,2025-26,0,0,0,0,0
AID2025-005913,S0008613,2025FA,2025-26,0,0,0,0,0
AID2025-005914,S0007077,2025FA,2025-26,0,0,0,1,5500
AID2025-005915,S0038959,2025FA,2025-26,0,0,0,0,0
AID2025-005916,S0036284,2025FA,2025-26,0,0,0,0,0
AID2025-005917,S0028624,2025FA,2025-26,1,1,7395,1,5500
AID2025-005918,S0032132,2025FA,2025-26,0,0,0,0,0
AID2025-005919,S0005842,2025FA,2025-26,0,0,0,0,0
AID2025-005920,S0024037,2025FA,2025-26,0,0,0,1,5500
AID2025-005921,S0010569,2025FA,2025-26,0,0,0,0,0
AID2025-005922,S0033286,2025FA,2025-26,0,0,0,0,0
AID2025-005923,S0040216,2025FA,2025-26,1,0,0,1,5500
AID2025-005924,S0040404,2025FA,2025-26,0,0,0,0,0
AID2025-005925,S0018297,2025FA,2025-26,0,0,0,0,0
AID2025-005926,S0033322,2025FA,2025-26,1,1,7395,1,5500
AID2025-005927,S0027116,2025FA,2025-26,1,1,7395,0,0
AID2025-005928,S0037145,2025FA,2025-26,1,1,7395,0,0
AID2025-005929,S0018088,2025FA,2025-26,0,0,0,1,5500
AID2025-005930,S0032912,2025FA,2025-26,1,0,0,0,0
AID2025-005931,S0008225,2025FA,2025-26,0,0,0,0,0
AID2025-005932,S0033615,2025FA,2025-26,0,0,0,1,5500
AID2025-005933,S0028906,2025FA,2025-26,1,1,7395,0,0
AID2025-005934,S0033137,2025FA,2025-26,0,0,0,0,0
AID2025-005935,S0030453,2025FA,2025-26,0,0,0,1,5500
AID2025-005936,S0008556,2025FA,2025-26,1,1,7395,0,0
AID2025-005937,S0033108,2025FA,2025-26,0,0,0,0,0
AID2025-005938,S0020668,2025FA,2025-26,0,0,0,1,5500
AID2025-005939,S0013401,2025FA,2025-26,1,1,7395,0,0
AID2025-005940,S0021069,2025FA,2025-26,0,0,0,0,0
AID2025-005941,S0019099,2025FA,2025-26,0,0,0,1,5500
AID2025-005942,S0025540,2025FA,2025-26,0,0,0,0,0
AID2025-005943,S0014187,2025FA,2025-26,1,1,7395,0,0
AID2025-005944,S0018605,2025FA,2025-26,0,0,0,1,5500
AID2025-005945,S0017452,2025FA,2025-26,0,0,0,0,0
AID2025-005946,S0031425,2025FA,2025-26,0,0,0,0,0
AID2025-005947,S0005200,2025FA,2025-26,1,1,7395,1,5500
AID2025-005948,S0032816,2025FA,2025-26,1,1,7395,0,0
AID2025-005949,S0022710,2025FA,2025-26,1,1,7395,0,0
AID2025-005950,S0040406,2025FA,2025-26,0,0,0,1,5500
AID2025-005951,S0035337,2025FA,2025-26,1,0,0,0,0
AID2025-005952,S0040160,2025FA,2025-26,0,0,0,0,0
AID2025-005953,S0032393,2025FA,2025-26,0,0,0,1,5500
AID2025-005954,S0014643,2025FA,2025-26,0,0,0,0,0
AID2025-005955,S0036763,2025FA,2025-26,0,0,0,0,0
AID2025-005956,S0022763,2025FA,2025-26,0,0,0,1,5500
AID2025-005957,S0014801,2025FA,2025-26,1,1,7395,0,0
AID2025-005958,S0006621,2025FA,2025-26,0,0,0,0,0
AID2025-005959,S0032662,2025FA,2025-26,0,0,0,1,5500
AID2025-005960,S0033678,2025FA,2025-26,0,0,0,0,0
AID2025-005961,S0029290,2025FA,2025-26,1,1,7395,0,0
AID2025-005962,S0023477,2025FA,2025-26,0,0,0,1,5500
AID2025-005963,S0013420,2025FA,2025-26,0,0,0,0,0
AID2025-005964,S0018065,2025FA,2025-26,0,0,0,0,0
AID2025-005965,S0028328,2025FA,2025-26,0,0,0,1,5500
AID2025-005966,S0040052,2025FA,2025-26,0,0,0,0,0
AID2025-005967,S0032839,2025FA,2025-26,1,1,7395,0,0
AID2025-005968,S0003144,2025FA,2025-26,0,0,0,1,5500
AID2025-005969,S0040543,2025FA,2025-26,1,1,7395,0,0
AID2025-005970,S0023856,2025FA,2025-26,1,1,7395,0,0
AID2025-005971,S0001323,2025FA,2025-26,0,0,0,1,5500
AID2025-005972,S0022590,2025FA,2025-26,1,0,0,0,0
AID2025-005973,S0036351,2025FA,2025-26,1,1,7395,0,0
AID2025-005974,S0027750,2025FA,2025-26,0,0,0,1,5500
AID2025-005975,S0039167,2025FA,2025-26,0,0,0,0,0
AID2025-005976,S0001775,2025FA,2025-26,0,0,0,0,0
AID2025-005977,S0009483,2025FA,2025-26,0,0,0,1,5500
AID2025-005978,S0027647,2025FA,2025-26,1,1,7395,0,0
AID2025-005979,S0009005,2025FA,2025-26,0,0,0,0,0
AID2025-005980,S0038516,2025FA,2025-26,0,0,0,1,5500
AID2025-005981,S0034047,2025FA,2025-26,0,0,0,0,0
AID2025-005982,S0029520,2025FA,2025-26,0,0,0,0,0
AID2025-005983,S0021047,2025FA,2025-26,0,0,0,1,5500
AID2025-005984,S0038597,2025FA,2025-26,0,0,0,0,0
AID2025-005985,S0037927,2025FA,2025-26,0,0,0,0,0
AID2025-005986,S0033722,2025FA,2025-26,0,0,0,1,5500
AID2025-005987,S0031640,2025FA,2025-26,0,0,0,0,0
AID2025-005988,S0038490,2025FA,2025-26,0,0,0,0,0
AID2025-005989,S0019666,2025FA,2025-26,0,0,0,1,5500
AID2025-005990,S0038330,2025FA,2025-26,0,0,0,0,0
AID2025-005991,S0025629,2025FA,2025-26,1,1,7395,0,0
AID2025-005992,S0020780,2025FA,2025-26,1,1,7395,1,5500
AID2025-005993,S0028339,2025FA,2025-26,1,0,0,0,0
AID2025-005994,S0016143,2025FA,2025-26,0,0,0,0,0
AID2025-005995,S0022861,2025FA,2025-26,1,1,7395,1,5500
AID2025-005996,S0036954,2025FA,2025-26,1,1,7395,0,0
AID2025-005997,S0038784,2025FA,2025-26,0,0,0,0,0
AID2025-005998,S0036014,2025FA,2025-26,0,0,0,1,5500
AID2025-005999,S0036566,2025FA,2025-26,0,0,0,0,0
AID2025-006000,S0039289,2025FA,2025-26,0,0,0,0,0
AID2025-006001,S0040348,2025FA,2025-26,0,0,0,1,5500
AID2025-006002,S0008157,2025FA,2025-26,0,0,0,0,0
AID2025-006003,S0039875,2025FA,2025-26,0,0,0,0,0
AID2025-006004,S0011816,2025FA,2025-26,1,1,7395,1,5500
AID2025-006005,S0040135,2025FA,2025-26,0,0,0,0,0
AID2025-006006,S0037928,2025FA,2025-26,1,1,7395,0,0
AID2025-006007,S0004847,2025FA,2025-26,1,1,7395,1,5500
AID2025-006008,S0036392,2025FA,2025-26,0,0,0,0,0
AID2025-006009,S0033217,2025FA,2025-26,1,1,7395,0,0
AID2025-006010,S0015096,2025FA,2025-26,0,0,0,1,5500
AID2025-006011,S0033285,2025FA,2025-26,0,0,0,0,0
AID2025-006012,S0040325,2025FA,2025-26,0,0,0,0,0
AID2025-006013,S0033018,2025FA,2025-26,0,0,0,1,5500
AID2025-006014,S0037066,2025FA,2025-26,1,0,0,0,0
AID2025-006015,S0007010,2025FA,2025-26,1,1,7395,0,0
AID2025-006016,S0038234,2025FA,2025-26,0,0,0,1,5500
AID2025-006017,S0028755,2025FA,2025-26,0,0,0,0,0
AID2025-006018,S0039881,2025FA,2025-26,0,0,0,0,0
AID2025-006019,S0018378,2025FA,2025-26,0,0,0,1,5500
AID2025-006020,S0013883,2025FA,2025-26,0,0,0,0,0
AID2025-006021,S0037502,2025FA,2025-26,0,0,0,0,0
AID2025-006022,S0032309,2025FA,2025-26,0,0,0,1,5500
AID2025-006023,S0029314,2025FA,2025-26,0,0,0,0,0
AID2025-006024,S0038979,2025FA,2025-26,1,1,7395,0,0
AID2025-006025,S0021812,2025FA,2025-26,0,0,0,1,5500
AID2025-006026,S0033862,2025FA,2025-26,0,0,0,0,0
AID2025-006027,S0017357,2025FA,2025-26,0,0,0,0,0
AID2025-006028,S0033958,2025FA,2025-26,0,0,0,1,5500
AID2025-006029,S0026716,2025FA,2025-26,0,0,0,0,0
AID2025-006030,S0031845,2025FA,2025-26,0,0,0,0,0
AID2025-006031,S0012203,2025FA,2025-26,0,0,0,1,5500
AID2025-006032,S0039869,2025FA,2025-26,0,0,0,0,0
AID2025-006033,S0034307,2025FA,2025-26,0,0,0,0,0
AID2025-006034,S0001720,2025FA,2025-26,0,0,0,1,5500
AID2025-006035,S0008611,2025FA,2025-26,0,0,0,0,0
AID2025-006036,S0010593,2025FA,2025-26,1,1,7395,0,0
AID2025-006037,S0007951,2025FA,2025-26,1,1,7395,1,5500
AID2025-006038,S0023450,2025FA,2025-26,1,1,7395,0,0
AID2025-006039,S0032559,2025FA,2025-26,1,1,7395,0,0
AID2025-006040,S0024195,2025FA,2025-26,1,1,7395,1,5500
AID2025-006041,S0039611,2025FA,2025-26,0,0,0,0,0
AID2025-006042,S0036237,2025FA,2025-26,0,0,0,0,0
AID2025-006043,S0015985,2025FA,2025-26,0,0,0,1,5500
AID2025-006044,S0023206,2025FA,2025-26,0,0,0,0,0
AID2025-006045,S0039027,2025FA,2025-26,0,0,0,0,0
AID2025-006046,S0021414,2025FA,2025-26,0,0,0,1,5500
AID2025-006047,S0027073,2025FA,2025-26,0,0,0,0,0
AID2025-006048,S0012012,2025FA,2025-26,1,1,7395,0,0
AID2025-006049,S0016803,2025FA,2025-26,0,0,0,1,5500
AID2025-006050,S0031937,2025FA,2025-26,0,0,0,0,0
AID2025-006051,S0033878,2025FA,2025-26,0,0,0,0,0
AID2025-006052,S0018060,2025FA,2025-26,0,0,0,1,5500
AID2025-006053,S0015078,2025FA,2025-26,0,0,0,0,0
AID2025-006054,S0031052,2025FA,2025-26,0,0,0,0,0
AID2025-006055,S0036256,2025FA,2025-26,0,0,0,1,5500
AID2025-006056,S0036734,2025FA,2025-26,0,0,0,0,0
AID2025-006057,S0038151,2025FA,2025-26,0,0,0,0,0
AID2025-006058,S0036465,2025FA,2025-26,0,0,0,1,5500
AID2025-006059,S0039350,2025FA,2025-26,1,1,7395,0,0
AID2025-006060,S0033337,2025FA,2025-26,0,0,0,0,0
AID2025-006061,S0013567,2025FA,2025-26,1,1,7395,1,5500
AID2025-006062,S0037648,2025FA,2025-26,0,0,0,0,0
AID2025-006063,S0003395,2025FA,2025-26,0,0,0,0,0
AID2025-006064,S0020827,2025FA,2025-26,0,0,0,1,5500
AID2025-006065,S0000577,2025FA,2025-26,1,1,7395,0,0
AID2025-006066,S0028014,2025FA,2025-26,0,0,0,0,0
AID2025-006067,S0035181,2025FA,2025-26,0,0,0,1,5500
AID2025-006068,S0021756,2025FA,2025-26,1,1,7395,0,0
AID2025-006069,S0016897,2025FA,2025-26,0,0,0,0,0
AID2025-006070,S0008467,2025FA,2025-26,0,0,0,1,5500
AID2025-006071,S0036565,2025FA,2025-26,1,1,7395,0,0
AID2025-006072,S0016849,2025FA,2025-26,1,1,7395,0,0
AID2025-006073,S0016356,2025FA,2025-26,1,1,7395,1,5500
AID2025-006074,S0023332,2025FA,2025-26,0,0,0,0,0
AID2025-006075,S0035309,2025FA,2025-26,1,1,7395,0,0
AID2025-006076,S0005010,2025FA,2025-26,1,1,7395,1,5500
AID2025-006077,S0039488,2025FA,2025-26,0,0,0,0,0
AID2025-006078,S0032605,2025FA,2025-26,1,1,7395,0,0
AID2025-006079,S0036612,2025FA,2025-26,0,0,0,1,5500
AID2025-006080,S0032642,2025FA,2025-26,0,0,0,0,0
AID2025-006081,S0013829,2025FA,2025-26,0,0,0,0,0
AID2025-006082,S0039737,2025FA,2025-26,0,0,0,1,5500
AID2025-006083,S0026747,2025FA,2025-26,0,0,0,0,0
AID2025-006084,S0031218,2025FA,2025-26,0,0,0,0,0
AID2025-006085,S0022285,2025FA,2025-26,0,0,0,1,5500
AID2025-006086,S0040036,2025FA,2025-26,0,0,0,0,0
AID2025-006087,S0019644,2025FA,2025-26,1,1,7395,0,0
AID2025-006088,S0034023,2025FA,2025-26,0,0,0,1,5500
AID2025-006089,S0028458,2025FA,2025-26,0,0,0,0,0
AID2025-006090,S0028351,2025FA,2025-26,1,1,7395,0,0
AID2025-006091,S0040559,2025FA,2025-26,0,0,0,1,5500
AID2025-006092,S0039825,2025FA,2025-26,1,1,7395,0,0
AID2025-006093,S0040252,2025FA,2025-26,1,1,7395,0,0
AID2025-006094,S0034096,2025FA,2025-26,1,1,7395,1,5500
AID2025-006095,S0012914,2025FA,2025-26,0,0,0,0,0
AID2025-006096,S0039215,2025FA,2025-26,0,0,0,0,0
AID2025-006097,S0033939,2025FA,2025-26,0,0,0,1,5500
AID2025-006098,S0036547,2025FA,2025-26,0,0,0,0,0
AID2025-006099,S0019204,2025FA,2025-26,0,0,0,0,0
AID2025-006100,S0028470,2025FA,2025-26,1,1,7395,1,5500
AID2025-006101,S0038155,2025FA,2025-26,0,0,0,0,0
AID2025-006102,S0021597,2025FA,2025-26,1,1,7395,0,0
AID2025-006103,S0038133,2025FA,2025-26,0,0,0,1,5500
AID2025-006104,S0033684,2025FA,2025-26,1,1,7395,0,0
AID2025-006105,S0027977,2025FA,2025-26,0,0,0,0,0
AID2025-006106,S0040201,2025FA,2025-26,1,1,7395,1,5500
AID2025-006107,S0033692,2025FA,2025-26,1,1,7395,0,0
AID2025-006108,S0023880,2025FA,2025-26,0,0,0,0,0
AID2025-006109,S0031324,2025FA,2025-26,0,0,0,1,5500
AID2025-006110,S0039129,2025FA,2025-26,0,0,0,0,0
AID2025-006111,S0038906,2025FA,2025-26,1,1,7395,0,0
AID2025-006112,S0037644,2025FA,2025-26,1,0,0,1,5500
AID2025-006113,S0018863,2025FA,2025-26,1,1,7395,0,0
AID2025-006114,S0031523,2025FA,2025-26,0,0,0,0,0
AID2025-006115,S0000070,2025FA,2025-26,0,0,0,1,5500
AID2025-006116,S0006455,2025FA,2025-26,0,0,0,0,0
AID2025-006117,S0023384,2025FA,2025-26,0,0,0,0,0
AID2025-006118,S0017169,2025FA,2025-26,1,1,7395,1,5500
AID2025-006119,S0026305,2025FA,2025-26,1,0,0,0,0
AID2025-006120,S0039541,2025FA,2025-26,0,0,0,0,0
AID2025-006121,S0018701,2025FA,2025-26,0,0,0,1,5500
AID2025-006122,S0018787,2025FA,2025-26,1,1,7395,0,0
AID2025-006123,S0013904,2025FA,2025-26,0,0,0,0,0
AID2025-006124,S0000766,2025FA,2025-26,1,1,7395,1,5500
AID2025-006125,S0021067,2025FA,2025-26,1,1,7395,0,0
AID2025-006126,S0028945,2025FA,2025-26,0,0,0,0,0
AID2025-006127,S0003686,2025FA,2025-26,0,0,0,1,5500
AID2025-006128,S0033662,2025FA,2025-26,0,0,0,0,0
AID2025-006129,S0029144,2025FA,2025-26,0,0,0,0,0
AID2025-006130,S0031305,2025FA,2025-26,1,1,7395,1,5500
AID2025-006131,S0040260,2025FA,2025-26,0,0,0,0,0
AID2025-006132,S0037660,2025FA,2025-26,0,0,0,0,0
AID2025-006133,S0037795,2025FA,2025-26,0,0,0,1,5500
AID2025-006134,S0036584,2025FA,2025-26,0,0,0,0,0
AID2025-006135,S0039618,2025FA,2025-26,1,1,7395,0,0
AID2025-006136,S0039753,2025FA,2025-26,0,0,0,1,5500
AID2025-006137,S0010362,2025FA,2025-26,0,0,0,0,0
AID2025-006138,S0037305,2025FA,2025-26,0,0,0,0,0
AID2025-006139,S0026510,2025FA,2025-26,0,0,0,1,5500
AID2025-006140,S0030521,2025FA,2025-26,1,0,0,0,0
AID2025-006141,S0033818,2025FA,2025-26,0,0,0,0,0
AID2025-006142,S0029015,2025FA,2025-26,1,1,7395,1,5500
AID2025-006143,S0011713,2025FA,2025-26,1,1,7395,0,0
AID2025-006144,S0012935,2025FA,2025-26,1,1,7395,0,0
AID2025-006145,S0038084,2025FA,2025-26,1,1,7395,1,5500
AID2025-006146,S0013369,2025FA,2025-26,1,1,7395,0,0
AID2025-006147,S0010843,2025FA,2025-26,1,0,0,0,0
AID2025-006148,S0032585,2025FA,2025-26,0,0,0,1,5500
AID2025-006149,S0033124,2025FA,2025-26,1,1,7395,0,0
AID2025-006150,S0024007,2025FA,2025-26,0,0,0,0,0
AID2025-006151,S0028652,2025FA,2025-26,0,0,0,1,5500
AID2025-006152,S0035178,2025FA,2025-26,0,0,0,0,0
AID2025-006153,S0035394,2025FA,2025-26,0,0,0,0,0
AID2025-006154,S0029484,2025FA,2025-26,0,0,0,1,5500
AID2025-006155,S0015186,2025FA,2025-26,0,0,0,0,0
AID2025-006156,S0033538,2025FA,2025-26,0,0,0,0,0
AID2025-006157,S0038509,2025FA,2025-26,1,1,7395,1,5500
AID2025-006158,S0006978,2025FA,2025-26,0,0,0,0,0
AID2025-006159,S0028086,2025FA,2025-26,1,1,7395,0,0
AID2025-006160,S0029079,2025FA,2025-26,0,0,0,1,5500
AID2025-006161,S0027927,2025FA,2025-26,0,0,0,0,0
AID2025-006162,S0012962,2025FA,2025-26,0,0,0,0,0
AID2025-006163,S0018549,2025FA,2025-26,0,0,0,1,5500
AID2025-006164,S0031512,2025FA,2025-26,1,1,7395,0,0
AID2025-006165,S0040575,2025FA,2025-26,0,0,0,0,0
AID2025-006166,S0028735,2025FA,2025-26,0,0,0,1,5500
AID2025-006167,S0040217,2025FA,2025-26,0,0,0,0,0
AID2025-006168,S0015871,2025FA,2025-26,0,0,0,0,0
AID2025-006169,S0038507,2025FA,2025-26,0,0,0,1,5500
AID2025-006170,S0025730,2025FA,2025-26,0,0,0,0,0
AID2025-006171,S0024330,2025FA,2025-26,0,0,0,0,0
AID2025-006172,S0010075,2025FA,2025-26,0,0,0,1,5500
AID2025-006173,S0016262,2025FA,2025-26,0,0,0,0,0
AID2025-006174,S0001239,2025FA,2025-26,0,0,0,0,0
AID2025-006175,S0009994,2025FA,2025-26,0,0,0,1,5500
AID2025-006176,S0017557,2025FA,2025-26,0,0,0,0,0
AID2025-006177,S0009178,2025FA,2025-26,0,0,0,0,0
AID2025-006178,S0000208,2025FA,2025-26,1,1,7395,1,5500
AID2025-006179,S0039924,2025FA,2025-26,0,0,0,0,0
AID2025-006180,S0023402,2025FA,2025-26,1,1,7395,0,0
AID2025-006181,S0005188,2025FA,2025-26,0,0,0,1,5500
AID2025-006182,S0027229,2025FA,2025-26,0,0,0,0,0
AID2025-006183,S0004440,2025FA,2025-26,0,0,0,0,0
AID2025-006184,S0033802,2025FA,2025-26,1,1,7395,1,5500
AID2025-006185,S0035108,2025FA,2025-26,1,1,7395,0,0
AID2025-006186,S0026266,2025FA,2025-26,1,1,7395,0,0
AID2025-006187,S0027063,2025FA,2025-26,0,0,0,1,5500
AID2025-006188,S0003136,2025FA,2025-26,0,0,0,0,0
AID2025-006189,S0024147,2025FA,2025-26,0,0,0,0,0
AID2025-006190,S0033427,2025FA,2025-26,0,0,0,1,5500
AID2025-006191,S0036017,2025FA,2025-26,1,1,7395,0,0
AID2025-006192,S0005678,2025FA,2025-26,0,0,0,0,0
AID2025-006193,S0013060,2025FA,2025-26,0,0,0,1,5500
AID2025-006194,S0021533,2025FA,2025-26,1,1,7395,0,0
AID2025-006195,S0018913,2025FA,2025-26,0,0,0,0,0
AID2025-006196,S0031960,2025FA,2025-26,1,0,0,1,5500
AID2025-006197,S0036728,2025FA,2025-26,0,0,0,0,0
AID2025-006198,S0033411,2025FA,2025-26,1,1,7395,0,0
AID2025-006199,S0029396,2025FA,2025-26,0,0,0,1,5500
AID2025-006200,S0000326,2025FA,2025-26,0,0,0,0,0
AID2025-006201,S0021396,2025FA,2025-26,1,1,7395,0,0
AID2025-006202,S0001997,2025FA,2025-26,0,0,0,1,5500
AID2025-006203,S0032036,2025FA,2025-26,0,0,0,0,0
AID2025-006204,S0025760,2025FA,2025-26,1,1,7395,0,0
AID2025-006205,S0039310,2025FA,2025-26,0,0,0,1,5500
AID2025-006206,S0030370,2025FA,2025-26,0,0,0,0,0
AID2025-006207,S0021433,2025FA,2025-26,0,0,0,0,0
AID2025-006208,S0036897,2025FA,2025-26,0,0,0,1,5500
AID2025-006209,S0024283,2025FA,2025-26,0,0,0,0,0
AID2025-006210,S0035349,2025FA,2025-26,0,0,0,0,0
AID2025-006211,S0036756,2025FA,2025-26,1,1,7395,1,5500
AID2025-006212,S0031761,2025FA,2025-26,0,0,0,0,0
AID2025-006213,S0022654,2025FA,2025-26,0,0,0,0,0
AID2025-006214,S0001486,2025FA,2025-26,0,0,0,1,5500
AID2025-006215,S0019509,2025FA,2025-26,0,0,0,0,0
AID2025-006216,S0018196,2025FA,2025-26,0,0,0,0,0
AID2025-006217,S0035170,2025FA,2025-26,0,0,0,1,5500
AID2025-006218,S0019306,2025FA,2025-26,0,0,0,0,0
AID2025-006219,S0032603,2025FA,2025-26,0,0,0,0,0
AID2025-006220,S0016173,2025FA,2025-26,0,0,0,1,5500
AID2025-006221,S0037296,2025FA,2025-26,0,0,0,0,0
AID2025-006222,S0027481,2025FA,2025-26,1,1,7395,0,0
AID2025-006223,S0038997,2025FA,2025-26,0,0,0,1,5500
AID2025-006224,S0032401,2025FA,2025-26,1,0,0,0,0
AID2025-006225,S0022402,2025FA,2025-26,1,1,7395,0,0
AID2025-006226,S0018256,2025FA,2025-26,1,1,7395,1,5500
AID2025-006227,S0033556,2025FA,2025-26,0,0,0,0,0
AID2025-006228,S0023240,2025FA,2025-26,0,0,0,0,0
AID2025-006229,S0038479,2025FA,2025-26,0,0,0,1,5500
AID2025-006230,S0030316,2025FA,2025-26,0,0,0,0,0
AID2025-006231,S0009867,2025FA,2025-26,0,0,0,0,0
AID2025-006232,S0005509,2025FA,2025-26,0,0,0,1,5500
AID2025-006233,S0034186,2025FA,2025-26,0,0,0,0,0
AID2025-006234,S0017485,2025FA,2025-26,0,0,0,0,0
AID2025-006235,S0014217,2025FA,2025-26,0,0,0,1,5500
AID2025-006236,S0014219,2025FA,2025-26,0,0,0,0,0
AID2025-006237,S0037604,2025FA,2025-26,0,0,0,0,0
AID2025-006238,S0026269,2025FA,2025-26,1,0,0,1,5500
AID2025-006239,S0037157,2025FA,2025-26,0,0,0,0,0
AID2025-006240,S0039284,2025FA,2025-26,1,1,7395,0,0
AID2025-006241,S0035378,2025FA,2025-26,1,1,7395,1,5500
AID2025-006242,S0014567,2025FA,2025-26,0,0,0,0,0
AID2025-006243,S0031727,2025FA,2025-26,0,0,0,0,0
AID2025-006244,S0032825,2025FA,2025-26,0,0,0,1,5500
AID2025-006245,S0027620,2025FA,2025-26,0,0,0,0,0
AID2025-006246,S0033596,2025FA,2025-26,0,0,0,0,0
AID2025-006247,S0003899,2025FA,2025-26,0,0,0,1,5500
AID2025-006248,S0018265,2025FA,2025-26,0,0,0,0,0
AID2025-006249,S0028651,2025FA,2025-26,1,1,7395,0,0
AID2025-006250,S0005822,2025FA,2025-26,0,0,0,1,5500
AID2025-006251,S0028999,2025FA,2025-26,0,0,0,0,0
AID2025-006252,S0022539,2025FA,2025-26,0,0,0,0,0
AID2025-006253,S0034226,2025FA,2025-26,1,1,7395,1,5500
AID2025-006254,S0039763,2025FA,2025-26,1,1,7395,0,0
AID2025-006255,S0017404,2025FA,2025-26,0,0,0,0,0
AID2025-006256,S0027282,2025FA,2025-26,0,0,0,1,5500
AID2025-006257,S0022638,2025FA,2025-26,0,0,0,0,0
AID2025-006258,S0033896,2025FA,2025-26,0,0,0,0,0
AID2025-006259,S0022477,2025FA,2025-26,1,0,0,1,5500
AID2025-006260,S0036719,2025FA,2025-26,0,0,0,0,0
AID2025-006261,S0036943,2025FA,2025-26,0,0,0,0,0
AID2025-006262,S0039609,2025FA,2025-26,0,0,0,1,5500
AID2025-006263,S0022854,2025FA,2025-26,0,0,0,0,0
AID2025-006264,S0036232,2025FA,2025-26,0,0,0,0,0
AID2025-006265,S0038534,2025FA,2025-26,0,0,0,1,5500
AID2025-006266,S0031971,2025FA,2025-26,0,0,0,0,0
AID2025-006267,S0028018,2025FA,2025-26,0,0,0,0,0
AID2025-006268,S0005889,2025FA,2025-26,0,0,0,1,5500
AID2025-006269,S0021720,2025FA,2025-26,1,1,7395,0,0
AID2025-006270,S0007938,2025FA,2025-26,0,0,0,0,0
AID2025-006271,S0005375,2025FA,2025-26,1,1,7395,1,5500
AID2025-006272,S0037223,2025FA,2025-26,0,0,0,0,0
AID2025-006273,S0036909,2025FA,2025-26,0,0,0,0,0
AID2025-006274,S0006724,2025FA,2025-26,0,0,0,1,5500
AID2025-006275,S0025745,2025FA,2025-26,0,0,0,0,0
AID2025-006276,S0010337,2025FA,2025-26,0,0,0,0,0
AID2025-006277,S0029534,2025FA,2025-26,1,1,7395,1,5500
AID2025-006278,S0033801,2025FA,2025-26,0,0,0,0,0
AID2025-006279,S0037218,2025FA,2025-26,1,1,7395,0,0
AID2025-006280,S0023215,2025FA,2025-26,1,1,7395,1,5500
AID2025-006281,S0031723,2025FA,2025-26,0,0,0,0,0
AID2025-006282,S0022543,2025FA,2025-26,0,0,0,0,0
AID2025-006283,S0040101,2025FA,2025-26,1,1,7395,1,5500
AID2025-006284,S0016002,2025FA,2025-26,0,0,0,0,0
AID2025-006285,S0032655,2025FA,2025-26,0,0,0,0,0
AID2025-006286,S0031273,2025FA,2025-26,0,0,0,1,5500
AID2025-006287,S0023385,2025FA,2025-26,0,0,0,0,0
AID2025-006288,S0031499,2025FA,2025-26,0,0,0,0,0
AID2025-006289,S0017787,2025FA,2025-26,0,0,0,1,5500
AID2025-006290,S0028498,2025FA,2025-26,1,1,7395,0,0
AID2025-006291,S0037363,2025FA,2025-26,1,1,7395,0,0
AID2025-006292,S0039332,2025FA,2025-26,1,1,7395,1,5500
AID2025-006293,S0022933,2025FA,2025-26,0,0,0,0,0
AID2025-006294,S0033090,2025FA,2025-26,0,0,0,0,0
AID2025-006295,S0037776,2025FA,2025-26,1,1,7395,1,5500
AID2025-006296,S0003821,2025FA,2025-26,0,0,0,0,0
AID2025-006297,S0036104,2025FA,2025-26,0,0,0,0,0
AID2025-006298,S0001921,2025FA,2025-26,0,0,0,1,5500
AID2025-006299,S0014132,2025FA,2025-26,0,0,0,0,0
AID2025-006300,S0021239,2025FA,2025-26,1,1,7395,0,0
AID2025-006301,S0032315,2025FA,2025-26,0,0,0,1,5500
AID2025-006302,S0027859,2025FA,2025-26,1,1,7395,0,0
AID2025-006303,S0038461,2025FA,2025-26,0,0,0,0,0
AID2025-006304,S0000363,2025FA,2025-26,1,1,7395,1,5500
AID2025-006305,S0039710,2025FA,2025-26,0,0,0,0,0
AID2025-006306,S0023396,2025FA,2025-26,1,1,7395,0,0
AID2025-006307,S0037364,2025FA,2025-26,1,1,7395,1,5500
AID2025-006308,S0028902,2025FA,2025-26,0,0,0,0,0
AID2025-006309,S0031935,2025FA,2025-26,0,0,0,0,0
AID2025-006310,S0033796,2025FA,2025-26,0,0,0,1,5500
AID2025-006311,S0021367,2025FA,2025-26,1,1,7395,0,0
AID2025-006312,S0028843,2025FA,2025-26,0,0,0,0,0
AID2025-006313,S0004177,2025FA,2025-26,0,0,0,1,5500
AID2025-006314,S0029083,2025FA,2025-26,0,0,0,0,0
AID2025-006315,S0019245,2025FA,2025-26,0,0,0,0,0
AID2025-006316,S0010057,2025FA,2025-26,0,0,0,1,5500
AID2025-006317,S0037030,2025FA,2025-26,0,0,0,0,0
AID2025-006318,S0038622,2025FA,2025-26,0,0,0,0,0
AID2025-006319,S0038880,2025FA,2025-26,1,1,7395,1,5500
AID2025-006320,S0023497,2025FA,2025-26,0,0,0,0,0
AID2025-006321,S0036381,2025FA,2025-26,0,0,0,0,0
AID2025-006322,S0026885,2025FA,2025-26,0,0,0,1,5500
AID2025-006323,S0001411,2025FA,2025-26,0,0,0,0,0
AID2025-006324,S0039601,2025FA,2025-26,0,0,0,0,0
AID2025-006325,S0036483,2025FA,2025-26,0,0,0,1,5500
AID2025-006326,S0027935,2025FA,2025-26,0,0,0,0,0
AID2025-006327,S0007969,2025FA,2025-26,1,1,7395,0,0
AID2025-006328,S0006696,2025FA,2025-26,1,1,7395,1,5500
AID2025-006329,S0031164,2025FA,2025-26,0,0,0,0,0
AID2025-006330,S0037253,2025FA,2025-26,0,0,0,0,0
AID2025-006331,S0004002,2025FA,2025-26,0,0,0,1,5500
AID2025-006332,S0019677,2025FA,2025-26,0,0,0,0,0
AID2025-006333,S0029434,2025FA,2025-26,1,1,7395,0,0
AID2025-006334,S0001808,2025FA,2025-26,0,0,0,1,5500
AID2025-006335,S0010739,2025FA,2025-26,1,1,7395,0,0
AID2025-006336,S0028757,2025FA,2025-26,0,0,0,0,0
AID2025-006337,S0031302,2025FA,2025-26,1,1,7395,1,5500
AID2025-006338,S0033546,2025FA,2025-26,1,1,7395,0,0
AID2025-006339,S0035611,2025FA,2025-26,1,1,7395,0,0
AID2025-006340,S0008000,2025FA,2025-26,0,0,0,1,5500
AID2025-006341,S0023988,2025FA,2025-26,0,0,0,0,0
AID2025-006342,S0020584,2025FA,2025-26,0,0,0,0,0
AID2025-006343,S0031086,2025FA,2025-26,0,0,0,1,5500
AID2025-006344,S0039086,2025FA,2025-26,1,1,7395,0,0
AID2025-006345,S0014588,2025FA,2025-26,1,1,7395,0,0
AID2025-006346,S0026740,2025FA,2025-26,0,0,0,1,5500
AID2025-006347,S0010002,2025FA,2025-26,1,1,7395,0,0
AID2025-006348,S0038501,2025FA,2025-26,1,1,7395,0,0
AID2025-006349,S0037360,2025FA,2025-26,0,0,0,1,5500
AID2025-006350,S0014485,2025FA,2025-26,0,0,0,0,0
AID2025-006351,S0029582,2025FA,2025-26,1,1,7395,0,0
AID2025-006352,S0039752,2025FA,2025-26,0,0,0,1,5500
AID2025-006353,S0027631,2025FA,2025-26,0,0,0,0,0
AID2025-006354,S0032522,2025FA,2025-26,1,1,7395,0,0
AID2025-006355,S0013987,2025FA,2025-26,1,1,7395,1,5500
AID2025-006356,S0006937,2025FA,2025-26,0,0,0,0,0
AID2025-006357,S0039958,2025FA,2025-26,0,0,0,0,0
AID2025-006358,S0033435,2025FA,2025-26,0,0,0,1,5500
AID2025-006359,S0017926,2025FA,2025-26,0,0,0,0,0
AID2025-006360,S0040195,2025FA,2025-26,1,1,7395,0,0
AID2025-006361,S0040298,2025FA,2025-26,0,0,0,1,5500
AID2025-006362,S0033964,2025FA,2025-26,0,0,0,0,0
AID2025-006363,S0039098,2025FA,2025-26,0,0,0,0,0
AID2025-006364,S0040659,2025FA,2025-26,0,0,0,1,5500
AID2025-006365,S0036190,2025FA,2025-26,0,0,0,0,0
AID2025-006366,S0027790,2025FA,2025-26,0,0,0,0,0
AID2025-006367,S0001764,2025FA,2025-26,1,1,7395,1,5500
AID2025-006368,S0003430,2025FA,2025-26,0,0,0,0,0
AID2025-006369,S0036153,2025FA,2025-26,1,1,7395,0,0
AID2025-006370,S0001370,2025FA,2025-26,1,1,7395,1,5500
AID2025-006371,S0032234,2025FA,2025-26,0,0,0,0,0
AID2025-006372,S0000089,2025FA,2025-26,1,1,7395,0,0
AID2025-006373,S0033044,2025FA,2025-26,1,1,7395,1,5500
AID2025-006374,S0003265,2025FA,2025-26,0,0,0,0,0
AID2025-006375,S0037006,2025FA,2025-26,0,0,0,0,0
AID2025-006376,S0015348,2025FA,2025-26,0,0,0,1,5500
AID2025-006377,S0020623,2025FA,2025-26,1,1,7395,0,0
AID2025-006378,S0017314,2025FA,2025-26,0,0,0,0,0
AID2025-006379,S0012891,2025FA,2025-26,1,1,7395,1,5500
AID2025-006380,S0038124,2025FA,2025-26,0,0,0,0,0
AID2025-006381,S0011605,2025FA,2025-26,0,0,0,0,0
AID2025-006382,S0001968,2025FA,2025-26,0,0,0,1,5500
AID2025-006383,S0031333,2025FA,2025-26,0,0,0,0,0
AID2025-006384,S0032763,2025FA,2025-26,0,0,0,0,0
AID2025-006385,S0012180,2025FA,2025-26,1,0,0,1,5500
AID2025-006386,S0020807,2025FA,2025-26,0,0,0,0,0
AID2025-006387,S0039772,2025FA,2025-26,0,0,0,0,0
AID2025-006388,S0032730,2025FA,2025-26,1,1,7395,1,5500
AID2025-006389,S0025536,2025FA,2025-26,0,0,0,0,0
AID2025-006390,S0021931,2025FA,2025-26,1,1,7395,0,0
AID2025-006391,S0006708,2025FA,2025-26,1,1,7395,1,5500
AID2025-006392,S0001875,2025FA,2025-26,0,0,0,0,0
AID2025-006393,S0038449,2025FA,2025-26,0,0,0,0,0
AID2025-006394,S0009273,2025FA,2025-26,0,0,0,1,5500
AID2025-006395,S0031691,2025FA,2025-26,0,0,0,0,0
AID2025-006396,S0029089,2025FA,2025-26,1,1,7395,0,0
AID2025-006397,S0018641,2025FA,2025-26,0,0,0,1,5500
AID2025-006398,S0033959,2025FA,2025-26,1,1,7395,0,0
AID2025-006399,S0016458,2025FA,2025-26,0,0,0,0,0
AID2025-006400,S0040453,2025FA,2025-26,0,0,0,1,5500
AID2025-006401,S0035165,2025FA,2025-26,0,0,0,0,0
AID2025-006402,S0036961,2025FA,2025-26,0,0,0,0,0
AID2025-006403,S0027417,2025FA,2025-26,0,0,0,1,5500
AID2025-006404,S0003417,2025FA,2025-26,0,0,0,0,0
AID2025-006405,S0034112,2025FA,2025-26,1,1,7395,0,0
AID2025-006406,S0016249,2025FA,2025-26,1,0,0,1,5500
AID2025-006407,S0034262,2025FA,2025-26,0,0,0,0,0
AID2025-006408,S0033723,2025FA,2025-26,0,0,0,0,0
AID2025-006409,S0033616,2025FA,2025-26,0,0,0,1,5500
AID2025-006410,S0027108,2025FA,2025-26,0,0,0,0,0
AID2025-006411,S0032906,2025FA,2025-26,0,0,0,0,0
AID2025-006412,S0032709,2025FA,2025-26,0,0,0,1,5500
AID2025-006413,S0010645,2025FA,2025-26,1,0,0,0,0
AID2025-006414,S0034067,2025FA,2025-26,0,0,0,0,0
AID2025-006415,S0036697,2025FA,2025-26,1,1,7395,1,5500
AID2025-006416,S0037514,2025FA,2025-26,0,0,0,0,0
AID2025-006417,S0028830,2025FA,2025-26,1,1,7395,0,0
AID2025-006418,S0015413,2025FA,2025-26,1,1,7395,1,5500
AID2025-006419,S0032687,2025FA,2025-26,1,1,7395,0,0
AID2025-006420,S0032946,2025FA,2025-26,1,0,0,0,0
AID2025-006421,S0009979,2025FA,2025-26,0,0,0,1,5500
AID2025-006422,S0000216,2025FA,2025-26,1,1,7395,0,0
AID2025-006423,S0023638,2025FA,2025-26,1,1,7395,0,0
AID2025-006424,S0022499,2025FA,2025-26,0,0,0,1,5500
AID2025-006425,S0028622,2025FA,2025-26,0,0,0,0,0
AID2025-006426,S0034207,2025FA,2025-26,1,1,7395,0,0
AID2025-006427,S0012787,2025FA,2025-26,1,0,0,1,5500
AID2025-006428,S0023096,2025FA,2025-26,0,0,0,0,0
AID2025-006429,S0037497,2025FA,2025-26,1,1,7395,0,0
AID2025-006430,S0020815,2025FA,2025-26,0,0,0,1,5500
AID2025-006431,S0032417,2025FA,2025-26,1,1,7395,0,0
AID2025-006432,S0030743,2025FA,2025-26,0,0,0,0,0
AID2025-006433,S0026292,2025FA,2025-26,0,0,0,1,5500
AID2025-006434,S0032129,2025FA,2025-26,0,0,0,0,0
AID2025-006435,S0011707,2025FA,2025-26,0,0,0,0,0
AID2025-006436,S0023508,2025FA,2025-26,0,0,0,1,5500
AID2025-006437,S0032952,2025FA,2025-26,0,0,0,0,0
AID2025-006438,S0036277,2025FA,2025-26,0,0,0,0,0
AID2025-006439,S0008774,2025FA,2025-26,0,0,0,1,5500
AID2025-006440,S0037462,2025FA,2025-26,1,1,7395,0,0
AID2025-006441,S0039141,2025FA,2025-26,1,0,0,0,0
AID2025-006442,S0018185,2025FA,2025-26,0,0,0,1,5500
AID2025-006443,S0027117,2025FA,2025-26,0,0,0,0,0
AID2025-006444,S0009902,2025FA,2025-26,0,0,0,0,0
AID2025-006445,S0023658,2025FA,2025-26,0,0,0,1,5500
AID2025-006446,S0026438,2025FA,2025-26,0,0,0,0,0
AID2025-006447,S0030898,2025FA,2025-26,0,0,0,0,0
AID2025-006448,S0014163,2025FA,2025-26,0,0,0,1,5500
AID2025-006449,S0033453,2025FA,2025-26,0,0,0,0,0
AID2025-006450,S0001145,2025FA,2025-26,1,1,7395,0,0
AID2025-006451,S0032568,2025FA,2025-26,0,0,0,1,5500
AID2025-006452,S0040609,2025FA,2025-26,0,0,0,0,0
AID2025-006453,S0034343,2025FA,2025-26,0,0,0,0,0
AID2025-006454,S0033346,2025FA,2025-26,1,1,7395,1,5500
AID2025-006455,S0040480,2025FA,2025-26,1,0,0,0,0
AID2025-006456,S0011009,2025FA,2025-26,0,0,0,0,0
AID2025-006457,S0019071,2025FA,2025-26,0,0,0,1,5500
AID2025-006458,S0027380,2025FA,2025-26,0,0,0,0,0
AID2025-006459,S0031609,2025FA,2025-26,0,0,0,0,0
AID2025-006460,S0033121,2025FA,2025-26,1,1,7395,1,5500
AID2025-006461,S0023801,2025FA,2025-26,0,0,0,0,0
AID2025-006462,S0039261,2025FA,2025-26,0,0,0,0,0
AID2025-006463,S0034169,2025FA,2025-26,1,1,7395,1,5500
AID2025-006464,S0000302,2025FA,2025-26,0,0,0,0,0
AID2025-006465,S0022943,2025FA,2025-26,0,0,0,0,0
AID2025-006466,S0033605,2025FA,2025-26,0,0,0,1,5500
AID2025-006467,S0033284,2025FA,2025-26,0,0,0,0,0
AID2025-006468,S0018030,2025FA,2025-26,1,1,7395,0,0
AID2025-006469,S0039862,2025FA,2025-26,0,0,0,1,5500
AID2025-006470,S0038134,2025FA,2025-26,0,0,0,0,0
AID2025-006471,S0029575,2025FA,2025-26,0,0,0,0,0
AID2025-006472,S0028696,2025FA,2025-26,0,0,0,1,5500
AID2025-006473,S0018313,2025FA,2025-26,1,1,7395,0,0
AID2025-006474,S0022849,2025FA,2025-26,1,1,7395,0,0
AID2025-006475,S0030697,2025FA,2025-26,0,0,0,1,5500
AID2025-006476,S0039082,2025FA,2025-26,0,0,0,0,0
AID2025-006477,S0017284,2025FA,2025-26,1,1,7395,0,0
AID2025-006478,S0033488,2025FA,2025-26,1,1,7395,1,5500
AID2025-006479,S0032134,2025FA,2025-26,0,0,0,0,0
AID2025-006480,S0039390,2025FA,2025-26,0,0,0,0,0
AID2025-006481,S0036849,2025FA,2025-26,0,0,0,1,5500
AID2025-006482,S0035857,2025FA,2025-26,1,1,7395,0,0
AID2025-006483,S0032426,2025FA,2025-26,1,0,0,0,0
AID2025-006484,S0014265,2025FA,2025-26,0,0,0,1,5500
AID2025-006485,S0033218,2025FA,2025-26,0,0,0,0,0
AID2025-006486,S0017377,2025FA,2025-26,0,0,0,0,0
AID2025-006487,S0030634,2025FA,2025-26,0,0,0,1,5500
AID2025-006488,S0036345,2025FA,2025-26,1,1,7395,0,0
AID2025-006489,S0038307,2025FA,2025-26,0,0,0,0,0
AID2025-006490,S0037463,2025FA,2025-26,0,0,0,1,5500
AID2025-006491,S0029447,2025FA,2025-26,0,0,0,0,0
AID2025-006492,S0023029,2025FA,2025-26,0,0,0,0,0
AID2025-006493,S0040562,2025FA,2025-26,1,1,7395,1,5500
AID2025-006494,S0000449,2025FA,2025-26,0,0,0,0,0
AID2025-006495,S0033563,2025FA,2025-26,0,0,0,0,0
AID2025-006496,S0012405,2025FA,2025-26,0,0,0,1,5500
AID2025-006497,S0015981,2025FA,2025-26,0,0,0,0,0
AID2025-006498,S0022568,2025FA,2025-26,0,0,0,0,0
AID2025-006499,S0023010,2025FA,2025-26,0,0,0,1,5500
AID2025-006500,S0022572,2025FA,2025-26,0,0,0,0,0
AID2025-006501,S0037095,2025FA,2025-26,1,1,7395,0,0
AID2025-006502,S0036183,2025FA,2025-26,0,0,0,1,5500
AID2025-006503,S0037450,2025FA,2025-26,0,0,0,0,0
AID2025-006504,S0010511,2025FA,2025-26,0,0,0,0,0
AID2025-006505,S0017059,2025FA,2025-26,1,1,7395,1,5500
AID2025-006506,S0024102,2025FA,2025-26,0,0,0,0,0
AID2025-006507,S0025702,2025FA,2025-26,0,0,0,0,0
AID2025-006508,S0022976,2025FA,2025-26,1,1,7395,1,5500
AID2025-006509,S0030467,2025FA,2025-26,0,0,0,0,0
AID2025-006510,S0028387,2025FA,2025-26,0,0,0,0,0
AID2025-006511,S0016441,2025FA,2025-26,1,0,0,1,5500
AID2025-006512,S0002003,2025FA,2025-26,1,1,7395,0,0
AID2025-006513,S0030807,2025FA,2025-26,0,0,0,0,0
AID2025-006514,S0029042,2025FA,2025-26,0,0,0,1,5500
AID2025-006515,S0035651,2025FA,2025-26,0,0,0,0,0
AID2025-006516,S0040265,2025FA,2025-26,0,0,0,0,0
AID2025-006517,S0012033,2025FA,2025-26,0,0,0,1,5500
AID2025-006518,S0033338,2025FA,2025-26,0,0,0,0,0
AID2025-006519,S0032361,2025FA,2025-26,0,0,0,0,0
AID2025-006520,S0028015,2025FA,2025-26,0,0,0,1,5500
AID2025-006521,S0039492,2025FA,2025-26,0,0,0,0,0
AID2025-006522,S0032929,2025FA,2025-26,0,0,0,0,0
AID2025-006523,S0035717,2025FA,2025-26,1,1,7395,1,5500
AID2025-006524,S0014562,2025FA,2025-26,0,0,0,0,0
AID2025-006525,S0031256,2025FA,2025-26,1,0,0,0,0
AID2025-006526,S0040469,2025FA,2025-26,0,0,0,1,5500
AID2025-006527,S0028147,2025FA,2025-26,0,0,0,0,0
AID2025-006528,S0026855,2025FA,2025-26,1,1,7395,0,0
AID2025-006529,S0037905,2025FA,2025-26,1,1,7395,1,5500
AID2025-006530,S0019497,2025FA,2025-26,0,0,0,0,0
AID2025-006531,S0039028,2025FA,2025-26,1,1,7395,0,0
AID2025-006532,S0040360,2025FA,2025-26,0,0,0,1,5500
AID2025-006533,S0033700,2025FA,2025-26,0,0,0,0,0
AID2025-006534,S0026226,2025FA,2025-26,0,0,0,0,0
AID2025-006535,S0028101,2025FA,2025-26,1,1,7395,1,5500
AID2025-006536,S0032255,2025FA,2025-26,1,1,7395,0,0
AID2025-006537,S0031148,2025FA,2025-26,0,0,0,0,0
AID2025-006538,S0031795,2025FA,2025-26,1,1,7395,1,5500
AID2025-006539,S0037278,2025FA,2025-26,1,0,0,0,0
AID2025-006540,S0014406,2025FA,2025-26,0,0,0,0,0
AID2025-006541,S0028814,2025FA,2025-26,0,0,0,1,5500
AID2025-006542,S0037982,2025FA,2025-26,0,0,0,0,0
AID2025-006543,S0037747,2025FA,2025-26,0,0,0,0,0
AID2025-006544,S0008351,2025FA,2025-26,0,0,0,1,5500
AID2025-006545,S0039655,2025FA,2025-26,1,1,7395,0,0
AID2025-006546,S0005204,2025FA,2025-26,1,0,0,0,0
AID2025-006547,S0021794,2025FA,2025-26,0,0,0,1,5500
AID2025-006548,S0040649,2025FA,2025-26,0,0,0,0,0
AID2025-006549,S0024081,2025FA,2025-26,0,0,0,0,0
AID2025-006550,S0040081,2025FA,2025-26,0,0,0,1,5500
AID2025-006551,S0014731,2025FA,2025-26,0,0,0,0,0
AID2025-006552,S0032163,2025FA,2025-26,0,0,0,0,0
AID2025-006553,S0023942,2025FA,2025-26,0,0,0,1,5500
AID2025-006554,S0016635,2025FA,2025-26,0,0,0,0,0
AID2025-006555,S0030823,2025FA,2025-26,1,1,7395,0,0
AID2025-006556,S0006849,2025FA,2025-26,0,0,0,1,5500
AID2025-006557,S0036997,2025FA,2025-26,0,0,0,0,0
AID2025-006558,S0038662,2025FA,2025-26,0,0,0,0,0
AID2025-006559,S0019299,2025FA,2025-26,1,1,7395,1,5500
AID2025-006560,S0037365,2025FA,2025-26,0,0,0,0,0
AID2025-006561,S0040583,2025FA,2025-26,0,0,0,0,0
AID2025-006562,S0001554,2025FA,2025-26,1,1,7395,1,5500
AID2025-006563,S0033258,2025FA,2025-26,0,0,0,0,0
AID2025-006564,S0020713,2025FA,2025-26,0,0,0,0,0
AID2025-006565,S0023249,2025FA,2025-26,0,0,0,1,5500
AID2025-006566,S0040295,2025FA,2025-26,0,0,0,0,0
AID2025-006567,S0033064,2025FA,2025-26,1,0,0,0,0
AID2025-006568,S0033845,2025FA,2025-26,0,0,0,1,5500
AID2025-006569,S0030439,2025FA,2025-26,0,0,0,0,0
AID2025-006570,S0035904,2025FA,2025-26,0,0,0,0,0
AID2025-006571,S0027878,2025FA,2025-26,0,0,0,1,5500
AID2025-006572,S0040587,2025FA,2025-26,0,0,0,0,0
AID2025-006573,S0038681,2025FA,2025-26,1,1,7395,0,0
AID2025-006574,S0035586,2025FA,2025-26,1,0,0,1,5500
AID2025-006575,S0039983,2025FA,2025-26,1,1,7395,0,0
AID2025-006576,S0035580,2025FA,2025-26,1,1,7395,0,0
AID2025-006577,S0012552,2025FA,2025-26,1,1,7395,1,5500
AID2025-006578,S0024136,2025FA,2025-26,1,1,7395,0,0
AID2025-006579,S0010644,2025FA,2025-26,0,0,0,0,0
AID2025-006580,S0006110,2025FA,2025-26,1,1,7395,1,5500
AID2025-006581,S0039850,2025FA,2025-26,0,0,0,0,0
AID2025-006582,S0005476,2025FA,2025-26,1,1,7395,0,0
AID2025-006583,S0038456,2025FA,2025-26,0,0,0,1,5500
AID2025-006584,S0034178,2025FA,2025-26,1,1,7395,0,0
AID2025-006585,S0028200,2025FA,2025-26,0,0,0,0,0
AID2025-006586,S0023345,2025FA,2025-26,0,0,0,1,5500
AID2025-006587,S0036067,2025FA,2025-26,1,1,7395,0,0
AID2025-006588,S0032828,2025FA,2025-26,1,0,0,0,0
AID2025-006589,S0031637,2025FA,2025-26,0,0,0,1,5500
AID2025-006590,S0037999,2025FA,2025-26,1,1,7395,0,0
AID2025-006591,S0036390,2025FA,2025-26,0,0,0,0,0
AID2025-006592,S0037694,2025FA,2025-26,0,0,0,1,5500
AID2025-006593,S0033115,2025FA,2025-26,0,0,0,0,0
AID2025-006594,S0028265,2025FA,2025-26,0,0,0,0,0
AID2025-006595,S0032428,2025FA,2025-26,1,0,0,1,5500
AID2025-006596,S0013258,2025FA,2025-26,0,0,0,0,0
AID2025-006597,S0010969,2025FA,2025-26,0,0,0,0,0
AID2025-006598,S0028679,2025FA,2025-26,0,0,0,1,5500
AID2025-006599,S0033076,2025FA,2025-26,0,0,0,0,0
AID2025-006600,S0013030,2025FA,2025-26,0,0,0,0,0
AID2025-006601,S0012900,2025FA,2025-26,1,1,7395,1,5500
AID2025-006602,S0023306,2025FA,2025-26,0,0,0,0,0
AID2025-006603,S0022965,2025FA,2025-26,0,0,0,0,0
AID2025-006604,S0040165,2025FA,2025-26,0,0,0,1,5500
AID2025-006605,S0028602,2025FA,2025-26,0,0,0,0,0
AID2025-006606,S0038353,2025FA,2025-26,1,1,7395,0,0
AID2025-006607,S0025746,2025FA,2025-26,0,0,0,1,5500
AID2025-006608,S0032570,2025FA,2025-26,1,1,7395,0,0
AID2025-006609,S0023976,2025FA,2025-26,0,0,0,0,0
AID2025-006610,S0018512,2025FA,2025-26,0,0,0,1,5500
AID2025-006611,S0028256,2025FA,2025-26,0,0,0,0,0
AID2025-006612,S0039443,2025FA,2025-26,0,0,0,0,0
AID2025-006613,S0013771,2025FA,2025-26,1,1,7395,1,5500
AID2025-006614,S0036414,2025FA,2025-26,0,0,0,0,0
AID2025-006615,S0020955,2025FA,2025-26,0,0,0,0,0
AID2025-006616,S0006323,2025FA,2025-26,1,0,0,1,5500
AID2025-006617,S0038703,2025FA,2025-26,0,0,0,0,0
AID2025-006618,S0016518,2025FA,2025-26,0,0,0,0,0
AID2025-006619,S0022952,2025FA,2025-26,0,0,0,1,5500
AID2025-006620,S0036967,2025FA,2025-26,0,0,0,0,0
AID2025-006621,S0030883,2025FA,2025-26,1,1,7395,0,0
AID2025-006622,S0031981,2025FA,2025-26,0,0,0,1,5500
AID2025-006623,S0029524,2025FA,2025-26,1,0,0,0,0
AID2025-006624,S0035774,2025FA,2025-26,0,0,0,0,0
AID2025-006625,S0007263,2025FA,2025-26,1,1,7395,1,5500
AID2025-006626,S0025620,2025FA,2025-26,0,0,0,0,0
AID2025-006627,S0015570,2025FA,2025-26,1,1,7395,0,0
AID2025-006628,S0029364,2025FA,2025-26,0,0,0,1,5500
AID2025-006629,S0017264,2025FA,2025-26,0,0,0,0,0
AID2025-006630,S0010052,2025FA,2025-26,1,0,0,0,0
AID2025-006631,S0037703,2025FA,2025-26,0,0,0,1,5500
AID2025-006632,S0038508,2025FA,2025-26,0,0,0,0,0
AID2025-006633,S0040031,2025FA,2025-26,0,0,0,0,0
AID2025-006634,S0039690,2025FA,2025-26,0,0,0,1,5500
AID2025-006635,S0033436,2025FA,2025-26,0,0,0,0,0
AID2025-006636,S0013988,2025FA,2025-26,1,1,7395,0,0
AID2025-006637,S0032511,2025FA,2025-26,1,0,0,1,5500
AID2025-006638,S0003111,2025FA,2025-26,1,1,7395,0,0
AID2025-006639,S0019338,2025FA,2025-26,1,1,7395,0,0
AID2025-006640,S0010254,2025FA,2025-26,1,1,7395,1,5500
AID2025-006641,S0038316,2025FA,2025-26,0,0,0,0,0
AID2025-006642,S0032651,2025FA,2025-26,1,1,7395,0,0
AID2025-006643,S0012838,2025FA,2025-26,1,1,7395,1,5500
AID2025-006644,S0012991,2025FA,2025-26,0,0,0,0,0
AID2025-006645,S0036754,2025FA,2025-26,0,0,0,0,0
AID2025-006646,S0036215,2025FA,2025-26,0,0,0,1,5500
AID2025-006647,S0024380,2025FA,2025-26,0,0,0,0,0
AID2025-006648,S0040322,2025FA,2025-26,0,0,0,0,0
AID2025-006649,S0038954,2025FA,2025-26,0,0,0,1,5500
AID2025-006650,S0038377,2025FA,2025-26,0,0,0,0,0
AID2025-006651,S0025582,2025FA,2025-26,0,0,0,0,0
AID2025-006652,S0034429,2025FA,2025-26,1,1,7395,1,5500
AID2025-006653,S0006471,2025FA,2025-26,1,1,7395,0,0
AID2025-006654,S0040598,2025FA,2025-26,0,0,0,0,0
AID2025-006655,S0024113,2025FA,2025-26,1,1,7395,1,5500
AID2025-006656,S0021669,2025FA,2025-26,0,0,0,0,0
AID2025-006657,S0037956,2025FA,2025-26,0,0,0,0,0
AID2025-006658,S0032581,2025FA,2025-26,0,0,0,1,5500
AID2025-006659,S0031675,2025FA,2025-26,0,0,0,0,0
AID2025-006660,S0013663,2025FA,2025-26,1,1,7395,0,0
AID2025-006661,S0031296,2025FA,2025-26,0,0,0,1,5500
AID2025-006662,S0017924,2025FA,2025-26,1,1,7395,0,0
AID2025-006663,S0036410,2025FA,2025-26,0,0,0,0,0
AID2025-006664,S0040436,2025FA,2025-26,1,1,7395,1,5500
AID2025-006665,S0003021,2025FA,2025-26,1,0,0,0,0
AID2025-006666,S0016403,2025FA,2025-26,0,0,0,0,0
AID2025-006667,S0004709,2025FA,2025-26,1,1,7395,1,5500
AID2025-006668,S0032112,2025FA,2025-26,0,0,0,0,0
AID2025-006669,S0026886,2025FA,2025-26,0,0,0,0,0
AID2025-006670,S0013753,2025FA,2025-26,0,0,0,1,5500
AID2025-006671,S0033625,2025FA,2025-26,0,0,0,0,0
AID2025-006672,S0039707,2025FA,2025-26,1,0,0,0,0
AID2025-006673,S0013167,2025FA,2025-26,0,0,0,1,5500
AID2025-006674,S0018932,2025FA,2025-26,0,0,0,0,0
AID2025-006675,S0009382,2025FA,2025-26,1,1,7395,0,0
AID2025-006676,S0037634,2025FA,2025-26,1,1,7395,1,5500
AID2025-006677,S0036084,2025FA,2025-26,0,0,0,0,0
AID2025-006678,S0030442,2025FA,2025-26,0,0,0,0,0
AID2025-006679,S0010592,2025FA,2025-26,0,0,0,1,5500
AID2025-006680,S0025343,2025FA,2025-26,0,0,0,0,0
AID2025-006681,S0034375,2025FA,2025-26,0,0,0,0,0
AID2025-006682,S0037397,2025FA,2025-26,1,1,7395,1,5500
AID2025-006683,S0040112,2025FA,2025-26,1,1,7395,0,0
AID2025-006684,S0035901,2025FA,2025-26,0,0,0,0,0
AID2025-006685,S0038658,2025FA,2025-26,0,0,0,1,5500
AID2025-006686,S0022011,2025FA,2025-26,0,0,0,0,0
AID2025-006687,S0035858,2025FA,2025-26,0,0,0,0,0
AID2025-006688,S0037292,2025FA,2025-26,0,0,0,1,5500
AID2025-006689,S0005727,2025FA,2025-26,0,0,0,0,0
AID2025-006690,S0005034,2025FA,2025-26,1,1,7395,0,0
AID2025-006691,S0033343,2025FA,2025-26,1,1,7395,1,5500
AID2025-006692,S0010810,2025FA,2025-26,0,0,0,0,0
AID2025-006693,S0010723,2025FA,2025-26,0,0,0,0,0
AID2025-006694,S0023103,2025FA,2025-26,1,1,7395,1,5500
AID2025-006695,S0032594,2025FA,2025-26,1,1,7395,0,0
AID2025-006696,S0034406,2025FA,2025-26,0,0,0,0,0
AID2025-006697,S0027543,2025FA,2025-26,1,1,7395,1,5500
AID2025-006698,S0037274,2025FA,2025-26,0,0,0,0,0
AID2025-006699,S0022999,2025FA,2025-26,1,1,7395,0,0
AID2025-006700,S0033902,2025FA,2025-26,1,0,0,1,5500
AID2025-006701,S0025622,2025FA,2025-26,1,1,7395,0,0
AID2025-006702,S0024327,2025FA,2025-26,0,0,0,0,0
AID2025-006703,S0005973,2025FA,2025-26,1,1,7395,1,5500
AID2025-006704,S0032677,2025FA,2025-26,0,0,0,0,0
AID2025-006705,S0015759,2025FA,2025-26,0,0,0,0,0
AID2025-006706,S0039457,2025FA,2025-26,0,0,0,1,5500
AID2025-006707,S0019108,2025FA,2025-26,0,0,0,0,0
AID2025-006708,S0019425,2025FA,2025-26,1,1,7395,0,0
AID2025-006709,S0003949,2025FA,2025-26,0,0,0,1,5500
AID2025-006710,S0000331,2025FA,2025-26,0,0,0,0,0
AID2025-006711,S0037300,2025FA,2025-26,0,0,0,0,0
AID2025-006712,S0005218,2025FA,2025-26,0,0,0,1,5500
AID2025-006713,S0021889,2025FA,2025-26,0,0,0,0,0
AID2025-006714,S0031387,2025FA,2025-26,0,0,0,0,0
AID2025-006715,S0032141,2025FA,2025-26,0,0,0,1,5500
AID2025-006716,S0008527,2025FA,2025-26,0,0,0,0,0
AID2025-006717,S0038113,2025FA,2025-26,1,1,7395,0,0
AID2025-006718,S0033745,2025FA,2025-26,0,0,0,1,5500
AID2025-006719,S0021683,2025FA,2025-26,0,0,0,0,0
AID2025-006720,S0015875,2025FA,2025-26,1,1,7395,0,0
AID2025-006721,S0020905,2025FA,2025-26,1,0,0,1,5500
AID2025-006722,S0037864,2025FA,2025-26,1,1,7395,0,0
AID2025-006723,S0019436,2025FA,2025-26,0,0,0,0,0
AID2025-006724,S0036485,2025FA,2025-26,1,1,7395,1,5500
AID2025-006725,S0013402,2025FA,2025-26,0,0,0,0,0
AID2025-006726,S0038114,2025FA,2025-26,1,1,7395,0,0
AID2025-006727,S0004521,2025FA,2025-26,0,0,0,1,5500
AID2025-006728,S0034409,2025FA,2025-26,0,0,0,0,0
AID2025-006729,S0040627,2025FA,2025-26,0,0,0,0,0
AID2025-006730,S0037263,2025FA,2025-26,0,0,0,1,5500
AID2025-006731,S0035537,2025FA,2025-26,0,0,0,0,0
AID2025-006732,S0013108,2025FA,2025-26,0,0,0,0,0
AID2025-006733,S0028368,2025FA,2025-26,0,0,0,1,5500
AID2025-006734,S0035199,2025FA,2025-26,1,1,7395,0,0
AID2025-006735,S0023268,2025FA,2025-26,0,0,0,0,0
AID2025-006736,S0032920,2025FA,2025-26,0,0,0,1,5500
AID2025-006737,S0033869,2025FA,2025-26,1,1,7395,0,0
AID2025-006738,S0015605,2025FA,2025-26,1,1,7395,0,0
AID2025-006739,S0037456,2025FA,2025-26,0,0,0,1,5500
AID2025-006740,S0003312,2025FA,2025-26,1,1,7395,0,0
AID2025-006741,S0019496,2025FA,2025-26,0,0,0,0,0
AID2025-006742,S0032778,2025FA,2025-26,0,0,0,1,5500
AID2025-006743,S0020819,2025FA,2025-26,0,0,0,0,0
AID2025-006744,S0018171,2025FA,2025-26,0,0,0,0,0
AID2025-006745,S0028295,2025FA,2025-26,0,0,0,1,5500
AID2025-006746,S0037535,2025FA,2025-26,1,1,7395,0,0
AID2025-006747,S0003358,2025FA,2025-26,0,0,0,0,0
AID2025-006748,S0011234,2025FA,2025-26,0,0,0,1,5500
AID2025-006749,S0032232,2025FA,2025-26,1,0,0,0,0
AID2025-006750,S0015602,2025FA,2025-26,0,0,0,0,0
AID2025-006751,S0003083,2025FA,2025-26,0,0,0,1,5500
AID2025-006752,S0040537,2025FA,2025-26,1,1,7395,0,0
AID2025-006753,S0038219,2025FA,2025-26,0,0,0,0,0
AID2025-006754,S0018966,2025FA,2025-26,1,1,7395,1,5500
AID2025-006755,S0003091,2025FA,2025-26,0,0,0,0,0
AID2025-006756,S0037459,2025FA,2025-26,0,0,0,0,0
AID2025-006757,S0018294,2025FA,2025-26,0,0,0,1,5500
AID2025-006758,S0024460,2025FA,2025-26,0,0,0,0,0
AID2025-006759,S0039262,2025FA,2025-26,0,0,0,0,0
AID2025-006760,S0031654,2025FA,2025-26,1,1,7395,1,5500
AID2025-006761,S0024458,2025FA,2025-26,0,0,0,0,0
AID2025-006762,S0029202,2025FA,2025-26,0,0,0,0,0
AID2025-006763,S0016033,2025FA,2025-26,0,0,0,1,5500
AID2025-006764,S0018071,2025FA,2025-26,0,0,0,0,0
AID2025-006765,S0014178,2025FA,2025-26,1,1,7395,0,0
AID2025-006766,S0037322,2025FA,2025-26,0,0,0,1,5500
AID2025-006767,S0038386,2025FA,2025-26,1,1,7395,0,0
AID2025-006768,S0022934,2025FA,2025-26,1,1,7395,0,0
AID2025-006769,S0002000,2025FA,2025-26,0,0,0,1,5500
AID2025-006770,S0028643,2025FA,2025-26,0,0,0,0,0
AID2025-006771,S0034151,2025FA,2025-26,0,0,0,0,0
AID2025-006772,S0004436,2025FA,2025-26,0,0,0,1,5500
AID2025-006773,S0040237,2025FA,2025-26,0,0,0,0,0
AID2025-006774,S0033357,2025FA,2025-26,0,0,0,0,0
AID2025-006775,S0006577,2025FA,2025-26,1,1,7395,1,5500
AID2025-006776,S0018619,2025FA,2025-26,0,0,0,0,0
AID2025-006777,S0034032,2025FA,2025-26,1,0,0,0,0
AID2025-006778,S0038763,2025FA,2025-26,1,1,7395,1,5500
AID2025-006779,S0031329,2025FA,2025-26,0,0,0,0,0
AID2025-006780,S0014235,2025FA,2025-26,0,0,0,0,0
AID2025-006781,S0039950,2025FA,2025-26,0,0,0,1,5500
AID2025-006782,S0039921,2025FA,2025-26,1,1,7395,0,0
AID2025-006783,S0037924,2025FA,2025-26,0,0,0,0,0
AID2025-006784,S0015382,2025FA,2025-26,0,0,0,1,5500
AID2025-006785,S0037552,2025FA,2025-26,0,0,0,0,0
AID2025-006786,S0014512,2025FA,2025-26,1,1,7395,0,0
AID2025-006787,S0033170,2025FA,2025-26,0,0,0,1,5500
AID2025-006788,S0018553,2025FA,2025-26,0,0,0,0,0
AID2025-006789,S0008191,2025FA,2025-26,1,1,7395,0,0
AID2025-006790,S0011174,2025FA,2025-26,0,0,0,1,5500
AID2025-006791,S0004415,2025FA,2025-26,1,0,0,0,0
AID2025-006792,S0023723,2025FA,2025-26,0,0,0,0,0
AID2025-006793,S0038465,2025FA,2025-26,0,0,0,1,5500
AID2025-006794,S0016343,2025FA,2025-26,1,1,7395,0,0
AID2025-006795,S0023273,2025FA,2025-26,0,0,0,0,0
AID2025-006796,S0018414,2025FA,2025-26,0,0,0,1,5500
AID2025-006797,S0012732,2025FA,2025-26,0,0,0,0,0
AID2025-006798,S0026699,2025FA,2025-26,0,0,0,0,0
AID2025-006799,S0003218,2025FA,2025-26,1,1,7395,1,5500
AID2025-006800,S0001575,2025FA,2025-26,1,1,7395,0,0
AID2025-006801,S0000253,2025FA,2025-26,0,0,0,0,0
AID2025-006802,S0030850,2025FA,2025-26,1,1,7395,1,5500
AID2025-006803,S0004459,2025FA,2025-26,1,1,7395,0,0
AID2025-006804,S0018889,2025FA,2025-26,0,0,0,0,0
AID2025-006805,S0038384,2025FA,2025-26,1,0,0,1,5500
AID2025-006806,S0029265,2025FA,2025-26,1,1,7395,0,0
AID2025-006807,S0038497,2025FA,2025-26,0,0,0,0,0
AID2025-006808,S0017639,2025FA,2025-26,0,0,0,1,5500
AID2025-006809,S0021961,2025FA,2025-26,0,0,0,0,0
AID2025-006810,S0036915,2025FA,2025-26,0,0,0,0,0
AID2025-006811,S0004830,2025FA,2025-26,0,0,0,1,5500
AID2025-006812,S0036666,2025FA,2025-26,1,0,0,0,0
AID2025-006813,S0007906,2025FA,2025-26,0,0,0,0,0
AID2025-006814,S0032927,2025FA,2025-26,1,1,7395,1,5500
AID2025-006815,S0030842,2025FA,2025-26,0,0,0,0,0
AID2025-006816,S0003742,2025FA,2025-26,0,0,0,0,0
AID2025-006817,S0039800,2025FA,2025-26,1,1,7395,1,5500
AID2025-006818,S0040292,2025FA,2025-26,0,0,0,0,0
AID2025-006819,S0036403,2025FA,2025-26,0,0,0,0,0
AID2025-006820,S0040647,2025FA,2025-26,0,0,0,1,5500
AID2025-006821,S0027990,2025FA,2025-26,0,0,0,0,0
AID2025-006822,S0013262,2025FA,2025-26,0,0,0,0,0
AID2025-006823,S0023555,2025FA,2025-26,0,0,0,1,5500
AID2025-006824,S0025863,2025FA,2025-26,1,1,7395,0,0
AID2025-006825,S0012741,2025FA,2025-26,0,0,0,0,0
AID2025-006826,S0014365,2025FA,2025-26,0,0,0,1,5500
AID2025-006827,S0000393,2025FA,2025-26,0,0,0,0,0
AID2025-006828,S0032639,2025FA,2025-26,0,0,0,0,0
AID2025-006829,S0035543,2025FA,2025-26,0,0,0,1,5500
AID2025-006830,S0001853,2025FA,2025-26,0,0,0,0,0
AID2025-006831,S0040097,2025FA,2025-26,0,0,0,0,0
AID2025-006832,S0021118,2025FA,2025-26,0,0,0,1,5500
AID2025-006833,S0029465,2025FA,2025-26,0,0,0,0,0
AID2025-006834,S0032538,2025FA,2025-26,0,0,0,0,0
AID2025-006835,S0009171,2025FA,2025-26,0,0,0,1,5500
AID2025-006836,S0032324,2025FA,2025-26,1,1,7395,0,0
AID2025-006837,S0015523,2025FA,2025-26,0,0,0,0,0
AID2025-006838,S0035888,2025FA,2025-26,0,0,0,1,5500
AID2025-006839,S0030926,2025FA,2025-26,0,0,0,0,0
AID2025-006840,S0022139,2025FA,2025-26,0,0,0,0,0
AID2025-006841,S0040412,2025FA,2025-26,0,0,0,1,5500
AID2025-006842,S0022794,2025FA,2025-26,0,0,0,0,0
AID2025-006843,S0033965,2025FA,2025-26,1,1,7395,0,0
AID2025-006844,S0030376,2025FA,2025-26,1,1,7395,1,5500
AID2025-006845,S0037025,2025FA,2025-26,0,0,0,0,0
AID2025-006846,S0012330,2025FA,2025-26,1,1,7395,0,0
AID2025-006847,S0016316,2025FA,2025-26,0,0,0,1,5500
AID2025-006848,S0022686,2025FA,2025-26,0,0,0,0,0
AID2025-006849,S0029516,2025FA,2025-26,1,1,7395,0,0
AID2025-006850,S0009595,2025FA,2025-26,1,1,7395,1,5500
AID2025-006851,S0039429,2025FA,2025-26,0,0,0,0,0
AID2025-006852,S0009360,2025FA,2025-26,0,0,0,0,0
AID2025-006853,S0036255,2025FA,2025-26,0,0,0,1,5500
AID2025-006854,S0026099,2025FA,2025-26,0,0,0,0,0
AID2025-006855,S0024122,2025FA,2025-26,1,1,7395,0,0
AID2025-006856,S0040108,2025FA,2025-26,1,1,7395,1,5500
AID2025-006857,S0011003,2025FA,2025-26,0,0,0,0,0
AID2025-006858,S0039955,2025FA,2025-26,0,0,0,0,0
AID2025-006859,S0038321,2025FA,2025-26,0,0,0,1,5500
AID2025-006860,S0003548,2025FA,2025-26,0,0,0,0,0
AID2025-006861,S0037242,2025FA,2025-26,1,0,0,0,0
AID2025-006862,S0016536,2025FA,2025-26,0,0,0,1,5500
AID2025-006863,S0026018,2025FA,2025-26,0,0,0,0,0
AID2025-006864,S0012352,2025FA,2025-26,0,0,0,0,0
AID2025-006865,S0003470,2025FA,2025-26,0,0,0,1,5500
AID2025-006866,S0018466,2025FA,2025-26,1,1,7395,0,0
AID2025-006867,S0036750,2025FA,2025-26,1,1,7395,0,0
AID2025-006868,S0036704,2025FA,2025-26,0,0,0,1,5500
AID2025-006869,S0019400,2025FA,2025-26,0,0,0,0,0
AID2025-006870,S0039786,2025FA,2025-26,0,0,0,0,0
AID2025-006871,S0011254,2025FA,2025-26,1,1,7395,1,5500
AID2025-006872,S0021625,2025FA,2025-26,0,0,0,0,0
AID2025-006873,S0024393,2025FA,2025-26,1,1,7395,0,0
AID2025-006874,S0010398,2025FA,2025-26,1,1,7395,1,5500
AID2025-006875,S0010765,2025FA,2025-26,0,0,0,0,0
AID2025-006876,S0037633,2025FA,2025-26,0,0,0,0,0
AID2025-006877,S0023790,2025FA,2025-26,1,1,7395,1,5500
AID2025-006878,S0022020,2025FA,2025-26,0,0,0,0,0
AID2025-006879,S0014912,2025FA,2025-26,0,0,0,0,0
AID2025-006880,S0037428,2025FA,2025-26,1,1,7395,1,5500
AID2025-006881,S0035465,2025FA,2025-26,1,1,7395,0,0
AID2025-006882,S0000906,2025FA,2025-26,0,0,0,0,0
AID2025-006883,S0036033,2025FA,2025-26,0,0,0,1,5500
AID2025-006884,S0021588,2025FA,2025-26,0,0,0,0,0
AID2025-006885,S0038676,2025FA,2025-26,0,0,0,0,0
AID2025-006886,S0034309,2025FA,2025-26,1,1,7395,1,5500
AID2025-006887,S0006133,2025FA,2025-26,1,1,7395,0,0
AID2025-006888,S0017837,2025FA,2025-26,1,1,7395,0,0
AID2025-006889,S0036902,2025FA,2025-26,1,0,0,1,5500
AID2025-006890,S0018722,2025FA,2025-26,0,0,0,0,0
AID2025-006891,S0035505,2025FA,2025-26,0,0,0,0,0
AID2025-006892,S0038058,2025FA,2025-26,0,0,0,1,5500
AID2025-006893,S0030497,2025FA,2025-26,0,0,0,0,0
AID2025-006894,S0038446,2025FA,2025-26,1,1,7395,0,0
AID2025-006895,S0011008,2025FA,2025-26,0,0,0,1,5500
AID2025-006896,S0010642,2025FA,2025-26,0,0,0,0,0
AID2025-006897,S0025872,2025FA,2025-26,1,1,7395,0,0
AID2025-006898,S0032443,2025FA,2025-26,0,0,0,1,5500
AID2025-006899,S0037343,2025FA,2025-26,0,0,0,0,0
AID2025-006900,S0007104,2025FA,2025-26,1,1,7395,0,0
AID2025-006901,S0004019,2025FA,2025-26,1,1,7395,1,5500
AID2025-006902,S0028590,2025FA,2025-26,1,1,7395,0,0
AID2025-006903,S0027716,2025FA,2025-26,0,0,0,0,0
AID2025-006904,S0018523,2025FA,2025-26,0,0,0,1,5500
AID2025-006905,S0037256,2025FA,2025-26,1,1,7395,0,0
AID2025-006906,S0001579,2025FA,2025-26,1,1,7395,0,0
AID2025-006907,S0001410,2025FA,2025-26,0,0,0,1,5500
AID2025-006908,S0025767,2025FA,2025-26,0,0,0,0,0
AID2025-006909,S0030791,2025FA,2025-26,0,0,0,0,0
AID2025-006910,S0035778,2025FA,2025-26,1,0,0,1,5500
AID2025-006911,S0035956,2025FA,2025-26,1,1,7395,0,0
AID2025-006912,S0009353,2025FA,2025-26,0,0,0,0,0
AID2025-006913,S0039989,2025FA,2025-26,0,0,0,1,5500
AID2025-006914,S0022847,2025FA,2025-26,1,1,7395,0,0
AID2025-006915,S0025599,2025FA,2025-26,1,1,7395,0,0
AID2025-006916,S0020894,2025FA,2025-26,0,0,0,1,5500
AID2025-006917,S0019384,2025FA,2025-26,0,0,0,0,0
AID2025-006918,S0006467,2025FA,2025-26,1,1,7395,0,0
AID2025-006919,S0024397,2025FA,2025-26,1,1,7395,1,5500
AID2025-006920,S0023901,2025FA,2025-26,0,0,0,0,0
AID2025-006921,S0021530,2025FA,2025-26,0,0,0,0,0
AID2025-006922,S0003373,2025FA,2025-26,1,1,7395,1,5500
AID2025-006923,S0038822,2025FA,2025-26,0,0,0,0,0
AID2025-006924,S0023502,2025FA,2025-26,0,0,0,0,0
AID2025-006925,S0023845,2025FA,2025-26,1,1,7395,1,5500
AID2025-006926,S0032584,2025FA,2025-26,0,0,0,0,0
AID2025-006927,S0037234,2025FA,2025-26,0,0,0,0,0
AID2025-006928,S0032508,2025FA,2025-26,0,0,0,1,5500
AID2025-006929,S0032318,2025FA,2025-26,1,1,7395,0,0
AID2025-006930,S0037914,2025FA,2025-26,0,0,0,0,0
AID2025-006931,S0032494,2025FA,2025-26,0,0,0,1,5500
AID2025-006932,S0003623,2025FA,2025-26,0,0,0,0,0
AID2025-006933,S0036914,2025FA,2025-26,1,1,7395,0,0
AID2025-006934,S0038890,2025FA,2025-26,0,0,0,1,5500
AID2025-006935,S0013547,2025FA,2025-26,0,0,0,0,0
AID2025-006936,S0007048,2025FA,2025-26,0,0,0,0,0
AID2025-006937,S0035118,2025FA,2025-26,0,0,0,1,5500
AID2025-006938,S0036380,2025FA,2025-26,0,0,0,0,0
AID2025-006939,S0038771,2025FA,2025-26,0,0,0,0,0
AID2025-006940,S0023973,2025FA,2025-26,1,1,7395,1,5500
AID2025-006941,S0040250,2025FA,2025-26,0,0,0,0,0
AID2025-006942,S0022346,2025FA,2025-26,0,0,0,0,0
AID2025-006943,S0034303,2025FA,2025-26,0,0,0,1,5500
AID2025-006944,S0036760,2025FA,2025-26,0,0,0,0,0
AID2025-006945,S0012870,2025FA,2025-26,1,0,0,0,0
AID2025-006946,S0012207,2025FA,2025-26,1,1,7395,1,5500
AID2025-006947,S0033679,2025FA,2025-26,0,0,0,0,0
AID2025-006948,S0037038,2025FA,2025-26,1,1,7395,0,0
AID2025-006949,S0038268,2025FA,2025-26,0,0,0,1,5500
AID2025-006950,S0000603,2025FA,2025-26,1,1,7395,0,0
AID2025-006951,S0015154,2025FA,2025-26,0,0,0,0,0
AID2025-006952,S0033508,2025FA,2025-26,1,0,0,1,5500
AID2025-006953,S0028728,2025FA,2025-26,1,1,7395,0,0
AID2025-006954,S0032495,2025FA,2025-26,1,1,7395,0,0
AID2025-006955,S0025726,2025FA,2025-26,1,1,7395,1,5500
AID2025-006956,S0033947,2025FA,2025-26,0,0,0,0,0
AID2025-006957,S0015739,2025FA,2025-26,1,1,7395,0,0
AID2025-006958,S0028627,2025FA,2025-26,0,0,0,1,5500
AID2025-006959,S0038217,2025FA,2025-26,0,0,0,0,0
AID2025-006960,S0026519,2025FA,2025-26,0,0,0,0,0
AID2025-006961,S0017190,2025FA,2025-26,0,0,0,1,5500
AID2025-006962,S0001883,2025FA,2025-26,0,0,0,0,0
AID2025-006963,S0031777,2025FA,2025-26,0,0,0,0,0
AID2025-006964,S0020960,2025FA,2025-26,0,0,0,1,5500
AID2025-006965,S0026583,2025FA,2025-26,0,0,0,0,0
AID2025-006966,S0038271,2025FA,2025-26,0,0,0,0,0
AID2025-006967,S0028597,2025FA,2025-26,0,0,0,1,5500
AID2025-006968,S0027888,2025FA,2025-26,0,0,0,0,0
AID2025-006969,S0029415,2025FA,2025-26,1,1,7395,0,0
AID2025-006970,S0019574,2025FA,2025-26,0,0,0,1,5500
AID2025-006971,S0028836,2025FA,2025-26,0,0,0,0,0
AID2025-006972,S0037565,2025FA,2025-26,1,1,7395,0,0
AID2025-006973,S0036814,2025FA,2025-26,1,0,0,1,5500
AID2025-006974,S0022387,2025FA,2025-26,0,0,0,0,0
AID2025-006975,S0025483,2025FA,2025-26,1,1,7395,0,0
AID2025-006976,S0037654,2025FA,2025-26,0,0,0,1,5500
AID2025-006977,S0038513,2025FA,2025-26,1,1,7395,0,0
AID2025-006978,S0033564,2025FA,2025-26,0,0,0,0,0
AID2025-006979,S0031836,2025FA,2025-26,0,0,0,1,5500
AID2025-006980,S0010555,2025FA,2025-26,0,0,0,0,0
AID2025-006981,S0037869,2025FA,2025-26,0,0,0,0,0
AID2025-006982,S0033986,2025FA,2025-26,0,0,0,1,5500
AID2025-006983,S0008861,2025FA,2025-26,1,1,7395,0,0
AID2025-006984,S0036120,2025FA,2025-26,0,0,0,0,0
AID2025-006985,S0007192,2025FA,2025-26,0,0,0,1,5500
AID2025-006986,S0040006,2025FA,2025-26,0,0,0,0,0
AID2025-006987,S0023610,2025FA,2025-26,1,0,0,0,0
AID2025-006988,S0038033,2025FA,2025-26,0,0,0,1,5500
AID2025-006989,S0022421,2025FA,2025-26,0,0,0,0,0
AID2025-006990,S0037766,2025FA,2025-26,0,0,0,0,0
AID2025-006991,S0028345,2025FA,2025-26,0,0,0,1,5500
AID2025-006992,S0004924,2025FA,2025-26,0,0,0,0,0
AID2025-006993,S0031612,2025FA,2025-26,0,0,0,0,0
AID2025-006994,S0003613,2025FA,2025-26,0,0,0,1,5500
AID2025-006995,S0038838,2025FA,2025-26,0,0,0,0,0
AID2025-006996,S0028879,2025FA,2025-26,0,0,0,0,0
AID2025-006997,S0032668,2025FA,2025-26,1,1,7395,1,5500
AID2025-006998,S0036262,2025FA,2025-26,0,0,0,0,0
AID2025-006999,S0013964,2025FA,2025-26,0,0,0,0,0
AID2025-007000,S0035441,2025FA,2025-26,0,0,0,1,5500
AID2025-007001,S0016867,2025FA,2025-26,0,0,0,0,0
AID2025-007002,S0033452,2025FA,2025-26,1,1,7395,0,0
AID2025-007003,S0013326,2025FA,2025-26,0,0,0,1,5500
AID2025-007004,S0016274,2025FA,2025-26,0,0,0,0,0
AID2025-007005,S0037524,2025FA,2025-26,0,0,0,0,0
AID2025-007006,S0018125,2025FA,2025-26,0,0,0,1,5500
AID2025-007007,S0023295,2025FA,2025-26,0,0,0,0,0
AID2025-007008,S0037742,2025FA,2025-26,0,0,0,0,0
AID2025-007009,S0018672,2025FA,2025-26,1,1,7395,1,5500
AID2025-007010,S0036981,2025FA,2025-26,0,0,0,0,0
AID2025-007011,S0000641,2025FA,2025-26,0,0,0,0,0
AID2025-007012,S0027100,2025FA,2025-26,1,1,7395,1,5500
AID2025-007013,S0011601,2025FA,2025-26,1,1,7395,0,0
AID2025-007014,S0003981,2025FA,2025-26,0,0,0,0,0
AID2025-007015,S0028233,2025FA,2025-26,0,0,0,1,5500
AID2025-007016,S0032366,2025FA,2025-26,1,1,7395,0,0
AID2025-007017,S0001803,2025FA,2025-26,1,1,7395,0,0
AID2025-007018,S0009746,2025FA,2025-26,0,0,0,1,5500
AID2025-007019,S0022593,2025FA,2025-26,1,1,7395,0,0
AID2025-007020,S0034304,2025FA,2025-26,0,0,0,0,0
AID2025-007021,S0017862,2025FA,2025-26,0,0,0,1,5500
AID2025-007022,S0037536,2025FA,2025-26,0,0,0,0,0
AID2025-007023,S0035231,2025FA,2025-26,0,0,0,0,0
AID2025-007024,S0026039,2025FA,2025-26,1,1,7395,1,5500
AID2025-007025,S0039076,2025FA,2025-26,1,1,7395,0,0
AID2025-007026,S0024308,2025FA,2025-26,0,0,0,0,0
AID2025-007027,S0027035,2025FA,2025-26,0,0,0,1,5500
AID2025-007028,S0018336,2025FA,2025-26,0,0,0,0,0
AID2025-007029,S0038485,2025FA,2025-26,1,0,0,0,0
AID2025-007030,S0007569,2025FA,2025-26,1,1,7395,1,5500
AID2025-007031,S0029199,2025FA,2025-26,0,0,0,0,0
AID2025-007032,S0025756,2025FA,2025-26,0,0,0,0,0
AID2025-007033,S0006223,2025FA,2025-26,0,0,0,1,5500
AID2025-007034,S0037306,2025FA,2025-26,1,1,7395,0,0
AID2025-007035,S0025470,2025FA,2025-26,0,0,0,0,0
AID2025-007036,S0023668,2025FA,2025-26,0,0,0,1,5500
AID2025-007037,S0018358,2025FA,2025-26,1,1,7395,0,0
AID2025-007038,S0024296,2025FA,2025-26,0,0,0,0,0
AID2025-007039,S0036235,2025FA,2025-26,1,1,7395,1,5500
AID2025-007040,S0030620,2025FA,2025-26,0,0,0,0,0
AID2025-007041,S0029598,2025FA,2025-26,0,0,0,0,0
AID2025-007042,S0010978,2025FA,2025-26,1,1,7395,1,5500
AID2025-007043,S0037407,2025FA,2025-26,0,0,0,0,0
AID2025-007044,S0032072,2025FA,2025-26,0,0,0,0,0
AID2025-007045,S0022979,2025FA,2025-26,1,1,7395,1,5500
AID2025-007046,S0040259,2025FA,2025-26,0,0,0,0,0
AID2025-007047,S0024332,2025FA,2025-26,0,0,0,0,0
AID2025-007048,S0039366,2025FA,2025-26,0,0,0,1,5500
AID2025-007049,S0032719,2025FA,2025-26,0,0,0,0,0
AID2025-007050,S0028736,2025FA,2025-26,0,0,0,0,0
AID2025-007051,S0037735,2025FA,2025-26,0,0,0,1,5500
AID2025-007052,S0012750,2025FA,2025-26,0,0,0,0,0
AID2025-007053,S0032742,2025FA,2025-26,0,0,0,0,0
AID2025-007054,S0001741,2025FA,2025-26,1,1,7395,1,5500
AID2025-007055,S0037255,2025FA,2025-26,0,0,0,0,0
AID2025-007056,S0007114,2025FA,2025-26,1,1,7395,0,0
AID2025-007057,S0035942,2025FA,2025-26,1,0,0,1,5500
AID2025-007058,S0027936,2025FA,2025-26,0,0,0,0,0
AID2025-007059,S0036125,2025FA,2025-26,0,0,0,0,0
AID2025-007060,S0039604,2025FA,2025-26,0,0,0,1,5500
AID2025-007061,S0017444,2025FA,2025-26,0,0,0,0,0
AID2025-007062,S0014032,2025FA,2025-26,0,0,0,0,0
AID2025-007063,S0010776,2025FA,2025-26,0,0,0,1,5500
AID2025-007064,S0003151,2025FA,2025-26,0,0,0,0,0
AID2025-007065,S0028525,2025FA,2025-26,1,1,7395,0,0
AID2025-007066,S0008915,2025FA,2025-26,1,1,7395,1,5500
AID2025-007067,S0028505,2025FA,2025-26,1,1,7395,0,0
AID2025-007068,S0040644,2025FA,2025-26,0,0,0,0,0
AID2025-007069,S0022955,2025FA,2025-26,1,1,7395,1,5500
AID2025-007070,S0025967,2025FA,2025-26,1,1,7395,0,0
AID2025-007071,S0036437,2025FA,2025-26,1,0,0,0,0
AID2025-007072,S0012155,2025FA,2025-26,1,1,7395,1,5500
AID2025-007073,S0033810,2025FA,2025-26,0,0,0,0,0
AID2025-007074,S0001034,2025FA,2025-26,0,0,0,0,0
AID2025-007075,S0028165,2025FA,2025-26,1,1,7395,1,5500
AID2025-007076,S0034252,2025FA,2025-26,0,0,0,0,0
AID2025-007077,S0027237,2025FA,2025-26,1,1,7395,0,0
AID2025-007078,S0031851,2025FA,2025-26,1,0,0,1,5500
AID2025-007079,S0036154,2025FA,2025-26,1,1,7395,0,0
AID2025-007080,S0028846,2025FA,2025-26,0,0,0,0,0
AID2025-007081,S0030350,2025FA,2025-26,0,0,0,1,5500
AID2025-007082,S0031202,2025FA,2025-26,0,0,0,0,0
AID2025-007083,S0033166,2025FA,2025-26,0,0,0,0,0
AID2025-007084,S0040297,2025FA,2025-26,0,0,0,1,5500
AID2025-007085,S0027041,2025FA,2025-26,0,0,0,0,0
AID2025-007086,S0040617,2025FA,2025-26,0,0,0,0,0
AID2025-007087,S0026913,2025FA,2025-26,0,0,0,1,5500
AID2025-007088,S0028912,2025FA,2025-26,0,0,0,0,0
AID2025-007089,S0031724,2025FA,2025-26,0,0,0,0,0
AID2025-007090,S0034093,2025FA,2025-26,0,0,0,1,5500
AID2025-007091,S0012071,2025FA,2025-26,0,0,0,0,0
AID2025-007092,S0022564,2025FA,2025-26,1,0,0,0,0
AID2025-007093,S0024245,2025FA,2025-26,0,0,0,1,5500
AID2025-007094,S0037009,2025FA,2025-26,0,0,0,0,0
AID2025-007095,S0037651,2025FA,2025-26,1,1,7395,0,0
AID2025-007096,S0010178,2025FA,2025-26,0,0,0,1,5500
AID2025-007097,S0016810,2025FA,2025-26,0,0,0,0,0
AID2025-007098,S0040059,2025FA,2025-26,0,0,0,0,0
AID2025-007099,S0030385,2025FA,2025-26,0,0,0,1,5500
AID2025-007100,S0026187,2025FA,2025-26,0,0,0,0,0
AID2025-007101,S0001510,2025FA,2025-26,0,0,0,0,0
AID2025-007102,S0033476,2025FA,2025-26,1,1,7395,1,5500
AID2025-007103,S0024157,2025FA,2025-26,0,0,0,0,0
AID2025-007104,S0016372,2025FA,2025-26,0,0,0,0,0
AID2025-007105,S0017405,2025FA,2025-26,0,0,0,1,5500
AID2025-007106,S0029355,2025FA,2025-26,0,0,0,0,0
AID2025-007107,S0030315,2025FA,2025-26,1,1,7395,0,0
AID2025-007108,S0014140,2025FA,2025-26,0,0,0,1,5500
AID2025-007109,S0029260,2025FA,2025-26,0,0,0,0,0
AID2025-007110,S0031169,2025FA,2025-26,0,0,0,0,0
AID2025-007111,S0039767,2025FA,2025-26,1,1,7395,1,5500
AID2025-007112,S0027601,2025FA,2025-26,0,0,0,0,0
AID2025-007113,S0022707,2025FA,2025-26,1,0,0,0,0
AID2025-007114,S0034292,2025FA,2025-26,0,0,0,1,5500
AID2025-007115,S0037163,2025FA,2025-26,1,1,7395,0,0
AID2025-007116,S0037811,2025FA,2025-26,1,1,7395,0,0
AID2025-007117,S0008716,2025FA,2025-26,1,1,7395,1,5500
AID2025-007118,S0028462,2025FA,2025-26,1,1,7395,0,0
AID2025-007119,S0028777,2025FA,2025-26,0,0,0,0,0
AID2025-007120,S0023755,2025FA,2025-26,1,0,0,1,5500
AID2025-007121,S0036223,2025FA,2025-26,0,0,0,0,0
AID2025-007122,S0021992,2025FA,2025-26,0,0,0,0,0
AID2025-007123,S0030391,2025FA,2025-26,0,0,0,1,5500
AID2025-007124,S0027498,2025FA,2025-26,1,1,7395,0,0
AID2025-007125,S0037437,2025FA,2025-26,0,0,0,0,0
AID2025-007126,S0030469,2025FA,2025-26,1,1,7395,1,5500
AID2025-007127,S0010689,2025FA,2025-26,0,0,0,0,0
AID2025-007128,S0030736,2025FA,2025-26,0,0,0,0,0
AID2025-007129,S0026188,2025FA,2025-26,0,0,0,1,5500
AID2025-007130,S0018054,2025FA,2025-26,0,0,0,0,0
AID2025-007131,S0008420,2025FA,2025-26,0,0,0,0,0
AID2025-007132,S0039565,2025FA,2025-26,1,1,7395,1,5500
AID2025-007133,S0032463,2025FA,2025-26,0,0,0,0,0
AID2025-007134,S0012000,2025FA,2025-26,0,0,0,0,0
AID2025-007135,S0036147,2025FA,2025-26,1,1,7395,1,5500
AID2025-007136,S0012294,2025FA,2025-26,0,0,0,0,0
AID2025-007137,S0039793,2025FA,2025-26,0,0,0,0,0
AID2025-007138,S0033375,2025FA,2025-26,1,1,7395,1,5500
AID2025-007139,S0014487,2025FA,2025-26,0,0,0,0,0
AID2025-007140,S0039865,2025FA,2025-26,0,0,0,0,0
AID2025-007141,S0028504,2025FA,2025-26,0,0,0,1,5500
AID2025-007142,S0032396,2025FA,2025-26,1,1,7395,0,0
AID2025-007143,S0006402,2025FA,2025-26,1,1,7395,0,0
AID2025-007144,S0037573,2025FA,2025-26,1,1,7395,1,5500
AID2025-007145,S0035794,2025FA,2025-26,0,0,0,0,0
AID2025-007146,S0033012,2025FA,2025-26,0,0,0,0,0
AID2025-007147,S0018468,2025FA,2025-26,0,0,0,1,5500
AID2025-007148,S0038758,2025FA,2025-26,1,0,0,0,0
AID2025-007149,S0034171,2025FA,2025-26,0,0,0,0,0
AID2025-007150,S0028047,2025FA,2025-26,0,0,0,1,5500
AID2025-007151,S0023181,2025FA,2025-26,0,0,0,0,0
AID2025-007152,S0028117,2025FA,2025-26,0,0,0,0,0
AID2025-007153,S0028676,2025FA,2025-26,0,0,0,1,5500
AID2025-007154,S0027712,2025FA,2025-26,1,1,7395,0,0
AID2025-007155,S0034388,2025FA,2025-26,0,0,0,0,0
AID2025-007156,S0032898,2025FA,2025-26,0,0,0,1,5500
AID2025-007157,S0028747,2025FA,2025-26,0,0,0,0,0
AID2025-007158,S0036201,2025FA,2025-26,1,1,7395,0,0
AID2025-007159,S0039708,2025FA,2025-26,1,1,7395,1,5500
AID2025-007160,S0027004,2025FA,2025-26,1,1,7395,0,0
AID2025-007161,S0002007,2025FA,2025-26,0,0,0,0,0
AID2025-007162,S0018052,2025FA,2025-26,0,0,0,1,5500
AID2025-007163,S0027423,2025FA,2025-26,1,1,7395,0,0
AID2025-007164,S0008938,2025FA,2025-26,0,0,0,0,0
AID2025-007165,S0026955,2025FA,2025-26,0,0,0,1,5500
AID2025-007166,S0027965,2025FA,2025-26,0,0,0,0,0
AID2025-007167,S0034308,2025FA,2025-26,1,1,7395,0,0
AID2025-007168,S0005358,2025FA,2025-26,0,0,0,1,5500
AID2025-007169,S0008927,2025FA,2025-26,0,0,0,0,0
AID2025-007170,S0029311,2025FA,2025-26,0,0,0,0,0
AID2025-007171,S0000455,2025FA,2025-26,0,0,0,1,5500
AID2025-007172,S0011124,2025FA,2025-26,0,0,0,0,0
AID2025-007173,S0036127,2025FA,2025-26,0,0,0,0,0
AID2025-007174,S0037878,2025FA,2025-26,0,0,0,1,5500
AID2025-007175,S0039324,2025FA,2025-26,1,1,7395,0,0
AID2025-007176,S0032683,2025FA,2025-26,0,0,0,0,0
AID2025-007177,S0016252,2025FA,2025-26,0,0,0,1,5500
AID2025-007178,S0008421,2025FA,2025-26,0,0,0,0,0
AID2025-007179,S0040579,2025FA,2025-26,0,0,0,0,0
AID2025-007180,S0040634,2025FA,2025-26,1,1,7395,1,5500
AID2025-007181,S0026303,2025FA,2025-26,0,0,0,0,0
AID2025-007182,S0011672,2025FA,2025-26,0,0,0,0,0
AID2025-007183,S0037960,2025FA,2025-26,0,0,0,1,5500
AID2025-007184,S0038967,2025FA,2025-26,0,0,0,0,0
AID2025-007185,S0039197,2025FA,2025-26,0,0,0,0,0
AID2025-007186,S0023351,2025FA,2025-26,0,0,0,1,5500
AID2025-007187,S0037326,2025FA,2025-26,0,0,0,0,0
AID2025-007188,S0039569,2025FA,2025-26,1,1,7395,0,0
AID2025-007189,S0040219,2025FA,2025-26,0,0,0,1,5500
AID2025-007190,S0000855,2025FA,2025-26,0,0,0,0,0
AID2025-007191,S0001851,2025FA,2025-26,0,0,0,0,0
AID2025-007192,S0028260,2025FA,2025-26,0,0,0,1,5500
AID2025-007193,S0021757,2025FA,2025-26,1,1,7395,0,0
AID2025-007194,S0039817,2025FA,2025-26,0,0,0,0,0
AID2025-007195,S0016052,2025FA,2025-26,0,0,0,1,5500
AID2025-007196,S0016221,2025FA,2025-26,1,1,7395,0,0
AID2025-007197,S0031917,2025FA,2025-26,0,0,0,0,0
AID2025-007198,S0033180,2025FA,2025-26,0,0,0,1,5500
AID2025-007199,S0028009,2025FA,2025-26,0,0,0,0,0
AID2025-007200,S0038075,2025FA,2025-26,1,1,7395,0,0
AID2025-007201,S0032272,2025FA,2025-26,0,0,0,1,5500
AID2025-007202,S0032808,2025FA,2025-26,0,0,0,0,0
AID2025-007203,S0031229,2025FA,2025-26,0,0,0,0,0
AID2025-007204,S0006618,2025FA,2025-26,1,0,0,1,5500
AID2025-007205,S0023597,2025FA,2025-26,0,0,0,0,0
AID2025-007206,S0029600,2025FA,2025-26,1,1,7395,0,0
AID2025-007207,S0031711,2025FA,2025-26,0,0,0,1,5500
AID2025-007208,S0033492,2025FA,2025-26,0,0,0,0,0
AID2025-007209,S0039148,2025FA,2025-26,0,0,0,0,0
AID2025-007210,S0028486,2025FA,2025-26,1,1,7395,1,5500
AID2025-007211,S0007070,2025FA,2025-26,0,0,0,0,0
AID2025-007212,S0000607,2025FA,2025-26,0,0,0,0,0
AID2025-007213,S0006673,2025FA,2025-26,1,1,7395,1,5500
AID2025-007214,S0005518,2025FA,2025-26,0,0,0,0,0
AID2025-007215,S0040423,2025FA,2025-26,0,0,0,0,0
AID2025-007216,S0017581,2025FA,2025-26,0,0,0,1,5500
AID2025-007217,S0005195,2025FA,2025-26,1,1,7395,0,0
AID2025-007218,S0030731,2025FA,2025-26,0,0,0,0,0
AID2025-007219,S0036097,2025FA,2025-26,1,1,7395,1,5500
AID2025-007220,S0025776,2025FA,2025-26,0,0,0,0,0
AID2025-007221,S0033797,2025FA,2025-26,1,1,7395,0,0
AID2025-007222,S0023059,2025FA,2025-26,0,0,0,1,5500
AID2025-007223,S0027643,2025FA,2025-26,0,0,0,0,0
AID2025-007224,S0033847,2025FA,2025-26,0,0,0,0,0
AID2025-007225,S0039454,2025FA,2025-26,0,0,0,1,5500
AID2025-007226,S0006829,2025FA,2025-26,1,1,7395,0,0
AID2025-007227,S0031199,2025FA,2025-26,0,0,0,0,0
AID2025-007228,S0039234,2025FA,2025-26,0,0,0,1,5500
AID2025-007229,S0009791,2025FA,2025-26,0,0,0,0,0
AID2025-007230,S0019206,2025FA,2025-26,0,0,0,0,0
AID2025-007231,S0006140,2025FA,2025-26,0,0,0,1,5500
AID2025-007232,S0032204,2025FA,2025-26,1,0,0,0,0
AID2025-007233,S0040440,2025FA,2025-26,0,0,0,0,0
AID2025-007234,S0025414,2025FA,2025-26,0,0,0,1,5500
AID2025-007235,S0006706,2025FA,2025-26,0,0,0,0,0
AID2025-007236,S0037807,2025FA,2025-26,0,0,0,0,0
AID2025-007237,S0025376,2025FA,2025-26,0,0,0,1,5500
AID2025-007238,S0018599,2025FA,2025-26,0,0,0,0,0
AID2025-007239,S0027304,2025FA,2025-26,1,0,0,0,0
AID2025-007240,S0004932,2025FA,2025-26,0,0,0,1,5500
AID2025-007241,S0027044,2025FA,2025-26,0,0,0,0,0
AID2025-007242,S0033644,2025FA,2025-26,0,0,0,0,0
AID2025-007243,S0005852,2025FA,2025-26,0,0,0,1,5500
AID2025-007244,S0027564,2025FA,2025-26,0,0,0,0,0
AID2025-007245,S0024228,2025FA,2025-26,1,1,7395,0,0
AID2025-007246,S0027599,2025FA,2025-26,1,0,0,1,5500
AID2025-007247,S0015737,2025FA,2025-26,0,0,0,0,0
AID2025-007248,S0032086,2025FA,2025-26,1,1,7395,0,0
AID2025-007249,S0023463,2025FA,2025-26,0,0,0,1,5500
AID2025-007250,S0031752,2025FA,2025-26,1,1,7395,0,0
AID2025-007251,S0039662,2025FA,2025-26,0,0,0,0,0
AID2025-007252,S0003434,2025FA,2025-26,1,1,7395,1,5500
AID2025-007253,S0039784,2025FA,2025-26,0,0,0,0,0
AID2025-007254,S0037730,2025FA,2025-26,0,0,0,0,0
AID2025-007255,S0028873,2025FA,2025-26,0,0,0,1,5500
AID2025-007256,S0027475,2025FA,2025-26,0,0,0,0,0
AID2025-007257,S0024347,2025FA,2025-26,1,1,7395,0,0
AID2025-007258,S0037588,2025FA,2025-26,1,1,7395,1,5500
AID2025-007259,S0013506,2025FA,2025-26,0,0,0,0,0
AID2025-007260,S0035287,2025FA,2025-26,1,0,0,0,0
AID2025-007261,S0030920,2025FA,2025-26,1,1,7395,1,5500
AID2025-007262,S0027480,2025FA,2025-26,1,1,7395,0,0
AID2025-007263,S0039423,2025FA,2025-26,1,1,7395,0,0
AID2025-007264,S0013168,2025FA,2025-26,0,0,0,1,5500
AID2025-007265,S0029107,2025FA,2025-26,1,1,7395,0,0
AID2025-007266,S0032270,2025FA,2025-26,1,1,7395,0,0
AID2025-007267,S0040229,2025FA,2025-26,0,0,0,1,5500
AID2025-007268,S0032555,2025FA,2025-26,1,1,7395,0,0
AID2025-007269,S0013873,2025FA,2025-26,0,0,0,0,0
AID2025-007270,S0026863,2025FA,2025-26,1,1,7395,1,5500
AID2025-007271,S0028858,2025FA,2025-26,0,0,0,0,0
AID2025-007272,S0022709,2025FA,2025-26,1,1,7395,0,0
AID2025-007273,S0035737,2025FA,2025-26,0,0,0,1,5500
AID2025-007274,S0032875,2025FA,2025-26,0,0,0,0,0
AID2025-007275,S0029207,2025FA,2025-26,1,1,7395,0,0
AID2025-007276,S0028052,2025FA,2025-26,0,0,0,1,5500
AID2025-007277,S0012478,2025FA,2025-26,0,0,0,0,0
AID2025-007278,S0021352,2025FA,2025-26,1,1,7395,0,0
AID2025-007279,S0034163,2025FA,2025-26,0,0,0,1,5500
AID2025-007280,S0033637,2025FA,2025-26,0,0,0,0,0
AID2025-007281,S0032676,2025FA,2025-26,0,0,0,0,0
AID2025-007282,S0032083,2025FA,2025-26,1,1,7395,1,5500
AID2025-007283,S0036128,2025FA,2025-26,0,0,0,0,0
AID2025-007284,S0038489,2025FA,2025-26,1,1,7395,0,0
AID2025-007285,S0033683,2025FA,2025-26,1,1,7395,1,5500
AID2025-007286,S0008802,2025FA,2025-26,1,1,7395,0,0
AID2025-007287,S0025482,2025FA,2025-26,0,0,0,0,0
AID2025-007288,S0000225,2025FA,2025-26,0,0,0,1,5500
AID2025-007289,S0017533,2025FA,2025-26,0,0,0,0,0
AID2025-007290,S0005037,2025FA,2025-26,0,0,0,0,0
AID2025-007291,S0022010,2025FA,2025-26,1,1,7395,1,5500
AID2025-007292,S0032121,2025FA,2025-26,1,1,7395,0,0
AID2025-007293,S0040658,2025FA,2025-26,0,0,0,0,0
AID2025-007294,S0022754,2025FA,2025-26,1,1,7395,1,5500
AID2025-007295,S0017796,2025FA,2025-26,0,0,0,0,0
AID2025-007296,S0035469,2025FA,2025-26,0,0,0,0,0
AID2025-007297,S0015081,2025FA,2025-26,0,0,0,1,5500
AID2025-007298,S0036546,2025FA,2025-26,0,0,0,0,0
AID2025-007299,S0039880,2025FA,2025-26,0,0,0,0,0
AID2025-007300,S0032194,2025FA,2025-26,0,0,0,1,5500
AID2025-007301,S0027031,2025FA,2025-26,0,0,0,0,0
AID2025-007302,S0016727,2025FA,2025-26,0,0,0,0,0
AID2025-007303,S0021766,2025FA,2025-26,0,0,0,1,5500
AID2025-007304,S0007759,2025FA,2025-26,0,0,0,0,0
AID2025-007305,S0035925,2025FA,2025-26,0,0,0,0,0
AID2025-007306,S0033373,2025FA,2025-26,1,1,7395,1,5500
AID2025-007307,S0019737,2025FA,2025-26,0,0,0,0,0
AID2025-007308,S0008024,2025FA,2025-26,0,0,0,0,0
AID2025-007309,S0004211,2025FA,2025-26,0,0,0,1,5500
AID2025-007310,S0007487,2025FA,2025-26,1,1,7395,0,0
AID2025-007311,S0039297,2025FA,2025-26,1,1,7395,0,0
AID2025-007312,S0038975,2025FA,2025-26,1,1,7395,1,5500
AID2025-007313,S0023400,2025FA,2025-26,0,0,0,0,0
AID2025-007314,S0040421,2025FA,2025-26,0,0,0,0,0
AID2025-007315,S0022773,2025FA,2025-26,1,1,7395,1,5500
AID2025-007316,S0040056,2025FA,2025-26,0,0,0,0,0
AID2025-007317,S0028595,2025FA,2025-26,0,0,0,0,0
AID2025-007318,S0026357,2025FA,2025-26,0,0,0,1,5500
AID2025-007319,S0030401,2025FA,2025-26,0,0,0,0,0
AID2025-007320,S0040009,2025FA,2025-26,0,0,0,0,0
AID2025-007321,S0032109,2025FA,2025-26,1,1,7395,1,5500
AID2025-007322,S0020959,2025FA,2025-26,0,0,0,0,0
AID2025-007323,S0036987,2025FA,2025-26,0,0,0,0,0
AID2025-007324,S0025426,2025FA,2025-26,0,0,0,1,5500
AID2025-007325,S0026495,2025FA,2025-26,0,0,0,0,0
AID2025-007326,S0034033,2025FA,2025-26,0,0,0,0,0
AID2025-007327,S0037117,2025FA,2025-26,1,1,7395,1,5500
AID2025-007328,S0039032,2025FA,2025-26,0,0,0,0,0
AID2025-007329,S0039099,2025FA,2025-26,0,0,0,0,0
AID2025-007330,S0038250,2025FA,2025-26,1,0,0,1,5500
AID2025-007331,S0032180,2025FA,2025-26,1,1,7395,0,0
AID2025-007332,S0026846,2025FA,2025-26,0,0,0,0,0
AID2025-007333,S0015245,2025FA,2025-26,0,0,0,1,5500
AID2025-007334,S0017183,2025FA,2025-26,0,0,0,0,0
AID2025-007335,S0039213,2025FA,2025-26,1,1,7395,0,0
AID2025-007336,S0035189,2025FA,2025-26,1,1,7395,1,5500
AID2025-007337,S0039818,2025FA,2025-26,0,0,0,0,0
AID2025-007338,S0039814,2025FA,2025-26,1,1,7395,0,0
AID2025-007339,S0037449,2025FA,2025-26,0,0,0,1,5500
AID2025-007340,S0033066,2025FA,2025-26,1,1,7395,0,0
AID2025-007341,S0035994,2025FA,2025-26,0,0,0,0,0
AID2025-007342,S0033860,2025FA,2025-26,0,0,0,1,5500
AID2025-007343,S0037003,2025FA,2025-26,0,0,0,0,0
AID2025-007344,S0024120,2025FA,2025-26,0,0,0,0,0
AID2025-007345,S0030636,2025FA,2025-26,0,0,0,1,5500
AID2025-007346,S0000349,2025FA,2025-26,0,0,0,0,0
AID2025-007347,S0040018,2025FA,2025-26,0,0,0,0,0
AID2025-007348,S0040061,2025FA,2025-26,0,0,0,1,5500
AID2025-007349,S0032821,2025FA,2025-26,1,1,7395,0,0
AID2025-007350,S0034054,2025FA,2025-26,1,1,7395,0,0
AID2025-007351,S0038003,2025FA,2025-26,1,0,0,1,5500
AID2025-007352,S0018604,2025FA,2025-26,1,1,7395,0,0
AID2025-007353,S0008741,2025FA,2025-26,0,0,0,0,0
AID2025-007354,S0029483,2025FA,2025-26,1,1,7395,1,5500
AID2025-007355,S0028741,2025FA,2025-26,0,0,0,0,0
AID2025-007356,S0034357,2025FA,2025-26,0,0,0,0,0
AID2025-007357,S0018177,2025FA,2025-26,0,0,0,1,5500
AID2025-007358,S0012328,2025FA,2025-26,1,0,0,0,0
AID2025-007359,S0010253,2025FA,2025-26,1,1,7395,0,0
AID2025-007360,S0023906,2025FA,2025-26,1,1,7395,1,5500
AID2025-007361,S0020792,2025FA,2025-26,0,0,0,0,0
AID2025-007362,S0028264,2025FA,2025-26,0,0,0,0,0
AID2025-007363,S0000083,2025FA,2025-26,0,0,0,1,5500
AID2025-007364,S0019475,2025FA,2025-26,0,0,0,0,0
AID2025-007365,S0032667,2025FA,2025-26,1,0,0,0,0
AID2025-007366,S0036051,2025FA,2025-26,0,0,0,1,5500
AID2025-007367,S0034348,2025FA,2025-26,1,1,7395,0,0
AID2025-007368,S0012965,2025FA,2025-26,1,1,7395,0,0
AID2025-007369,S0033501,2025FA,2025-26,1,1,7395,1,5500
AID2025-007370,S0015580,2025FA,2025-26,0,0,0,0,0
AID2025-007371,S0024437,2025FA,2025-26,0,0,0,0,0
AID2025-007372,S0036654,2025FA,2025-26,1,1,7395,1,5500
AID2025-007373,S0015510,2025FA,2025-26,0,0,0,0,0
AID2025-007374,S0040488,2025FA,2025-26,1,1,7395,0,0
AID2025-007375,S0006599,2025FA,2025-26,0,0,0,1,5500
AID2025-007376,S0024227,2025FA,2025-26,0,0,0,0,0
AID2025-007377,S0023045,2025FA,2025-26,1,1,7395,0,0
AID2025-007378,S0039988,2025FA,2025-26,1,1,7395,1,5500
AID2025-007379,S0022812,2025FA,2025-26,0,0,0,0,0
AID2025-007380,S0033688,2025FA,2025-26,0,0,0,0,0
AID2025-007381,S0010564,2025FA,2025-26,0,0,0,1,5500
AID2025-007382,S0040275,2025FA,2025-26,0,0,0,0,0
AID2025-007383,S0006512,2025FA,2025-26,0,0,0,0,0
AID2025-007384,S0038830,2025FA,2025-26,0,0,0,1,5500
AID2025-007385,S0022007,2025FA,2025-26,1,1,7395,0,0
AID2025-007386,S0001416,2025FA,2025-26,0,0,0,0,0
AID2025-007387,S0028366,2025FA,2025-26,0,0,0,1,5500
AID2025-007388,S0033118,2025FA,2025-26,0,0,0,0,0
AID2025-007389,S0021351,2025FA,2025-26,0,0,0,0,0
AID2025-007390,S0019127,2025FA,2025-26,0,0,0,1,5500
AID2025-007391,S0038146,2025FA,2025-26,0,0,0,0,0
AID2025-007392,S0040429,2025FA,2025-26,1,1,7395,0,0
AID2025-007393,S0013817,2025FA,2025-26,0,0,0,1,5500
AID2025-007394,S0000432,2025FA,2025-26,0,0,0,0,0
AID2025-007395,S0008558,2025FA,2025-26,0,0,0,0,0
AID2025-007396,S0034085,2025FA,2025-26,1,1,7395,1,5500
AID2025-007397,S0036641,2025FA,2025-26,0,0,0,0,0
AID2025-007398,S0040226,2025FA,2025-26,0,0,0,0,0
AID2025-007399,S0027125,2025FA,2025-26,0,0,0,1,5500
AID2025-007400,S0035542,2025FA,2025-26,1,0,0,0,0
AID2025-007401,S0036007,2025FA,2025-26,0,0,0,0,0
AID2025-007402,S0038810,2025FA,2025-26,0,0,0,1,5500
AID2025-007403,S0000360,2025FA,2025-26,1,1,7395,0,0
AID2025-007404,S0032114,2025FA,2025-26,0,0,0,0,0
AID2025-007405,S0001461,2025FA,2025-26,0,0,0,1,5500
AID2025-007406,S0029515,2025FA,2025-26,0,0,0,0,0
AID2025-007407,S0025723,2025FA,2025-26,1,0,0,0,0
AID2025-007408,S0028801,2025FA,2025-26,1,1,7395,1,5500
AID2025-007409,S0014341,2025FA,2025-26,1,1,7395,0,0
AID2025-007410,S0018786,2025FA,2025-26,0,0,0,0,0
AID2025-007411,S0000529,2025FA,2025-26,0,0,0,1,5500
AID2025-007412,S0032252,2025FA,2025-26,1,1,7395,0,0
AID2025-007413,S0023080,2025FA,2025-26,1,1,7395,0,0
AID2025-007414,S0032440,2025FA,2025-26,1,0,0,1,5500
AID2025-007415,S0007637,2025FA,2025-26,0,0,0,0,0
AID2025-007416,S0023404,2025FA,2025-26,0,0,0,0,0
AID2025-007417,S0038654,2025FA,2025-26,0,0,0,1,5500
AID2025-007418,S0001446,2025FA,2025-26,0,0,0,0,0
AID2025-007419,S0027858,2025FA,2025-26,0,0,0,0,0
AID2025-007420,S0038826,2025FA,2025-26,0,0,0,1,5500
AID2025-007421,S0039337,2025FA,2025-26,0,0,0,0,0
AID2025-007422,S0000014,2025FA,2025-26,0,0,0,0,0
AID2025-007423,S0026870,2025FA,2025-26,1,1,7395,1,5500
AID2025-007424,S0022679,2025FA,2025-26,0,0,0,0,0
AID2025-007425,S0023437,2025FA,2025-26,1,1,7395,0,0
AID2025-007426,S0026203,2025FA,2025-26,1,1,7395,1,5500
AID2025-007427,S0007401,2025FA,2025-26,0,0,0,0,0
AID2025-007428,S0003546,2025FA,2025-26,0,0,0,0,0
AID2025-007429,S0009002,2025FA,2025-26,1,1,7395,1,5500
AID2025-007430,S0039932,2025FA,2025-26,0,0,0,0,0
AID2025-007431,S0034215,2025FA,2025-26,0,0,0,0,0
AID2025-007432,S0039838,2025FA,2025-26,1,1,7395,1,5500
AID2025-007433,S0031972,2025FA,2025-26,0,0,0,0,0
AID2025-007434,S0017247,2025FA,2025-26,0,0,0,0,0
AID2025-007435,S0037678,2025FA,2025-26,0,0,0,1,5500
AID2025-007436,S0017863,2025FA,2025-26,0,0,0,0,0
AID2025-007437,S0007290,2025FA,2025-26,0,0,0,0,0
AID2025-007438,S0021261,2025FA,2025-26,0,0,0,1,5500
AID2025-007439,S0035083,2025FA,2025-26,1,1,7395,0,0
AID2025-007440,S0030659,2025FA,2025-26,0,0,0,0,0
AID2025-007441,S0039181,2025FA,2025-26,0,0,0,1,5500
AID2025-007442,S0033977,2025FA,2025-26,1,0,0,0,0
AID2025-007443,S0014112,2025FA,2025-26,1,1,7395,0,0
AID2025-007444,S0025688,2025FA,2025-26,0,0,0,1,5500
AID2025-007445,S0010542,2025FA,2025-26,0,0,0,0,0
AID2025-007446,S0009346,2025FA,2025-26,0,0,0,0,0
AID2025-007447,S0012886,2025FA,2025-26,0,0,0,1,5500
AID2025-007448,S0000835,2025FA,2025-26,0,0,0,0,0
AID2025-007449,S0034045,2025FA,2025-26,0,0,0,0,0
AID2025-007450,S0007682,2025FA,2025-26,1,1,7395,1,5500
AID2025-007451,S0033236,2025FA,2025-26,0,0,0,0,0
AID2025-007452,S0028372,2025FA,2025-26,0,0,0,0,0
AID2025-007453,S0032283,2025FA,2025-26,0,0,0,1,5500
AID2025-007454,S0027429,2025FA,2025-26,1,1,7395,0,0
AID2025-007455,S0000130,2025FA,2025-26,0,0,0,0,0
AID2025-007456,S0033717,2025FA,2025-26,1,0,0,1,5500
AID2025-007457,S0024313,2025FA,2025-26,0,0,0,0,0
AID2025-007458,S0018681,2025FA,2025-26,1,1,7395,0,0
AID2025-007459,S0034399,2025FA,2025-26,1,1,7395,1,5500
AID2025-007460,S0023914,2025FA,2025-26,0,0,0,0,0
AID2025-007461,S0027994,2025FA,2025-26,0,0,0,0,0
AID2025-007462,S0035686,2025FA,2025-26,0,0,0,1,5500
AID2025-007463,S0039911,2025FA,2025-26,0,0,0,0,0
AID2025-007464,S0031806,2025FA,2025-26,1,1,7395,0,0
AID2025-007465,S0033523,2025FA,2025-26,0,0,0,1,5500
AID2025-007466,S0028740,2025FA,2025-26,0,0,0,0,0
AID2025-007467,S0026267,2025FA,2025-26,0,0,0,0,0
AID2025-007468,S0008143,2025FA,2025-26,1,1,7395,1,5500
AID2025-007469,S0039649,2025FA,2025-26,1,1,7395,0,0
AID2025-007470,S0025771,2025FA,2025-26,0,0,0,0,0
AID2025-007471,S0036441,2025FA,2025-26,1,1,7395,1,5500
AID2025-007472,S0018305,2025FA,2025-26,1,1,7395,0,0
AID2025-007473,S0036803,2025FA,2025-26,0,0,0,0,0
AID2025-007474,S0007718,2025FA,2025-26,1,1,7395,1,5500
AID2025-007475,S0036882,2025FA,2025-26,1,1,7395,0,0
AID2025-007476,S0038352,2025FA,2025-26,0,0,0,0,0
AID2025-007477,S0022712,2025FA,2025-26,0,0,0,1,5500
AID2025-007478,S0006020,2025FA,2025-26,0,0,0,0,0
AID2025-007479,S0032549,2025FA,2025-26,0,0,0,0,0
AID2025-007480,S0039735,2025FA,2025-26,0,0,0,1,5500
AID2025-007481,S0033840,2025FA,2025-26,1,1,7395,0,0
AID2025-007482,S0027711,2025FA,2025-26,1,1,7395,0,0
AID2025-007483,S0038679,2025FA,2025-26,0,0,0,1,5500
AID2025-007484,S0037876,2025FA,2025-26,1,0,0,0,0
AID2025-007485,S0032317,2025FA,2025-26,0,0,0,0,0
AID2025-007486,S0033212,2025FA,2025-26,0,0,0,1,5500
AID2025-007487,S0022880,2025FA,2025-26,1,1,7395,0,0
AID2025-007488,S0036925,2025FA,2025-26,1,1,7395,0,0
AID2025-007489,S0003974,2025FA,2025-26,0,0,0,1,5500
AID2025-007490,S0022495,2025FA,2025-26,1,1,7395,0,0
AID2025-007491,S0010440,2025FA,2025-26,0,0,0,0,0
AID2025-007492,S0036088,2025FA,2025-26,0,0,0,1,5500
AID2025-007493,S0001870,2025FA,2025-26,1,1,7395,0,0
AID2025-007494,S0027136,2025FA,2025-26,0,0,0,0,0
AID2025-007495,S0033659,2025FA,2025-26,1,1,7395,1,5500
AID2025-007496,S0012495,2025FA,2025-26,0,0,0,0,0
AID2025-007497,S0021127,2025FA,2025-26,0,0,0,0,0
AID2025-007498,S0009233,2025FA,2025-26,1,0,0,1,5500
AID2025-007499,S0025628,2025FA,2025-26,0,0,0,0,0
AID2025-007500,S0035552,2025FA,2025-26,0,0,0,0,0
AID2025-007501,S0038673,2025FA,2025-26,0,0,0,1,5500
AID2025-007502,S0037802,2025FA,2025-26,0,0,0,0,0
AID2025-007503,S0036529,2025FA,2025-26,0,0,0,0,0
AID2025-007504,S0027960,2025FA,2025-26,1,1,7395,1,5500
AID2025-007505,S0040150,2025FA,2025-26,1,0,0,0,0
AID2025-007506,S0000427,2025FA,2025-26,0,0,0,0,0
AID2025-007507,S0022003,2025FA,2025-26,0,0,0,1,5500
AID2025-007508,S0027504,2025FA,2025-26,1,1,7395,0,0
AID2025-007509,S0007935,2025FA,2025-26,0,0,0,0,0
AID2025-007510,S0010851,2025FA,2025-26,0,0,0,1,5500
AID2025-007511,S0027202,2025FA,2025-26,0,0,0,0,0
AID2025-007512,S0018192,2025FA,2025-26,0,0,0,0,0
AID2025-007513,S0034209,2025FA,2025-26,0,0,0,1,5500
AID2025-007514,S0010426,2025FA,2025-26,1,1,7395,0,0
AID2025-007515,S0000138,2025FA,2025-26,1,1,7395,0,0
AID2025-007516,S0035731,2025FA,2025-26,0,0,0,1,5500
AID2025-007517,S0040618,2025FA,2025-26,1,1,7395,0,0
AID2025-007518,S0038223,2025FA,2025-26,0,0,0,0,0
AID2025-007519,S0032342,2025FA,2025-26,0,0,0,1,5500
AID2025-007520,S0037595,2025FA,2025-26,0,0,0,0,0
AID2025-007521,S0032496,2025FA,2025-26,0,0,0,0,0
AID2025-007522,S0037915,2025FA,2025-26,0,0,0,1,5500
AID2025-007523,S0032249,2025FA,2025-26,0,0,0,0,0
AID2025-007524,S0024118,2025FA,2025-26,1,1,7395,0,0
AID2025-007525,S0039640,2025FA,2025-26,0,0,0,1,5500
AID2025-007526,S0039813,2025FA,2025-26,1,0,0,0,0
AID2025-007527,S0023043,2025FA,2025-26,0,0,0,0,0
AID2025-007528,S0025975,2025FA,2025-26,1,1,7395,1,5500
AID2025-007529,S0031537,2025FA,2025-26,0,0,0,0,0
AID2025-007530,S0011571,2025FA,2025-26,0,0,0,0,0
AID2025-007531,S0038575,2025FA,2025-26,0,0,0,1,5500
AID2025-007532,S0028069,2025FA,2025-26,0,0,0,0,0
AID2025-007533,S0025972,2025FA,2025-26,0,0,0,0,0
AID2025-007534,S0011527,2025FA,2025-26,0,0,0,1,5500
AID2025-007535,S0005140,2025FA,2025-26,0,0,0,0,0
AID2025-007536,S0013384,2025FA,2025-26,0,0,0,0,0
AID2025-007537,S0038194,2025FA,2025-26,1,1,7395,1,5500
AID2025-007538,S0016974,2025FA,2025-26,1,1,7395,0,0
AID2025-007539,S0016098,2025FA,2025-26,0,0,0,0,0
AID2025-007540,S0035782,2025FA,2025-26,0,0,0,1,5500
AID2025-007541,S0033791,2025FA,2025-26,0,0,0,0,0
AID2025-007542,S0003494,2025FA,2025-26,0,0,0,0,0
AID2025-007543,S0037105,2025FA,2025-26,1,1,7395,1,5500
AID2025-007544,S0035960,2025FA,2025-26,1,1,7395,0,0
AID2025-007545,S0000041,2025FA,2025-26,0,0,0,0,0
AID2025-007546,S0033975,2025FA,2025-26,0,0,0,1,5500
AID2025-007547,S0011175,2025FA,2025-26,0,0,0,0,0
AID2025-007548,S0026931,2025FA,2025-26,1,1,7395,0,0
AID2025-007549,S0037704,2025FA,2025-26,0,0,0,1,5500
AID2025-007550,S0040355,2025FA,2025-26,1,1,7395,0,0
AID2025-007551,S0032859,2025FA,2025-26,1,1,7395,0,0
AID2025-007552,S0006536,2025FA,2025-26,0,0,0,1,5500
AID2025-007553,S0007488,2025FA,2025-26,1,1,7395,0,0
AID2025-007554,S0013764,2025FA,2025-26,0,0,0,0,0
AID2025-007555,S0000399,2025FA,2025-26,1,1,7395,1,5500
AID2025-007556,S0011287,2025FA,2025-26,1,1,7395,0,0
AID2025-007557,S0030667,2025FA,2025-26,1,1,7395,0,0
AID2025-007558,S0028442,2025FA,2025-26,0,0,0,1,5500
AID2025-007559,S0027844,2025FA,2025-26,0,0,0,0,0
AID2025-007560,S0035235,2025FA,2025-26,0,0,0,0,0
AID2025-007561,S0026561,2025FA,2025-26,1,0,0,1,5500
AID2025-007562,S0032181,2025FA,2025-26,0,0,0,0,0
AID2025-007563,S0023458,2025FA,2025-26,0,0,0,0,0
AID2025-007564,S0040123,2025FA,2025-26,0,0,0,1,5500
AID2025-007565,S0024306,2025FA,2025-26,1,1,7395,0,0
AID2025-007566,S0033483,2025FA,2025-26,0,0,0,0,0
AID2025-007567,S0015482,2025FA,2025-26,1,1,7395,1,5500
AID2025-007568,S0028526,2025FA,2025-26,1,0,0,0,0
AID2025-007569,S0038145,2025FA,2025-26,1,1,7395,0,0
AID2025-007570,S0017954,2025FA,2025-26,0,0,0,1,5500
AID2025-007571,S0036193,2025FA,2025-26,1,1,7395,0,0
AID2025-007572,S0018150,2025FA,2025-26,0,0,0,0,0
AID2025-007573,S0018025,2025FA,2025-26,1,1,7395,1,5500
AID2025-007574,S0038154,2025FA,2025-26,0,0,0,0,0
AID2025-007575,S0031775,2025FA,2025-26,1,0,0,0,0
AID2025-007576,S0024030,2025FA,2025-26,0,0,0,1,5500
AID2025-007577,S0025436,2025FA,2025-26,1,1,7395,0,0
AID2025-007578,S0028414,2025FA,2025-26,0,0,0,0,0
AID2025-007579,S0033600,2025FA,2025-26,0,0,0,1,5500
AID2025-007580,S0032759,2025FA,2025-26,1,1,7395,0,0
AID2025-007581,S0005422,2025FA,2025-26,1,1,7395,0,0
AID2025-007582,S0021594,2025FA,2025-26,1,0,0,1,5500
AID2025-007583,S0025572,2025FA,2025-26,0,0,0,0,0
AID2025-007584,S0012663,2025FA,2025-26,1,1,7395,0,0
AID2025-007585,S0034089,2025FA,2025-26,1,1,7395,1,5500
AID2025-007586,S0024314,2025FA,2025-26,0,0,0,0,0
AID2025-007587,S0018078,2025FA,2025-26,1,1,7395,0,0
AID2025-007588,S0034105,2025FA,2025-26,0,0,0,1,5500
AID2025-007589,S0030565,2025FA,2025-26,1,0,0,0,0
AID2025-007590,S0038309,2025FA,2025-26,0,0,0,0,0
AID2025-007591,S0038395,2025FA,2025-26,0,0,0,1,5500
AID2025-007592,S0019584,2025FA,2025-26,1,1,7395,0,0
AID2025-007593,S0003579,2025FA,2025-26,0,0,0,0,0
AID2025-007594,S0033894,2025FA,2025-26,0,0,0,1,5500
AID2025-007595,S0008447,2025FA,2025-26,1,1,7395,0,0
AID2025-007596,S0028141,2025FA,2025-26,0,0,0,0,0
AID2025-007597,S0033774,2025FA,2025-26,0,0,0,1,5500
AID2025-007598,S0019507,2025FA,2025-26,0,0,0,0,0
AID2025-007599,S0039068,2025FA,2025-26,0,0,0,0,0
AID2025-007600,S0033654,2025FA,2025-26,0,0,0,1,5500
AID2025-007601,S0036847,2025FA,2025-26,1,1,7395,0,0
AID2025-007602,S0033922,2025FA,2025-26,0,0,0,0,0
AID2025-007603,S0034192,2025FA,2025-26,1,0,0,1,5500
AID2025-007604,S0018218,2025FA,2025-26,0,0,0,0,0
AID2025-007605,S0027877,2025FA,2025-26,0,0,0,0,0
AID2025-007606,S0036975,2025FA,2025-26,1,1,7395,1,5500
AID2025-007607,S0029544,2025FA,2025-26,1,1,7395,0,0
AID2025-007608,S0023107,2025FA,2025-26,0,0,0,0,0
AID2025-007609,S0024111,2025FA,2025-26,0,0,0,1,5500
AID2025-007610,S0000995,2025FA,2025-26,0,0,0,0,0
AID2025-007611,S0011281,2025FA,2025-26,0,0,0,0,0
AID2025-007612,S0016826,2025FA,2025-26,0,0,0,1,5500
AID2025-007613,S0019511,2025FA,2025-26,0,0,0,0,0
AID2025-007614,S0040458,2025FA,2025-26,1,1,7395,0,0
AID2025-007615,S0031231,2025FA,2025-26,1,1,7395,1,5500
AID2025-007616,S0016137,2025FA,2025-26,0,0,0,0,0
AID2025-007617,S0038780,2025FA,2025-26,0,0,0,0,0
AID2025-007618,S0004366,2025FA,2025-26,1,1,7395,1,5500
AID2025-007619,S0026844,2025FA,2025-26,1,1,7395,0,0
AID2025-007620,S0016181,2025FA,2025-26,1,1,7395,0,0
AID2025-007621,S0032116,2025FA,2025-26,0,0,0,1,5500
AID2025-007622,S0028224,2025FA,2025-26,0,0,0,0,0
AID2025-007623,S0026766,2025FA,2025-26,1,1,7395,0,0
AID2025-007624,S0005448,2025FA,2025-26,1,0,0,1,5500
AID2025-007625,S0037096,2025FA,2025-26,0,0,0,0,0
AID2025-007626,S0017660,2025FA,2025-26,1,1,7395,0,0
AID2025-007627,S0018135,2025FA,2025-26,0,0,0,1,5500
AID2025-007628,S0033128,2025FA,2025-26,1,1,7395,0,0
AID2025-007629,S0035665,2025FA,2025-26,0,0,0,0,0
AID2025-007630,S0023245,2025FA,2025-26,1,1,7395,1,5500
AID2025-007631,S0000648,2025FA,2025-26,1,0,0,0,0
AID2025-007632,S0036913,2025FA,2025-26,1,1,7395,0,0
AID2025-007633,S0023049,2025FA,2025-26,0,0,0,1,5500
AID2025-007634,S0040049,2025FA,2025-26,0,0,0,0,0
AID2025-007635,S0039984,2025FA,2025-26,0,0,0,0,0
AID2025-007636,S0028434,2025FA,2025-26,0,0,0,1,5500
AID2025-007637,S0036225,2025FA,2025-26,0,0,0,0,0
AID2025-007638,S0005175,2025FA,2025-26,0,0,0,0,0
AID2025-007639,S0016148,2025FA,2025-26,0,0,0,1,5500
AID2025-007640,S0000969,2025FA,2025-26,0,0,0,0,0
AID2025-007641,S0011429,2025FA,2025-26,0,0,0,0,0
AID2025-007642,S0033414,2025FA,2025-26,0,0,0,1,5500
AID2025-007643,S0037162,2025FA,2025-26,0,0,0,0,0
AID2025-007644,S0024047,2025FA,2025-26,1,1,7395,0,0
AID2025-007645,S0033247,2025FA,2025-26,1,1,7395,1,5500
AID2025-007646,S0038373,2025FA,2025-26,1,1,7395,0,0
AID2025-007647,S0031977,2025FA,2025-26,0,0,0,0,0
AID2025-007648,S0039854,2025FA,2025-26,0,0,0,1,5500
AID2025-007649,S0030427,2025FA,2025-26,0,0,0,0,0
AID2025-007650,S0037431,2025FA,2025-26,0,0,0,0,0
AID2025-007651,S0028367,2025FA,2025-26,0,0,0,1,5500
AID2025-007652,S0039334,2025FA,2025-26,0,0,0,0,0
AID2025-007653,S0031895,2025FA,2025-26,0,0,0,0,0
AID2025-007654,S0001688,2025FA,2025-26,1,1,7395,1,5500
AID2025-007655,S0037617,2025FA,2025-26,0,0,0,0,0
AID2025-007656,S0019397,2025FA,2025-26,0,0,0,0,0
AID2025-007657,S0037947,2025FA,2025-26,0,0,0,1,5500
AID2025-007658,S0040434,2025FA,2025-26,1,1,7395,0,0
AID2025-007659,S0028855,2025FA,2025-26,0,0,0,0,0
AID2025-007660,S0005319,2025FA,2025-26,0,0,0,1,5500
AID2025-007661,S0018261,2025FA,2025-26,1,1,7395,0,0
AID2025-007662,S0037508,2025FA,2025-26,0,0,0,0,0
AID2025-007663,S0017948,2025FA,2025-26,0,0,0,1,5500
AID2025-007664,S0005519,2025FA,2025-26,0,0,0,0,0
AID2025-007665,S0035451,2025FA,2025-26,0,0,0,0,0
AID2025-007666,S0033291,2025FA,2025-26,0,0,0,1,5500
AID2025-007667,S0007204,2025FA,2025-26,1,1,7395,0,0
AID2025-007668,S0036143,2025FA,2025-26,1,1,7395,0,0
AID2025-007669,S0039353,2025FA,2025-26,0,0,0,1,5500
AID2025-007670,S0023545,2025FA,2025-26,0,0,0,0,0
AID2025-007671,S0022455,2025FA,2025-26,0,0,0,0,0
AID2025-007672,S0040087,2025FA,2025-26,0,0,0,1,5500
AID2025-007673,S0017885,2025FA,2025-26,0,0,0,0,0
AID2025-007674,S0037121,2025FA,2025-26,0,0,0,0,0
AID2025-007675,S0016284,2025FA,2025-26,0,0,0,1,5500
AID2025-007676,S0037250,2025FA,2025-26,0,0,0,0,0
AID2025-007677,S0032483,2025FA,2025-26,0,0,0,0,0
AID2025-007678,S0020920,2025FA,2025-26,0,0,0,1,5500
AID2025-007679,S0037007,2025FA,2025-26,1,1,7395,0,0
AID2025-007680,S0034084,2025FA,2025-26,1,0,0,0,0
AID2025-007681,S0032941,2025FA,2025-26,1,1,7395,1,5500
AID2025-007682,S0028907,2025FA,2025-26,0,0,0,0,0
AID2025-007683,S0036653,2025FA,2025-26,0,0,0,0,0
AID2025-007684,S0035442,2025FA,2025-26,0,0,0,1,5500
AID2025-007685,S0022982,2025FA,2025-26,0,0,0,0,0
AID2025-007686,S0033935,2025FA,2025-26,0,0,0,0,0
AID2025-007687,S0031887,2025FA,2025-26,0,0,0,1,5500
AID2025-007688,S0007262,2025FA,2025-26,0,0,0,0,0
AID2025-007689,S0035224,2025FA,2025-26,0,0,0,0,0
AID2025-007690,S0039623,2025FA,2025-26,0,0,0,1,5500
AID2025-007691,S0037853,2025FA,2025-26,0,0,0,0,0
AID2025-007692,S0018631,2025FA,2025-26,0,0,0,0,0
AID2025-007693,S0012406,2025FA,2025-26,1,1,7395,1,5500
AID2025-007694,S0026356,2025FA,2025-26,1,0,0,0,0
AID2025-007695,S0004331,2025FA,2025-26,0,0,0,0,0
AID2025-007696,S0034289,2025FA,2025-26,0,0,0,1,5500
AID2025-007697,S0038867,2025FA,2025-26,0,0,0,0,0
AID2025-007698,S0022829,2025FA,2025-26,0,0,0,0,0
AID2025-007699,S0035648,2025FA,2025-26,1,1,7395,1,5500
AID2025-007700,S0003451,2025FA,2025-26,0,0,0,0,0
AID2025-007701,S0032340,2025FA,2025-26,0,0,0,0,0
AID2025-007702,S0032785,2025FA,2025-26,0,0,0,1,5500
AID2025-007703,S0035902,2025FA,2025-26,1,1,7395,0,0
AID2025-007704,S0021153,2025FA,2025-26,1,1,7395,0,0
AID2025-007705,S0012261,2025FA,2025-26,1,1,7395,1,5500
AID2025-007706,S0038478,2025FA,2025-26,1,1,7395,0,0
AID2025-007707,S0007681,2025FA,2025-26,0,0,0,0,0
AID2025-007708,S0035111,2025FA,2025-26,1,0,0,1,5500
AID2025-007709,S0039620,2025FA,2025-26,0,0,0,0,0
AID2025-007710,S0028705,2025FA,2025-26,0,0,0,0,0
AID2025-007711,S0037226,2025FA,2025-26,0,0,0,1,5500
AID2025-007712,S0033139,2025FA,2025-26,0,0,0,0,0
AID2025-007713,S0039248,2025FA,2025-26,0,0,0,0,0
AID2025-007714,S0003389,2025FA,2025-26,1,1,7395,1,5500
AID2025-007715,S0039022,2025FA,2025-26,0,0,0,0,0
AID2025-007716,S0040646,2025FA,2025-26,0,0,0,0,0
AID2025-007717,S0003070,2025FA,2025-26,0,0,0,1,5500
AID2025-007718,S0040439,2025FA,2025-26,1,1,7395,0,0
AID2025-007719,S0008358,2025FA,2025-26,1,1,7395,0,0
AID2025-007720,S0035312,2025FA,2025-26,0,0,0,1,5500
AID2025-007721,S0031476,2025FA,2025-26,0,0,0,0,0
AID2025-007722,S0039952,2025FA,2025-26,0,0,0,0,0
AID2025-007723,S0038354,2025FA,2025-26,0,0,0,1,5500
AID2025-007724,S0022189,2025FA,2025-26,0,0,0,0,0
AID2025-007725,S0007475,2025FA,2025-26,0,0,0,0,0
AID2025-007726,S0038625,2025FA,2025-26,0,0,0,1,5500
AID2025-007727,S0033960,2025FA,2025-26,0,0,0,0,0
AID2025-007728,S0039480,2025FA,2025-26,0,0,0,0,0
AID2025-007729,S0028176,2025FA,2025-26,1,0,0,1,5500
AID2025-007730,S0023113,2025FA,2025-26,1,1,7395,0,0
AID2025-007731,S0018914,2025FA,2025-26,0,0,0,0,0
AID2025-007732,S0010911,2025FA,2025-26,0,0,0,1,5500
AID2025-007733,S0012195,2025FA,2025-26,0,0,0,0,0
AID2025-007734,S0032201,2025FA,2025-26,1,1,7395,0,0
AID2025-007735,S0019275,2025FA,2025-26,0,0,0,1,5500
AID2025-007736,S0028984,2025FA,2025-26,1,1,7395,0,0
AID2025-007737,S0026828,2025FA,2025-26,1,1,7395,0,0
AID2025-007738,S0022872,2025FA,2025-26,0,0,0,1,5500
AID2025-007739,S0036931,2025FA,2025-26,0,0,0,0,0
AID2025-007740,S0031614,2025FA,2025-26,0,0,0,0,0
AID2025-007741,S0029327,2025FA,2025-26,0,0,0,1,5500
AID2025-007742,S0037843,2025FA,2025-26,0,0,0,0,0
AID2025-007743,S0040420,2025FA,2025-26,1,0,0,0,0
AID2025-007744,S0036809,2025FA,2025-26,1,1,7395,1,5500
AID2025-007745,S0038719,2025FA,2025-26,1,1,7395,0,0
AID2025-007746,S0036329,2025FA,2025-26,1,1,7395,0,0
AID2025-007747,S0038357,2025FA,2025-26,0,0,0,1,5500
AID2025-007748,S0029418,2025FA,2025-26,1,1,7395,0,0
AID2025-007749,S0035344,2025FA,2025-26,0,0,0,0,0
AID2025-007750,S0031973,2025FA,2025-26,1,0,0,1,5500
AID2025-007751,S0040495,2025FA,2025-26,1,1,7395,0,0
AID2025-007752,S0023800,2025FA,2025-26,0,0,0,0,0
AID2025-007753,S0015966,2025FA,2025-26,0,0,0,1,5500
AID2025-007754,S0012017,2025FA,2025-26,0,0,0,0,0
AID2025-007755,S0030415,2025FA,2025-26,1,1,7395,0,0
AID2025-007756,S0028939,2025FA,2025-26,0,0,0,1,5500
AID2025-007757,S0030580,2025FA,2025-26,0,0,0,0,0
AID2025-007758,S0027781,2025FA,2025-26,0,0,0,0,0
AID2025-007759,S0031064,2025FA,2025-26,0,0,0,1,5500
AID2025-007760,S0035922,2025FA,2025-26,1,1,7395,0,0
AID2025-007761,S0007220,2025FA,2025-26,1,1,7395,0,0
AID2025-007762,S0039839,2025FA,2025-26,0,0,0,1,5500
AID2025-007763,S0001003,2025FA,2025-26,0,0,0,0,0
AID2025-007764,S0012673,2025FA,2025-26,0,0,0,0,0
AID2025-007765,S0008863,2025FA,2025-26,1,1,7395,1,5500
AID2025-007766,S0036168,2025FA,2025-26,0,0,0,0,0
AID2025-007767,S0028797,2025FA,2025-26,0,0,0,0,0
AID2025-007768,S0026538,2025FA,2025-26,0,0,0,1,5500
AID2025-007769,S0026903,2025FA,2025-26,1,1,7395,0,0
AID2025-007770,S0038938,2025FA,2025-26,0,0,0,0,0
AID2025-007771,S0040029,2025FA,2025-26,0,0,0,1,5500
AID2025-007772,S0000429,2025FA,2025-26,1,1,7395,0,0
AID2025-007773,S0016386,2025FA,2025-26,0,0,0,0,0
AID2025-007774,S0032377,2025FA,2025-26,0,0,0,1,5500
AID2025-007775,S0039196,2025FA,2025-26,1,1,7395,0,0
AID2025-007776,S0035308,2025FA,2025-26,0,0,0,0,0
AID2025-007777,S0028559,2025FA,2025-26,1,1,7395,1,5500
AID2025-007778,S0039126,2025FA,2025-26,0,0,0,0,0
AID2025-007779,S0032302,2025FA,2025-26,1,1,7395,0,0
AID2025-007780,S0008872,2025FA,2025-26,1,1,7395,1,5500
AID2025-007781,S0038912,2025FA,2025-26,1,1,7395,0,0
AID2025-007782,S0039597,2025FA,2025-26,0,0,0,0,0
AID2025-007783,S0014443,2025FA,2025-26,0,0,0,1,5500
AID2025-007784,S0025397,2025FA,2025-26,0,0,0,0,0
AID2025-007785,S0014503,2025FA,2025-26,0,0,0,0,0
AID2025-007786,S0039842,2025FA,2025-26,1,1,7395,1,5500
AID2025-007787,S0032282,2025FA,2025-26,0,0,0,0,0
AID2025-007788,S0028644,2025FA,2025-26,1,1,7395,0,0
AID2025-007789,S0033789,2025FA,2025-26,0,0,0,1,5500
AID2025-007790,S0036260,2025FA,2025-26,0,0,0,0,0
AID2025-007791,S0037582,2025FA,2025-26,1,1,7395,0,0
AID2025-007792,S0029562,2025FA,2025-26,0,0,0,1,5500
AID2025-007793,S0028563,2025FA,2025-26,0,0,0,0,0
AID2025-007794,S0038210,2025FA,2025-26,0,0,0,0,0
AID2025-007795,S0037061,2025FA,2025-26,1,1,7395,1,5500
AID2025-007796,S0033940,2025FA,2025-26,1,1,7395,0,0
AID2025-007797,S0025585,2025FA,2025-26,0,0,0,0,0
AID2025-007798,S0031954,2025FA,2025-26,0,0,0,1,5500
AID2025-007799,S0038278,2025FA,2025-26,0,0,0,0,0
AID2025-007800,S0027800,2025FA,2025-26,0,0,0,0,0
AID2025-007801,S0035776,2025FA,2025-26,1,1,7395,1,5500
AID2025-007802,S0033929,2025FA,2025-26,0,0,0,0,0
AID2025-007803,S0012880,2025FA,2025-26,0,0,0,0,0
AID2025-007804,S0024316,2025FA,2025-26,1,1,7395,1,5500
AID2025-007805,S0032845,2025FA,2025-26,1,1,7395,0,0
AID2025-007806,S0009675,2025FA,2025-26,0,0,0,0,0
AID2025-007807,S0010505,2025FA,2025-26,0,0,0,1,5500
AID2025-007808,S0028242,2025FA,2025-26,0,0,0,0,0
AID2025-007809,S0010283,2025FA,2025-26,0,0,0,0,0
AID2025-007810,S0008025,2025FA,2025-26,0,0,0,1,5500
AID2025-007811,S0036199,2025FA,2025-26,1,1,7395,0,0
AID2025-007812,S0017613,2025FA,2025-26,0,0,0,0,0
AID2025-007813,S0027262,2025FA,2025-26,0,0,0,1,5500
AID2025-007814,S0040114,2025FA,2025-26,1,1,7395,0,0
AID2025-007815,S0035223,2025FA,2025-26,1,1,7395,0,0
AID2025-007816,S0037171,2025FA,2025-26,0,0,0,1,5500
AID2025-007817,S0008471,2025FA,2025-26,0,0,0,0,0
AID2025-007818,S0001243,2025FA,2025-26,1,1,7395,0,0
AID2025-007819,S0037748,2025FA,2025-26,1,1,7395,1,5500
AID2025-007820,S0010825,2025FA,2025-26,0,0,0,0,0
AID2025-007821,S0023199,2025FA,2025-26,1,1,7395,0,0
AID2025-007822,S0022138,2025FA,2025-26,1,1,7395,1,5500
AID2025-007823,S0027686,2025FA,2025-26,1,1,7395,0,0
AID2025-007824,S0037785,2025FA,2025-26,1,1,7395,0,0
AID2025-007825,S0010463,2025FA,2025-26,1,1,7395,1,5500
AID2025-007826,S0032550,2025FA,2025-26,1,1,7395,0,0
AID2025-007827,S0031910,2025FA,2025-26,0,0,0,0,0
AID2025-007828,S0010958,2025FA,2025-26,0,0,0,1,5500
AID2025-007829,S0038624,2025FA,2025-26,1,1,7395,0,0
AID2025-007830,S0023269,2025FA,2025-26,0,0,0,0,0
AID2025-007831,S0017503,2025FA,2025-26,0,0,0,1,5500
AID2025-007832,S0023417,2025FA,2025-26,0,0,0,0,0
AID2025-007833,S0019027,2025FA,2025-26,0,0,0,0,0
AID2025-007834,S0015802,2025FA,2025-26,0,0,0,1,5500
AID2025-007835,S0021520,2025FA,2025-26,1,1,7395,0,0
AID2025-007836,S0023203,2025FA,2025-26,0,0,0,0,0
AID2025-007837,S0020926,2025FA,2025-26,0,0,0,1,5500
AID2025-007838,S0037836,2025FA,2025-26,0,0,0,0,0
AID2025-007839,S0019179,2025FA,2025-26,1,1,7395,0,0
AID2025-007840,S0037839,2025FA,2025-26,0,0,0,1,5500
AID2025-007841,S0033270,2025FA,2025-26,0,0,0,0,0
AID2025-007842,S0038362,2025FA,2025-26,0,0,0,0,0
AID2025-007843,S0034153,2025FA,2025-26,0,0,0,1,5500
AID2025-007844,S0018849,2025FA,2025-26,1,1,7395,0,0
AID2025-007845,S0038841,2025FA,2025-26,0,0,0,0,0
AID2025-007846,S0019311,2025FA,2025-26,0,0,0,1,5500
AID2025-007847,S0023145,2025FA,2025-26,0,0,0,0,0
AID2025-007848,S0031170,2025FA,2025-26,0,0,0,0,0
AID2025-007849,S0034076,2025FA,2025-26,0,0,0,1,5500
AID2025-007850,S0026256,2025FA,2025-26,0,0,0,0,0
AID2025-007851,S0000380,2025FA,2025-26,0,0,0,0,0
AID2025-007852,S0040203,2025FA,2025-26,0,0,0,1,5500
AID2025-007853,S0036179,2025FA,2025-26,0,0,0,0,0
AID2025-007854,S0023725,2025FA,2025-26,0,0,0,0,0
AID2025-007855,S0003986,2025FA,2025-26,0,0,0,1,5500
AID2025-007856,S0026566,2025FA,2025-26,1,1,7395,0,0
AID2025-007857,S0033623,2025FA,2025-26,1,1,7395,0,0
AID2025-007858,S0031377,2025FA,2025-26,0,0,0,1,5500
AID2025-007859,S0034411,2025FA,2025-26,0,0,0,0,0
AID2025-007860,S0014438,2025FA,2025-26,0,0,0,0,0
AID2025-007861,S0032861,2025FA,2025-26,1,1,7395,1,5500
AID2025-007862,S0033319,2025FA,2025-26,0,0,0,0,0
AID2025-007863,S0026453,2025FA,2025-26,0,0,0,0,0
AID2025-007864,S0029312,2025FA,2025-26,0,0,0,1,5500
AID2025-007865,S0033632,2025FA,2025-26,0,0,0,0,0
AID2025-007866,S0018688,2025FA,2025-26,0,0,0,0,0
AID2025-007867,S0036964,2025FA,2025-26,1,1,7395,1,5500
AID2025-007868,S0027321,2025FA,2025-26,0,0,0,0,0
AID2025-007869,S0037372,2025FA,2025-26,0,0,0,0,0
AID2025-007870,S0034251,2025FA,2025-26,0,0,0,1,5500
AID2025-007871,S0033627,2025FA,2025-26,0,0,0,0,0
AID2025-007872,S0037991,2025FA,2025-26,0,0,0,0,0
AID2025-007873,S0030618,2025FA,2025-26,0,0,0,1,5500
AID2025-007874,S0031261,2025FA,2025-26,0,0,0,0,0
AID2025-007875,S0036904,2025FA,2025-26,0,0,0,0,0
AID2025-007876,S0015562,2025FA,2025-26,0,0,0,1,5500
AID2025-007877,S0001946,2025FA,2025-26,1,1,7395,0,0
AID2025-007878,S0017051,2025FA,2025-26,0,0,0,0,0
AID2025-007879,S0016925,2025FA,2025-26,0,0,0,1,5500
AID2025-007880,S0026801,2025FA,2025-26,1,1,7395,0,0
AID2025-007881,S0026606,2025FA,2025-26,0,0,0,0,0
AID2025-007882,S0005213,2025FA,2025-26,1,1,7395,1,5500
AID2025-007883,S0009776,2025FA,2025-26,1,0,0,0,0
AID2025-007884,S0034423,2025FA,2025-26,0,0,0,0,0
AID2025-007885,S0035216,2025FA,2025-26,1,1,7395,1,5500
AID2025-007886,S0038553,2025FA,2025-26,0,0,0,0,0
AID2025-007887,S0004763,2025FA,2025-26,0,0,0,0,0
AID2025-007888,S0029146,2025FA,2025-26,0,0,0,1,5500
AID2025-007889,S0028503,2025FA,2025-26,0,0,0,0,0
AID2025-007890,S0004994,2025FA,2025-26,0,0,0,0,0
AID2025-007891,S0033097,2025FA,2025-26,0,0,0,1,5500
AID2025-007892,S0027639,2025FA,2025-26,0,0,0,0,0
AID2025-007893,S0036799,2025FA,2025-26,0,0,0,0,0
AID2025-007894,S0031514,2025FA,2025-26,0,0,0,1,5500
AID2025-007895,S0011651,2025FA,2025-26,1,1,7395,0,0
AID2025-007896,S0035320,2025FA,2025-26,0,0,0,0,0
AID2025-007897,S0039056,2025FA,2025-26,1,0,0,1,5500
AID2025-007898,S0038674,2025FA,2025-26,0,0,0,0,0
AID2025-007899,S0033932,2025FA,2025-26,0,0,0,0,0
AID2025-007900,S0035879,2025FA,2025-26,0,0,0,1,5500
AID2025-007901,S0037035,2025FA,2025-26,1,1,7395,0,0
AID2025-007902,S0025613,2025FA,2025-26,1,1,7395,0,0
AID2025-007903,S0015846,2025FA,2025-26,0,0,0,1,5500
AID2025-007904,S0029533,2025FA,2025-26,0,0,0,0,0
AID2025-007905,S0037953,2025FA,2025-26,0,0,0,0,0
AID2025-007906,S0026994,2025FA,2025-26,1,1,7395,1,5500
AID2025-007907,S0033238,2025FA,2025-26,1,1,7395,0,0
AID2025-007908,S0018391,2025FA,2025-26,0,0,0,0,0
AID2025-007909,S0008014,2025FA,2025-26,0,0,0,1,5500
AID2025-007910,S0031355,2025FA,2025-26,0,0,0,0,0
AID2025-007911,S0031328,2025FA,2025-26,1,0,0,0,0
AID2025-007912,S0034013,2025FA,2025-26,1,1,7395,1,5500
AID2025-007913,S0001035,2025FA,2025-26,0,0,0,0,0
AID2025-007914,S0016079,2025FA,2025-26,0,0,0,0,0
AID2025-007915,S0037327,2025FA,2025-26,1,1,7395,1,5500
AID2025-007916,S0040164,2025FA,2025-26,0,0,0,0,0
AID2025-007917,S0039241,2025FA,2025-26,0,0,0,0,0
AID2025-007918,S0010313,2025FA,2025-26,1,1,7395,1,5500
AID2025-007919,S0017189,2025FA,2025-26,1,1,7395,0,0
AID2025-007920,S0031062,2025FA,2025-26,0,0,0,0,0
AID2025-007921,S0017075,2025FA,2025-26,0,0,0,1,5500
AID2025-007922,S0025948,2025FA,2025-26,0,0,0,0,0
AID2025-007923,S0015251,2025FA,2025-26,0,0,0,0,0
AID2025-007924,S0013594,2025FA,2025-26,0,0,0,1,5500
AID2025-007925,S0038480,2025FA,2025-26,0,0,0,0,0
AID2025-007926,S0027029,2025FA,2025-26,0,0,0,0,0
AID2025-007927,S0037983,2025FA,2025-26,0,0,0,1,5500
AID2025-007928,S0038424,2025FA,2025-26,0,0,0,0,0
AID2025-007929,S0036989,2025FA,2025-26,0,0,0,0,0
AID2025-007930,S0031624,2025FA,2025-26,0,0,0,1,5500
AID2025-007931,S0009185,2025FA,2025-26,0,0,0,0,0
AID2025-007932,S0016406,2025FA,2025-26,1,0,0,0,0
AID2025-007933,S0024247,2025FA,2025-26,1,1,7395,1,5500
AID2025-007934,S0032939,2025FA,2025-26,0,0,0,0,0
AID2025-007935,S0017407,2025FA,2025-26,0,0,0,0,0
AID2025-007936,S0025512,2025FA,2025-26,0,0,0,1,5500
AID2025-007937,S0026558,2025FA,2025-26,0,0,0,0,0
AID2025-007938,S0001812,2025FA,2025-26,1,1,7395,0,0
AID2025-007939,S0027917,2025FA,2025-26,0,0,0,1,5500
AID2025-007940,S0039673,2025FA,2025-26,1,1,7395,0,0
AID2025-007941,S0000945,2025FA,2025-26,1,1,7395,0,0
AID2025-007942,S0033138,2025FA,2025-26,1,1,7395,1,5500
AID2025-007943,S0027780,2025FA,2025-26,0,0,0,0,0
AID2025-007944,S0037457,2025FA,2025-26,0,0,0,0,0
AID2025-007945,S0006803,2025FA,2025-26,0,0,0,1,5500
AID2025-007946,S0012763,2025FA,2025-26,0,0,0,0,0
AID2025-007947,S0036973,2025FA,2025-26,1,1,7395,0,0
AID2025-007948,S0015873,2025FA,2025-26,1,1,7395,1,5500
AID2025-007949,S0036102,2025FA,2025-26,0,0,0,0,0
AID2025-007950,S0022764,2025FA,2025-26,0,0,0,0,0
AID2025-007951,S0033800,2025FA,2025-26,0,0,0,1,5500
AID2025-007952,S0026864,2025FA,2025-26,1,1,7395,0,0
AID2025-007953,S0027782,2025FA,2025-26,1,0,0,0,0
AID2025-007954,S0038972,2025FA,2025-26,1,1,7395,1,5500
AID2025-007955,S0036939,2025FA,2025-26,0,0,0,0,0
AID2025-007956,S0008081,2025FA,2025-26,0,0,0,0,0
AID2025-007957,S0035484,2025FA,2025-26,0,0,0,1,5500
AID2025-007958,S0021016,2025FA,2025-26,0,0,0,0,0
AID2025-007959,S0038949,2025FA,2025-26,0,0,0,0,0
AID2025-007960,S0006293,2025FA,2025-26,0,0,0,1,5500
AID2025-007961,S0037926,2025FA,2025-26,1,1,7395,0,0
AID2025-007962,S0037699,2025FA,2025-26,0,0,0,0,0
AID2025-007963,S0033127,2025FA,2025-26,0,0,0,1,5500
AID2025-007964,S0033389,2025FA,2025-26,1,1,7395,0,0
AID2025-007965,S0022714,2025FA,2025-26,0,0,0,0,0
AID2025-007966,S0035996,2025FA,2025-26,1,1,7395,1,5500
AID2025-007967,S0012859,2025FA,2025-26,1,0,0,0,0
AID2025-007968,S0036096,2025FA,2025-26,0,0,0,0,0
AID2025-007969,S0027363,2025FA,2025-26,0,0,0,1,5500
AID2025-007970,S0039458,2025FA,2025-26,0,0,0,0,0
AID2025-007971,S0037207,2025FA,2025-26,0,0,0,0,0
AID2025-007972,S0026544,2025FA,2025-26,0,0,0,1,5500
AID2025-007973,S0017674,2025FA,2025-26,0,0,0,0,0
AID2025-007974,S0036242,2025FA,2025-26,0,0,0,0,0
AID2025-007975,S0021443,2025FA,2025-26,1,1,7395,1,5500
AID2025-007976,S0035997,2025FA,2025-26,1,1,7395,0,0
AID2025-007977,S0036743,2025FA,2025-26,1,1,7395,0,0
AID2025-007978,S0001310,2025FA,2025-26,1,1,7395,1,5500
AID2025-007979,S0038256,2025FA,2025-26,0,0,0,0,0
AID2025-007980,S0025570,2025FA,2025-26,0,0,0,0,0
AID2025-007981,S0030679,2025FA,2025-26,0,0,0,1,5500
AID2025-007982,S0035826,2025FA,2025-26,1,1,7395,0,0
AID2025-007983,S0037060,2025FA,2025-26,1,1,7395,0,0
AID2025-007984,S0019377,2025FA,2025-26,1,1,7395,1,5500
AID2025-007985,S0028262,2025FA,2025-26,0,0,0,0,0
AID2025-007986,S0033470,2025FA,2025-26,1,1,7395,0,0
AID2025-007987,S0028005,2025FA,2025-26,0,0,0,1,5500
AID2025-007988,S0012822,2025FA,2025-26,1,0,0,0,0
AID2025-007989,S0030986,2025FA,2025-26,0,0,0,0,0
AID2025-007990,S0018887,2025FA,2025-26,0,0,0,1,5500
AID2025-007991,S0037282,2025FA,2025-26,0,0,0,0,0
AID2025-007992,S0035625,2025FA,2025-26,0,0,0,0,0
AID2025-007993,S0039299,2025FA,2025-26,0,0,0,1,5500
AID2025-007994,S0011604,2025FA,2025-26,0,0,0,0,0
AID2025-007995,S0013729,2025FA,2025-26,0,0,0,0,0
AID2025-007996,S0028823,2025FA,2025-26,0,0,0,1,5500
AID2025-007997,S0003247,2025FA,2025-26,0,0,0,0,0
AID2025-007998,S0015252,2025FA,2025-26,1,1,7395,0,0
AID2025-007999,S0032451,2025FA,2025-26,1,1,7395,1,5500
AID2025-008000,S0012183,2025FA,2025-26,1,1,7395,0,0
AID2025-008001,S0040441,2025FA,2025-26,0,0,0,0,0
AID2025-008002,S0027385,2025FA,2025-26,1,0,0,1,5500
AID2025-008003,S0038081,2025FA,2025-26,1,1,7395,0,0
AID2025-008004,S0025452,2025FA,2025-26,0,0,0,0,0
AID2025-008005,S0010717,2025FA,2025-26,1,1,7395,1,5500
AID2025-008006,S0021637,2025FA,2025-26,0,0,0,0,0
AID2025-008007,S0037922,2025FA,2025-26,0,0,0,0,0
AID2025-008008,S0033155,2025FA,2025-26,0,0,0,1,5500
AID2025-008009,S0037318,2025FA,2025-26,1,1,7395,0,0
AID2025-008010,S0022577,2025FA,2025-26,0,0,0,0,0
AID2025-008011,S0037898,2025FA,2025-26,0,0,0,1,5500
AID2025-008012,S0027049,2025FA,2025-26,0,0,0,0,0
AID2025-008013,S0021899,2025FA,2025-26,0,0,0,0,0
AID2025-008014,S0009474,2025FA,2025-26,1,1,7395,1,5500
AID2025-008015,S0032353,2025FA,2025-26,0,0,0,0,0
AID2025-008016,S0037649,2025FA,2025-26,0,0,0,0,0
AID2025-008017,S0026960,2025FA,2025-26,1,1,7395,1,5500
AID2025-008018,S0024085,2025FA,2025-26,0,0,0,0,0
AID2025-008019,S0025992,2025FA,2025-26,0,0,0,0,0
AID2025-008020,S0023705,2025FA,2025-26,0,0,0,1,5500
AID2025-008021,S0012998,2025FA,2025-26,1,1,7395,0,0
AID2025-008022,S0028426,2025FA,2025-26,0,0,0,0,0
AID2025-008023,S0026489,2025FA,2025-26,0,0,0,1,5500
AID2025-008024,S0030611,2025FA,2025-26,1,1,7395,0,0
AID2025-008025,S0039969,2025FA,2025-26,1,1,7395,0,0
AID2025-008026,S0035995,2025FA,2025-26,0,0,0,1,5500
AID2025-008027,S0006731,2025FA,2025-26,1,1,7395,0,0
AID2025-008028,S0009469,2025FA,2025-26,1,1,7395,0,0
AID2025-008029,S0032805,2025FA,2025-26,1,1,7395,1,5500
AID2025-008030,S0026928,2025FA,2025-26,1,0,0,0,0
AID2025-008031,S0040113,2025FA,2025-26,1,1,7395,0,0
AID2025-008032,S0018385,2025FA,2025-26,0,0,0,1,5500
AID2025-008033,S0038068,2025FA,2025-26,1,1,7395,0,0
AID2025-008034,S0037759,2025FA,2025-26,1,1,7395,0,0
AID2025-008035,S0008563,2025FA,2025-26,1,1,7395,1,5500
AID2025-008036,S0040214,2025FA,2025-26,0,0,0,0,0
AID2025-008037,S0034137,2025FA,2025-26,1,0,0,0,0
AID2025-008038,S0028074,2025FA,2025-26,0,0,0,1,5500
AID2025-008039,S0038128,2025FA,2025-26,1,1,7395,0,0
AID2025-008040,S0027955,2025FA,2025-26,1,1,7395,0,0
AID2025-008041,S0007105,2025FA,2025-26,1,1,7395,1,5500
AID2025-008042,S0040175,2025FA,2025-26,1,1,7395,0,0
AID2025-008043,S0014205,2025FA,2025-26,1,1,7395,0,0
AID2025-008044,S0031546,2025FA,2025-26,0,0,0,1,5500
AID2025-008045,S0007754,2025FA,2025-26,0,0,0,0,0
AID2025-008046,S0040407,2025FA,2025-26,0,0,0,0,0
AID2025-008047,S0028004,2025FA,2025-26,1,1,7395,1,5500
AID2025-008048,S0034203,2025FA,2025-26,0,0,0,0,0
AID2025-008049,S0027174,2025FA,2025-26,0,0,0,0,0
AID2025-008050,S0001157,2025FA,2025-26,0,0,0,1,5500
AID2025-008051,S0031693,2025FA,2025-26,1,0,0,0,0
AID2025-008052,S0032792,2025FA,2025-26,1,1,7395,0,0
AID2025-008053,S0038241,2025FA,2025-26,0,0,0,1,5500
AID2025-008054,S0037712,2025FA,2025-26,0,0,0,0,0
AID2025-008055,S0040556,2025FA,2025-26,0,0,0,0,0
AID2025-008056,S0037643,2025FA,2025-26,1,1,7395,1,5500
AID2025-008057,S0018912,2025FA,2025-26,0,0,0,0,0
AID2025-008058,S0024442,2025FA,2025-26,0,0,0,0,0
AID2025-008059,S0015890,2025FA,2025-26,1,1,7395,1,5500
AID2025-008060,S0018939,2025FA,2025-26,1,1,7395,0,0
AID2025-008061,S0035596,2025FA,2025-26,1,1,7395,0,0
AID2025-008062,S0038160,2025FA,2025-26,0,0,0,1,5500
AID2025-008063,S0032793,2025FA,2025-26,1,1,7395,0,0
AID2025-008064,S0037102,2025FA,2025-26,0,0,0,0,0
AID2025-008065,S0023048,2025FA,2025-26,0,0,0,1,5500
AID2025-008066,S0039050,2025FA,2025-26,1,1,7395,0,0
AID2025-008067,S0038351,2025FA,2025-26,0,0,0,0,0
AID2025-008068,S0039309,2025FA,2025-26,1,1,7395,1,5500
AID2025-008069,S0027722,2025FA,2025-26,0,0,0,0,0
AID2025-008070,S0033839,2025FA,2025-26,0,0,0,0,0
AID2025-008071,S0010959,2025FA,2025-26,0,0,0,1,5500
AID2025-008072,S0021938,2025FA,2025-26,0,0,0,0,0
AID2025-008073,S0033078,2025FA,2025-26,0,0,0,0,0
AID2025-008074,S0019360,2025FA,2025-26,0,0,0,1,5500
AID2025-008075,S0027908,2025FA,2025-26,0,0,0,0,0
AID2025-008076,S0003464,2025FA,2025-26,0,0,0,0,0
AID2025-008077,S0040561,2025FA,2025-26,0,0,0,1,5500
AID2025-008078,S0031471,2025FA,2025-26,0,0,0,0,0
AID2025-008079,S0014940,2025FA,2025-26,1,0,0,0,0
AID2025-008080,S0031638,2025FA,2025-26,0,0,0,1,5500
AID2025-008081,S0033182,2025FA,2025-26,1,1,7395,0,0
AID2025-008082,S0021170,2025FA,2025-26,0,0,0,0,0
AID2025-008083,S0027238,2025FA,2025-26,0,0,0,1,5500
AID2025-008084,S0003728,2025FA,2025-26,1,1,7395,0,0
AID2025-008085,S0020701,2025FA,2025-26,1,1,7395,0,0
AID2025-008086,S0023573,2025FA,2025-26,0,0,0,1,5500
AID2025-008087,S0039023,2025FA,2025-26,0,0,0,0,0
AID2025-008088,S0032032,2025FA,2025-26,0,0,0,0,0
AID2025-008089,S0004597,2025FA,2025-26,0,0,0,1,5500
AID2025-008090,S0029022,2025FA,2025-26,0,0,0,0,0
AID2025-008091,S0017289,2025FA,2025-26,0,0,0,0,0
AID2025-008092,S0040069,2025FA,2025-26,0,0,0,1,5500
AID2025-008093,S0022409,2025FA,2025-26,0,0,0,0,0
AID2025-008094,S0027283,2025FA,2025-26,1,1,7395,0,0
AID2025-008095,S0028465,2025FA,2025-26,0,0,0,1,5500
AID2025-008096,S0029162,2025FA,2025-26,1,1,7395,0,0
AID2025-008097,S0039642,2025FA,2025-26,1,1,7395,0,0
AID2025-008098,S0037937,2025FA,2025-26,1,1,7395,1,5500
AID2025-008099,S0028322,2025FA,2025-26,0,0,0,0,0
AID2025-008100,S0037037,2025FA,2025-26,0,0,0,0,0
AID2025-008101,S0004529,2025FA,2025-26,0,0,0,1,5500
AID2025-008102,S0028759,2025FA,2025-26,0,0,0,0,0
AID2025-008103,S0006877,2025FA,2025-26,0,0,0,0,0
AID2025-008104,S0005904,2025FA,2025-26,0,0,0,1,5500
AID2025-008105,S0013559,2025FA,2025-26,1,1,7395,0,0
AID2025-008106,S0031574,2025FA,2025-26,0,0,0,0,0
AID2025-008107,S0021639,2025FA,2025-26,0,0,0,1,5500
AID2025-008108,S0012021,2025FA,2025-26,0,0,0,0,0
AID2025-008109,S0006247,2025FA,2025-26,1,1,7395,0,0
AID2025-008110,S0020882,2025FA,2025-26,0,0,0,1,5500
AID2025-008111,S0016319,2025FA,2025-26,0,0,0,0,0
AID2025-008112,S0032966,2025FA,2025-26,1,1,7395,0,0
AID2025-008113,S0038682,2025FA,2025-26,0,0,0,1,5500
AID2025-008114,S0033299,2025FA,2025-26,1,0,0,0,0
AID2025-008115,S0023014,2025FA,2025-26,0,0,0,0,0
AID2025-008116,S0036417,2025FA,2025-26,0,0,0,1,5500
AID2025-008117,S0029430,2025FA,2025-26,0,0,0,0,0
AID2025-008118,S0036046,2025FA,2025-26,0,0,0,0,0
AID2025-008119,S0039547,2025FA,2025-26,0,0,0,1,5500
AID2025-008120,S0012184,2025FA,2025-26,0,0,0,0,0
AID2025-008121,S0006235,2025FA,2025-26,1,0,0,0,0
AID2025-008122,S0039736,2025FA,2025-26,1,1,7395,1,5500
AID2025-008123,S0001139,2025FA,2025-26,0,0,0,0,0
AID2025-008124,S0005766,2025FA,2025-26,0,0,0,0,0
AID2025-008125,S0008761,2025FA,2025-26,0,0,0,1,5500
AID2025-008126,S0009550,2025FA,2025-26,0,0,0,0,0
AID2025-008127,S0019287,2025FA,2025-26,0,0,0,0,0
AID2025-008128,S0018909,2025FA,2025-26,0,0,0,1,5500
AID2025-008129,S0019621,2025FA,2025-26,1,1,7395,0,0
AID2025-008130,S0032370,2025FA,2025-26,0,0,0,0,0
AID2025-008131,S0038835,2025FA,2025-26,1,1,7395,1,5500
AID2025-008132,S0038292,2025FA,2025-26,0,0,0,0,0
AID2025-008133,S0033415,2025FA,2025-26,1,1,7395,0,0
AID2025-008134,S0013363,2025FA,2025-26,1,1,7395,1,5500
AID2025-008135,S0028756,2025FA,2025-26,0,0,0,0,0
AID2025-008136,S0005629,2025FA,2025-26,1,1,7395,0,0
AID2025-008137,S0009846,2025FA,2025-26,0,0,0,1,5500
AID2025-008138,S0032457,2025FA,2025-26,0,0,0,0,0
AID2025-008139,S0012272,2025FA,2025-26,1,1,7395,0,0
AID2025-008140,S0001127,2025FA,2025-26,0,0,0,1,5500
AID2025-008141,S0035673,2025FA,2025-26,0,0,0,0,0
AID2025-008142,S0018727,2025FA,2025-26,1,0,0,0,0
AID2025-008143,S0018208,2025FA,2025-26,0,0,0,1,5500
AID2025-008144,S0004092,2025FA,2025-26,0,0,0,0,0
AID2025-008145,S0039175,2025FA,2025-26,0,0,0,0,0
AID2025-008146,S0030455,2025FA,2025-26,1,1,7395,1,5500
AID2025-008147,S0025627,2025FA,2025-26,0,0,0,0,0
AID2025-008148,S0000685,2025FA,2025-26,0,0,0,0,0
AID2025-008149,S0026611,2025FA,2025-26,0,0,0,1,5500
AID2025-008150,S0001400,2025FA,2025-26,1,1,7395,0,0
AID2025-008151,S0025487,2025FA,2025-26,1,1,7395,0,0
AID2025-008152,S0033425,2025FA,2025-26,1,1,7395,1,5500
AID2025-008153,S0010855,2025FA,2025-26,1,1,7395,0,0
AID2025-008154,S0035346,2025FA,2025-26,0,0,0,0,0
AID2025-008155,S0008218,2025FA,2025-26,1,1,7395,1,5500
AID2025-008156,S0025497,2025FA,2025-26,0,0,0,0,0
AID2025-008157,S0023509,2025FA,2025-26,0,0,0,0,0
AID2025-008158,S0033543,2025FA,2025-26,1,1,7395,1,5500
AID2025-008159,S0010200,2025FA,2025-26,0,0,0,0,0
AID2025-008160,S0007031,2025FA,2025-26,0,0,0,0,0
AID2025-008161,S0034205,2025FA,2025-26,0,0,0,1,5500
AID2025-008162,S0028883,2025FA,2025-26,0,0,0,0,0
AID2025-008163,S0015387,2025FA,2025-26,1,0,0,0,0
AID2025-008164,S0032678,2025FA,2025-26,1,1,7395,1,5500
AID2025-008165,S0023923,2025FA,2025-26,1,1,7395,0,0
AID2025-008166,S0022441,2025FA,2025-26,0,0,0,0,0
AID2025-008167,S0017722,2025FA,2025-26,0,0,0,1,5500
AID2025-008168,S0037740,2025FA,2025-26,1,1,7395,0,0
AID2025-008169,S0026400,2025FA,2025-26,0,0,0,0,0
AID2025-008170,S0029097,2025FA,2025-26,1,0,0,1,5500
AID2025-008171,S0037751,2025FA,2025-26,0,0,0,0,0
AID2025-008172,S0026272,2025FA,2025-26,0,0,0,0,0
AID2025-008173,S0038691,2025FA,2025-26,1,1,7395,1,5500
AID2025-008174,S0040072,2025FA,2025-26,0,0,0,0,0
AID2025-008175,S0032445,2025FA,2025-26,1,1,7395,0,0
AID2025-008176,S0023190,2025FA,2025-26,0,0,0,1,5500
AID2025-008177,S0038161,2025FA,2025-26,1,0,0,0,0
AID2025-008178,S0023255,2025FA,2025-26,1,1,7395,0,0
AID2025-008179,S0007480,2025FA,2025-26,0,0,0,1,5500
AID2025-008180,S0023958,2025FA,2025-26,0,0,0,0,0
AID2025-008181,S0003855,2025FA,2025-26,1,1,7395,0,0
AID2025-008182,S0016596,2025FA,2025-26,0,0,0,1,5500
AID2025-008183,S0023023,2025FA,2025-26,0,0,0,0,0
AID2025-008184,S0007557,2025FA,2025-26,1,0,0,0,0
AID2025-008185,S0022678,2025FA,2025-26,0,0,0,1,5500
AID2025-008186,S0007503,2025FA,2025-26,1,1,7395,0,0
AID2025-008187,S0012933,2025FA,2025-26,0,0,0,0,0
AID2025-008188,S0037295,2025FA,2025-26,0,0,0,1,5500
AID2025-008189,S0032444,2025FA,2025-26,0,0,0,0,0
AID2025-008190,S0038607,2025FA,2025-26,0,0,0,0,0
AID2025-008191,S0032780,2025FA,2025-26,0,0,0,1,5500
AID2025-008192,S0037194,2025FA,2025-26,0,0,0,0,0
AID2025-008193,S0019088,2025FA,2025-26,1,1,7395,0,0
AID2025-008194,S0033507,2025FA,2025-26,1,1,7395,1,5500
AID2025-008195,S0033656,2025FA,2025-26,1,1,7395,0,0
AID2025-008196,S0025910,2025FA,2025-26,0,0,0,0,0
AID2025-008197,S0022212,2025FA,2025-26,0,0,0,1,5500
AID2025-008198,S0033870,2025FA,2025-26,1,0,0,0,0
AID2025-008199,S0024119,2025FA,2025-26,1,1,7395,0,0
AID2025-008200,S0036573,2025FA,2025-26,0,0,0,1,5500
AID2025-008201,S0030693,2025FA,2025-26,0,0,0,0,0
AID2025-008202,S0000845,2025FA,2025-26,0,0,0,0,0
AID2025-008203,S0037402,2025FA,2025-26,0,0,0,1,5500
AID2025-008204,S0028484,2025FA,2025-26,0,0,0,0,0
AID2025-008205,S0009745,2025FA,2025-26,0,0,0,0,0
AID2025-008206,S0008116,2025FA,2025-26,0,0,0,1,5500
AID2025-008207,S0034300,2025FA,2025-26,0,0,0,0,0
AID2025-008208,S0036330,2025FA,2025-26,0,0,0,0,0
AID2025-008209,S0005719,2025FA,2025-26,0,0,0,1,5500
AID2025-008210,S0031602,2025FA,2025-26,0,0,0,0,0
AID2025-008211,S0029452,2025FA,2025-26,1,1,7395,0,0
AID2025-008212,S0016964,2025FA,2025-26,1,0,0,1,5500
AID2025-008213,S0016758,2025FA,2025-26,0,0,0,0,0
AID2025-008214,S0009779,2025FA,2025-26,0,0,0,0,0
AID2025-008215,S0000239,2025FA,2025-26,1,1,7395,1,5500
AID2025-008216,S0032977,2025FA,2025-26,0,0,0,0,0
AID2025-008217,S0027296,2025FA,2025-26,0,0,0,0,0
AID2025-008218,S0031288,2025FA,2025-26,1,1,7395,1,5500
AID2025-008219,S0039020,2025FA,2025-26,1,0,0,0,0
AID2025-008220,S0014904,2025FA,2025-26,1,1,7395,0,0
AID2025-008221,S0033607,2025FA,2025-26,0,0,0,1,5500
AID2025-008222,S0028044,2025FA,2025-26,0,0,0,0,0
AID2025-008223,S0033468,2025FA,2025-26,0,0,0,0,0
AID2025-008224,S0029026,2025FA,2025-26,0,0,0,1,5500
AID2025-008225,S0030425,2025FA,2025-26,1,1,7395,0,0
AID2025-008226,S0033104,2025FA,2025-26,1,0,0,0,0
AID2025-008227,S0022145,2025FA,2025-26,1,1,7395,1,5500
AID2025-008228,S0037143,2025FA,2025-26,0,0,0,0,0
AID2025-008229,S0002049,2025FA,2025-26,0,0,0,0,0
AID2025-008230,S0016179,2025FA,2025-26,0,0,0,1,5500
AID2025-008231,S0029028,2025FA,2025-26,1,1,7395,0,0
AID2025-008232,S0009481,2025FA,2025-26,0,0,0,0,0
AID2025-008233,S0029036,2025FA,2025-26,0,0,0,1,5500
AID2025-008234,S0016877,2025FA,2025-26,0,0,0,0,0
AID2025-008235,S0037396,2025FA,2025-26,1,1,7395,0,0
AID2025-008236,S0027984,2025FA,2025-26,1,1,7395,1,5500
AID2025-008237,S0008364,2025FA,2025-26,1,1,7395,0,0
AID2025-008238,S0010007,2025FA,2025-26,1,1,7395,0,0
AID2025-008239,S0023643,2025FA,2025-26,0,0,0,1,5500
AID2025-008240,S0032822,2025FA,2025-26,1,0,0,0,0
AID2025-008241,S0023835,2025FA,2025-26,1,1,7395,0,0
AID2025-008242,S0040344,2025FA,2025-26,0,0,0,1,5500
AID2025-008243,S0014381,2025FA,2025-26,0,0,0,0,0
AID2025-008244,S0026809,2025FA,2025-26,0,0,0,0,0
AID2025-008245,S0038098,2025FA,2025-26,0,0,0,1,5500
AID2025-008246,S0001383,2025FA,2025-26,0,0,0,0,0
AID2025-008247,S0001739,2025FA,2025-26,0,0,0,0,0
AID2025-008248,S0036716,2025FA,2025-26,0,0,0,1,5500
AID2025-008249,S0032195,2025FA,2025-26,0,0,0,0,0
AID2025-008250,S0029035,2025FA,2025-26,1,1,7395,0,0
AID2025-008251,S0017393,2025FA,2025-26,1,1,7395,1,5500
AID2025-008252,S0017649,2025FA,2025-26,0,0,0,0,0
AID2025-008253,S0040170,2025FA,2025-26,1,1,7395,0,0
AID2025-008254,S0013832,2025FA,2025-26,0,0,0,1,5500
AID2025-008255,S0020761,2025FA,2025-26,0,0,0,0,0
AID2025-008256,S0036668,2025FA,2025-26,1,1,7395,0,0
AID2025-008257,S0027083,2025FA,2025-26,0,0,0,1,5500
AID2025-008258,S0018764,2025FA,2025-26,0,0,0,0,0
AID2025-008259,S0036780,2025FA,2025-26,0,0,0,0,0
AID2025-008260,S0010045,2025FA,2025-26,1,1,7395,1,5500
AID2025-008261,S0001523,2025FA,2025-26,0,0,0,0,0
AID2025-008262,S0009538,2025FA,2025-26,0,0,0,0,0
AID2025-008263,S0024223,2025FA,2025-26,0,0,0,1,5500
AID2025-008264,S0024199,2025FA,2025-26,1,1,7395,0,0
AID2025-008265,S0038863,2025FA,2025-26,0,0,0,0,0
AID2025-008266,S0017222,2025FA,2025-26,1,1,7395,1,5500
AID2025-008267,S0027541,2025FA,2025-26,1,1,7395,0,0
AID2025-008268,S0037628,2025FA,2025-26,1,0,0,0,0
AID2025-008269,S0003122,2025FA,2025-26,0,0,0,1,5500
AID2025-008270,S0009965,2025FA,2025-26,1,1,7395,0,0
AID2025-008271,S0006538,2025FA,2025-26,0,0,0,0,0
AID2025-008272,S0033420,2025FA,2025-26,1,1,7395,1,5500
AID2025-008273,S0038185,2025FA,2025-26,1,1,7395,0,0
AID2025-008274,S0032264,2025FA,2025-26,0,0,0,0,0
AID2025-008275,S0008865,2025FA,2025-26,1,0,0,1,5500
AID2025-008276,S0000196,2025FA,2025-26,0,0,0,0,0
AID2025-008277,S0031486,2025FA,2025-26,0,0,0,0,0
AID2025-008278,S0025817,2025FA,2025-26,0,0,0,1,5500
AID2025-008279,S0038218,2025FA,2025-26,0,0,0,0,0
AID2025-008280,S0021785,2025FA,2025-26,0,0,0,0,0
AID2025-008281,S0027275,2025FA,2025-26,1,1,7395,1,5500
AID2025-008282,S0018771,2025FA,2025-26,0,0,0,0,0
AID2025-008283,S0001365,2025FA,2025-26,0,0,0,0,0
AID2025-008284,S0033386,2025FA,2025-26,0,0,0,1,5500
AID2025-008285,S0022437,2025FA,2025-26,0,0,0,0,0
AID2025-008286,S0027018,2025FA,2025-26,0,0,0,0,0
AID2025-008287,S0040528,2025FA,2025-26,0,0,0,1,5500
AID2025-008288,S0022670,2025FA,2025-26,1,1,7395,0,0
AID2025-008289,S0033711,2025FA,2025-26,0,0,0,0,0
AID2025-008290,S0034166,2025FA,2025-26,0,0,0,1,5500
AID2025-008291,S0035649,2025FA,2025-26,0,0,0,0,0
AID2025-008292,S0038854,2025FA,2025-26,0,0,0,0,0
AID2025-008293,S0038688,2025FA,2025-26,0,0,0,1,5500
AID2025-008294,S0028532,2025FA,2025-26,0,0,0,0,0
AID2025-008295,S0008712,2025FA,2025-26,0,0,0,0,0
AID2025-008296,S0027325,2025FA,2025-26,0,0,0,1,5500
AID2025-008297,S0009250,2025FA,2025-26,1,1,7395,0,0
AID2025-008298,S0013892,2025FA,2025-26,1,1,7395,0,0
AID2025-008299,S0040530,2025FA,2025-26,0,0,0,1,5500
AID2025-008300,S0038345,2025FA,2025-26,1,1,7395,0,0
AID2025-008301,S0036908,2025FA,2025-26,0,0,0,0,0
AID2025-008302,S0017484,2025FA,2025-26,0,0,0,1,5500
AID2025-008303,S0028521,2025FA,2025-26,0,0,0,0,0
AID2025-008304,S0026380,2025FA,2025-26,0,0,0,0,0
AID2025-008305,S0016879,2025FA,2025-26,0,0,0,1,5500
AID2025-008306,S0012501,2025FA,2025-26,0,0,0,0,0
AID2025-008307,S0040500,2025FA,2025-26,1,1,7395,0,0
AID2025-008308,S0009015,2025FA,2025-26,0,0,0,1,5500
AID2025-008309,S0035593,2025FA,2025-26,0,0,0,0,0
AID2025-008310,S0039733,2025FA,2025-26,0,0,0,0,0
AID2025-008311,S0000458,2025FA,2025-26,0,0,0,1,5500
AID2025-008312,S0030435,2025FA,2025-26,1,1,7395,0,0
AID2025-008313,S0039915,2025FA,2025-26,1,1,7395,0,0
AID2025-008314,S0023287,2025FA,2025-26,0,0,0,1,5500
AID2025-008315,S0034057,2025FA,2025-26,0,0,0,0,0
AID2025-008316,S0037447,2025FA,2025-26,0,0,0,0,0
AID2025-008317,S0027566,2025FA,2025-26,0,0,0,1,5500
AID2025-008318,S0038690,2025FA,2025-26,0,0,0,0,0
AID2025-008319,S0022196,2025FA,2025-26,0,0,0,0,0
AID2025-008320,S0034325,2025FA,2025-26,1,1,7395,1,5500
AID2025-008321,S0036884,2025FA,2025-26,0,0,0,0,0
AID2025-008322,S0035690,2025FA,2025-26,0,0,0,0,0
AID2025-008323,S0003436,2025FA,2025-26,0,0,0,1,5500
AID2025-008324,S0037471,2025FA,2025-26,0,0,0,0,0
AID2025-008325,S0025927,2025FA,2025-26,0,0,0,0,0
AID2025-008326,S0006214,2025FA,2025-26,0,0,0,1,5500
AID2025-008327,S0001182,2025FA,2025-26,1,1,7395,0,0
AID2025-008328,S0028032,2025FA,2025-26,0,0,0,0,0
AID2025-008329,S0033442,2025FA,2025-26,0,0,0,1,5500
AID2025-008330,S0031356,2025FA,2025-26,0,0,0,0,0
AID2025-008331,S0003916,2025FA,2025-26,0,0,0,0,0
AID2025-008332,S0022528,2025FA,2025-26,0,0,0,1,5500
AID2025-008333,S0031766,2025FA,2025-26,1,1,7395,0,0
AID2025-008334,S0020957,2025FA,2025-26,1,1,7395,0,0
AID2025-008335,S0021134,2025FA,2025-26,0,0,0,1,5500
AID2025-008336,S0038989,2025FA,2025-26,0,0,0,0,0
AID2025-008337,S0027746,2025FA,2025-26,1,1,7395,0,0
AID2025-008338,S0039554,2025FA,2025-26,1,0,0,1,5500
AID2025-008339,S0022342,2025FA,2025-26,0,0,0,0,0
AID2025-008340,S0001132,2025FA,2025-26,0,0,0,0,0
AID2025-008341,S0014345,2025FA,2025-26,0,0,0,1,5500
AID2025-008342,S0037478,2025FA,2025-26,0,0,0,0,0
AID2025-008343,S0033671,2025FA,2025-26,0,0,0,0,0
AID2025-008344,S0035811,2025FA,2025-26,0,0,0,1,5500
AID2025-008345,S0027388,2025FA,2025-26,1,0,0,0,0
AID2025-008346,S0025807,2025FA,2025-26,0,0,0,0,0
AID2025-008347,S0007756,2025FA,2025-26,1,1,7395,1,5500
AID2025-008348,S0023514,2025FA,2025-26,0,0,0,0,0
AID2025-008349,S0007372,2025FA,2025-26,0,0,0,0,0
AID2025-008350,S0037540,2025FA,2025-26,0,0,0,1,5500
AID2025-008351,S0035786,2025FA,2025-26,1,1,7395,0,0
AID2025-008352,S0035487,2025FA,2025-26,0,0,0,0,0
AID2025-008353,S0036708,2025FA,2025-26,0,0,0,1,5500
AID2025-008354,S0031282,2025FA,2025-26,0,0,0,0,0
AID2025-008355,S0037341,2025FA,2025-26,0,0,0,0,0
AID2025-008356,S0039555,2025FA,2025-26,0,0,0,1,5500
AID2025-008357,S0038781,2025FA,2025-26,1,1,7395,0,0
AID2025-008358,S0037631,2025FA,2025-26,1,1,7395,0,0
AID2025-008359,S0026112,2025FA,2025-26,0,0,0,1,5500
AID2025-008360,S0025568,2025FA,2025-26,0,0,0,0,0
AID2025-008361,S0000661,2025FA,2025-26,1,1,7395,0,0
AID2025-008362,S0022068,2025FA,2025-26,1,1,7395,1,5500
AID2025-008363,S0017786,2025FA,2025-26,0,0,0,0,0
AID2025-008364,S0028108,2025FA,2025-26,1,1,7395,0,0
AID2025-008365,S0022348,2025FA,2025-26,0,0,0,1,5500
AID2025-008366,S0022429,2025FA,2025-26,0,0,0,0,0
AID2025-008367,S0035251,2025FA,2025-26,1,1,7395,0,0
AID2025-008368,S0040566,2025FA,2025-26,1,1,7395,1,5500
AID2025-008369,S0039891,2025FA,2025-26,0,0,0,0,0
AID2025-008370,S0025354,2025FA,2025-26,0,0,0,0,0
AID2025-008371,S0035951,2025FA,2025-26,1,1,7395,1,5500
AID2025-008372,S0011950,2025FA,2025-26,0,0,0,0,0
AID2025-008373,S0029405,2025FA,2025-26,1,1,7395,0,0
AID2025-008374,S0028734,2025FA,2025-26,1,1,7395,1,5500
AID2025-008375,S0036444,2025FA,2025-26,1,1,7395,0,0
AID2025-008376,S0035792,2025FA,2025-26,0,0,0,0,0
AID2025-008377,S0019447,2025FA,2025-26,1,1,7395,1,5500
AID2025-008378,S0015324,2025FA,2025-26,0,0,0,0,0
AID2025-008379,S0029284,2025FA,2025-26,0,0,0,0,0
AID2025-008380,S0033490,2025FA,2025-26,1,0,0,1,5500
AID2025-008381,S0030759,2025FA,2025-26,0,0,0,0,0
AID2025-008382,S0007403,2025FA,2025-26,0,0,0,0,0
AID2025-008383,S0027864,2025FA,2025-26,1,1,7395,1,5500
AID2025-008384,S0025411,2025FA,2025-26,1,1,7395,0,0
AID2025-008385,S0005867,2025FA,2025-26,0,0,0,0,0
AID2025-008386,S0010796,2025FA,2025-26,0,0,0,1,5500
AID2025-008387,S0014611,2025FA,2025-26,1,0,0,0,0
AID2025-008388,S0040523,2025FA,2025-26,1,1,7395,0,0
AID2025-008389,S0039812,2025FA,2025-26,1,1,7395,1,5500
AID2025-008390,S0034346,2025FA,2025-26,0,0,0,0,0
AID2025-008391,S0008868,2025FA,2025-26,0,0,0,0,0
AID2025-008392,S0035293,2025FA,2025-26,0,0,0,1,5500
AID2025-008393,S0027194,2025FA,2025-26,0,0,0,0,0
AID2025-008394,S0027820,2025FA,2025-26,0,0,0,0,0
AID2025-008395,S0011450,2025FA,2025-26,0,0,0,1,5500
AID2025-008396,S0038325,2025FA,2025-26,0,0,0,0,0
AID2025-008397,S0010589,2025FA,2025-26,0,0,0,0,0
AID2025-008398,S0022435,2025FA,2025-26,0,0,0,1,5500
AID2025-008399,S0023764,2025FA,2025-26,1,1,7395,0,0
AID2025-008400,S0026522,2025FA,2025-26,0,0,0,0,0
AID2025-008401,S0033530,2025FA,2025-26,1,0,0,1,5500
AID2025-008402,S0028268,2025FA,2025-26,1,1,7395,0,0
AID2025-008403,S0022963,2025FA,2025-26,0,0,0,0,0
AID2025-008404,S0038492,2025FA,2025-26,0,0,0,1,5500
AID2025-008405,S0039222,2025FA,2025-26,0,0,0,0,0
AID2025-008406,S0040402,2025FA,2025-26,1,1,7395,0,0
AID2025-008407,S0037674,2025FA,2025-26,0,0,0,1,5500
AID2025-008408,S0033464,2025FA,2025-26,0,0,0,0,0
AID2025-008409,S0018728,2025FA,2025-26,0,0,0,0,0
AID2025-008410,S0007725,2025FA,2025-26,1,1,7395,1,5500
AID2025-008411,S0036295,2025FA,2025-26,1,1,7395,0,0
AID2025-008412,S0008860,2025FA,2025-26,0,0,0,0,0
AID2025-008413,S0026129,2025FA,2025-26,0,0,0,1,5500
AID2025-008414,S0039182,2025FA,2025-26,1,1,7395,0,0
AID2025-008415,S0023584,2025FA,2025-26,1,0,0,0,0
AID2025-008416,S0030557,2025FA,2025-26,1,1,7395,1,5500
AID2025-008417,S0013024,2025FA,2025-26,0,0,0,0,0
AID2025-008418,S0030954,2025FA,2025-26,0,0,0,0,0
AID2025-008419,S0039229,2025FA,2025-26,1,1,7395,1,5500
AID2025-008420,S0028535,2025FA,2025-26,0,0,0,0,0
AID2025-008421,S0039440,2025FA,2025-26,1,1,7395,0,0
AID2025-008422,S0036376,2025FA,2025-26,0,0,0,1,5500
AID2025-008423,S0011081,2025FA,2025-26,1,1,7395,0,0
AID2025-008424,S0006857,2025FA,2025-26,0,0,0,0,0
AID2025-008425,S0025545,2025FA,2025-26,0,0,0,1,5500
AID2025-008426,S0035520,2025FA,2025-26,0,0,0,0,0
AID2025-008427,S0013161,2025FA,2025-26,0,0,0,0,0
AID2025-008428,S0039472,2025FA,2025-26,0,0,0,1,5500
AID2025-008429,S0033348,2025FA,2025-26,0,0,0,0,0
AID2025-008430,S0040191,2025FA,2025-26,1,1,7395,0,0
AID2025-008431,S0033487,2025FA,2025-26,0,0,0,1,5500
AID2025-008432,S0030826,2025FA,2025-26,1,1,7395,0,0
AID2025-008433,S0036528,2025FA,2025-26,1,1,7395,0,0
AID2025-008434,S0037185,2025FA,2025-26,0,0,0,1,5500
AID2025-008435,S0027494,2025FA,2025-26,1,1,7395,0,0
AID2025-008436,S0016738,2025FA,2025-26,1,0,0,0,0
AID2025-008437,S0038563,2025FA,2025-26,1,1,7395,1,5500
AID2025-008438,S0039739,2025FA,2025-26,1,1,7395,0,0
AID2025-008439,S0032704,2025FA,2025-26,1,1,7395,0,0
AID2025-008440,S0028922,2025FA,2025-26,1,1,7395,1,5500
AID2025-008441,S0039977,2025FA,2025-26,1,1,7395,0,0
AID2025-008442,S0040651,2025FA,2025-26,0,0,0,0,0
AID2025-008443,S0035895,2025FA,2025-26,0,0,0,1,5500
AID2025-008444,S0031130,2025FA,2025-26,1,1,7395,0,0
AID2025-008445,S0035877,2025FA,2025-26,1,1,7395,0,0
AID2025-008446,S0033005,2025FA,2025-26,0,0,0,1,5500
AID2025-008447,S0018548,2025FA,2025-26,0,0,0,0,0
AID2025-008448,S0028039,2025FA,2025-26,1,1,7395,0,0
AID2025-008449,S0006119,2025FA,2025-26,1,1,7395,1,5500
AID2025-008450,S0019068,2025FA,2025-26,0,0,0,0,0
AID2025-008451,S0032041,2025FA,2025-26,0,0,0,0,0
AID2025-008452,S0016847,2025FA,2025-26,1,1,7395,1,5500
AID2025-008453,S0011265,2025FA,2025-26,0,0,0,0,0
AID2025-008454,S0013353,2025FA,2025-26,0,0,0,0,0
AID2025-008455,S0004444,2025FA,2025-26,0,0,0,1,5500
AID2025-008456,S0032933,2025FA,2025-26,0,0,0,0,0
AID2025-008457,S0039002,2025FA,2025-26,0,0,0,0,0
AID2025-008458,S0033899,2025FA,2025-26,0,0,0,1,5500
AID2025-008459,S0040092,2025FA,2025-26,0,0,0,0,0
AID2025-008460,S0038846,2025FA,2025-26,0,0,0,0,0
AID2025-008461,S0013202,2025FA,2025-26,0,0,0,1,5500
AID2025-008462,S0009795,2025FA,2025-26,0,0,0,0,0
AID2025-008463,S0036919,2025FA,2025-26,0,0,0,0,0
AID2025-008464,S0037844,2025FA,2025-26,0,0,0,1,5500
AID2025-008465,S0002069,2025FA,2025-26,0,0,0,0,0
AID2025-008466,S0033162,2025FA,2025-26,0,0,0,0,0
AID2025-008467,S0023781,2025FA,2025-26,0,0,0,1,5500
AID2025-008468,S0017493,2025FA,2025-26,0,0,0,0,0
AID2025-008469,S0024348,2025FA,2025-26,0,0,0,0,0
AID2025-008470,S0004006,2025FA,2025-26,0,0,0,1,5500
AID2025-008471,S0014386,2025FA,2025-26,0,0,0,0,0
AID2025-008472,S0005159,2025FA,2025-26,0,0,0,0,0
AID2025-008473,S0023661,2025FA,2025-26,1,1,7395,1,5500
AID2025-008474,S0018502,2025FA,2025-26,0,0,0,0,0
AID2025-008475,S0011609,2025FA,2025-26,0,0,0,0,0
AID2025-008476,S0017991,2025FA,2025-26,0,0,0,1,5500
AID2025-008477,S0021715,2025FA,2025-26,0,0,0,0,0
AID2025-008478,S0014782,2025FA,2025-26,0,0,0,0,0
AID2025-008479,S0000316,2025FA,2025-26,1,1,7395,1,5500
AID2025-008480,S0037050,2025FA,2025-26,0,0,0,0,0
AID2025-008481,S0040210,2025FA,2025-26,0,0,0,0,0
AID2025-008482,S0005834,2025FA,2025-26,0,0,0,1,5500
AID2025-008483,S0001303,2025FA,2025-26,0,0,0,0,0
AID2025-008484,S0027532,2025FA,2025-26,0,0,0,0,0
AID2025-008485,S0005990,2025FA,2025-26,0,0,0,1,5500
AID2025-008486,S0019022,2025FA,2025-26,0,0,0,0,0
AID2025-008487,S0033630,2025FA,2025-26,0,0,0,0,0
AID2025-008488,S0039646,2025FA,2025-26,1,1,7395,1,5500
AID2025-008489,S0017971,2025FA,2025-26,0,0,0,0,0
AID2025-008490,S0036451,2025FA,2025-26,0,0,0,0,0
AID2025-008491,S0022727,2025FA,2025-26,1,1,7395,1,5500
AID2025-008492,S0039582,2025FA,2025-26,0,0,0,0,0
AID2025-008493,S0014648,2025FA,2025-26,1,1,7395,0,0
AID2025-008494,S0032294,2025FA,2025-26,1,1,7395,1,5500
AID2025-008495,S0039349,2025FA,2025-26,1,1,7395,0,0
AID2025-008496,S0039978,2025FA,2025-26,0,0,0,0,0
AID2025-008497,S0014780,2025FA,2025-26,1,1,7395,1,5500
AID2025-008498,S0027941,2025FA,2025-26,0,0,0,0,0
AID2025-008499,S0031113,2025FA,2025-26,0,0,0,0,0
AID2025-008500,S0037501,2025FA,2025-26,0,0,0,1,5500
AID2025-008501,S0010688,2025FA,2025-26,0,0,0,0,0
AID2025-008502,S0019137,2025FA,2025-26,1,1,7395,0,0
AID2025-008503,S0037542,2025FA,2025-26,1,1,7395,1,5500
AID2025-008504,S0039937,2025FA,2025-26,0,0,0,0,0
AID2025-008505,S0033130,2025FA,2025-26,0,0,0,0,0
AID2025-008506,S0035856,2025FA,2025-26,0,0,0,1,5500
AID2025-008507,S0014833,2025FA,2025-26,1,1,7395,0,0
AID2025-008508,S0027707,2025FA,2025-26,1,1,7395,0,0
AID2025-008509,S0012814,2025FA,2025-26,0,0,0,1,5500
AID2025-008510,S0028276,2025FA,2025-26,0,0,0,0,0
AID2025-008511,S0039750,2025FA,2025-26,0,0,0,0,0
AID2025-008512,S0035532,2025FA,2025-26,1,1,7395,1,5500
AID2025-008513,S0035824,2025FA,2025-26,1,0,0,0,0
AID2025-008514,S0024187,2025FA,2025-26,1,1,7395,0,0
AID2025-008515,S0000506,2025FA,2025-26,0,0,0,1,5500
AID2025-008516,S0028220,2025FA,2025-26,0,0,0,0,0
AID2025-008517,S0029584,2025FA,2025-26,1,1,7395,0,0
AID2025-008518,S0015651,2025FA,2025-26,1,1,7395,1,5500
AID2025-008519,S0032027,2025FA,2025-26,1,1,7395,0,0
AID2025-008520,S0028501,2025FA,2025-26,0,0,0,0,0
AID2025-008521,S0027747,2025FA,2025-26,1,1,7395,1,5500
AID2025-008522,S0007760,2025FA,2025-26,1,1,7395,0,0
AID2025-008523,S0027677,2025FA,2025-26,0,0,0,0,0
AID2025-008524,S0035268,2025FA,2025-26,0,0,0,1,5500
AID2025-008525,S0040352,2025FA,2025-26,1,1,7395,0,0
AID2025-008526,S0023602,2025FA,2025-26,1,1,7395,0,0
AID2025-008527,S0033531,2025FA,2025-26,0,0,0,1,5500
AID2025-008528,S0003374,2025FA,2025-26,1,1,7395,0,0
AID2025-008529,S0023972,2025FA,2025-26,0,0,0,0,0
AID2025-008530,S0037276,2025FA,2025-26,0,0,0,1,5500
AID2025-008531,S0026240,2025FA,2025-26,1,1,7395,0,0
AID2025-008532,S0023461,2025FA,2025-26,0,0,0,0,0
AID2025-008533,S0006970,2025FA,2025-26,0,0,0,1,5500
AID2025-008534,S0025363,2025FA,2025-26,0,0,0,0,0
AID2025-008535,S0018812,2025FA,2025-26,0,0,0,0,0
AID2025-008536,S0031745,2025FA,2025-26,0,0,0,1,5500
AID2025-008537,S0011203,2025FA,2025-26,0,0,0,0,0
AID2025-008538,S0027645,2025FA,2025-26,0,0,0,0,0
AID2025-008539,S0031519,2025FA,2025-26,0,0,0,1,5500
AID2025-008540,S0040395,2025FA,2025-26,0,0,0,0,0
AID2025-008541,S0013742,2025FA,2025-26,1,0,0,0,0
AID2025-008542,S0040198,2025FA,2025-26,0,0,0,1,5500
AID2025-008543,S0006139,2025FA,2025-26,0,0,0,0,0
AID2025-008544,S0038026,2025FA,2025-26,0,0,0,0,0
AID2025-008545,S0033382,2025FA,2025-26,0,0,0,1,5500
AID2025-008546,S0028091,2025FA,2025-26,0,0,0,0,0
AID2025-008547,S0035965,2025FA,2025-26,0,0,0,0,0
AID2025-008548,S0032074,2025FA,2025-26,0,0,0,1,5500
AID2025-008549,S0021424,2025FA,2025-26,0,0,0,0,0
AID2025-008550,S0036015,2025FA,2025-26,0,0,0,0,0
AID2025-008551,S0026064,2025FA,2025-26,0,0,0,1,5500
AID2025-008552,S0024246,2025FA,2025-26,0,0,0,0,0
AID2025-008553,S0040569,2025FA,2025-26,1,1,7395,0,0
AID2025-008554,S0031357,2025FA,2025-26,0,0,0,1,5500
AID2025-008555,S0031974,2025FA,2025-26,0,0,0,0,0
AID2025-008556,S0031059,2025FA,2025-26,0,0,0,0,0
AID2025-008557,S0039610,2025FA,2025-26,1,1,7395,1,5500
AID2025-008558,S0037395,2025FA,2025-26,0,0,0,0,0
AID2025-008559,S0025982,2025FA,2025-26,1,1,7395,0,0
AID2025-008560,S0004762,2025FA,2025-26,0,0,0,1,5500
AID2025-008561,S0021331,2025FA,2025-26,0,0,0,0,0
AID2025-008562,S0032233,2025FA,2025-26,0,0,0,0,0
AID2025-008563,S0039889,2025FA,2025-26,0,0,0,1,5500
AID2025-008564,S0005711,2025FA,2025-26,0,0,0,0,0
AID2025-008565,S0027809,2025FA,2025-26,0,0,0,0,0
AID2025-008566,S0023662,2025FA,2025-26,0,0,0,1,5500
AID2025-008567,S0016286,2025FA,2025-26,1,1,7395,0,0
AID2025-008568,S0007589,2025FA,2025-26,0,0,0,0,0
AID2025-008569,S0033784,2025FA,2025-26,0,0,0,1,5500
AID2025-008570,S0035687,2025FA,2025-26,1,1,7395,0,0
AID2025-008571,S0037065,2025FA,2025-26,0,0,0,0,0
AID2025-008572,S0028214,2025FA,2025-26,1,1,7395,1,5500
AID2025-008573,S0037695,2025FA,2025-26,0,0,0,0,0
AID2025-008574,S0040299,2025FA,2025-26,1,1,7395,0,0
AID2025-008575,S0035419,2025FA,2025-26,1,1,7395,1,5500
AID2025-008576,S0039357,2025FA,2025-26,0,0,0,0,0
AID2025-008577,S0024121,2025FA,2025-26,1,1,7395,0,0
AID2025-008578,S0037496,2025FA,2025-26,0,0,0,1,5500
AID2025-008579,S0035843,2025FA,2025-26,0,0,0,0,0
AID2025-008580,S0029569,2025FA,2025-26,0,0,0,0,0
AID2025-008581,S0031650,2025FA,2025-26,0,0,0,1,5500
AID2025-008582,S0013537,2025FA,2025-26,0,0,0,0,0
AID2025-008583,S0027879,2025FA,2025-26,0,0,0,0,0
AID2025-008584,S0018157,2025FA,2025-26,1,1,7395,1,5500
AID2025-008585,S0036200,2025FA,2025-26,1,1,7395,0,0
AID2025-008586,S0033306,2025FA,2025-26,1,1,7395,0,0
AID2025-008587,S0003181,2025FA,2025-26,1,1,7395,1,5500
AID2025-008588,S0026026,2025FA,2025-26,0,0,0,0,0
AID2025-008589,S0039833,2025FA,2025-26,0,0,0,0,0
AID2025-008590,S0037855,2025FA,2025-26,0,0,0,1,5500
AID2025-008591,S0040428,2025FA,2025-26,0,0,0,0,0
AID2025-008592,S0038537,2025FA,2025-26,0,0,0,0,0
AID2025-008593,S0031216,2025FA,2025-26,0,0,0,1,5500
AID2025-008594,S0036540,2025FA,2025-26,0,0,0,0,0
AID2025-008595,S0019205,2025FA,2025-26,1,1,7395,0,0
AID2025-008596,S0039861,2025FA,2025-26,1,1,7395,1,5500
AID2025-008597,S0025671,2025FA,2025-26,0,0,0,0,0
AID2025-008598,S0037893,2025FA,2025-26,0,0,0,0,0
AID2025-008599,S0029345,2025FA,2025-26,0,0,0,1,5500
AID2025-008600,S0016694,2025FA,2025-26,0,0,0,0,0
AID2025-008601,S0016151,2025FA,2025-26,0,0,0,0,0
AID2025-008602,S0019152,2025FA,2025-26,1,1,7395,1,5500
AID2025-008603,S0031571,2025FA,2025-26,0,0,0,0,0
AID2025-008604,S0029570,2025FA,2025-26,1,0,0,0,0
AID2025-008605,S0030959,2025FA,2025-26,1,1,7395,1,5500
AID2025-008606,S0028869,2025FA,2025-26,0,0,0,0,0
AID2025-008607,S0032308,2025FA,2025-26,1,1,7395,0,0
AID2025-008608,S0040177,2025FA,2025-26,0,0,0,1,5500
AID2025-008609,S0024017,2025FA,2025-26,1,1,7395,0,0
AID2025-008610,S0021965,2025FA,2025-26,0,0,0,0,0
AID2025-008611,S0037352,2025FA,2025-26,0,0,0,1,5500
AID2025-008612,S0015575,2025FA,2025-26,0,0,0,0,0
AID2025-008613,S0039088,2025FA,2025-26,1,1,7395,0,0
AID2025-008614,S0037309,2025FA,2025-26,0,0,0,1,5500
AID2025-008615,S0000715,2025FA,2025-26,1,1,7395,0,0
AID2025-008616,S0013381,2025FA,2025-26,0,0,0,0,0
AID2025-008617,S0032160,2025FA,2025-26,0,0,0,1,5500
AID2025-008618,S0026872,2025FA,2025-26,1,0,0,0,0
AID2025-008619,S0039097,2025FA,2025-26,0,0,0,0,0
AID2025-008620,S0028670,2025FA,2025-26,0,0,0,1,5500
AID2025-008621,S0027469,2025FA,2025-26,1,1,7395,0,0
AID2025-008622,S0005416,2025FA,2025-26,0,0,0,0,0
AID2025-008623,S0003405,2025FA,2025-26,0,0,0,1,5500
AID2025-008624,S0027810,2025FA,2025-26,0,0,0,0,0
AID2025-008625,S0001765,2025FA,2025-26,0,0,0,0,0
AID2025-008626,S0036028,2025FA,2025-26,0,0,0,1,5500
AID2025-008627,S0037833,2025FA,2025-26,0,0,0,0,0
AID2025-008628,S0000981,2025FA,2025-26,0,0,0,0,0
AID2025-008629,S0003370,2025FA,2025-26,0,0,0,1,5500
AID2025-008630,S0038852,2025FA,2025-26,0,0,0,0,0
AID2025-008631,S0002014,2025FA,2025-26,0,0,0,0,0
AID2025-008632,S0029171,2025FA,2025-26,1,0,0,1,5500
AID2025-008633,S0029508,2025FA,2025-26,0,0,0,0,0
AID2025-008634,S0032761,2025FA,2025-26,1,1,7395,0,0
AID2025-008635,S0030733,2025FA,2025-26,1,1,7395,1,5500
AID2025-008636,S0026423,2025FA,2025-26,0,0,0,0,0
AID2025-008637,S0001602,2025FA,2025-26,0,0,0,0,0
AID2025-008638,S0028059,2025FA,2025-26,0,0,0,1,5500
AID2025-008639,S0033491,2025FA,2025-26,0,0,0,0,0
AID2025-008640,S0026961,2025FA,2025-26,0,0,0,0,0
AID2025-008641,S0007393,2025FA,2025-26,0,0,0,1,5500
AID2025-008642,S0034246,2025FA,2025-26,1,1,7395,0,0
AID2025-008643,S0025645,2025FA,2025-26,0,0,0,0,0
AID2025-008644,S0031012,2025FA,2025-26,0,0,0,1,5500
AID2025-008645,S0017336,2025FA,2025-26,1,1,7395,0,0
AID2025-008646,S0040511,2025FA,2025-26,1,1,7395,0,0
AID2025-008647,S0016452,2025FA,2025-26,0,0,0,1,5500
AID2025-008648,S0005608,2025FA,2025-26,1,1,7395,0,0
AID2025-008649,S0033900,2025FA,2025-26,0,0,0,0,0
AID2025-008650,S0023580,2025FA,2025-26,0,0,0,1,5500
AID2025-008651,S0040477,2025FA,2025-26,0,0,0,0,0
AID2025-008652,S0004844,2025FA,2025-26,0,0,0,0,0
AID2025-008653,S0027015,2025FA,2025-26,1,0,0,1,5500
AID2025-008654,S0016217,2025FA,2025-26,0,0,0,0,0
AID2025-008655,S0037240,2025FA,2025-26,0,0,0,0,0
AID2025-008656,S0024427,2025FA,2025-26,0,0,0,1,5500
AID2025-008657,S0026085,2025FA,2025-26,0,0,0,0,0
AID2025-008658,S0032200,2025FA,2025-26,0,0,0,0,0
AID2025-008659,S0033049,2025FA,2025-26,0,0,0,1,5500
AID2025-008660,S0035974,2025FA,2025-26,0,0,0,0,0
AID2025-008661,S0036000,2025FA,2025-26,0,0,0,0,0
AID2025-008662,S0006494,2025FA,2025-26,1,1,7395,1,5500
AID2025-008663,S0040062,2025FA,2025-26,0,0,0,0,0
AID2025-008664,S0013014,2025FA,2025-26,1,1,7395,0,0
AID2025-008665,S0023069,2025FA,2025-26,0,0,0,1,5500
AID2025-008666,S0033698,2025FA,2025-26,1,1,7395,0,0
AID2025-008667,S0040277,2025FA,2025-26,0,0,0,0,0
AID2025-008668,S0010751,2025FA,2025-26,0,0,0,1,5500
AID2025-008669,S0028672,2025FA,2025-26,0,0,0,0,0
AID2025-008670,S0017454,2025FA,2025-26,1,1,7395,0,0
AID2025-008671,S0029326,2025FA,2025-26,0,0,0,1,5500
AID2025-008672,S0032276,2025FA,2025-26,0,0,0,0,0
AID2025-008673,S0029586,2025FA,2025-26,0,0,0,0,0
AID2025-008674,S0017208,2025FA,2025-26,1,0,0,1,5500
AID2025-008675,S0034277,2025FA,2025-26,1,1,7395,0,0
AID2025-008676,S0028688,2025FA,2025-26,0,0,0,0,0
AID2025-008677,S0016292,2025FA,2025-26,0,0,0,1,5500
AID2025-008678,S0006671,2025FA,2025-26,0,0,0,0,0
AID2025-008679,S0027274,2025FA,2025-26,0,0,0,0,0
AID2025-008680,S0010526,2025FA,2025-26,0,0,0,1,5500
AID2025-008681,S0020738,2025FA,2025-26,0,0,0,0,0
AID2025-008682,S0001721,2025FA,2025-26,0,0,0,0,0
AID2025-008683,S0013356,2025FA,2025-26,1,1,7395,1,5500
AID2025-008684,S0018986,2025FA,2025-26,1,1,7395,0,0
AID2025-008685,S0037052,2025FA,2025-26,0,0,0,0,0
AID2025-008686,S0028330,2025FA,2025-26,1,1,7395,1,5500
AID2025-008687,S0032491,2025FA,2025-26,1,1,7395,0,0
AID2025-008688,S0000898,2025FA,2025-26,0,0,0,0,0
AID2025-008689,S0039990,2025FA,2025-26,0,0,0,1,5500
AID2025-008690,S0030288,2025FA,2025-26,0,0,0,0,0
AID2025-008691,S0023660,2025FA,2025-26,1,1,7395,0,0
AID2025-008692,S0027134,2025FA,2025-26,1,1,7395,1,5500
AID2025-008693,S0036036,2025FA,2025-26,1,1,7395,0,0
AID2025-008694,S0005812,2025FA,2025-26,0,0,0,0,0
AID2025-008695,S0023214,2025FA,2025-26,1,0,0,1,5500
AID2025-008696,S0031111,2025FA,2025-26,1,1,7395,0,0
AID2025-008697,S0040255,2025FA,2025-26,0,0,0,0,0
AID2025-008698,S0004560,2025FA,2025-26,1,1,7395,1,5500
AID2025-008699,S0033729,2025FA,2025-26,0,0,0,0,0
AID2025-008700,S0014225,2025FA,2025-26,0,0,0,0,0
AID2025-008701,S0032697,2025FA,2025-26,0,0,0,1,5500
AID2025-008702,S0032325,2025FA,2025-26,1,0,0,0,0
AID2025-008703,S0028234,2025FA,2025-26,1,1,7395,0,0
AID2025-008704,S0039499,2025FA,2025-26,0,0,0,1,5500
AID2025-008705,S0032368,2025FA,2025-26,0,0,0,0,0
AID2025-008706,S0028389,2025FA,2025-26,0,0,0,0,0
AID2025-008707,S0038073,2025FA,2025-26,1,1,7395,1,5500
AID2025-008708,S0021173,2025FA,2025-26,1,1,7395,0,0
AID2025-008709,S0005044,2025FA,2025-26,1,0,0,0,0
AID2025-008710,S0002044,2025FA,2025-26,0,0,0,1,5500
AID2025-008711,S0033934,2025FA,2025-26,0,0,0,0,0
AID2025-008712,S0029323,2025FA,2025-26,1,1,7395,0,0
AID2025-008713,S0003918,2025FA,2025-26,0,0,0,1,5500
AID2025-008714,S0026749,2025FA,2025-26,0,0,0,0,0
AID2025-008715,S0016182,2025FA,2025-26,1,1,7395,0,0
AID2025-008716,S0029237,2025FA,2025-26,0,0,0,1,5500
AID2025-008717,S0008356,2025FA,2025-26,0,0,0,0,0
AID2025-008718,S0037630,2025FA,2025-26,0,0,0,0,0
AID2025-008719,S0035813,2025FA,2025-26,1,1,7395,1,5500
AID2025-008720,S0018325,2025FA,2025-26,0,0,0,0,0
AID2025-008721,S0033772,2025FA,2025-26,1,1,7395,0,0
AID2025-008722,S0021614,2025FA,2025-26,0,0,0,1,5500
AID2025-008723,S0010647,2025FA,2025-26,1,0,0,0,0
AID2025-008724,S0036488,2025FA,2025-26,1,1,7395,0,0
AID2025-008725,S0033376,2025FA,2025-26,0,0,0,1,5500
AID2025-008726,S0000723,2025FA,2025-26,0,0,0,0,0
AID2025-008727,S0018556,2025FA,2025-26,0,0,0,0,0
AID2025-008728,S0032934,2025FA,2025-26,0,0,0,1,5500
AID2025-008729,S0017731,2025FA,2025-26,1,1,7395,0,0
AID2025-008730,S0024067,2025FA,2025-26,1,0,0,0,0
AID2025-008731,S0006354,2025FA,2025-26,0,0,0,1,5500
AID2025-008732,S0016320,2025FA,2025-26,1,1,7395,0,0
AID2025-008733,S0003617,2025FA,2025-26,0,0,0,0,0
AID2025-008734,S0023589,2025FA,2025-26,0,0,0,1,5500
AID2025-008735,S0017445,2025FA,2025-26,0,0,0,0,0
AID2025-008736,S0037081,2025FA,2025-26,0,0,0,0,0
AID2025-008737,S0038474,2025FA,2025-26,0,0,0,1,5500
AID2025-008738,S0029054,2025FA,2025-26,0,0,0,0,0
AID2025-008739,S0040591,2025FA,2025-26,1,1,7395,0,0
AID2025-008740,S0034128,2025FA,2025-26,1,1,7395,1,5500
AID2025-008741,S0028778,2025FA,2025-26,0,0,0,0,0
AID2025-008742,S0037559,2025FA,2025-26,1,1,7395,0,0
AID2025-008743,S0033575,2025FA,2025-26,0,0,0,1,5500
AID2025-008744,S0026092,2025FA,2025-26,0,0,0,0,0
AID2025-008745,S0032848,2025FA,2025-26,0,0,0,0,0
AID2025-008746,S0032964,2025FA,2025-26,1,1,7395,1,5500
AID2025-008747,S0030608,2025FA,2025-26,0,0,0,0,0
AID2025-008748,S0032497,2025FA,2025-26,0,0,0,0,0
AID2025-008749,S0019301,2025FA,2025-26,0,0,0,1,5500
AID2025-008750,S0000888,2025FA,2025-26,0,0,0,0,0
AID2025-008751,S0001384,2025FA,2025-26,1,0,0,0,0
AID2025-008752,S0019468,2025FA,2025-26,0,0,0,1,5500
AID2025-008753,S0005176,2025FA,2025-26,0,0,0,0,0
AID2025-008754,S0004795,2025FA,2025-26,0,0,0,0,0
AID2025-008755,S0040183,2025FA,2025-26,0,0,0,1,5500
AID2025-008756,S0010808,2025FA,2025-26,0,0,0,0,0
AID2025-008757,S0000096,2025FA,2025-26,0,0,0,0,0
AID2025-008758,S0040392,2025FA,2025-26,0,0,0,1,5500
AID2025-008759,S0029103,2025FA,2025-26,0,0,0,0,0
AID2025-008760,S0033334,2025FA,2025-26,0,0,0,0,0
AID2025-008761,S0033280,2025FA,2025-26,0,0,0,1,5500
AID2025-008762,S0039536,2025FA,2025-26,0,0,0,0,0
AID2025-008763,S0025740,2025FA,2025-26,0,0,0,0,0
AID2025-008764,S0017508,2025FA,2025-26,1,1,7395,1,5500
AID2025-008765,S0017897,2025FA,2025-26,0,0,0,0,0
AID2025-008766,S0037077,2025FA,2025-26,0,0,0,0,0
AID2025-008767,S0037801,2025FA,2025-26,1,1,7395,1,5500
AID2025-008768,S0033439,2025FA,2025-26,1,1,7395,0,0
AID2025-008769,S0035977,2025FA,2025-26,0,0,0,0,0
AID2025-008770,S0011667,2025FA,2025-26,1,1,7395,1,5500
AID2025-008771,S0031274,2025FA,2025-26,0,0,0,0,0
AID2025-008772,S0033571,2025FA,2025-26,0,0,0,0,0
AID2025-008773,S0039806,2025FA,2025-26,0,0,0,1,5500
AID2025-008774,S0015986,2025FA,2025-26,1,1,7395,0,0
AID2025-008775,S0036835,2025FA,2025-26,1,1,7395,0,0
AID2025-008776,S0014736,2025FA,2025-26,1,1,7395,1,5500
AID2025-008777,S0037119,2025FA,2025-26,0,0,0,0,0
AID2025-008778,S0039598,2025FA,2025-26,0,0,0,0,0
AID2025-008779,S0027234,2025FA,2025-26,0,0,0,1,5500
AID2025-008780,S0008287,2025FA,2025-26,0,0,0,0,0
AID2025-008781,S0027687,2025FA,2025-26,1,1,7395,0,0
AID2025-008782,S0030519,2025FA,2025-26,0,0,0,1,5500
AID2025-008783,S0035106,2025FA,2025-26,0,0,0,0,0
AID2025-008784,S0031604,2025FA,2025-26,0,0,0,0,0
AID2025-008785,S0019508,2025FA,2025-26,0,0,0,1,5500
AID2025-008786,S0027431,2025FA,2025-26,0,0,0,0,0
AID2025-008787,S0023216,2025FA,2025-26,0,0,0,0,0
AID2025-008788,S0009106,2025FA,2025-26,0,0,0,1,5500
AID2025-008789,S0034167,2025FA,2025-26,0,0,0,0,0
AID2025-008790,S0001163,2025FA,2025-26,0,0,0,0,0
AID2025-008791,S0033521,2025FA,2025-26,0,0,0,1,5500
AID2025-008792,S0008154,2025FA,2025-26,0,0,0,0,0
AID2025-008793,S0040167,2025FA,2025-26,0,0,0,0,0
AID2025-008794,S0011723,2025FA,2025-26,0,0,0,1,5500
AID2025-008795,S0024131,2025FA,2025-26,0,0,0,0,0
AID2025-008796,S0040455,2025FA,2025-26,1,1,7395,0,0
AID2025-008797,S0016242,2025FA,2025-26,1,1,7395,1,5500
AID2025-008798,S0033486,2025FA,2025-26,1,1,7395,0,0
AID2025-008799,S0000473,2025FA,2025-26,1,1,7395,0,0
AID2025-008800,S0026945,2025FA,2025-26,0,0,0,1,5500
AID2025-008801,S0038235,2025FA,2025-26,1,1,7395,0,0
AID2025-008802,S0019041,2025FA,2025-26,1,1,7395,0,0
AID2025-008803,S0033309,2025FA,2025-26,0,0,0,1,5500
AID2025-008804,S0036947,2025FA,2025-26,1,1,7395,0,0
AID2025-008805,S0037722,2025FA,2025-26,0,0,0,0,0
AID2025-008806,S0023806,2025FA,2025-26,0,0,0,1,5500
AID2025-008807,S0026225,2025FA,2025-26,1,0,0,0,0
AID2025-008808,S0033002,2025FA,2025-26,0,0,0,0,0
AID2025-008809,S0001559,2025FA,2025-26,1,1,7395,1,5500
AID2025-008810,S0001470,2025FA,2025-26,0,0,0,0,0
AID2025-008811,S0017619,2025FA,2025-26,0,0,0,0,0
AID2025-008812,S0029247,2025FA,2025-26,0,0,0,1,5500
AID2025-008813,S0038733,2025FA,2025-26,0,0,0,0,0
AID2025-008814,S0028601,2025FA,2025-26,0,0,0,0,0
AID2025-008815,S0013962,2025FA,2025-26,1,1,7395,1,5500
AID2025-008816,S0021320,2025FA,2025-26,0,0,0,0,0
AID2025-008817,S0027258,2025FA,2025-26,0,0,0,0,0
AID2025-008818,S0026987,2025FA,2025-26,0,0,0,1,5500
AID2025-008819,S0008067,2025FA,2025-26,1,1,7395,0,0
AID2025-008820,S0032427,2025FA,2025-26,1,1,7395,0,0
AID2025-008821,S0019558,2025FA,2025-26,0,0,0,1,5500
AID2025-008822,S0028942,2025FA,2025-26,0,0,0,0,0
AID2025-008823,S0001272,2025FA,2025-26,0,0,0,0,0
AID2025-008824,S0025660,2025FA,2025-26,0,0,0,1,5500
AID2025-008825,S0005267,2025FA,2025-26,0,0,0,0,0
AID2025-008826,S0033215,2025FA,2025-26,0,0,0,0,0
AID2025-008827,S0022708,2025FA,2025-26,1,1,7395,1,5500
AID2025-008828,S0039026,2025FA,2025-26,0,0,0,0,0
AID2025-008829,S0023476,2025FA,2025-26,0,0,0,0,0
AID2025-008830,S0000812,2025FA,2025-26,0,0,0,1,5500
AID2025-008831,S0015630,2025FA,2025-26,0,0,0,0,0
AID2025-008832,S0023408,2025FA,2025-26,1,1,7395,0,0
AID2025-008833,S0036304,2025FA,2025-26,0,0,0,1,5500
AID2025-008834,S0031339,2025FA,2025-26,1,1,7395,0,0
AID2025-008835,S0022084,2025FA,2025-26,0,0,0,0,0
AID2025-008836,S0028210,2025FA,2025-26,0,0,0,1,5500
AID2025-008837,S0018988,2025FA,2025-26,0,0,0,0,0
AID2025-008838,S0023731,2025FA,2025-26,0,0,0,0,0
AID2025-008839,S0029531,2025FA,2025-26,0,0,0,1,5500
AID2025-008840,S0033706,2025FA,2025-26,0,0,0,0,0
AID2025-008841,S0003607,2025FA,2025-26,0,0,0,0,0
AID2025-008842,S0035169,2025FA,2025-26,0,0,0,1,5500
AID2025-008843,S0018303,2025FA,2025-26,1,1,7395,0,0
AID2025-008844,S0034261,2025FA,2025-26,1,1,7395,0,0
AID2025-008845,S0008127,2025FA,2025-26,0,0,0,1,5500
AID2025-008846,S0010598,2025FA,2025-26,0,0,0,0,0
AID2025-008847,S0000115,2025FA,2025-26,0,0,0,0,0
AID2025-008848,S0033865,2025FA,2025-26,1,1,7395,1,5500
AID2025-008849,S0034008,2025FA,2025-26,0,0,0,0,0
AID2025-008850,S0015811,2025FA,2025-26,0,0,0,0,0
AID2025-008851,S0005132,2025FA,2025-26,1,1,7395,1,5500
AID2025-008852,S0038532,2025FA,2025-26,1,1,7395,0,0
AID2025-008853,S0018316,2025FA,2025-26,1,1,7395,0,0
AID2025-008854,S0037420,2025FA,2025-26,1,1,7395,1,5500
AID2025-008855,S0036146,2025FA,2025-26,0,0,0,0,0
AID2025-008856,S0024461,2025FA,2025-26,0,0,0,0,0
AID2025-008857,S0035729,2025FA,2025-26,1,1,7395,1,5500
AID2025-008858,S0040446,2025FA,2025-26,0,0,0,0,0
AID2025-008859,S0018593,2025FA,2025-26,0,0,0,0,0
AID2025-008860,S0036492,2025FA,2025-26,1,1,7395,1,5500
AID2025-008861,S0036514,2025FA,2025-26,1,1,7395,0,0
AID2025-008862,S0036031,2025FA,2025-26,0,0,0,0,0
AID2025-008863,S0038469,2025FA,2025-26,0,0,0,1,5500
AID2025-008864,S0032757,2025FA,2025-26,1,1,7395,0,0
AID2025-008865,S0038547,2025FA,2025-26,0,0,0,0,0
AID2025-008866,S0039654,2025FA,2025-26,0,0,0,1,5500
AID2025-008867,S0036133,2025FA,2025-26,0,0,0,0,0
AID2025-008868,S0030651,2025FA,2025-26,0,0,0,0,0
AID2025-008869,S0028267,2025FA,2025-26,0,0,0,1,5500
AID2025-008870,S0029525,2025FA,2025-26,0,0,0,0,0
AID2025-008871,S0019112,2025FA,2025-26,1,1,7395,0,0
AID2025-008872,S0011596,2025FA,2025-26,0,0,0,1,5500
AID2025-008873,S0031350,2025FA,2025-26,0,0,0,0,0
AID2025-008874,S0033107,2025FA,2025-26,1,1,7395,0,0
AID2025-008875,S0004625,2025FA,2025-26,0,0,0,1,5500
AID2025-008876,S0036901,2025FA,2025-26,1,1,7395,0,0
AID2025-008877,S0004109,2025FA,2025-26,1,0,0,0,0
AID2025-008878,S0022722,2025FA,2025-26,1,1,7395,1,5500
AID2025-008879,S0003307,2025FA,2025-26,1,1,7395,0,0
AID2025-008880,S0039066,2025FA,2025-26,0,0,0,0,0
AID2025-008881,S0038929,2025FA,2025-26,0,0,0,1,5500
AID2025-008882,S0030510,2025FA,2025-26,0,0,0,0,0
AID2025-008883,S0008926,2025FA,2025-26,0,0,0,0,0
AID2025-008884,S0022586,2025FA,2025-26,0,0,0,1,5500
AID2025-008885,S0033783,2025FA,2025-26,0,0,0,0,0
AID2025-008886,S0028856,2025FA,2025-26,0,0,0,0,0
AID2025-008887,S0008950,2025FA,2025-26,1,1,7395,1,5500
AID2025-008888,S0038324,2025FA,2025-26,1,1,7395,0,0
AID2025-008889,S0018368,2025FA,2025-26,0,0,0,0,0
AID2025-008890,S0001548,2025FA,2025-26,0,0,0,1,5500
AID2025-008891,S0032806,2025FA,2025-26,1,0,0,0,0
AID2025-008892,S0035863,2025FA,2025-26,0,0,0,0,0
AID2025-008893,S0007468,2025FA,2025-26,0,0,0,1,5500
AID2025-008894,S0033584,2025FA,2025-26,1,1,7395,0,0
AID2025-008895,S0023946,2025FA,2025-26,0,0,0,0,0
AID2025-008896,S0040643,2025FA,2025-26,0,0,0,1,5500
AID2025-008897,S0001859,2025FA,2025-26,1,1,7395,0,0
AID2025-008898,S0039227,2025FA,2025-26,0,0,0,0,0
AID2025-008899,S0014946,2025FA,2025-26,1,1,7395,1,5500
AID2025-008900,S0003626,2025FA,2025-26,0,0,0,0,0
AID2025-008901,S0023517,2025FA,2025-26,0,0,0,0,0
AID2025-008902,S0010941,2025FA,2025-26,1,1,7395,1,5500
AID2025-008903,S0018555,2025FA,2025-26,0,0,0,0,0
AID2025-008904,S0024024,2025FA,2025-26,0,0,0,0,0
AID2025-008905,S0016707,2025FA,2025-26,0,0,0,1,5500
AID2025-008906,S0017899,2025FA,2025-26,0,0,0,0,0
AID2025-008907,S0019404,2025FA,2025-26,0,0,0,0,0
AID2025-008908,S0006888,2025FA,2025-26,0,0,0,1,5500
AID2025-008909,S0034328,2025FA,2025-26,0,0,0,0,0
AID2025-008910,S0014264,2025FA,2025-26,0,0,0,0,0
AID2025-008911,S0033311,2025FA,2025-26,0,0,0,1,5500
AID2025-008912,S0000904,2025FA,2025-26,0,0,0,0,0
AID2025-008913,S0037754,2025FA,2025-26,1,1,7395,0,0
AID2025-008914,S0003754,2025FA,2025-26,0,0,0,1,5500
AID2025-008915,S0039775,2025FA,2025-26,0,0,0,0,0
AID2025-008916,S0040629,2025FA,2025-26,1,1,7395,0,0
AID2025-008917,S0037444,2025FA,2025-26,0,0,0,1,5500
AID2025-008918,S0039997,2025FA,2025-26,0,0,0,0,0
AID2025-008919,S0036595,2025FA,2025-26,0,0,0,0,0
AID2025-008920,S0000842,2025FA,2025-26,0,0,0,1,5500
AID2025-008921,S0032911,2025FA,2025-26,0,0,0,0,0
AID2025-008922,S0030587,2025FA,2025-26,0,0,0,0,0
AID2025-008923,S0018626,2025FA,2025-26,0,0,0,1,5500
AID2025-008924,S0036694,2025FA,2025-26,0,0,0,0,0
AID2025-008925,S0032008,2025FA,2025-26,0,0,0,0,0
AID2025-008926,S0011119,2025FA,2025-26,1,0,0,1,5500
AID2025-008927,S0014458,2025FA,2025-26,0,0,0,0,0
AID2025-008928,S0037868,2025FA,2025-26,1,1,7395,0,0
AID2025-008929,S0015953,2025FA,2025-26,1,1,7395,1,5500
AID2025-008930,S0017823,2025FA,2025-26,0,0,0,0,0
AID2025-008931,S0035089,2025FA,2025-26,0,0,0,0,0
AID2025-008932,S0031762,2025FA,2025-26,0,0,0,1,5500
AID2025-008933,S0039252,2025FA,2025-26,0,0,0,0,0
AID2025-008934,S0030574,2025FA,2025-26,0,0,0,0,0
AID2025-008935,S0018017,2025FA,2025-26,1,1,7395,1,5500
AID2025-008936,S0028768,2025FA,2025-26,1,1,7395,0,0
AID2025-008937,S0022942,2025FA,2025-26,1,1,7395,0,0
AID2025-008938,S0038903,2025FA,2025-26,1,1,7395,1,5500
AID2025-008939,S0004626,2025FA,2025-26,0,0,0,0,0
AID2025-008940,S0025472,2025FA,2025-26,0,0,0,0,0
AID2025-008941,S0033393,2025FA,2025-26,0,0,0,1,5500
AID2025-008942,S0006750,2025FA,2025-26,1,1,7395,0,0
AID2025-008943,S0028324,2025FA,2025-26,1,1,7395,0,0
AID2025-008944,S0024383,2025FA,2025-26,0,0,0,1,5500
AID2025-008945,S0037087,2025FA,2025-26,0,0,0,0,0
AID2025-008946,S0007848,2025FA,2025-26,1,1,7395,0,0
AID2025-008947,S0034374,2025FA,2025-26,0,0,0,1,5500
AID2025-008948,S0037403,2025FA,2025-26,0,0,0,0,0
AID2025-008949,S0001110,2025FA,2025-26,1,1,7395,0,0
AID2025-008950,S0032784,2025FA,2025-26,0,0,0,1,5500
AID2025-008951,S0020684,2025FA,2025-26,1,1,7395,0,0
AID2025-008952,S0005544,2025FA,2025-26,1,1,7395,0,0
AID2025-008953,S0023780,2025FA,2025-26,0,0,0,1,5500
AID2025-008954,S0006603,2025FA,2025-26,0,0,0,0,0
AID2025-008955,S0037692,2025FA,2025-26,0,0,0,0,0
AID2025-008956,S0009008,2025FA,2025-26,0,0,0,1,5500
AID2025-008957,S0021777,2025FA,2025-26,1,1,7395,0,0
AID2025-008958,S0012927,2025FA,2025-26,0,0,0,0,0
AID2025-008959,S0028937,2025FA,2025-26,0,0,0,1,5500
AID2025-008960,S0024451,2025FA,2025-26,1,1,7395,0,0
AID2025-008961,S0010060,2025FA,2025-26,1,0,0,0,0
AID2025-008962,S0035662,2025FA,2025-26,0,0,0,1,5500
AID2025-008963,S0032382,2025FA,2025-26,0,0,0,0,0
AID2025-008964,S0014236,2025FA,2025-26,0,0,0,0,0
AID2025-008965,S0005816,2025FA,2025-26,0,0,0,1,5500
AID2025-008966,S0032167,2025FA,2025-26,1,1,7395,0,0
AID2025-008967,S0039239,2025FA,2025-26,1,1,7395,0,0
AID2025-008968,S0026365,2025FA,2025-26,0,0,0,1,5500
AID2025-008969,S0027185,2025FA,2025-26,0,0,0,0,0
AID2025-008970,S0038125,2025FA,2025-26,0,0,0,0,0
AID2025-008971,S0040026,2025FA,2025-26,0,0,0,1,5500
AID2025-008972,S0010638,2025FA,2025-26,0,0,0,0,0
AID2025-008973,S0031126,2025FA,2025-26,0,0,0,0,0
AID2025-008974,S0037773,2025FA,2025-26,0,0,0,1,5500
AID2025-008975,S0033177,2025FA,2025-26,1,0,0,0,0
AID2025-008976,S0022147,2025FA,2025-26,0,0,0,0,0
AID2025-008977,S0027399,2025FA,2025-26,0,0,0,1,5500
AID2025-008978,S0036823,2025FA,2025-26,0,0,0,0,0
AID2025-008979,S0033650,2025FA,2025-26,0,0,0,0,0
AID2025-008980,S0033996,2025FA,2025-26,1,1,7395,1,5500
AID2025-008981,S0033558,2025FA,2025-26,0,0,0,0,0
AID2025-008982,S0037816,2025FA,2025-26,0,0,0,0,0
AID2025-008983,S0022558,2025FA,2025-26,0,0,0,1,5500
AID2025-008984,S0034043,2025FA,2025-26,0,0,0,0,0
AID2025-008985,S0040057,2025FA,2025-26,0,0,0,0,0
AID2025-008986,S0039403,2025FA,2025-26,0,0,0,1,5500
AID2025-008987,S0031754,2025FA,2025-26,1,1,7395,0,0
AID2025-008988,S0040416,2025FA,2025-26,0,0,0,0,0
AID2025-008989,S0021349,2025FA,2025-26,0,0,0,1,5500
AID2025-008990,S0014646,2025FA,2025-26,0,0,0,0,0
AID2025-008991,S0027740,2025FA,2025-26,1,1,7395,0,0
AID2025-008992,S0036625,2025FA,2025-26,1,1,7395,1,5500
AID2025-008993,S0034223,2025FA,2025-26,1,1,7395,0,0
AID2025-008994,S0008837,2025FA,2025-26,0,0,0,0,0
AID2025-008995,S0032415,2025FA,2025-26,1,1,7395,1,5500
AID2025-008996,S0037709,2025FA,2025-26,0,0,0,0,0
AID2025-008997,S0007319,2025FA,2025-26,0,0,0,0,0
AID2025-008998,S0028201,2025FA,2025-26,0,0,0,1,5500
AID2025-008999,S0027719,2025FA,2025-26,1,1,7395,0,0
AID2025-009000,S0017088,2025FA,2025-26,0,0,0,0,0
AID2025-009001,S0034050,2025FA,2025-26,1,1,7395,1,5500
AID2025-009002,S0010358,2025FA,2025-26,0,0,0,0,0
AID2025-009003,S0040449,2025FA,2025-26,0,0,0,0,0
AID2025-009004,S0032938,2025FA,2025-26,0,0,0,1,5500
AID2025-009005,S0009452,2025FA,2025-26,0,0,0,0,0
AID2025-009006,S0001730,2025FA,2025-26,0,0,0,0,0
AID2025-009007,S0027414,2025FA,2025-26,1,1,7395,1,5500
AID2025-009008,S0029249,2025FA,2025-26,0,0,0,0,0
AID2025-009009,S0006504,2025FA,2025-26,0,0,0,0,0
AID2025-009010,S0022574,2025FA,2025-26,0,0,0,1,5500
AID2025-009011,S0015764,2025FA,2025-26,0,0,0,0,0
AID2025-009012,S0034206,2025FA,2025-26,1,1,7395,0,0
AID2025-009013,S0037101,2025FA,2025-26,1,1,7395,1,5500
AID2025-009014,S0008250,2025FA,2025-26,1,1,7395,0,0
AID2025-009015,S0026683,2025FA,2025-26,0,0,0,0,0
AID2025-009016,S0035947,2025FA,2025-26,1,1,7395,1,5500
AID2025-009017,S0036507,2025FA,2025-26,1,0,0,0,0
AID2025-009018,S0017198,2025FA,2025-26,0,0,0,0,0
AID2025-009019,S0032520,2025FA,2025-26,1,1,7395,1,5500
AID2025-009020,S0036402,2025FA,2025-26,0,0,0,0,0
AID2025-009021,S0023056,2025FA,2025-26,1,1,7395,0,0
AID2025-009022,S0013805,2025FA,2025-26,1,1,7395,1,5500
AID2025-009023,S0007493,2025FA,2025-26,1,1,7395,0,0
AID2025-009024,S0025912,2025FA,2025-26,1,0,0,0,0
AID2025-009025,S0036234,2025FA,2025-26,1,1,7395,1,5500
AID2025-009026,S0026286,2025FA,2025-26,0,0,0,0,0
AID2025-009027,S0039979,2025FA,2025-26,1,1,7395,0,0
AID2025-009028,S0033944,2025FA,2025-26,0,0,0,1,5500
AID2025-009029,S0028076,2025FA,2025-26,1,1,7395,0,0
AID2025-009030,S0038725,2025FA,2025-26,0,0,0,0,0
AID2025-009031,S0028833,2025FA,2025-26,0,0,0,1,5500
AID2025-009032,S0031251,2025FA,2025-26,1,1,7395,0,0
AID2025-009033,S0004200,2025FA,2025-26,0,0,0,0,0
AID2025-009034,S0037693,2025FA,2025-26,1,1,7395,1,5500
AID2025-009035,S0038844,2025FA,2025-26,0,0,0,0,0
AID2025-009036,S0021218,2025FA,2025-26,1,1,7395,0,0
AID2025-009037,S0026751,2025FA,2025-26,0,0,0,1,5500
AID2025-009038,S0029612,2025FA,2025-26,0,0,0,0,0
AID2025-009039,S0013205,2025FA,2025-26,1,1,7395,0,0
AID2025-009040,S0032505,2025FA,2025-26,1,1,7395,1,5500
AID2025-009041,S0032824,2025FA,2025-26,0,0,0,0,0
AID2025-009042,S0038619,2025FA,2025-26,0,0,0,0,0
AID2025-009043,S0035601,2025FA,2025-26,1,1,7395,1,5500
AID2025-009044,S0030754,2025FA,2025-26,0,0,0,0,0
AID2025-009045,S0019162,2025FA,2025-26,1,0,0,0,0
AID2025-009046,S0018164,2025FA,2025-26,0,0,0,1,5500
AID2025-009047,S0033786,2025FA,2025-26,0,0,0,0,0
AID2025-009048,S0038274,2025FA,2025-26,0,0,0,0,0
AID2025-009049,S0008149,2025FA,2025-26,0,0,0,1,5500
AID2025-009050,S0027831,2025FA,2025-26,1,1,7395,0,0
AID2025-009051,S0016337,2025FA,2025-26,1,1,7395,0,0
AID2025-009052,S0023715,2025FA,2025-26,0,0,0,1,5500
AID2025-009053,S0038761,2025FA,2025-26,0,0,0,0,0
AID2025-009054,S0028782,2025FA,2025-26,0,0,0,0,0
AID2025-009055,S0001393,2025FA,2025-26,0,0,0,1,5500
AID2025-009056,S0031344,2025FA,2025-26,0,0,0,0,0
AID2025-009057,S0040293,2025FA,2025-26,0,0,0,0,0
AID2025-009058,S0034283,2025FA,2025-26,0,0,0,1,5500
AID2025-009059,S0028739,2025FA,2025-26,0,0,0,0,0
AID2025-009060,S0027751,2025FA,2025-26,0,0,0,0,0
AID2025-009061,S0003423,2025FA,2025-26,0,0,0,1,5500
AID2025-009062,S0039006,2025FA,2025-26,0,0,0,0,0
AID2025-009063,S0038289,2025FA,2025-26,0,0,0,0,0
AID2025-009064,S0040318,2025FA,2025-26,0,0,0,1,5500
AID2025-009065,S0032319,2025FA,2025-26,0,0,0,0,0
AID2025-009066,S0013990,2025FA,2025-26,0,0,0,0,0
AID2025-009067,S0022557,2025FA,2025-26,0,0,0,1,5500
AID2025-009068,S0010403,2025FA,2025-26,1,1,7395,0,0
AID2025-009069,S0032217,2025FA,2025-26,1,1,7395,0,0
AID2025-009070,S0027462,2025FA,2025-26,0,0,0,1,5500
AID2025-009071,S0036245,2025FA,2025-26,1,1,7395,0,0
AID2025-009072,S0004539,2025FA,2025-26,1,1,7395,0,0
AID2025-009073,S0027657,2025FA,2025-26,1,0,0,1,5500
AID2025-009074,S0040022,2025FA,2025-26,1,1,7395,0,0
AID2025-009075,S0004821,2025FA,2025-26,1,1,7395,0,0
AID2025-009076,S0022984,2025FA,2025-26,0,0,0,1,5500
AID2025-009077,S0029429,2025FA,2025-26,0,0,0,0,0
AID2025-009078,S0027490,2025FA,2025-26,0,0,0,0,0
AID2025-009079,S0016999,2025FA,2025-26,0,0,0,1,5500
AID2025-009080,S0038686,2025FA,2025-26,0,0,0,0,0
AID2025-009081,S0005006,2025FA,2025-26,0,0,0,0,0
AID2025-009082,S0039759,2025FA,2025-26,0,0,0,1,5500
AID2025-009083,S0027098,2025FA,2025-26,1,1,7395,0,0
AID2025-009084,S0027340,2025FA,2025-26,0,0,0,0,0
AID2025-009085,S0037668,2025FA,2025-26,0,0,0,1,5500
AID2025-009086,S0030939,2025FA,2025-26,0,0,0,0,0
AID2025-009087,S0028620,2025FA,2025-26,1,0,0,0,0
AID2025-009088,S0040266,2025FA,2025-26,0,0,0,1,5500
AID2025-009089,S0009099,2025FA,2025-26,0,0,0,0,0
AID2025-009090,S0033741,2025FA,2025-26,1,1,7395,0,0
AID2025-009091,S0018520,2025FA,2025-26,1,1,7395,1,5500
AID2025-009092,S0035285,2025FA,2025-26,0,0,0,0,0
AID2025-009093,S0019469,2025FA,2025-26,0,0,0,0,0
AID2025-009094,S0039894,2025FA,2025-26,0,0,0,1,5500
AID2025-009095,S0039264,2025FA,2025-26,0,0,0,0,0
AID2025-009096,S0039617,2025FA,2025-26,0,0,0,0,0
AID2025-009097,S0026668,2025FA,2025-26,0,0,0,1,5500
AID2025-009098,S0015961,2025FA,2025-26,0,0,0,0,0
AID2025-009099,S0039571,2025FA,2025-26,0,0,0,0,0
AID2025-009100,S0033495,2025FA,2025-26,1,1,7395,1,5500
AID2025-009101,S0031781,2025FA,2025-26,1,1,7395,0,0
AID2025-009102,S0008920,2025FA,2025-26,0,0,0,0,0
AID2025-009103,S0009644,2025FA,2025-26,0,0,0,1,5500
AID2025-009104,S0022889,2025FA,2025-26,0,0,0,0,0
AID2025-009105,S0025380,2025FA,2025-26,0,0,0,0,0
AID2025-009106,S0012848,2025FA,2025-26,0,0,0,1,5500
AID2025-009107,S0017631,2025FA,2025-26,1,1,7395,0,0
AID2025-009108,S0022792,2025FA,2025-26,0,0,0,0,0
AID2025-009109,S0032532,2025FA,2025-26,1,1,7395,1,5500
AID2025-009110,S0035420,2025FA,2025-26,0,0,0,0,0
AID2025-009111,S0038445,2025FA,2025-26,0,0,0,0,0
AID2025-009112,S0036388,2025FA,2025-26,0,0,0,1,5500
AID2025-009113,S0022570,2025FA,2025-26,0,0,0,0,0
AID2025-009114,S0040592,2025FA,2025-26,0,0,0,0,0
AID2025-009115,S0001693,2025FA,2025-26,1,0,0,1,5500
AID2025-009116,S0038799,2025FA,2025-26,0,0,0,0,0
AID2025-009117,S0013301,2025FA,2025-26,1,1,7395,0,0
AID2025-009118,S0037562,2025FA,2025-26,0,0,0,1,5500
AID2025-009119,S0008971,2025FA,2025-26,0,0,0,0,0
AID2025-009120,S0014730,2025FA,2025-26,0,0,0,0,0
AID2025-009121,S0036648,2025FA,2025-26,0,0,0,1,5500
AID2025-009122,S0014563,2025FA,2025-26,0,0,0,0,0
AID2025-009123,S0028610,2025FA,2025-26,0,0,0,0,0
AID2025-009124,S0035650,2025FA,2025-26,1,1,7395,1,5500
AID2025-009125,S0031303,2025FA,2025-26,0,0,0,0,0
AID2025-009126,S0018997,2025FA,2025-26,0,0,0,0,0
AID2025-009127,S0010801,2025FA,2025-26,0,0,0,1,5500
AID2025-009128,S0035234,2025FA,2025-26,0,0,0,0,0
AID2025-009129,S0038228,2025FA,2025-26,0,0,0,0,0
AID2025-009130,S0001610,2025FA,2025-26,0,0,0,1,5500
AID2025-009131,S0038398,2025FA,2025-26,0,0,0,0,0
AID2025-009132,S0017702,2025FA,2025-26,1,1,7395,0,0
AID2025-009133,S0037824,2025FA,2025-26,1,1,7395,1,5500
AID2025-009134,S0012092,2025FA,2025-26,0,0,0,0,0
AID2025-009135,S0028083,2025FA,2025-26,0,0,0,0,0
AID2025-009136,S0029419,2025FA,2025-26,1,0,0,1,5500
AID2025-009137,S0021672,2025FA,2025-26,1,1,7395,0,0
AID2025-009138,S0026200,2025FA,2025-26,1,1,7395,0,0
AID2025-009139,S0038361,2025FA,2025-26,0,0,0,1,5500
AID2025-009140,S0035602,2025FA,2025-26,0,0,0,0,0
AID2025-009141,S0010125,2025FA,2025-26,0,0,0,0,0
AID2025-009142,S0032485,2025FA,2025-26,0,0,0,1,5500
AID2025-009143,S0028587,2025FA,2025-26,0,0,0,0,0
AID2025-009144,S0021964,2025FA,2025-26,1,1,7395,0,0
AID2025-009145,S0019072,2025FA,2025-26,1,1,7395,1,5500
AID2025-009146,S0029387,2025FA,2025-26,1,1,7395,0,0
AID2025-009147,S0037058,2025FA,2025-26,0,0,0,0,0
AID2025-009148,S0004632,2025FA,2025-26,0,0,0,1,5500
AID2025-009149,S0024357,2025FA,2025-26,1,1,7395,0,0
AID2025-009150,S0031980,2025FA,2025-26,1,0,0,0,0
AID2025-009151,S0027222,2025FA,2025-26,1,1,7395,1,5500
AID2025-009152,S0015123,2025FA,2025-26,0,0,0,0,0
AID2025-009153,S0019710,2025FA,2025-26,0,0,0,0,0
AID2025-009154,S0031739,2025FA,2025-26,0,0,0,1,5500
AID2025-009155,S0032515,2025FA,2025-26,0,0,0,0,0
AID2025-009156,S0028790,2025FA,2025-26,0,0,0,0,0
AID2025-009157,S0031814,2025FA,2025-26,1,0,0,1,5500
AID2025-009158,S0039153,2025FA,2025-26,0,0,0,0,0
AID2025-009159,S0001937,2025FA,2025-26,0,0,0,0,0
AID2025-009160,S0030407,2025FA,2025-26,0,0,0,1,5500
AID2025-009161,S0012154,2025FA,2025-26,1,1,7395,0,0
AID2025-009162,S0000769,2025FA,2025-26,0,0,0,0,0
AID2025-009163,S0037962,2025FA,2025-26,1,1,7395,1,5500
AID2025-009164,S0038441,2025FA,2025-26,1,0,0,0,0
AID2025-009165,S0032310,2025FA,2025-26,0,0,0,0,0
AID2025-009166,S0033806,2025FA,2025-26,1,1,7395,1,5500
AID2025-009167,S0024041,2025FA,2025-26,1,1,7395,0,0
AID2025-009168,S0032907,2025FA,2025-26,0,0,0,0,0
AID2025-009169,S0015540,2025FA,2025-26,0,0,0,1,5500
AID2025-009170,S0040548,2025FA,2025-26,0,0,0,0,0
AID2025-009171,S0039232,2025FA,2025-26,1,0,0,0,0
AID2025-009172,S0037189,2025FA,2025-26,1,1,7395,1,5500
AID2025-009173,S0023381,2025FA,2025-26,0,0,0,0,0
AID2025-009174,S0026926,2025FA,2025-26,0,0,0,0,0
AID2025-009175,S0025647,2025FA,2025-26,0,0,0,1,5500
AID2025-009176,S0012668,2025FA,2025-26,0,0,0,0,0
AID2025-009177,S0005860,2025FA,2025-26,0,0,0,0,0
AID2025-009178,S0033188,2025FA,2025-26,1,0,0,1,5500
AID2025-009179,S0039837,2025FA,2025-26,0,0,0,0,0
AID2025-009180,S0028166,2025FA,2025-26,0,0,0,0,0
AID2025-009181,S0032940,2025FA,2025-26,0,0,0,1,5500
AID2025-009182,S0030970,2025FA,2025-26,1,1,7395,0,0
AID2025-009183,S0027947,2025FA,2025-26,0,0,0,0,0
AID2025-009184,S0012024,2025FA,2025-26,0,0,0,1,5500
AID2025-009185,S0039257,2025FA,2025-26,1,0,0,0,0
AID2025-009186,S0014915,2025FA,2025-26,1,1,7395,0,0
AID2025-009187,S0010395,2025FA,2025-26,0,0,0,1,5500
AID2025-009188,S0039513,2025FA,2025-26,0,0,0,0,0
AID2025-009189,S0035109,2025FA,2025-26,1,1,7395,0,0
AID2025-009190,S0032563,2025FA,2025-26,0,0,0,1,5500
AID2025-009191,S0021452,2025FA,2025-26,1,1,7395,0,0
AID2025-009192,S0040468,2025FA,2025-26,0,0,0,0,0
AID2025-009193,S0009215,2025FA,2025-26,0,0,0,1,5500
AID2025-009194,S0030873,2025FA,2025-26,0,0,0,0,0
AID2025-009195,S0035333,2025FA,2025-26,0,0,0,0,0
AID2025-009196,S0020843,2025FA,2025-26,1,1,7395,1,5500
AID2025-009197,S0032796,2025FA,2025-26,0,0,0,0,0
AID2025-009198,S0032123,2025FA,2025-26,0,0,0,0,0
AID2025-009199,S0040435,2025FA,2025-26,0,0,0,1,5500
AID2025-009200,S0035617,2025FA,2025-26,0,0,0,0,0
AID2025-009201,S0035806,2025FA,2025-26,0,0,0,0,0
AID2025-009202,S0038718,2025FA,2025-26,0,0,0,1,5500
AID2025-009203,S0031063,2025FA,2025-26,1,1,7395,0,0
AID2025-009204,S0025550,2025FA,2025-26,1,1,7395,0,0
AID2025-009205,S0033726,2025FA,2025-26,1,1,7395,1,5500
AID2025-009206,S0000420,2025FA,2025-26,0,0,0,0,0
AID2025-009207,S0037498,2025FA,2025-26,1,1,7395,0,0
AID2025-009208,S0018559,2025FA,2025-26,0,0,0,1,5500
AID2025-009209,S0037487,2025FA,2025-26,0,0,0,0,0
AID2025-009210,S0036982,2025FA,2025-26,0,0,0,0,0
AID2025-009211,S0034020,2025FA,2025-26,1,1,7395,1,5500
AID2025-009212,S0037016,2025FA,2025-26,0,0,0,0,0
AID2025-009213,S0001564,2025FA,2025-26,0,0,0,0,0
AID2025-009214,S0010234,2025FA,2025-26,0,0,0,1,5500
AID2025-009215,S0031165,2025FA,2025-26,0,0,0,0,0
AID2025-009216,S0023060,2025FA,2025-26,1,1,7395,0,0
AID2025-009217,S0036140,2025FA,2025-26,0,0,0,1,5500
AID2025-009218,S0019444,2025FA,2025-26,0,0,0,0,0
AID2025-009219,S0030664,2025FA,2025-26,0,0,0,0,0
AID2025-009220,S0010101,2025FA,2025-26,1,0,0,1,5500
AID2025-009221,S0032831,2025FA,2025-26,1,1,7395,0,0
AID2025-009222,S0034326,2025FA,2025-26,0,0,0,0,0
AID2025-009223,S0033554,2025FA,2025-26,0,0,0,1,5500
AID2025-009224,S0027952,2025FA,2025-26,1,1,7395,0,0
AID2025-009225,S0035398,2025FA,2025-26,1,1,7395,0,0
AID2025-009226,S0031153,2025FA,2025-26,0,0,0,1,5500
AID2025-009227,S0038589,2025FA,2025-26,0,0,0,0,0
AID2025-009228,S0035258,2025FA,2025-26,1,1,7395,0,0
AID2025-009229,S0033953,2025FA,2025-26,0,0,0,1,5500
AID2025-009230,S0009066,2025FA,2025-26,1,1,7395,0,0
AID2025-009231,S0040383,2025FA,2025-26,1,1,7395,0,0
AID2025-009232,S0011441,2025FA,2025-26,0,0,0,1,5500
AID2025-009233,S0007544,2025FA,2025-26,0,0,0,0,0
AID2025-009234,S0039538,2025FA,2025-26,0,0,0,0,0
AID2025-009235,S0008785,2025FA,2025-26,0,0,0,1,5500
AID2025-009236,S0022458,2025FA,2025-26,1,1,7395,0,0
AID2025-009237,S0040058,2025FA,2025-26,0,0,0,0,0
AID2025-009238,S0029304,2025FA,2025-26,0,0,0,1,5500
AID2025-009239,S0037560,2025FA,2025-26,0,0,0,0,0
AID2025-009240,S0032142,2025FA,2025-26,1,1,7395,0,0
AID2025-009241,S0003853,2025FA,2025-26,1,0,0,1,5500
AID2025-009242,S0026876,2025FA,2025-26,0,0,0,0,0
AID2025-009243,S0037048,2025FA,2025-26,0,0,0,0,0
AID2025-009244,S0036718,2025FA,2025-26,0,0,0,1,5500
AID2025-009245,S0034120,2025FA,2025-26,0,0,0,0,0
AID2025-009246,S0035766,2025FA,2025-26,0,0,0,0,0
AID2025-009247,S0040576,2025FA,2025-26,1,1,7395,1,5500
AID2025-009248,S0018883,2025FA,2025-26,0,0,0,0,0
AID2025-009249,S0025989,2025FA,2025-26,0,0,0,0,0
AID2025-009250,S0036188,2025FA,2025-26,0,0,0,1,5500
AID2025-009251,S0023161,2025FA,2025-26,0,0,0,0,0
AID2025-009252,S0022533,2025FA,2025-26,1,1,7395,0,0
AID2025-009253,S0031912,2025FA,2025-26,0,0,0,1,5500
AID2025-009254,S0033156,2025FA,2025-26,0,0,0,0,0
AID2025-009255,S0013233,2025FA,2025-26,0,0,0,0,0
AID2025-009256,S0012112,2025FA,2025-26,1,1,7395,1,5500
AID2025-009257,S0000875,2025FA,2025-26,0,0,0,0,0
AID2025-009258,S0000287,2025FA,2025-26,0,0,0,0,0
AID2025-009259,S0032275,2025FA,2025-26,0,0,0,1,5500
AID2025-009260,S0021695,2025FA,2025-26,1,1,7395,0,0
AID2025-009261,S0026976,2025FA,2025-26,0,0,0,0,0
AID2025-009262,S0006410,2025FA,2025-26,0,0,0,1,5500
AID2025-009263,S0024039,2025FA,2025-26,0,0,0,0,0
AID2025-009264,S0038629,2025FA,2025-26,1,1,7395,0,0
AID2025-009265,S0021719,2025FA,2025-26,0,0,0,1,5500
AID2025-009266,S0029044,2025FA,2025-26,0,0,0,0,0
AID2025-009267,S0039805,2025FA,2025-26,0,0,0,0,0
AID2025-009268,S0020943,2025FA,2025-26,0,0,0,1,5500
AID2025-009269,S0005281,2025FA,2025-26,1,0,0,0,0
AID2025-009270,S0038399,2025FA,2025-26,0,0,0,0,0
AID2025-009271,S0012797,2025FA,2025-26,1,1,7395,1,5500
AID2025-009272,S0032579,2025FA,2025-26,0,0,0,0,0
AID2025-009273,S0029244,2025FA,2025-26,1,1,7395,0,0
AID2025-009274,S0033592,2025FA,2025-26,0,0,0,1,5500
AID2025-009275,S0000770,2025FA,2025-26,0,0,0,0,0
AID2025-009276,S0000520,2025FA,2025-26,1,0,0,0,0
AID2025-009277,S0028130,2025FA,2025-26,0,0,0,1,5500
AID2025-009278,S0031617,2025FA,2025-26,1,1,7395,0,0
AID2025-009279,S0015526,2025FA,2025-26,0,0,0,0,0
AID2025-009280,S0006780,2025FA,2025-26,0,0,0,1,5500
AID2025-009281,S0034338,2025FA,2025-26,1,1,7395,0,0
AID2025-009282,S0035220,2025FA,2025-26,1,1,7395,0,0
AID2025-009283,S0038574,2025FA,2025-26,0,0,0,1,5500
AID2025-009284,S0006303,2025FA,2025-26,0,0,0,0,0
AID2025-009285,S0000919,2025FA,2025-26,0,0,0,0,0
AID2025-009286,S0028613,2025FA,2025-26,0,0,0,1,5500
AID2025-009287,S0037017,2025FA,2025-26,0,0,0,0,0
AID2025-009288,S0037963,2025FA,2025-26,1,1,7395,0,0
AID2025-009289,S0031508,2025FA,2025-26,0,0,0,1,5500
AID2025-009290,S0029252,2025FA,2025-26,0,0,0,0,0
AID2025-009291,S0032787,2025FA,2025-26,1,1,7395,0,0
AID2025-009292,S0033227,2025FA,2025-26,1,1,7395,1,5500
AID2025-009293,S0000476,2025FA,2025-26,0,0,0,0,0
AID2025-009294,S0035775,2025FA,2025-26,1,1,7395,0,0
AID2025-009295,S0037156,2025FA,2025-26,1,1,7395,1,5500
AID2025-009296,S0023913,2025FA,2025-26,0,0,0,0,0
AID2025-009297,S0015551,2025FA,2025-26,0,0,0,0,0
AID2025-009298,S0022724,2025FA,2025-26,0,0,0,1,5500
AID2025-009299,S0037477,2025FA,2025-26,0,0,0,0,0
AID2025-009300,S0021270,2025FA,2025-26,1,1,7395,0,0
AID2025-009301,S0027468,2025FA,2025-26,1,1,7395,1,5500
AID2025-009302,S0036924,2025FA,2025-26,0,0,0,0,0
AID2025-009303,S0022463,2025FA,2025-26,0,0,0,0,0
AID2025-009304,S0033315,2025FA,2025-26,0,0,0,1,5500
AID2025-009305,S0016687,2025FA,2025-26,1,1,7395,0,0
AID2025-009306,S0033938,2025FA,2025-26,1,1,7395,0,0
AID2025-009307,S0027870,2025FA,2025-26,0,0,0,1,5500
AID2025-009308,S0040249,2025FA,2025-26,0,0,0,0,0
AID2025-009309,S0014347,2025FA,2025-26,0,0,0,0,0
AID2025-009310,S0017893,2025FA,2025-26,0,0,0,1,5500
AID2025-009311,S0005716,2025FA,2025-26,1,0,0,0,0
AID2025-009312,S0013765,2025FA,2025-26,0,0,0,0,0
AID2025-009313,S0025701,2025FA,2025-26,1,1,7395,1,5500
AID2025-009314,S0026711,2025FA,2025-26,0,0,0,0,0
AID2025-009315,S0037805,2025FA,2025-26,0,0,0,0,0
AID2025-009316,S0017673,2025FA,2025-26,0,0,0,1,5500
AID2025-009317,S0004688,2025FA,2025-26,1,1,7395,0,0
AID2025-009318,S0033611,2025FA,2025-26,0,0,0,0,0
AID2025-009319,S0031746,2025FA,2025-26,0,0,0,1,5500
AID2025-009320,S0003082,2025FA,2025-26,0,0,0,0,0
AID2025-009321,S0037474,2025FA,2025-26,0,0,0,0,0
AID2025-009322,S0031849,2025FA,2025-26,0,0,0,1,5500
AID2025-009323,S0000538,2025FA,2025-26,0,0,0,0,0
AID2025-009324,S0038902,2025FA,2025-26,0,0,0,0,0
AID2025-009325,S0037055,2025FA,2025-26,0,0,0,1,5500
AID2025-009326,S0039285,2025FA,2025-26,0,0,0,0,0
AID2025-009327,S0019364,2025FA,2025-26,1,1,7395,0,0
AID2025-009328,S0019040,2025FA,2025-26,0,0,0,1,5500
AID2025-009329,S0032756,2025FA,2025-26,0,0,0,0,0
AID2025-009330,S0039992,2025FA,2025-26,0,0,0,0,0
AID2025-009331,S0003297,2025FA,2025-26,1,1,7395,1,5500
AID2025-009332,S0027559,2025FA,2025-26,0,0,0,0,0
AID2025-009333,S0038453,2025FA,2025-26,0,0,0,0,0
AID2025-009334,S0018613,2025FA,2025-26,1,1,7395,1,5500
AID2025-009335,S0032715,2025FA,2025-26,1,1,7395,0,0
AID2025-009336,S0026612,2025FA,2025-26,0,0,0,0,0
AID2025-009337,S0017636,2025FA,2025-26,0,0,0,1,5500
AID2025-009338,S0019535,2025FA,2025-26,0,0,0,0,0
AID2025-009339,S0039116,2025FA,2025-26,1,0,0,0,0
AID2025-009340,S0008969,2025FA,2025-26,1,1,7395,1,5500
AID2025-009341,S0007165,2025FA,2025-26,1,1,7395,0,0
AID2025-009342,S0001665,2025FA,2025-26,0,0,0,0,0
AID2025-009343,S0016306,2025FA,2025-26,1,1,7395,1,5500
AID2025-009344,S0015067,2025FA,2025-26,0,0,0,0,0
AID2025-009345,S0039934,2025FA,2025-26,0,0,0,0,0
AID2025-009346,S0013190,2025FA,2025-26,0,0,0,1,5500
AID2025-009347,S0003189,2025FA,2025-26,1,1,7395,0,0
AID2025-009348,S0006920,2025FA,2025-26,0,0,0,0,0
AID2025-009349,S0011659,2025FA,2025-26,0,0,0,1,5500
AID2025-009350,S0027221,2025FA,2025-26,0,0,0,0,0
AID2025-009351,S0033290,2025FA,2025-26,1,1,7395,0,0
AID2025-009352,S0038618,2025FA,2025-26,0,0,0,1,5500
AID2025-009353,S0040632,2025FA,2025-26,0,0,0,0,0
AID2025-009354,S0010703,2025FA,2025-26,0,0,0,0,0
AID2025-009355,S0017528,2025FA,2025-26,0,0,0,1,5500
AID2025-009356,S0020587,2025FA,2025-26,0,0,0,0,0
AID2025-009357,S0027093,2025FA,2025-26,0,0,0,0,0
AID2025-009358,S0040168,2025FA,2025-26,0,0,0,1,5500
AID2025-009359,S0035842,2025FA,2025-26,1,1,7395,0,0
AID2025-009360,S0017712,2025FA,2025-26,1,0,0,0,0
AID2025-009361,S0006009,2025FA,2025-26,0,0,0,1,5500
AID2025-009362,S0005858,2025FA,2025-26,1,1,7395,0,0
AID2025-009363,S0030299,2025FA,2025-26,0,0,0,0,0
AID2025-009364,S0004738,2025FA,2025-26,0,0,0,1,5500
AID2025-009365,S0023182,2025FA,2025-26,1,1,7395,0,0
AID2025-009366,S0006748,2025FA,2025-26,0,0,0,0,0
AID2025-009367,S0025547,2025FA,2025-26,1,0,0,1,5500
AID2025-009368,S0009357,2025FA,2025-26,0,0,0,0,0
AID2025-009369,S0021749,2025FA,2025-26,1,1,7395,0,0
AID2025-009370,S0037277,2025FA,2025-26,0,0,0,1,5500
AID2025-009371,S0006012,2025FA,2025-26,1,1,7395,0,0
AID2025-009372,S0034000,2025FA,2025-26,1,1,7395,0,0
AID2025-009373,S0012579,2025FA,2025-26,0,0,0,1,5500
AID2025-009374,S0018223,2025FA,2025-26,1,1,7395,0,0
AID2025-009375,S0032326,2025FA,2025-26,0,0,0,0,0
AID2025-009376,S0038760,2025FA,2025-26,1,1,7395,1,5500
AID2025-009377,S0029401,2025FA,2025-26,1,1,7395,0,0
AID2025-009378,S0037870,2025FA,2025-26,0,0,0,0,0
AID2025-009379,S0034426,2025FA,2025-26,0,0,0,1,5500
AID2025-009380,S0022981,2025FA,2025-26,0,0,0,0,0
AID2025-009381,S0026540,2025FA,2025-26,0,0,0,0,0
AID2025-009382,S0018464,2025FA,2025-26,0,0,0,1,5500
AID2025-009383,S0004088,2025FA,2025-26,0,0,0,0,0
AID2025-009384,S0027605,2025FA,2025-26,1,1,7395,0,0
AID2025-009385,S0010676,2025FA,2025-26,1,1,7395,1,5500
AID2025-009386,S0017294,2025FA,2025-26,0,0,0,0,0
AID2025-009387,S0030838,2025FA,2025-26,1,1,7395,0,0
AID2025-009388,S0014467,2025FA,2025-26,0,0,0,1,5500
AID2025-009389,S0022143,2025FA,2025-26,1,1,7395,0,0
AID2025-009390,S0038914,2025FA,2025-26,1,1,7395,0,0
AID2025-009391,S0010525,2025FA,2025-26,0,0,0,1,5500
AID2025-009392,S0036639,2025FA,2025-26,1,1,7395,0,0
AID2025-009393,S0011703,2025FA,2025-26,0,0,0,0,0
AID2025-009394,S0006911,2025FA,2025-26,0,0,0,1,5500
AID2025-009395,S0013254,2025FA,2025-26,0,0,0,0,0
AID2025-009396,S0038631,2025FA,2025-26,0,0,0,0,0
AID2025-009397,S0026095,2025FA,2025-26,1,1,7395,1,5500
AID2025-009398,S0037857,2025FA,2025-26,1,1,7395,0,0
AID2025-009399,S0028155,2025FA,2025-26,0,0,0,0,0
AID2025-009400,S0030740,2025FA,2025-26,1,1,7395,1,5500
AID2025-009401,S0017846,2025FA,2025-26,0,0,0,0,0
AID2025-009402,S0009155,2025FA,2025-26,1,0,0,0,0
AID2025-009403,S0023335,2025FA,2025-26,0,0,0,1,5500
AID2025-009404,S0036634,2025FA,2025-26,1,1,7395,0,0
AID2025-009405,S0040622,2025FA,2025-26,0,0,0,0,0
AID2025-009406,S0010111,2025FA,2025-26,0,0,0,1,5500
AID2025-009407,S0015423,2025FA,2025-26,0,0,0,0,0
AID2025-009408,S0013232,2025FA,2025-26,1,1,7395,0,0
AID2025-009409,S0024220,2025FA,2025-26,1,0,0,1,5500
AID2025-009410,S0006680,2025FA,2025-26,0,0,0,0,0
AID2025-009411,S0013226,2025FA,2025-26,0,0,0,0,0
AID2025-009412,S0027255,2025FA,2025-26,0,0,0,1,5500
AID2025-009413,S0027503,2025FA,2025-26,0,0,0,0,0
AID2025-009414,S0037637,2025FA,2025-26,0,0,0,0,0
AID2025-009415,S0033481,2025FA,2025-26,1,1,7395,1,5500
AID2025-009416,S0030945,2025FA,2025-26,0,0,0,0,0
AID2025-009417,S0023841,2025FA,2025-26,0,0,0,0,0
AID2025-009418,S0040083,2025FA,2025-26,0,0,0,1,5500
AID2025-009419,S0032122,2025FA,2025-26,0,0,0,0,0
AID2025-009420,S0008966,2025FA,2025-26,1,1,7395,0,0
AID2025-009421,S0038898,2025FA,2025-26,0,0,0,1,5500
AID2025-009422,S0028920,2025FA,2025-26,1,1,7395,0,0
AID2025-009423,S0037090,2025FA,2025-26,1,0,0,0,0
AID2025-009424,S0023729,2025FA,2025-26,1,1,7395,1,5500
AID2025-009425,S0028417,2025FA,2025-26,0,0,0,0,0
AID2025-009426,S0035247,2025FA,2025-26,0,0,0,0,0
AID2025-009427,S0031737,2025FA,2025-26,1,1,7395,1,5500
AID2025-009428,S0021993,2025FA,2025-26,0,0,0,0,0
AID2025-009429,S0037328,2025FA,2025-26,1,1,7395,0,0
AID2025-009430,S0019373,2025FA,2025-26,0,0,0,1,5500
AID2025-009431,S0036462,2025FA,2025-26,0,0,0,0,0
AID2025-009432,S0023739,2025FA,2025-26,0,0,0,0,0
AID2025-009433,S0038548,2025FA,2025-26,1,1,7395,1,5500
AID2025-009434,S0025447,2025FA,2025-26,0,0,0,0,0
AID2025-009435,S0015609,2025FA,2025-26,0,0,0,0,0
AID2025-009436,S0004036,2025FA,2025-26,1,1,7395,1,5500
AID2025-009437,S0038543,2025FA,2025-26,0,0,0,0,0
AID2025-009438,S0010873,2025FA,2025-26,1,1,7395,0,0
AID2025-009439,S0015788,2025FA,2025-26,1,1,7395,1,5500
AID2025-009440,S0024295,2025FA,2025-26,0,0,0,0,0
AID2025-009441,S0040553,2025FA,2025-26,1,1,7395,0,0
AID2025-009442,S0032454,2025FA,2025-26,0,0,0,1,5500
AID2025-009443,S0023288,2025FA,2025-26,1,1,7395,0,0
AID2025-009444,S0023853,2025FA,2025-26,0,0,0,0,0
AID2025-009445,S0040521,2025FA,2025-26,0,0,0,1,5500
AID2025-009446,S0033465,2025FA,2025-26,1,1,7395,0,0
AID2025-009447,S0011130,2025FA,2025-26,0,0,0,0,0
AID2025-009448,S0028752,2025FA,2025-26,1,1,7395,1,5500
AID2025-009449,S0037511,2025FA,2025-26,1,1,7395,0,0
AID2025-009450,S0033041,2025FA,2025-26,0,0,0,0,0
AID2025-009451,S0010898,2025FA,2025-26,0,0,0,1,5500
AID2025-009452,S0039761,2025FA,2025-26,0,0,0,0,0
AID2025-009453,S0036674,2025FA,2025-26,1,1,7395,0,0
AID2025-009454,S0032681,2025FA,2025-26,0,0,0,1,5500
AID2025-009455,S0033140,2025FA,2025-26,1,1,7395,0,0
AID2025-009456,S0026756,2025FA,2025-26,1,1,7395,0,0
AID2025-009457,S0026480,2025FA,2025-26,1,1,7395,1,5500
AID2025-009458,S0030622,2025FA,2025-26,0,0,0,0,0
AID2025-009459,S0003758,2025FA,2025-26,0,0,0,0,0
AID2025-009460,S0010380,2025FA,2025-26,1,1,7395,1,5500
AID2025-009461,S0034401,2025FA,2025-26,0,0,0,0,0
AID2025-009462,S0010072,2025FA,2025-26,1,1,7395,0,0
AID2025-009463,S0032320,2025FA,2025-26,0,0,0,1,5500
AID2025-009464,S0028828,2025FA,2025-26,1,1,7395,0,0
AID2025-009465,S0038226,2025FA,2025-26,1,1,7395,0,0
AID2025-009466,S0015170,2025FA,2025-26,0,0,0,1,5500
AID2025-009467,S0010014,2025FA,2025-26,0,0,0,0,0
AID2025-009468,S0036189,2025FA,2025-26,1,1,7395,0,0
AID2025-009469,S0031203,2025FA,2025-26,1,1,7395,1,5500
AID2025-009470,S0027022,2025FA,2025-26,1,1,7395,0,0
AID2025-009471,S0029581,2025FA,2025-26,1,1,7395,0,0
AID2025-009472,S0006652,2025FA,2025-26,0,0,0,1,5500
AID2025-009473,S0039666,2025FA,2025-26,0,0,0,0,0
AID2025-009474,S0003872,2025FA,2025-26,0,0,0,0,0
AID2025-009475,S0017520,2025FA,2025-26,1,1,7395,1,5500
AID2025-009476,S0017562,2025FA,2025-26,0,0,0,0,0
AID2025-009477,S0016177,2025FA,2025-26,0,0,0,0,0
AID2025-009478,S0037505,2025FA,2025-26,0,0,0,1,5500
AID2025-009479,S0033635,2025FA,2025-26,1,0,0,0,0
AID2025-009480,S0022797,2025FA,2025-26,1,1,7395,0,0
AID2025-009481,S0018841,2025FA,2025-26,0,0,0,1,5500
AID2025-009482,S0027347,2025FA,2025-26,0,0,0,0,0
AID2025-009483,S0028483,2025FA,2025-26,0,0,0,0,0
AID2025-009484,S0000214,2025FA,2025-26,0,0,0,1,5500
AID2025-009485,S0026255,2025FA,2025-26,1,1,7395,0,0
AID2025-009486,S0029123,2025FA,2025-26,1,0,0,0,0
AID2025-009487,S0039947,2025FA,2025-26,0,0,0,1,5500
AID2025-009488,S0031687,2025FA,2025-26,1,1,7395,0,0
AID2025-009489,S0032680,2025FA,2025-26,1,1,7395,0,0
AID2025-009490,S0000059,2025FA,2025-26,0,0,0,1,5500
AID2025-009491,S0040180,2025FA,2025-26,1,1,7395,0,0
AID2025-009492,S0028459,2025FA,2025-26,0,0,0,0,0
AID2025-009493,S0027053,2025FA,2025-26,1,0,0,1,5500
AID2025-009494,S0035618,2025FA,2025-26,0,0,0,0,0
AID2025-009495,S0022175,2025FA,2025-26,0,0,0,0,0
AID2025-009496,S0040047,2025FA,2025-26,0,0,0,1,5500
AID2025-009497,S0035256,2025FA,2025-26,1,1,7395,0,0
AID2025-009498,S0032214,2025FA,2025-26,0,0,0,0,0
AID2025-009499,S0000372,2025FA,2025-26,1,1,7395,1,5500
AID2025-009500,S0009610,2025FA,2025-26,1,0,0,0,0
AID2025-009501,S0036467,2025FA,2025-26,0,0,0,0,0
AID2025-009502,S0014282,2025FA,2025-26,0,0,0,1,5500
AID2025-009503,S0028027,2025FA,2025-26,1,1,7395,0,0
AID2025-009504,S0033371,2025FA,2025-26,1,1,7395,0,0
AID2025-009505,S0001038,2025FA,2025-26,0,0,0,1,5500
AID2025-009506,S0034199,2025FA,2025-26,1,1,7395,0,0
AID2025-009507,S0033100,2025FA,2025-26,1,0,0,0,0
AID2025-009508,S0036224,2025FA,2025-26,0,0,0,1,5500
AID2025-009509,S0039866,2025FA,2025-26,0,0,0,0,0
AID2025-009510,S0033724,2025FA,2025-26,1,1,7395,0,0
AID2025-009511,S0033506,2025FA,2025-26,1,1,7395,1,5500
AID2025-009512,S0029529,2025FA,2025-26,0,0,0,0,0
AID2025-009513,S0036464,2025FA,2025-26,1,1,7395,0,0
AID2025-009514,S0031347,2025FA,2025-26,0,0,0,1,5500
AID2025-009515,S0027727,2025FA,2025-26,0,0,0,0,0
AID2025-009516,S0022398,2025FA,2025-26,0,0,0,0,0
AID2025-009517,S0023598,2025FA,2025-26,0,0,0,1,5500
AID2025-009518,S0027703,2025FA,2025-26,0,0,0,0,0
AID2025-009519,S0035446,2025FA,2025-26,1,1,7395,0,0
AID2025-009520,S0030454,2025FA,2025-26,1,1,7395,1,5500
AID2025-009521,S0033553,2025FA,2025-26,1,0,0,0,0
AID2025-009522,S0031235,2025FA,2025-26,1,1,7395,0,0
AID2025-009523,S0023503,2025FA,2025-26,0,0,0,1,5500
AID2025-009524,S0006153,2025FA,2025-26,0,0,0,0,0
AID2025-009525,S0000257,2025FA,2025-26,1,1,7395,0,0
AID2025-009526,S0033457,2025FA,2025-26,0,0,0,1,5500
AID2025-009527,S0013785,2025FA,2025-26,0,0,0,0,0
AID2025-009528,S0034152,2025FA,2025-26,1,0,0,0,0
AID2025-009529,S0019333,2025FA,2025-26,1,1,7395,1,5500
AID2025-009530,S0040120,2025FA,2025-26,0,0,0,0,0
AID2025-009531,S0031033,2025FA,2025-26,1,1,7395,0,0
AID2025-009532,S0036436,2025FA,2025-26,0,0,0,1,5500
AID2025-009533,S0027664,2025FA,2025-26,0,0,0,0,0
AID2025-009534,S0036459,2025FA,2025-26,0,0,0,0,0
AID2025-009535,S0001836,2025FA,2025-26,0,0,0,1,5500
AID2025-009536,S0035377,2025FA,2025-26,0,0,0,0,0
AID2025-009537,S0036993,2025FA,2025-26,1,1,7395,0,0
AID2025-009538,S0028169,2025FA,2025-26,0,0,0,1,5500
AID2025-009539,S0027874,2025FA,2025-26,0,0,0,0,0
AID2025-009540,S0016627,2025FA,2025-26,0,0,0,0,0
AID2025-009541,S0028536,2025FA,2025-26,0,0,0,1,5500
AID2025-009542,S0037601,2025FA,2025-26,0,0,0,0,0
AID2025-009543,S0007004,2025FA,2025-26,1,1,7395,0,0
AID2025-009544,S0021401,2025FA,2025-26,0,0,0,1,5500
AID2025-009545,S0020727,2025FA,2025-26,0,0,0,0,0
AID2025-009546,S0038651,2025FA,2025-26,1,1,7395,0,0
AID2025-009547,S0031292,2025FA,2025-26,1,1,7395,1,5500
AID2025-009548,S0001233,2025FA,2025-26,0,0,0,0,0
AID2025-009549,S0039214,2025FA,2025-26,0,0,0,0,0
AID2025-009550,S0027614,2025FA,2025-26,0,0,0,1,5500
AID2025-009551,S0030310,2025FA,2025-26,0,0,0,0,0
AID2025-009552,S0022775,2025FA,2025-26,0,0,0,0,0
AID2025-009553,S0014841,2025FA,2025-26,0,0,0,1,5500
AID2025-009554,S0015583,2025FA,2025-26,0,0,0,0,0
AID2025-009555,S0034257,2025FA,2025-26,0,0,0,0,0
AID2025-009556,S0035387,2025FA,2025-26,0,0,0,1,5500
AID2025-009557,S0023263,2025FA,2025-26,1,1,7395,0,0
AID2025-009558,S0037598,2025FA,2025-26,0,0,0,0,0
AID2025-009559,S0037711,2025FA,2025-26,1,1,7395,1,5500
AID2025-009560,S0037415,2025FA,2025-26,0,0,0,0,0
AID2025-009561,S0009031,2025FA,2025-26,0,0,0,0,0
AID2025-009562,S0027192,2025FA,2025-26,1,1,7395,1,5500
AID2025-009563,S0010308,2025FA,2025-26,1,0,0,0,0
AID2025-009564,S0000816,2025FA,2025-26,0,0,0,0,0
AID2025-009565,S0019348,2025FA,2025-26,1,1,7395,1,5500
AID2025-009566,S0027128,2025FA,2025-26,0,0,0,0,0
AID2025-009567,S0031142,2025FA,2025-26,0,0,0,0,0
AID2025-009568,S0024031,2025FA,2025-26,0,0,0,1,5500
AID2025-009569,S0033842,2025FA,2025-26,1,1,7395,0,0
AID2025-009570,S0025461,2025FA,2025-26,1,0,0,0,0
AID2025-009571,S0038663,2025FA,2025-26,0,0,0,1,5500
AID2025-009572,S0032188,2025FA,2025-26,0,0,0,0,0
AID2025-009573,S0039055,2025FA,2025-26,0,0,0,0,0
AID2025-009574,S0020723,2025FA,2025-26,0,0,0,1,5500
AID2025-009575,S0016905,2025FA,2025-26,1,1,7395,0,0
AID2025-009576,S0015455,2025FA,2025-26,0,0,0,0,0
AID2025-009577,S0002019,2025FA,2025-26,0,0,0,1,5500
AID2025-009578,S0037344,2025FA,2025-26,0,0,0,0,0
AID2025-009579,S0036282,2025FA,2025-26,0,0,0,0,0
AID2025-009580,S0015803,2025FA,2025-26,0,0,0,1,5500
AID2025-009581,S0020648,2025FA,2025-26,1,1,7395,0,0
AID2025-009582,S0019121,2025FA,2025-26,0,0,0,0,0
AID2025-009583,S0023734,2025FA,2025-26,0,0,0,1,5500
AID2025-009584,S0032177,2025FA,2025-26,1,0,0,0,0
AID2025-009585,S0031799,2025FA,2025-26,0,0,0,0,0
AID2025-009586,S0016750,2025FA,2025-26,1,1,7395,1,5500
AID2025-009587,S0021363,2025FA,2025-26,0,0,0,0,0
AID2025-009588,S0040534,2025FA,2025-26,0,0,0,0,0
AID2025-009589,S0003490,2025FA,2025-26,1,1,7395,1,5500
AID2025-009590,S0003156,2025FA,2025-26,1,1,7395,0,0
AID2025-009591,S0023387,2025FA,2025-26,0,0,0,0,0
AID2025-009592,S0033904,2025FA,2025-26,0,0,0,1,5500
AID2025-009593,S0038550,2025FA,2025-26,0,0,0,0,0
AID2025-009594,S0000926,2025FA,2025-26,1,1,7395,0,0
AID2025-009595,S0036395,2025FA,2025-26,0,0,0,1,5500
AID2025-009596,S0026295,2025FA,2025-26,1,1,7395,0,0
AID2025-009597,S0023147,2025FA,2025-26,0,0,0,0,0
AID2025-009598,S0026785,2025FA,2025-26,0,0,0,1,5500
AID2025-009599,S0037054,2025FA,2025-26,0,0,0,0,0
AID2025-009600,S0027021,2025FA,2025-26,0,0,0,0,0
AID2025-009601,S0023507,2025FA,2025-26,1,1,7395,1,5500
AID2025-009602,S0034369,2025FA,2025-26,0,0,0,0,0
AID2025-009603,S0001849,2025FA,2025-26,0,0,0,0,0
AID2025-009604,S0030718,2025FA,2025-26,0,0,0,1,5500
AID2025-009605,S0006178,2025FA,2025-26,0,0,0,0,0
AID2025-009606,S0035283,2025FA,2025-26,0,0,0,0,0
AID2025-009607,S0001026,2025FA,2025-26,0,0,0,1,5500
AID2025-009608,S0032375,2025FA,2025-26,0,0,0,0,0
AID2025-009609,S0036999,2025FA,2025-26,0,0,0,0,0
AID2025-009610,S0027957,2025FA,2025-26,0,0,0,1,5500
AID2025-009611,S0010626,2025FA,2025-26,0,0,0,0,0
AID2025-009612,S0029124,2025FA,2025-26,0,0,0,0,0
AID2025-009613,S0015633,2025FA,2025-26,0,0,0,1,5500
AID2025-009614,S0021590,2025FA,2025-26,0,0,0,0,0
AID2025-009615,S0028171,2025FA,2025-26,0,0,0,0,0
AID2025-009616,S0015762,2025FA,2025-26,0,0,0,1,5500
AID2025-009617,S0037636,2025FA,2025-26,0,0,0,0,0
AID2025-009618,S0033978,2025FA,2025-26,0,0,0,0,0
AID2025-009619,S0032092,2025FA,2025-26,0,0,0,1,5500
AID2025-009620,S0010872,2025FA,2025-26,1,1,7395,0,0
AID2025-009621,S0000565,2025FA,2025-26,1,1,7395,0,0
AID2025-009622,S0016795,2025FA,2025-26,0,0,0,1,5500
AID2025-009623,S0031649,2025FA,2025-26,0,0,0,0,0
AID2025-009624,S0024132,2025FA,2025-26,0,0,0,0,0
AID2025-009625,S0007286,2025FA,2025-26,0,0,0,1,5500
AID2025-009626,S0038191,2025FA,2025-26,1,0,0,0,0
AID2025-009627,S0035351,2025FA,2025-26,0,0,0,0,0
AID2025-009628,S0004857,2025FA,2025-26,0,0,0,1,5500
AID2025-009629,S0029410,2025FA,2025-26,1,1,7395,0,0
AID2025-009630,S0027848,2025FA,2025-26,0,0,0,0,0
AID2025-009631,S0029267,2025FA,2025-26,1,1,7395,1,5500
AID2025-009632,S0023650,2025FA,2025-26,0,0,0,0,0
AID2025-009633,S0014182,2025FA,2025-26,0,0,0,0,0
AID2025-009634,S0003963,2025FA,2025-26,1,1,7395,1,5500
AID2025-009635,S0032488,2025FA,2025-26,0,0,0,0,0
AID2025-009636,S0032714,2025FA,2025-26,0,0,0,0,0
AID2025-009637,S0028686,2025FA,2025-26,0,0,0,1,5500
AID2025-009638,S0028001,2025FA,2025-26,0,0,0,0,0
AID2025-009639,S0009181,2025FA,2025-26,0,0,0,0,0
AID2025-009640,S0036394,2025FA,2025-26,1,0,0,1,5500
AID2025-009641,S0010952,2025FA,2025-26,1,1,7395,0,0
AID2025-009642,S0007628,2025FA,2025-26,1,1,7395,0,0
AID2025-009643,S0038647,2025FA,2025-26,0,0,0,1,5500
AID2025-009644,S0026906,2025FA,2025-26,0,0,0,0,0
AID2025-009645,S0030389,2025FA,2025-26,1,1,7395,0,0
AID2025-009646,S0003441,2025FA,2025-26,1,1,7395,1,5500
AID2025-009647,S0001434,2025FA,2025-26,0,0,0,0,0
AID2025-009648,S0032762,2025FA,2025-26,0,0,0,0,0
AID2025-009649,S0037023,2025FA,2025-26,1,1,7395,1,5500
AID2025-009650,S0035523,2025FA,2025-26,0,0,0,0,0
AID2025-009651,S0010345,2025FA,2025-26,0,0,0,0,0
AID2025-009652,S0040169,2025FA,2025-26,1,1,7395,1,5500
AID2025-009653,S0039244,2025FA,2025-26,1,1,7395,0,0
AID2025-009654,S0005276,2025FA,2025-26,0,0,0,0,0
AID2025-009655,S0011684,2025FA,2025-26,1,1,7395,1,5500
AID2025-009656,S0001769,2025FA,2025-26,0,0,0,0,0
AID2025-009657,S0030845,2025FA,2025-26,0,0,0,0,0
AID2025-009658,S0032755,2025FA,2025-26,0,0,0,1,5500
AID2025-009659,S0006596,2025FA,2025-26,0,0,0,0,0
AID2025-009660,S0009866,2025FA,2025-26,0,0,0,0,0
AID2025-009661,S0037440,2025FA,2025-26,1,0,0,1,5500
AID2025-009662,S0008165,2025FA,2025-26,1,1,7395,0,0
AID2025-009663,S0032190,2025FA,2025-26,0,0,0,0,0
AID2025-009664,S0006078,2025FA,2025-26,0,0,0,1,5500
AID2025-009665,S0025865,2025FA,2025-26,0,0,0,0,0
AID2025-009666,S0016131,2025FA,2025-26,1,1,7395,0,0
AID2025-009667,S0039671,2025FA,2025-26,0,0,0,1,5500
AID2025-009668,S0035728,2025FA,2025-26,1,0,0,0,0
AID2025-009669,S0035970,2025FA,2025-26,0,0,0,0,0
AID2025-009670,S0015217,2025FA,2025-26,1,1,7395,1,5500
AID2025-009671,S0027884,2025FA,2025-26,0,0,0,0,0
AID2025-009672,S0039358,2025FA,2025-26,0,0,0,0,0
AID2025-009673,S0024060,2025FA,2025-26,0,0,0,1,5500
AID2025-009674,S0036898,2025FA,2025-26,0,0,0,0,0
AID2025-009675,S0028397,2025FA,2025-26,0,0,0,0,0
AID2025-009676,S0012601,2025FA,2025-26,0,0,0,1,5500
AID2025-009677,S0027102,2025FA,2025-26,0,0,0,0,0
AID2025-009678,S0028607,2025FA,2025-26,0,0,0,0,0
AID2025-009679,S0006686,2025FA,2025-26,1,1,7395,1,5500
AID2025-009680,S0021732,2025FA,2025-26,0,0,0,0,0
AID2025-009681,S0039815,2025FA,2025-26,0,0,0,0,0
AID2025-009682,S0007746,2025FA,2025-26,0,0,0,1,5500
AID2025-009683,S0036802,2025FA,2025-26,0,0,0,0,0
AID2025-009684,S0033510,2025FA,2025-26,0,0,0,0,0
AID2025-009685,S0015923,2025FA,2025-26,0,0,0,1,5500
AID2025-009686,S0023819,2025FA,2025-26,0,0,0,0,0
AID2025-009687,S0035531,2025FA,2025-26,0,0,0,0,0
AID2025-009688,S0027195,2025FA,2025-26,0,0,0,1,5500
AID2025-009689,S0032387,2025FA,2025-26,1,0,0,0,0
AID2025-009690,S0037211,2025FA,2025-26,1,1,7395,0,0
AID2025-009691,S0033388,2025FA,2025-26,0,0,0,1,5500
AID2025-009692,S0017658,2025FA,2025-26,1,1,7395,0,0
AID2025-009693,S0014711,2025FA,2025-26,0,0,0,0,0
AID2025-009694,S0034081,2025FA,2025-26,0,0,0,1,5500
AID2025-009695,S0031829,2025FA,2025-26,0,0,0,0,0
AID2025-009696,S0037466,2025FA,2025-26,0,0,0,0,0
AID2025-009697,S0019605,2025FA,2025-26,0,0,0,1,5500
AID2025-009698,S0035113,2025FA,2025-26,1,1,7395,0,0
AID2025-009699,S0012121,2025FA,2025-26,1,1,7395,0,0
AID2025-009700,S0037516,2025FA,2025-26,1,1,7395,1,5500
AID2025-009701,S0018573,2025FA,2025-26,1,1,7395,0,0
AID2025-009702,S0037173,2025FA,2025-26,1,1,7395,0,0
AID2025-009703,S0021854,2025FA,2025-26,1,0,0,1,5500
AID2025-009704,S0023469,2025FA,2025-26,0,0,0,0,0
AID2025-009705,S0036673,2025FA,2025-26,1,1,7395,0,0
AID2025-009706,S0028305,2025FA,2025-26,0,0,0,1,5500
AID2025-009707,S0035105,2025FA,2025-26,0,0,0,0,0
AID2025-009708,S0008312,2025FA,2025-26,1,1,7395,0,0
AID2025-009709,S0026985,2025FA,2025-26,0,0,0,1,5500
AID2025-009710,S0039522,2025FA,2025-26,0,0,0,0,0
AID2025-009711,S0008541,2025FA,2025-26,0,0,0,0,0
AID2025-009712,S0025722,2025FA,2025-26,1,1,7395,1,5500
AID2025-009713,S0036600,2025FA,2025-26,0,0,0,0,0
AID2025-009714,S0039421,2025FA,2025-26,1,1,7395,0,0
AID2025-009715,S0037602,2025FA,2025-26,0,0,0,1,5500
AID2025-009716,S0031167,2025FA,2025-26,1,1,7395,0,0
AID2025-009717,S0018780,2025FA,2025-26,0,0,0,0,0
AID2025-009718,S0000480,2025FA,2025-26,1,1,7395,1,5500
AID2025-009719,S0027856,2025FA,2025-26,0,0,0,0,0
AID2025-009720,S0035797,2025FA,2025-26,1,1,7395,0,0
AID2025-009721,S0037219,2025FA,2025-26,0,0,0,1,5500
AID2025-009722,S0039235,2025FA,2025-26,1,1,7395,0,0
AID2025-009723,S0025833,2025FA,2025-26,0,0,0,0,0
AID2025-009724,S0037555,2025FA,2025-26,0,0,0,1,5500
AID2025-009725,S0018482,2025FA,2025-26,1,1,7395,0,0
AID2025-009726,S0032386,2025FA,2025-26,0,0,0,0,0
AID2025-009727,S0026618,2025FA,2025-26,1,1,7395,1,5500
AID2025-009728,S0000290,2025FA,2025-26,1,1,7395,0,0
AID2025-009729,S0001259,2025FA,2025-26,0,0,0,0,0
AID2025-009730,S0030818,2025FA,2025-26,1,1,7395,1,5500
AID2025-009731,S0028698,2025FA,2025-26,0,0,0,0,0
AID2025-009732,S0037743,2025FA,2025-26,0,0,0,0,0
AID2025-009733,S0005673,2025FA,2025-26,0,0,0,1,5500
AID2025-009734,S0028541,2025FA,2025-26,0,0,0,0,0
AID2025-009735,S0000642,2025FA,2025-26,1,1,7395,0,0
AID2025-009736,S0032666,2025FA,2025-26,1,1,7395,1,5500
AID2025-009737,S0037385,2025FA,2025-26,0,0,0,0,0
AID2025-009738,S0032832,2025FA,2025-26,0,0,0,0,0
AID2025-009739,S0028695,2025FA,2025-26,1,1,7395,1,5500
AID2025-009740,S0019703,2025FA,2025-26,0,0,0,0,0
AID2025-009741,S0019236,2025FA,2025-26,0,0,0,0,0
AID2025-009742,S0022493,2025FA,2025-26,0,0,0,1,5500
AID2025-009743,S0012946,2025FA,2025-26,1,1,7395,0,0
AID2025-009744,S0030691,2025FA,2025-26,0,0,0,0,0
AID2025-009745,S0017861,2025FA,2025-26,1,0,0,1,5500
AID2025-009746,S0028569,2025FA,2025-26,0,0,0,0,0
AID2025-009747,S0038987,2025FA,2025-26,0,0,0,0,0
AID2025-009748,S0035388,2025FA,2025-26,0,0,0,1,5500
AID2025-009749,S0033857,2025FA,2025-26,0,0,0,0,0
AID2025-009750,S0036469,2025FA,2025-26,0,0,0,0,0
AID2025-009751,S0029047,2025FA,2025-26,0,0,0,1,5500
AID2025-009752,S0012402,2025FA,2025-26,0,0,0,0,0
AID2025-009753,S0032872,2025FA,2025-26,0,0,0,0,0
AID2025-009754,S0016457,2025FA,2025-26,1,1,7395,1,5500
AID2025-009755,S0013139,2025FA,2025-26,1,1,7395,0,0
AID2025-009756,S0007536,2025FA,2025-26,0,0,0,0,0
AID2025-009757,S0012047,2025FA,2025-26,1,1,7395,1,5500
AID2025-009758,S0030779,2025FA,2025-26,0,0,0,0,0
AID2025-009759,S0015687,2025FA,2025-26,0,0,0,0,0
AID2025-009760,S0039360,2025FA,2025-26,1,1,7395,1,5500
AID2025-009761,S0038093,2025FA,2025-26,0,0,0,0,0
AID2025-009762,S0027976,2025FA,2025-26,0,0,0,0,0
AID2025-009763,S0028138,2025FA,2025-26,1,1,7395,1,5500
AID2025-009764,S0035130,2025FA,2025-26,0,0,0,0,0
AID2025-009765,S0033120,2025FA,2025-26,1,1,7395,0,0
AID2025-009766,S0037458,2025FA,2025-26,1,0,0,1,5500
AID2025-009767,S0035085,2025FA,2025-26,0,0,0,0,0
AID2025-009768,S0018557,2025FA,2025-26,0,0,0,0,0
AID2025-009769,S0026190,2025FA,2025-26,0,0,0,1,5500
AID2025-009770,S0028447,2025FA,2025-26,1,1,7395,0,0
AID2025-009771,S0018917,2025FA,2025-26,0,0,0,0,0
AID2025-009772,S0001781,2025FA,2025-26,0,0,0,1,5500
AID2025-009773,S0031435,2025FA,2025-26,0,0,0,0,0
AID2025-009774,S0009159,2025FA,2025-26,0,0,0,0,0
AID2025-009775,S0039046,2025FA,2025-26,1,1,7395,1,5500
AID2025-009776,S0027303,2025FA,2025-26,1,1,7395,0,0
AID2025-009777,S0034412,2025FA,2025-26,0,0,0,0,0
AID2025-009778,S0040408,2025FA,2025-26,0,0,0,1,5500
AID2025-009779,S0026840,2025FA,2025-26,1,1,7395,0,0
AID2025-009780,S0014497,2025FA,2025-26,0,0,0,0,0
AID2025-009781,S0040394,2025FA,2025-26,1,1,7395,1,5500
AID2025-009782,S0013869,2025FA,2025-26,1,1,7395,0,0
AID2025-009783,S0010306,2025FA,2025-26,1,1,7395,0,0
AID2025-009784,S0033092,2025FA,2025-26,0,0,0,1,5500
AID2025-009785,S0029365,2025FA,2025-26,1,1,7395,0,0
AID2025-009786,S0032745,2025FA,2025-26,0,0,0,0,0
AID2025-009787,S0025522,2025FA,2025-26,0,0,0,1,5500
AID2025-009788,S0015062,2025FA,2025-26,1,1,7395,0,0
AID2025-009789,S0035869,2025FA,2025-26,1,1,7395,0,0
AID2025-009790,S0033966,2025FA,2025-26,1,1,7395,1,5500
AID2025-009791,S0007377,2025FA,2025-26,0,0,0,0,0
AID2025-009792,S0017001,2025FA,2025-26,1,1,7395,0,0
AID2025-009793,S0008918,2025FA,2025-26,1,1,7395,1,5500
AID2025-009794,S0024053,2025FA,2025-26,1,0,0,0,0
AID2025-009795,S0040542,2025FA,2025-26,0,0,0,0,0
AID2025-009796,S0014285,2025FA,2025-26,1,1,7395,1,5500
AID2025-009797,S0036174,2025FA,2025-26,0,0,0,0,0
AID2025-009798,S0033277,2025FA,2025-26,0,0,0,0,0
AID2025-009799,S0039312,2025FA,2025-26,0,0,0,1,5500
AID2025-009800,S0037756,2025FA,2025-26,0,0,0,0,0
AID2025-009801,S0032438,2025FA,2025-26,1,0,0,0,0
AID2025-009802,S0004705,2025FA,2025-26,0,0,0,1,5500
AID2025-009803,S0032351,2025FA,2025-26,0,0,0,0,0
AID2025-009804,S0026003,2025FA,2025-26,0,0,0,0,0
AID2025-009805,S0035460,2025FA,2025-26,0,0,0,1,5500
AID2025-009806,S0022413,2025FA,2025-26,0,0,0,0,0
AID2025-009807,S0017744,2025FA,2025-26,0,0,0,0,0
AID2025-009808,S0038728,2025FA,2025-26,0,0,0,1,5500
AID2025-009809,S0038932,2025FA,2025-26,0,0,0,0,0
AID2025-009810,S0021177,2025FA,2025-26,0,0,0,0,0
AID2025-009811,S0006516,2025FA,2025-26,1,1,7395,1,5500
AID2025-009812,S0033223,2025FA,2025-26,1,1,7395,0,0
AID2025-009813,S0028105,2025FA,2025-26,1,1,7395,0,0
AID2025-009814,S0040635,2025FA,2025-26,0,0,0,1,5500
AID2025-009815,S0033794,2025FA,2025-26,1,0,0,0,0
AID2025-009816,S0040503,2025FA,2025-26,0,0,0,0,0
AID2025-009817,S0037837,2025FA,2025-26,0,0,0,1,5500
AID2025-009818,S0038388,2025FA,2025-26,0,0,0,0,0
AID2025-009819,S0009564,2025FA,2025-26,0,0,0,0,0
AID2025-009820,S0023768,2025FA,2025-26,1,1,7395,1,5500
AID2025-009821,S0013653,2025FA,2025-26,0,0,0,0,0
AID2025-009822,S0035907,2025FA,2025-26,1,0,0,0,0
AID2025-009823,S0039998,2025FA,2025-26,0,0,0,1,5500
AID2025-009824,S0016158,2025FA,2025-26,0,0,0,0,0
AID2025-009825,S0038683,2025FA,2025-26,0,0,0,0,0
AID2025-009826,S0005454,2025FA,2025-26,0,0,0,1,5500
AID2025-009827,S0038001,2025FA,2025-26,0,0,0,0,0
AID2025-009828,S0013560,2025FA,2025-26,0,0,0,0,0
AID2025-009829,S0023115,2025FA,2025-26,0,0,0,1,5500
AID2025-009830,S0013997,2025FA,2025-26,0,0,0,0,0
AID2025-009831,S0033301,2025FA,2025-26,0,0,0,0,0
AID2025-009832,S0011563,2025FA,2025-26,0,0,0,1,5500
AID2025-009833,S0039602,2025FA,2025-26,1,1,7395,0,0
AID2025-009834,S0038833,2025FA,2025-26,1,1,7395,0,0
AID2025-009835,S0039070,2025FA,2025-26,0,0,0,1,5500
AID2025-009836,S0032935,2025FA,2025-26,0,0,0,0,0
AID2025-009837,S0033360,2025FA,2025-26,0,0,0,0,0
AID2025-009838,S0038119,2025FA,2025-26,0,0,0,1,5500
AID2025-009839,S0040166,2025FA,2025-26,0,0,0,0,0
AID2025-009840,S0040547,2025FA,2025-26,0,0,0,0,0
AID2025-009841,S0010886,2025FA,2025-26,1,1,7395,1,5500
AID2025-009842,S0012699,2025FA,2025-26,0,0,0,0,0
AID2025-009843,S0035255,2025FA,2025-26,0,0,0,0,0
AID2025-009844,S0029502,2025FA,2025-26,1,1,7395,1,5500
AID2025-009845,S0034299,2025FA,2025-26,0,0,0,0,0
AID2025-009846,S0031803,2025FA,2025-26,0,0,0,0,0
AID2025-009847,S0032892,2025FA,2025-26,0,0,0,1,5500
AID2025-009848,S0039803,2025FA,2025-26,1,1,7395,0,0
AID2025-009849,S0040115,2025FA,2025-26,0,0,0,0,0
AID2025-009850,S0003052,2025FA,2025-26,1,0,0,1,5500
AID2025-009851,S0022922,2025FA,2025-26,1,1,7395,0,0
AID2025-009852,S0004209,2025FA,2025-26,1,1,7395,0,0
AID2025-009853,S0039762,2025FA,2025-26,1,1,7395,1,5500
AID2025-009854,S0028179,2025FA,2025-26,1,1,7395,0,0
AID2025-009855,S0040274,2025FA,2025-26,1,1,7395,0,0
AID2025-009856,S0040619,2025FA,2025-26,0,0,0,1,5500
AID2025-009857,S0033559,2025FA,2025-26,1,0,0,0,0
AID2025-009858,S0026680,2025FA,2025-26,1,1,7395,0,0
AID2025-009859,S0038331,2025FA,2025-26,1,1,7395,1,5500
AID2025-009860,S0024181,2025FA,2025-26,0,0,0,0,0
AID2025-009861,S0031210,2025FA,2025-26,1,1,7395,0,0
AID2025-009862,S0039249,2025FA,2025-26,0,0,0,1,5500
AID2025-009863,S0028675,2025FA,2025-26,0,0,0,0,0
AID2025-009864,S0033618,2025FA,2025-26,0,0,0,0,0
AID2025-009865,S0019095,2025FA,2025-26,0,0,0,1,5500
AID2025-009866,S0036837,2025FA,2025-26,0,0,0,0,0
AID2025-009867,S0033153,2025FA,2025-26,0,0,0,0,0
AID2025-009868,S0030459,2025FA,2025-26,0,0,0,1,5500
AID2025-009869,S0026163,2025FA,2025-26,1,1,7395,0,0
AID2025-009870,S0010244,2025FA,2025-26,0,0,0,0,0
AID2025-009871,S0037021,2025FA,2025-26,1,0,0,1,5500
AID2025-009872,S0027698,2025FA,2025-26,1,1,7395,0,0
AID2025-009873,S0039030,2025FA,2025-26,1,1,7395,0,0
AID2025-009874,S0023418,2025FA,2025-26,1,1,7395,1,5500
AID2025-009875,S0008893,2025FA,2025-26,0,0,0,0,0
AID2025-009876,S0035411,2025FA,2025-26,0,0,0,0,0
AID2025-009877,S0040079,2025FA,2025-26,0,0,0,1,5500
AID2025-009878,S0040380,2025FA,2025-26,1,0,0,0,0
AID2025-009879,S0027678,2025FA,2025-26,0,0,0,0,0
AID2025-009880,S0023242,2025FA,2025-26,1,1,7395,1,5500
AID2025-009881,S0036283,2025FA,2025-26,1,1,7395,0,0
AID2025-009882,S0019439,2025FA,2025-26,1,1,7395,0,0
AID2025-009883,S0036777,2025FA,2025-26,1,1,7395,1,5500
AID2025-009884,S0037948,2025FA,2025-26,0,0,0,0,0
AID2025-009885,S0037883,2025FA,2025-26,0,0,0,0,0
AID2025-009886,S0020769,2025FA,2025-26,0,0,0,1,5500
AID2025-009887,S0006836,2025FA,2025-26,0,0,0,0,0
AID2025-009888,S0033713,2025FA,2025-26,0,0,0,0,0
AID2025-009889,S0030340,2025FA,2025-26,0,0,0,1,5500
AID2025-009890,S0038327,2025FA,2025-26,0,0,0,0,0
AID2025-009891,S0010245,2025FA,2025-26,0,0,0,0,0
AID2025-009892,S0019323,2025FA,2025-26,0,0,0,1,5500
AID2025-009893,S0026337,2025FA,2025-26,1,1,7395,0,0
AID2025-009894,S0032932,2025FA,2025-26,0,0,0,0,0
AID2025-009895,S0000466,2025FA,2025-26,0,0,0,1,5500
AID2025-009896,S0014995,2025FA,2025-26,1,1,7395,0,0
AID2025-009897,S0026033,2025FA,2025-26,0,0,0,0,0
AID2025-009898,S0039742,2025FA,2025-26,0,0,0,1,5500
AID2025-009899,S0028733,2025FA,2025-26,1,0,0,0,0
AID2025-009900,S0030331,2025FA,2025-26,0,0,0,0,0
AID2025-009901,S0026584,2025FA,2025-26,1,1,7395,1,5500
AID2025-009902,S0004265,2025FA,2025-26,1,1,7395,0,0
AID2025-009903,S0006607,2025FA,2025-26,1,1,7395,0,0
AID2025-009904,S0025990,2025FA,2025-26,1,1,7395,1,5500
AID2025-009905,S0018664,2025FA,2025-26,0,0,0,0,0
AID2025-009906,S0023233,2025FA,2025-26,0,0,0,0,0
AID2025-009907,S0019194,2025FA,2025-26,0,0,0,1,5500
AID2025-009908,S0004312,2025FA,2025-26,0,0,0,0,0
AID2025-009909,S0038374,2025FA,2025-26,0,0,0,0,0
AID2025-009910,S0024149,2025FA,2025-26,0,0,0,1,5500
AID2025-009911,S0037029,2025FA,2025-26,0,0,0,0,0
AID2025-009912,S0026536,2025FA,2025-26,0,0,0,0,0
AID2025-009913,S0026824,2025FA,2025-26,1,0,0,1,5500
AID2025-009914,S0008244,2025FA,2025-26,0,0,0,0,0
AID2025-009915,S0027407,2025FA,2025-26,0,0,0,0,0
AID2025-009916,S0031400,2025FA,2025-26,0,0,0,1,5500
AID2025-009917,S0000582,2025FA,2025-26,0,0,0,0,0
AID2025-009918,S0038366,2025FA,2025-26,1,1,7395,0,0
AID2025-009919,S0033160,2025FA,2025-26,0,0,0,1,5500
AID2025-009920,S0028769,2025FA,2025-26,1,1,7395,0,0
AID2025-009921,S0032312,2025FA,2025-26,0,0,0,0,0
AID2025-009922,S0024291,2025FA,2025-26,1,1,7395,1,5500
AID2025-009923,S0038786,2025FA,2025-26,0,0,0,0,0
AID2025-009924,S0040539,2025FA,2025-26,1,1,7395,0,0
AID2025-009925,S0040597,2025FA,2025-26,1,1,7395,1,5500
AID2025-009926,S0028621,2025FA,2025-26,0,0,0,0,0
AID2025-009927,S0033852,2025FA,2025-26,0,0,0,0,0
AID2025-009928,S0032735,2025FA,2025-26,0,0,0,1,5500
AID2025-009929,S0032379,2025FA,2025-26,1,1,7395,0,0
AID2025-009930,S0027901,2025FA,2025-26,1,1,7395,0,0
AID2025-009931,S0031703,2025FA,2025-26,0,0,0,1,5500
AID2025-009932,S0015868,2025FA,2025-26,1,1,7395,0,0
AID2025-009933,S0039683,2025FA,2025-26,0,0,0,0,0
AID2025-009934,S0032699,2025FA,2025-26,0,0,0,1,5500
AID2025-009935,S0038153,2025FA,2025-26,1,1,7395,0,0
AID2025-009936,S0015219,2025FA,2025-26,0,0,0,0,0
AID2025-009937,S0006234,2025FA,2025-26,0,0,0,1,5500
AID2025-009938,S0035999,2025FA,2025-26,1,1,7395,0,0
AID2025-009939,S0011425,2025FA,2025-26,1,1,7395,0,0
AID2025-009940,S0032804,2025FA,2025-26,1,1,7395,1,5500
AID2025-009941,S0039657,2025FA,2025-26,1,0,0,0,0
AID2025-009942,S0006558,2025FA,2025-26,0,0,0,0,0
AID2025-009943,S0022926,2025FA,2025-26,0,0,0,1,5500
AID2025-009944,S0007769,2025FA,2025-26,1,1,7395,0,0
AID2025-009945,S0019615,2025FA,2025-26,1,1,7395,0,0
AID2025-009946,S0014297,2025FA,2025-26,1,1,7395,1,5500
AID2025-009947,S0036868,2025FA,2025-26,0,0,0,0,0
AID2025-009948,S0023409,2025FA,2025-26,1,0,0,0,0
AID2025-009949,S0003147,2025FA,2025-26,0,0,0,1,5500
AID2025-009950,S0032652,2025FA,2025-26,1,1,7395,0,0
AID2025-009951,S0035425,2025FA,2025-26,0,0,0,0,0
AID2025-009952,S0031065,2025FA,2025-26,1,1,7395,1,5500
AID2025-009953,S0016251,2025FA,2025-26,1,1,7395,0,0
AID2025-009954,S0026899,2025FA,2025-26,1,1,7395,0,0
AID2025-009955,S0031713,2025FA,2025-26,0,0,0,1,5500
AID2025-009956,S0037770,2025FA,2025-26,1,1,7395,0,0
AID2025-009957,S0033822,2025FA,2025-26,0,0,0,0,0
AID2025-009958,S0033335,2025FA,2025-26,0,0,0,1,5500
AID2025-009959,S0031969,2025FA,2025-26,1,1,7395,0,0
AID2025-009960,S0014831,2025FA,2025-26,0,0,0,0,0
AID2025-009961,S0006315,2025FA,2025-26,1,1,7395,1,5500
AID2025-009962,S0036618,2025FA,2025-26,1,0,0,0,0
AID2025-009963,S0037888,2025FA,2025-26,1,1,7395,0,0
AID2025-009964,S0026757,2025FA,2025-26,0,0,0,1,5500
AID2025-009965,S0029077,2025FA,2025-26,1,1,7395,0,0
AID2025-009966,S0000149,2025FA,2025-26,0,0,0,0,0
AID2025-009967,S0035511,2025FA,2025-26,0,0,0,1,5500
AID2025-009968,S0032982,2025FA,2025-26,0,0,0,0,0
AID2025-009969,S0031320,2025FA,2025-26,0,0,0,0,0
AID2025-009970,S0019495,2025FA,2025-26,1,1,7395,1,5500
AID2025-009971,S0040466,2025FA,2025-26,0,0,0,0,0
AID2025-009972,S0015188,2025FA,2025-26,0,0,0,0,0
AID2025-009973,S0038847,2025FA,2025-26,0,0,0,1,5500
AID2025-009974,S0029526,2025FA,2025-26,1,1,7395,0,0
AID2025-009975,S0027688,2025FA,2025-26,1,1,7395,0,0
AID2025-009976,S0039741,2025FA,2025-26,1,0,0,1,5500
AID2025-009977,S0038346,2025FA,2025-26,1,1,7395,0,0
AID2025-009978,S0029218,2025FA,2025-26,0,0,0,0,0
AID2025-009979,S0029020,2025FA,2025-26,1,1,7395,1,5500
AID2025-009980,S0036341,2025FA,2025-26,1,1,7395,0,0
AID2025-009981,S0038604,2025FA,2025-26,1,1,7395,0,0
AID2025-009982,S0026505,2025FA,2025-26,0,0,0,1,5500
AID2025-009983,S0035836,2025FA,2025-26,0,0,0,0,0
AID2025-009984,S0032378,2025FA,2025-26,0,0,0,0,0
AID2025-009985,S0025906,2025FA,2025-26,1,1,7395,1,5500
AID2025-009986,S0038882,2025FA,2025-26,0,0,0,0,0
AID2025-009987,S0008098,2025FA,2025-26,0,0,0,0,0
AID2025-009988,S0024264,2025FA,2025-26,0,0,0,1,5500
AID2025-009989,S0026093,2025FA,2025-26,0,0,0,0,0
AID2025-009990,S0018684,2025FA,2025-26,0,0,0,0,0
AID2025-009991,S0039011,2025FA,2025-26,1,1,7395,1,5500
AID2025-009992,S0015907,2025FA,2025-26,0,0,0,0,0
AID2025-009993,S0036192,2025FA,2025-26,0,0,0,0,0
AID2025-009994,S0015909,2025FA,2025-26,1,1,7395,1,5500
AID2025-009995,S0033582,2025FA,2025-26,0,0,0,0,0
AID2025-009996,S0039452,2025FA,2025-26,0,0,0,0,0
AID2025-009997,S0036779,2025FA,2025-26,1,0,0,1,5500
AID2025-009998,S0035524,2025FA,2025-26,0,0,0,0,0
AID2025-009999,S0023834,2025FA,2025-26,0,0,0,0,0
AID2025-010000,S0039846,2025FA,2025-26,0,0,0,1,5500
AID2025-010001,S0024234,2025FA,2025-26,1,1,7395,0,0
AID2025-010002,S0017355,2025FA,2025-26,0,0,0,0,0
AID2025-010003,S0014049,2025FA,2025-26,0,0,0,1,5500
AID2025-010004,S0028411,2025FA,2025-26,1,0,0,0,0
AID2025-010005,S0019652,2025FA,2025-26,1,1,7395,0,0
AID2025-010006,S0040096,2025FA,2025-26,1,1,7395,1,5500
AID2025-010007,S0023037,2025FA,2025-26,0,0,0,0,0
AID2025-010008,S0018638,2025FA,2025-26,0,0,0,0,0
AID2025-010009,S0036478,2025FA,2025-26,1,1,7395,1,5500
AID2025-010010,S0031900,2025FA,2025-26,1,1,7395,0,0
AID2025-010011,S0005381,2025FA,2025-26,1,1,7395,0,0
AID2025-010012,S0022641,2025FA,2025-26,1,1,7395,1,5500
AID2025-010013,S0028193,2025FA,2025-26,1,1,7395,0,0
AID2025-010014,S0016391,2025FA,2025-26,0,0,0,0,0
AID2025-010015,S0010351,2025FA,2025-26,0,0,0,1,5500
AID2025-010016,S0028207,2025FA,2025-26,0,0,0,0,0
AID2025-010017,S0034106,2025FA,2025-26,0,0,0,0,0
AID2025-010018,S0037338,2025FA,2025-26,0,0,0,1,5500
AID2025-010019,S0029428,2025FA,2025-26,1,1,7395,0,0
AID2025-010020,S0017443,2025FA,2025-26,0,0,0,0,0
AID2025-010021,S0014764,2025FA,2025-26,0,0,0,1,5500
AID2025-010022,S0001672,2025FA,2025-26,0,0,0,0,0
AID2025-010023,S0028258,2025FA,2025-26,0,0,0,0,0
AID2025-010024,S0031246,2025FA,2025-26,1,1,7395,1,5500
AID2025-010025,S0033756,2025FA,2025-26,0,0,0,0,0
AID2025-010026,S0001214,2025FA,2025-26,0,0,0,0,0
AID2025-010027,S0003836,2025FA,2025-26,0,0,0,1,5500
AID2025-010028,S0027289,2025FA,2025-26,0,0,0,0,0
AID2025-010029,S0039296,2025FA,2025-26,1,1,7395,0,0
AID2025-010030,S0000979,2025FA,2025-26,0,0,0,1,5500
AID2025-010031,S0038899,2025FA,2025-26,0,0,0,0,0
AID2025-010032,S0039075,2025FA,2025-26,0,0,0,0,0
AID2025-010033,S0033039,2025FA,2025-26,0,0,0,1,5500
AID2025-010034,S0027622,2025FA,2025-26,1,1,7395,0,0
AID2025-010035,S0035933,2025FA,2025-26,0,0,0,0,0
AID2025-010036,S0037001,2025FA,2025-26,1,1,7395,1,5500
AID2025-010037,S0035176,2025FA,2025-26,1,1,7395,0,0
AID2025-010038,S0015800,2025FA,2025-26,0,0,0,0,0
AID2025-010039,S0014921,2025FA,2025-26,1,0,0,1,5500
AID2025-010040,S0033577,2025FA,2025-26,1,1,7395,0,0
AID2025-010041,S0003943,2025FA,2025-26,1,1,7395,0,0
AID2025-010042,S0032693,2025FA,2025-26,1,1,7395,1,5500
AID2025-010043,S0039942,2025FA,2025-26,1,1,7395,0,0
AID2025-010044,S0021183,2025FA,2025-26,1,1,7395,0,0
AID2025-010045,S0034138,2025FA,2025-26,0,0,0,1,5500
AID2025-010046,S0018476,2025FA,2025-26,1,0,0,0,0
AID2025-010047,S0033719,2025FA,2025-26,0,0,0,0,0
AID2025-010048,S0007957,2025FA,2025-26,0,0,0,1,5500
AID2025-010049,S0024312,2025FA,2025-26,0,0,0,0,0
AID2025-010050,S0006027,2025FA,2025-26,0,0,0,0,0
AID2025-010051,S0013441,2025FA,2025-26,0,0,0,1,5500
AID2025-010052,S0018302,2025FA,2025-26,1,1,7395,0,0
AID2025-010053,S0021506,2025FA,2025-26,1,0,0,0,0
AID2025-010054,S0034184,2025FA,2025-26,0,0,0,1,5500
AID2025-010055,S0003086,2025FA,2025-26,0,0,0,0,0
AID2025-010056,S0019571,2025FA,2025-26,0,0,0,0,0
AID2025-010057,S0030631,2025FA,2025-26,0,0,0,1,5500
AID2025-010058,S0032501,2025FA,2025-26,0,0,0,0,0
AID2025-010059,S0036238,2025FA,2025-26,0,0,0,0,0
AID2025-010060,S0028764,2025FA,2025-26,0,0,0,1,5500
AID2025-010061,S0008866,2025FA,2025-26,1,1,7395,0,0
AID2025-010062,S0038795,2025FA,2025-26,0,0,0,0,0
AID2025-010063,S0029334,2025FA,2025-26,0,0,0,1,5500
AID2025-010064,S0031493,2025FA,2025-26,1,1,7395,0,0
AID2025-010065,S0029548,2025FA,2025-26,0,0,0,0,0
AID2025-010066,S0019642,2025FA,2025-26,1,1,7395,1,5500
AID2025-010067,S0000951,2025FA,2025-26,0,0,0,0,0
AID2025-010068,S0035986,2025FA,2025-26,0,0,0,0,0
AID2025-010069,S0032561,2025FA,2025-26,0,0,0,1,5500
AID2025-010070,S0038252,2025FA,2025-26,0,0,0,0,0
AID2025-010071,S0037184,2025FA,2025-26,0,0,0,0,0
AID2025-010072,S0039788,2025FA,2025-26,0,0,0,1,5500
AID2025-010073,S0032616,2025FA,2025-26,0,0,0,0,0
AID2025-010074,S0030546,2025FA,2025-26,0,0,0,0,0
AID2025-010075,S0027603,2025FA,2025-26,0,0,0,1,5500
AID2025-010076,S0033387,2025FA,2025-26,0,0,0,0,0
AID2025-010077,S0028243,2025FA,2025-26,0,0,0,0,0
AID2025-010078,S0015149,2025FA,2025-26,0,0,0,1,5500
AID2025-010079,S0033837,2025FA,2025-26,1,1,7395,0,0
AID2025-010080,S0032663,2025FA,2025-26,0,0,0,0,0
AID2025-010081,S0011376,2025FA,2025-26,0,0,0,1,5500
AID2025-010082,S0026150,2025FA,2025-26,0,0,0,0,0
AID2025-010083,S0032452,2025FA,2025-26,0,0,0,0,0
AID2025-010084,S0030393,2025FA,2025-26,0,0,0,1,5500
AID2025-010085,S0018180,2025FA,2025-26,1,1,7395,0,0
AID2025-010086,S0021128,2025FA,2025-26,0,0,0,0,0
AID2025-010087,S0029492,2025FA,2025-26,0,0,0,1,5500
AID2025-010088,S0008370,2025FA,2025-26,0,0,0,0,0
AID2025-010089,S0037867,2025FA,2025-26,0,0,0,0,0
AID2025-010090,S0019562,2025FA,2025-26,0,0,0,1,5500
AID2025-010091,S0027252,2025FA,2025-26,0,0,0,0,0
AID2025-010092,S0025650,2025FA,2025-26,0,0,0,0,0
AID2025-010093,S0010407,2025FA,2025-26,0,0,0,1,5500
AID2025-010094,S0035598,2025FA,2025-26,0,0,0,0,0
AID2025-010095,S0014463,2025FA,2025-26,0,0,0,0,0
AID2025-010096,S0038623,2025FA,2025-26,1,1,7395,1,5500
AID2025-010097,S0033416,2025FA,2025-26,0,0,0,0,0
AID2025-010098,S0021908,2025FA,2025-26,0,0,0,0,0
AID2025-010099,S0035707,2025FA,2025-26,1,1,7395,1,5500
AID2025-010100,S0029587,2025FA,2025-26,1,1,7395,0,0
AID2025-010101,S0021267,2025FA,2025-26,1,1,7395,0,0
AID2025-010102,S0005841,2025FA,2025-26,1,1,7395,1,5500
AID2025-010103,S0033434,2025FA,2025-26,1,1,7395,0,0
AID2025-010104,S0014374,2025FA,2025-26,0,0,0,0,0
AID2025-010105,S0021562,2025FA,2025-26,0,0,0,1,5500
AID2025-010106,S0011830,2025FA,2025-26,0,0,0,0,0
AID2025-010107,S0008148,2025FA,2025-26,0,0,0,0,0
AID2025-010108,S0037308,2025FA,2025-26,1,1,7395,1,5500
AID2025-010109,S0026817,2025FA,2025-26,1,0,0,0,0
AID2025-010110,S0027593,2025FA,2025-26,0,0,0,0,0
AID2025-010111,S0032042,2025FA,2025-26,0,0,0,1,5500
AID2025-010112,S0025641,2025FA,2025-26,0,0,0,0,0
AID2025-010113,S0006126,2025FA,2025-26,1,1,7395,0,0
AID2025-010114,S0021791,2025FA,2025-26,1,1,7395,1,5500
AID2025-010115,S0032418,2025FA,2025-26,0,0,0,0,0
AID2025-010116,S0019478,2025FA,2025-26,1,0,0,0,0
AID2025-010117,S0039681,2025FA,2025-26,1,1,7395,1,5500
AID2025-010118,S0017276,2025FA,2025-26,0,0,0,0,0
AID2025-010119,S0032790,2025FA,2025-26,1,1,7395,0,0
AID2025-010120,S0001448,2025FA,2025-26,0,0,0,1,5500
AID2025-010121,S0025618,2025FA,2025-26,1,1,7395,0,0
AID2025-010122,S0011747,2025FA,2025-26,0,0,0,0,0
AID2025-010123,S0000327,2025FA,2025-26,0,0,0,1,5500
AID2025-010124,S0011686,2025FA,2025-26,0,0,0,0,0
AID2025-010125,S0013377,2025FA,2025-26,0,0,0,0,0
AID2025-010126,S0035462,2025FA,2025-26,1,1,7395,1,5500
AID2025-010127,S0039925,2025FA,2025-26,0,0,0,0,0
AID2025-010128,S0001537,2025FA,2025-26,0,0,0,0,0
AID2025-010129,S0019442,2025FA,2025-26,0,0,0,1,5500
AID2025-010130,S0037042,2025FA,2025-26,0,0,0,0,0
AID2025-010131,S0033193,2025FA,2025-26,1,1,7395,0,0
AID2025-010132,S0034393,2025FA,2025-26,0,0,0,1,5500
AID2025-010133,S0028948,2025FA,2025-26,0,0,0,0,0
AID2025-010134,S0026542,2025FA,2025-26,0,0,0,0,0
AID2025-010135,S0029553,2025FA,2025-26,0,0,0,1,5500
AID2025-010136,S0014649,2025FA,2025-26,0,0,0,0,0
AID2025-010137,S0011774,2025FA,2025-26,0,0,0,0,0
AID2025-010138,S0037203,2025FA,2025-26,0,0,0,1,5500
AID2025-010139,S0039843,2025FA,2025-26,0,0,0,0,0
AID2025-010140,S0033828,2025FA,2025-26,0,0,0,0,0
AID2025-010141,S0001587,2025FA,2025-26,0,0,0,1,5500
AID2025-010142,S0032779,2025FA,2025-26,1,1,7395,0,0
AID2025-010143,S0037422,2025FA,2025-26,0,0,0,0,0
AID2025-010144,S0011383,2025FA,2025-26,0,0,0,1,5500
AID2025-010145,S0022168,2025FA,2025-26,1,1,7395,0,0
AID2025-010146,S0019440,2025FA,2025-26,0,0,0,0,0
AID2025-010147,S0022051,2025FA,2025-26,0,0,0,1,5500
AID2025-010148,S0014230,2025FA,2025-26,0,0,0,0,0
AID2025-010149,S0027713,2025FA,2025-26,0,0,0,0,0
AID2025-010150,S0018545,2025FA,2025-26,0,0,0,1,5500
AID2025-010151,S0032431,2025FA,2025-26,1,0,0,0,0
AID2025-010152,S0035343,2025FA,2025-26,0,0,0,0,0
AID2025-010153,S0037358,2025FA,2025-26,0,0,0,1,5500
AID2025-010154,S0027920,2025FA,2025-26,0,0,0,0,0
AID2025-010155,S0034162,2025FA,2025-26,0,0,0,0,0
AID2025-010156,S0026443,2025FA,2025-26,0,0,0,1,5500
AID2025-010157,S0018999,2025FA,2025-26,0,0,0,0,0
AID2025-010158,S0026296,2025FA,2025-26,0,0,0,0,0
AID2025-010159,S0039537,2025FA,2025-26,0,0,0,1,5500
AID2025-010160,S0022226,2025FA,2025-26,1,1,7395,0,0
AID2025-010161,S0005945,2025FA,2025-26,1,1,7395,0,0
AID2025-010162,S0038341,2025FA,2025-26,1,1,7395,1,5500
AID2025-010163,S0035191,2025FA,2025-26,1,1,7395,0,0
AID2025-010164,S0032791,2025FA,2025-26,0,0,0,0,0
AID2025-010165,S0001918,2025FA,2025-26,1,0,0,1,5500
AID2025-010166,S0009684,2025FA,2025-26,1,1,7395,0,0
AID2025-010167,S0005808,2025FA,2025-26,0,0,0,0,0
AID2025-010168,S0025578,2025FA,2025-26,0,0,0,1,5500
AID2025-010169,S0006129,2025FA,2025-26,0,0,0,0,0
AID2025-010170,S0032490,2025FA,2025-26,0,0,0,0,0
AID2025-010171,S0017864,2025FA,2025-26,0,0,0,1,5500
AID2025-010172,S0011173,2025FA,2025-26,0,0,0,0,0
AID2025-010173,S0034009,2025FA,2025-26,0,0,0,0,0
AID2025-010174,S0029551,2025FA,2025-26,1,1,7395,1,5500
AID2025-010175,S0022931,2025FA,2025-26,1,1,7395,0,0
AID2025-010176,S0021774,2025FA,2025-26,0,0,0,0,0
AID2025-010177,S0000320,2025FA,2025-26,1,1,7395,1,5500
AID2025-010178,S0024045,2025FA,2025-26,1,1,7395,0,0
AID2025-010179,S0016878,2025FA,2025-26,0,0,0,0,0
AID2025-010180,S0032087,2025FA,2025-26,0,0,0,1,5500
AID2025-010181,S0017147,2025FA,2025-26,1,1,7395,0,0
AID2025-010182,S0038564,2025FA,2025-26,0,0,0,0,0
AID2025-010183,S0012939,2025FA,2025-26,0,0,0,1,5500
AID2025-010184,S0000244,2025FA,2025-26,0,0,0,0,0
AID2025-010185,S0005819,2025FA,2025-26,1,1,7395,0,0
AID2025-010186,S0035884,2025FA,2025-26,1,0,0,1,5500
AID2025-010187,S0032975,2025FA,2025-26,0,0,0,0,0
AID2025-010188,S0005603,2025FA,2025-26,0,0,0,0,0
AID2025-010189,S0022988,2025FA,2025-26,1,1,7395,1,5500
AID2025-010190,S0021205,2025FA,2025-26,0,0,0,0,0
AID2025-010191,S0029457,2025FA,2025-26,0,0,0,0,0
AID2025-010192,S0003412,2025FA,2025-26,0,0,0,1,5500
AID2025-010193,S0028480,2025FA,2025-26,0,0,0,0,0
AID2025-010194,S0028146,2025FA,2025-26,1,1,7395,0,0
AID2025-010195,S0000129,2025FA,2025-26,0,0,0,1,5500
AID2025-010196,S0033776,2025FA,2025-26,1,1,7395,0,0
AID2025-010197,S0033446,2025FA,2025-26,0,0,0,0,0
AID2025-010198,S0030518,2025FA,2025-26,1,1,7395,1,5500
AID2025-010199,S0009809,2025FA,2025-26,0,0,0,0,0
AID2025-010200,S0035677,2025FA,2025-26,0,0,0,0,0
AID2025-010201,S0037373,2025FA,2025-26,1,1,7395,1,5500
AID2025-010202,S0029489,2025FA,2025-26,1,1,7395,0,0
AID2025-010203,S0037710,2025FA,2025-26,0,0,0,0,0
AID2025-010204,S0028040,2025FA,2025-26,1,1,7395,1,5500
AID2025-010205,S0013368,2025FA,2025-26,0,0,0,0,0
AID2025-010206,S0038665,2025FA,2025-26,0,0,0,0,0
AID2025-010207,S0023415,2025FA,2025-26,0,0,0,1,5500
AID2025-010208,S0038300,2025FA,2025-26,0,0,0,0,0
AID2025-010209,S0036926,2025FA,2025-26,1,1,7395,0,0
AID2025-010210,S0031584,2025FA,2025-26,1,1,7395,1,5500
AID2025-010211,S0019302,2025FA,2025-26,0,0,0,0,0
AID2025-010212,S0001793,2025FA,2025-26,0,0,0,0,0
AID2025-010213,S0033037,2025FA,2025-26,0,0,0,1,5500
AID2025-010214,S0013247,2025FA,2025-26,0,0,0,0,0
AID2025-010215,S0037933,2025FA,2025-26,1,1,7395,0,0
AID2025-010216,S0027319,2025FA,2025-26,1,1,7395,1,5500
AID2025-010217,S0012431,2025FA,2025-26,0,0,0,0,0
AID2025-010218,S0040127,2025FA,2025-26,0,0,0,0,0
AID2025-010219,S0017292,2025FA,2025-26,1,1,7395,1,5500
AID2025-010220,S0033733,2025FA,2025-26,1,1,7395,0,0
AID2025-010221,S0037815,2025FA,2025-26,0,0,0,0,0
AID2025-010222,S0035742,2025FA,2025-26,0,0,0,1,5500
AID2025-010223,S0039851,2025FA,2025-26,0,0,0,0,0
AID2025-010224,S0037258,2025FA,2025-26,0,0,0,0,0
AID2025-010225,S0031909,2025FA,2025-26,1,1,7395,1,5500
AID2025-010226,S0033200,2025FA,2025-26,0,0,0,0,0
AID2025-010227,S0033911,2025FA,2025-26,0,0,0,0,0
AID2025-010228,S0016730,2025FA,2025-26,1,0,0,1,5500
AID2025-010229,S0010991,2025FA,2025-26,0,0,0,0,0
AID2025-010230,S0037331,2025FA,2025-26,0,0,0,0,0
AID2025-010231,S0031542,2025FA,2025-26,0,0,0,1,5500
AID2025-010232,S0039905,2025FA,2025-26,0,0,0,0,0
AID2025-010233,S0036776,2025FA,2025-26,1,1,7395,0,0
AID2025-010234,S0037045,2025FA,2025-26,0,0,0,1,5500
AID2025-010235,S0015825,2025FA,2025-26,1,0,0,0,0
AID2025-010236,S0037445,2025FA,2025-26,0,0,0,0,0
AID2025-010237,S0000288,2025FA,2025-26,0,0,0,1,5500
AID2025-010238,S0027995,2025FA,2025-26,1,1,7395,0,0
AID2025-010239,S0032969,2025FA,2025-26,0,0,0,0,0
AID2025-010240,S0036577,2025FA,2025-26,0,0,0,1,5500
AID2025-010241,S0037912,2025FA,2025-26,1,1,7395,0,0
AID2025-010242,S0001956,2025FA,2025-26,1,0,0,0,0
AID2025-010243,S0022353,2025FA,2025-26,0,0,0,1,5500
AID2025-010244,S0036297,2025FA,2025-26,1,1,7395,0,0
AID2025-010245,S0030917,2025FA,2025-26,1,1,7395,0,0
AID2025-010246,S0029039,2025FA,2025-26,0,0,0,1,5500
AID2025-010247,S0026395,2025FA,2025-26,0,0,0,0,0
AID2025-010248,S0022276,2025FA,2025-26,1,1,7395,0,0
AID2025-010249,S0040040,2025FA,2025-26,0,0,0,1,5500
AID2025-010250,S0036397,2025FA,2025-26,1,1,7395,0,0
AID2025-010251,S0037894,2025FA,2025-26,0,0,0,0,0
AID2025-010252,S0026287,2025FA,2025-26,1,1,7395,1,5500
AID2025-010253,S0011516,2025FA,2025-26,1,1,7395,0,0
AID2025-010254,S0027835,2025FA,2025-26,0,0,0,0,0
AID2025-010255,S0032997,2025FA,2025-26,1,1,7395,1,5500
AID2025-010256,S0038111,2025FA,2025-26,0,0,0,0,0
AID2025-010257,S0036115,2025FA,2025-26,1,1,7395,0,0
AID2025-010258,S0029301,2025FA,2025-26,1,1,7395,1,5500
AID2025-010259,S0037701,2025FA,2025-26,0,0,0,0,0
AID2025-010260,S0017681,2025FA,2025-26,0,0,0,0,0
AID2025-010261,S0039518,2025FA,2025-26,0,0,0,1,5500
AID2025-010262,S0029151,2025FA,2025-26,0,0,0,0,0
AID2025-010263,S0037098,2025FA,2025-26,1,0,0,0,0
AID2025-010264,S0035267,2025FA,2025-26,0,0,0,1,5500
AID2025-010265,S0010889,2025FA,2025-26,1,1,7395,0,0
AID2025-010266,S0035319,2025FA,2025-26,0,0,0,0,0
AID2025-010267,S0040286,2025FA,2025-26,0,0,0,1,5500
AID2025-010268,S0008994,2025FA,2025-26,0,0,0,0,0
AID2025-010269,S0026259,2025FA,2025-26,1,1,7395,0,0
AID2025-010270,S0027706,2025FA,2025-26,0,0,0,1,5500
AID2025-010271,S0019328,2025FA,2025-26,1,1,7395,0,0
AID2025-010272,S0023559,2025FA,2025-26,1,1,7395,0,0
AID2025-010273,S0033399,2025FA,2025-26,0,0,0,1,5500
AID2025-010274,S0001734,2025FA,2025-26,0,0,0,0,0
AID2025-010275,S0035758,2025FA,2025-26,0,0,0,0,0
AID2025-010276,S0014951,2025FA,2025-26,1,1,7395,1,5500
AID2025-010277,S0036770,2025FA,2025-26,0,0,0,0,0
AID2025-010278,S0034197,2025FA,2025-26,1,1,7395,0,0
AID2025-010279,S0032970,2025FA,2025-26,0,0,0,1,5500
AID2025-010280,S0003322,2025FA,2025-26,0,0,0,0,0
AID2025-010281,S0023084,2025FA,2025-26,1,1,7395,0,0
AID2025-010282,S0036418,2025FA,2025-26,0,0,0,1,5500
AID2025-010283,S0010173,2025FA,2025-26,0,0,0,0,0
AID2025-010284,S0040606,2025FA,2025-26,1,1,7395,0,0
AID2025-010285,S0027576,2025FA,2025-26,0,0,0,1,5500
AID2025-010286,S0029491,2025FA,2025-26,0,0,0,0,0
AID2025-010287,S0035674,2025FA,2025-26,0,0,0,0,0
AID2025-010288,S0029458,2025FA,2025-26,0,0,0,1,5500
AID2025-010289,S0030346,2025FA,2025-26,0,0,0,0,0
AID2025-010290,S0032517,2025FA,2025-26,1,1,7395,0,0
AID2025-010291,S0005236,2025FA,2025-26,1,0,0,1,5500
AID2025-010292,S0037197,2025FA,2025-26,0,0,0,0,0
AID2025-010293,S0034028,2025FA,2025-26,1,1,7395,0,0
AID2025-010294,S0034345,2025FA,2025-26,1,1,7395,1,5500
AID2025-010295,S0015045,2025FA,2025-26,1,1,7395,0,0
AID2025-010296,S0007786,2025FA,2025-26,0,0,0,0,0
AID2025-010297,S0039105,2025FA,2025-26,1,1,7395,1,5500
AID2025-010298,S0001191,2025FA,2025-26,0,0,0,0,0
AID2025-010299,S0037154,2025FA,2025-26,1,1,7395,0,0
AID2025-010300,S0011627,2025FA,2025-26,1,1,7395,1,5500
AID2025-010301,S0039395,2025FA,2025-26,1,1,7395,0,0
AID2025-010302,S0038051,2025FA,2025-26,0,0,0,0,0
AID2025-010303,S0032024,2025FA,2025-26,1,1,7395,1,5500
AID2025-010304,S0037424,2025FA,2025-26,0,0,0,0,0
AID2025-010305,S0037270,2025FA,2025-26,0,0,0,0,0
AID2025-010306,S0011552,2025FA,2025-26,0,0,0,1,5500
AID2025-010307,S0001045,2025FA,2025-26,1,1,7395,0,0
AID2025-010308,S0040222,2025FA,2025-26,0,0,0,0,0
AID2025-010309,S0030384,2025FA,2025-26,1,1,7395,1,5500
AID2025-010310,S0031003,2025FA,2025-26,1,1,7395,0,0
AID2025-010311,S0022827,2025FA,2025-26,0,0,0,0,0
AID2025-010312,S0027358,2025FA,2025-26,0,0,0,1,5500
AID2025-010313,S0033305,2025FA,2025-26,0,0,0,0,0
AID2025-010314,S0013189,2025FA,2025-26,0,0,0,0,0
AID2025-010315,S0033691,2025FA,2025-26,0,0,0,1,5500
AID2025-010316,S0007173,2025FA,2025-26,0,0,0,0,0
AID2025-010317,S0022805,2025FA,2025-26,0,0,0,0,0
AID2025-010318,S0013323,2025FA,2025-26,0,0,0,1,5500
AID2025-010319,S0017667,2025FA,2025-26,0,0,0,0,0
AID2025-010320,S0033320,2025FA,2025-26,0,0,0,0,0
AID2025-010321,S0016022,2025FA,2025-26,0,0,0,1,5500
AID2025-010322,S0024096,2025FA,2025-26,0,0,0,0,0
AID2025-010323,S0025350,2025FA,2025-26,0,0,0,0,0
AID2025-010324,S0039183,2025FA,2025-26,0,0,0,1,5500
AID2025-010325,S0037847,2025FA,2025-26,1,1,7395,0,0
AID2025-010326,S0034280,2025FA,2025-26,0,0,0,0,0
AID2025-010327,S0025556,2025FA,2025-26,1,1,7395,1,5500
AID2025-010328,S0018360,2025FA,2025-26,1,1,7395,0,0
AID2025-010329,S0039449,2025FA,2025-26,1,1,7395,0,0
AID2025-010330,S0007019,2025FA,2025-26,1,1,7395,1,5500
AID2025-010331,S0003127,2025FA,2025-26,0,0,0,0,0
AID2025-010332,S0033529,2025FA,2025-26,1,1,7395,0,0
AID2025-010333,S0036592,2025FA,2025-26,0,0,0,1,5500
AID2025-010334,S0029609,2025FA,2025-26,0,0,0,0,0
AID2025-010335,S0038649,2025FA,2025-26,0,0,0,0,0
AID2025-010336,S0026933,2025FA,2025-26,1,1,7395,1,5500
AID2025-010337,S0003905,2025FA,2025-26,1,1,7395,0,0
AID2025-010338,S0032430,2025FA,2025-26,0,0,0,0,0
AID2025-010339,S0034070,2025FA,2025-26,0,0,0,1,5500
AID2025-010340,S0027775,2025FA,2025-26,0,0,0,0,0
AID2025-010341,S0022701,2025FA,2025-26,0,0,0,0,0
AID2025-010342,S0030647,2025FA,2025-26,1,1,7395,1,5500
AID2025-010343,S0032222,2025FA,2025-26,1,1,7395,0,0
AID2025-010344,S0010491,2025FA,2025-26,1,1,7395,0,0
AID2025-010345,S0018178,2025FA,2025-26,0,0,0,1,5500
AID2025-010346,S0021125,2025FA,2025-26,1,1,7395,0,0
AID2025-010347,S0032044,2025FA,2025-26,0,0,0,0,0
AID2025-010348,S0021434,2025FA,2025-26,0,0,0,1,5500
AID2025-010349,S0000583,2025FA,2025-26,1,1,7395,0,0
AID2025-010350,S0029412,2025FA,2025-26,0,0,0,0,0
AID2025-010351,S0008414,2025FA,2025-26,1,1,7395,1,5500
AID2025-010352,S0022918,2025FA,2025-26,1,1,7395,0,0
AID2025-010353,S0011189,2025FA,2025-26,0,0,0,0,0
AID2025-010354,S0009762,2025FA,2025-26,0,0,0,1,5500
AID2025-010355,S0008771,2025FA,2025-26,0,0,0,0,0
AID2025-010356,S0001325,2025FA,2025-26,1,1,7395,0,0
AID2025-010357,S0000795,2025FA,2025-26,0,0,0,1,5500
AID2025-010358,S0021681,2025FA,2025-26,0,0,0,0,0
AID2025-010359,S0006017,2025FA,2025-26,0,0,0,0,0
AID2025-010360,S0014963,2025FA,2025-26,0,0,0,1,5500
AID2025-010361,S0031698,2025FA,2025-26,0,0,0,0,0
AID2025-010362,S0028043,2025FA,2025-26,1,1,7395,0,0
AID2025-010363,S0031040,2025FA,2025-26,1,1,7395,1,5500
AID2025-010364,S0029585,2025FA,2025-26,1,1,7395,0,0
AID2025-010365,S0036034,2025FA,2025-26,0,0,0,0,0
AID2025-010366,S0040657,2025FA,2025-26,0,0,0,1,5500
AID2025-010367,S0031104,2025FA,2025-26,0,0,0,0,0
AID2025-010368,S0031965,2025FA,2025-26,1,0,0,0,0
AID2025-010369,S0039130,2025FA,2025-26,0,0,0,1,5500
AID2025-010370,S0035503,2025FA,2025-26,0,0,0,0,0
AID2025-010371,S0033790,2025FA,2025-26,1,1,7395,0,0
AID2025-010372,S0024364,2025FA,2025-26,0,0,0,1,5500
AID2025-010373,S0018926,2025FA,2025-26,1,1,7395,0,0
AID2025-010374,S0033198,2025FA,2025-26,0,0,0,0,0
AID2025-010375,S0037904,2025FA,2025-26,1,1,7395,1,5500
AID2025-010376,S0009547,2025FA,2025-26,0,0,0,0,0
AID2025-010377,S0019104,2025FA,2025-26,1,1,7395,0,0
AID2025-010378,S0017853,2025FA,2025-26,1,1,7395,1,5500
AID2025-010379,S0023644,2025FA,2025-26,0,0,0,0,0
AID2025-010380,S0036880,2025FA,2025-26,0,0,0,0,0
AID2025-010381,S0022822,2025FA,2025-26,1,1,7395,1,5500
AID2025-010382,S0027571,2025FA,2025-26,1,0,0,0,0
AID2025-010383,S0031882,2025FA,2025-26,0,0,0,0,0
AID2025-010384,S0033785,2025FA,2025-26,0,0,0,1,5500
AID2025-010385,S0039303,2025FA,2025-26,0,0,0,0,0
AID2025-010386,S0027549,2025FA,2025-26,1,1,7395,0,0
AID2025-010387,S0038962,2025FA,2025-26,1,1,7395,1,5500
AID2025-010388,S0033226,2025FA,2025-26,0,0,0,0,0
AID2025-010389,S0038918,2025FA,2025-26,0,0,0,0,0
AID2025-010390,S0028868,2025FA,2025-26,0,0,0,1,5500
AID2025-010391,S0023487,2025FA,2025-26,0,0,0,0,0
AID2025-010392,S0021494,2025FA,2025-26,1,1,7395,0,0
AID2025-010393,S0018469,2025FA,2025-26,0,0,0,1,5500
AID2025-010394,S0038396,2025FA,2025-26,0,0,0,0,0
AID2025-010395,S0033379,2025FA,2025-26,0,0,0,0,0
AID2025-010396,S0021691,2025FA,2025-26,0,0,0,1,5500
AID2025-010397,S0024004,2025FA,2025-26,1,1,7395,0,0
AID2025-010398,S0035408,2025FA,2025-26,0,0,0,0,0
AID2025-010399,S0005017,2025FA,2025-26,0,0,0,1,5500
AID2025-010400,S0019460,2025FA,2025-26,0,0,0,0,0
AID2025-010401,S0034011,2025FA,2025-26,1,1,7395,0,0
AID2025-010402,S0038514,2025FA,2025-26,0,0,0,1,5500
AID2025-010403,S0039832,2025FA,2025-26,0,0,0,0,0
AID2025-010404,S0033172,2025FA,2025-26,0,0,0,0,0
AID2025-010405,S0011089,2025FA,2025-26,0,0,0,1,5500
AID2025-010406,S0023928,2025FA,2025-26,0,0,0,0,0
AID2025-010407,S0032228,2025FA,2025-26,0,0,0,0,0
AID2025-010408,S0018259,2025FA,2025-26,0,0,0,1,5500
AID2025-010409,S0039435,2025FA,2025-26,0,0,0,0,0
AID2025-010410,S0027744,2025FA,2025-26,0,0,0,0,0
AID2025-010411,S0024048,2025FA,2025-26,0,0,0,1,5500
AID2025-010412,S0029389,2025FA,2025-26,0,0,0,0,0
AID2025-010413,S0028617,2025FA,2025-26,0,0,0,0,0
AID2025-010414,S0028754,2025FA,2025-26,1,1,7395,1,5500
AID2025-010415,S0001857,2025FA,2025-26,0,0,0,0,0
AID2025-010416,S0007356,2025FA,2025-26,0,0,0,0,0
AID2025-010417,S0033941,2025FA,2025-26,0,0,0,1,5500
AID2025-010418,S0038626,2025FA,2025-26,0,0,0,0,0
AID2025-010419,S0035551,2025FA,2025-26,1,1,7395,0,0
AID2025-010420,S0023323,2025FA,2025-26,1,1,7395,1,5500
AID2025-010421,S0032798,2025FA,2025-26,1,1,7395,0,0
AID2025-010422,S0006167,2025FA,2025-26,0,0,0,0,0
AID2025-010423,S0011356,2025FA,2025-26,1,1,7395,1,5500
AID2025-010424,S0024110,2025FA,2025-26,1,0,0,0,0
AID2025-010425,S0036005,2025FA,2025-26,0,0,0,0,0
AID2025-010426,S0035881,2025FA,2025-26,0,0,0,1,5500
AID2025-010427,S0030527,2025FA,2025-26,0,0,0,0,0
AID2025-010428,S0037014,2025FA,2025-26,1,1,7395,0,0
AID2025-010429,S0039890,2025FA,2025-26,1,1,7395,1,5500
AID2025-010430,S0013367,2025FA,2025-26,0,0,0,0,0
AID2025-010431,S0035281,2025FA,2025-26,1,0,0,0,0
AID2025-010432,S0037243,2025FA,2025-26,0,0,0,1,5500
AID2025-010433,S0000150,2025FA,2025-26,1,1,7395,0,0
AID2025-010434,S0009952,2025FA,2025-26,0,0,0,0,0
AID2025-010435,S0021710,2025FA,2025-26,1,1,7395,1,5500
AID2025-010436,S0037911,2025FA,2025-26,0,0,0,0,0
AID2025-010437,S0035167,2025FA,2025-26,0,0,0,0,0
AID2025-010438,S0027123,2025FA,2025-26,0,0,0,1,5500
AID2025-010439,S0035432,2025FA,2025-26,0,0,0,0,0
AID2025-010440,S0016405,2025FA,2025-26,0,0,0,0,0
AID2025-010441,S0038788,2025FA,2025-26,1,1,7395,1,5500
AID2025-010442,S0028766,2025FA,2025-26,0,0,0,0,0
AID2025-010443,S0021829,2025FA,2025-26,0,0,0,0,0
AID2025-010444,S0023105,2025FA,2025-26,0,0,0,1,5500
AID2025-010445,S0001499,2025FA,2025-26,0,0,0,0,0
AID2025-010446,S0003002,2025FA,2025-26,0,0,0,0,0
AID2025-010447,S0008393,2025FA,2025-26,0,0,0,1,5500
AID2025-010448,S0013070,2025FA,2025-26,0,0,0,0,0
AID2025-010449,S0035739,2025FA,2025-26,0,0,0,0,0
AID2025-010450,S0021326,2025FA,2025-26,0,0,0,1,5500
AID2025-010451,S0037231,2025FA,2025-26,1,1,7395,0,0
AID2025-010452,S0040338,2025FA,2025-26,0,0,0,0,0
AID2025-010453,S0027771,2025FA,2025-26,0,0,0,1,5500
AID2025-010454,S0036582,2025FA,2025-26,0,0,0,0,0
AID2025-010455,S0021288,2025FA,2025-26,1,1,7395,0,0
AID2025-010456,S0023024,2025FA,2025-26,0,0,0,1,5500
AID2025-010457,S0039745,2025FA,2025-26,0,0,0,0,0
AID2025-010458,S0026216,2025FA,2025-26,1,1,7395,0,0
AID2025-010459,S0036354,2025FA,2025-26,1,0,0,1,5500
AID2025-010460,S0035123,2025FA,2025-26,0,0,0,0,0
AID2025-010461,S0033836,2025FA,2025-26,1,1,7395,0,0
AID2025-010462,S0040017,2025FA,2025-26,1,1,7395,1,5500
AID2025-010463,S0010715,2025FA,2025-26,0,0,0,0,0
AID2025-010464,S0032474,2025FA,2025-26,1,1,7395,0,0
AID2025-010465,S0008020,2025FA,2025-26,1,1,7395,1,5500
AID2025-010466,S0011908,2025FA,2025-26,0,0,0,0,0
AID2025-010467,S0039013,2025FA,2025-26,1,1,7395,0,0
AID2025-010468,S0040025,2025FA,2025-26,1,1,7395,1,5500
AID2025-010469,S0028251,2025FA,2025-26,0,0,0,0,0
AID2025-010470,S0035407,2025FA,2025-26,0,0,0,0,0
AID2025-010471,S0036156,2025FA,2025-26,1,1,7395,1,5500
AID2025-010472,S0019681,2025FA,2025-26,0,0,0,0,0
AID2025-010473,S0031143,2025FA,2025-26,0,0,0,0,0
AID2025-010474,S0001074,2025FA,2025-26,1,1,7395,1,5500
AID2025-010475,S0001090,2025FA,2025-26,0,0,0,0,0
AID2025-010476,S0031078,2025FA,2025-26,0,0,0,0,0
AID2025-010477,S0029510,2025FA,2025-26,0,0,0,1,5500
AID2025-010478,S0007149,2025FA,2025-26,1,1,7395,0,0
AID2025-010479,S0039396,2025FA,2025-26,0,0,0,0,0
AID2025-010480,S0027355,2025FA,2025-26,1,0,0,1,5500
AID2025-010481,S0039511,2025FA,2025-26,0,0,0,0,0
AID2025-010482,S0031778,2025FA,2025-26,0,0,0,0,0
AID2025-010483,S0032209,2025FA,2025-26,0,0,0,1,5500
AID2025-010484,S0028713,2025FA,2025-26,1,1,7395,0,0
AID2025-010485,S0023786,2025FA,2025-26,1,1,7395,0,0
AID2025-010486,S0021003,2025FA,2025-26,0,0,0,1,5500
AID2025-010487,S0039221,2025FA,2025-26,1,0,0,0,0
AID2025-010488,S0040666,2025FA,2025-26,0,0,0,0,0
AID2025-010489,S0018024,2025FA,2025-26,0,0,0,1,5500
AID2025-010490,S0039501,2025FA,2025-26,0,0,0,0,0
AID2025-010491,S0032371,2025FA,2025-26,0,0,0,0,0
AID2025-010492,S0039313,2025FA,2025-26,1,1,7395,1,5500
AID2025-010493,S0032004,2025FA,2025-26,0,0,0,0,0
AID2025-010494,S0025423,2025FA,2025-26,0,0,0,0,0
AID2025-010495,S0038039,2025FA,2025-26,0,0,0,1,5500
AID2025-010496,S0036568,2025FA,2025-26,1,1,7395,0,0
AID2025-010497,S0023270,2025FA,2025-26,0,0,0,0,0
AID2025-010498,S0015312,2025FA,2025-26,0,0,0,1,5500
AID2025-010499,S0030952,2025FA,2025-26,0,0,0,0,0
AID2025-010500,S0027785,2025FA,2025-26,1,1,7395,0,0
AID2025-010501,S0003510,2025FA,2025-26,0,0,0,1,5500
AID2025-010502,S0023927,2025FA,2025-26,1,1,7395,0,0
AID2025-010503,S0033068,2025FA,2025-26,1,1,7395,0,0
AID2025-010504,S0027023,2025FA,2025-26,0,0,0,1,5500
AID2025-010505,S0033740,2025FA,2025-26,1,1,7395,0,0
AID2025-010506,S0025721,2025FA,2025-26,0,0,0,0,0
AID2025-010507,S0002023,2025FA,2025-26,0,0,0,1,5500
AID2025-010508,S0030863,2025FA,2025-26,1,0,0,0,0
AID2025-010509,S0040011,2025FA,2025-26,1,1,7395,0,0
AID2025-010510,S0031685,2025FA,2025-26,0,0,0,1,5500
AID2025-010511,S0000837,2025FA,2025-26,1,1,7395,0,0
AID2025-010512,S0024076,2025FA,2025-26,0,0,0,0,0
AID2025-010513,S0034390,2025FA,2025-26,1,1,7395,1,5500
AID2025-010514,S0033576,2025FA,2025-26,1,1,7395,0,0
AID2025-010515,S0015061,2025FA,2025-26,0,0,0,0,0
AID2025-010516,S0028720,2025FA,2025-26,1,1,7395,1,5500
AID2025-010517,S0010768,2025FA,2025-26,0,0,0,0,0
AID2025-010518,S0019002,2025FA,2025-26,0,0,0,0,0
AID2025-010519,S0007702,2025FA,2025-26,0,0,0,1,5500
AID2025-010520,S0019167,2025FA,2025-26,0,0,0,0,0
AID2025-010521,S0014982,2025FA,2025-26,0,0,0,0,0
AID2025-010522,S0032343,2025FA,2025-26,0,0,0,1,5500
AID2025-010523,S0037767,2025FA,2025-26,1,1,7395,0,0
AID2025-010524,S0019092,2025FA,2025-26,1,1,7395,0,0
AID2025-010525,S0018918,2025FA,2025-26,0,0,0,1,5500
AID2025-010526,S0011748,2025FA,2025-26,0,0,0,0,0
AID2025-010527,S0039318,2025FA,2025-26,0,0,0,0,0
AID2025-010528,S0036222,2025FA,2025-26,0,0,0,1,5500
AID2025-010529,S0031172,2025FA,2025-26,0,0,0,0,0
AID2025-010530,S0027902,2025FA,2025-26,0,0,0,0,0
AID2025-010531,S0008277,2025FA,2025-26,1,1,7395,1,5500
AID2025-010532,S0003550,2025FA,2025-26,1,1,7395,0,0
AID2025-010533,S0010422,2025FA,2025-26,0,0,0,0,0
AID2025-010534,S0006901,2025FA,2025-26,1,1,7395,1,5500
AID2025-010535,S0033696,2025FA,2025-26,1,1,7395,0,0
AID2025-010536,S0033988,2025FA,2025-26,0,0,0,0,0
AID2025-010537,S0015433,2025FA,2025-26,0,0,0,1,5500
AID2025-010538,S0018457,2025FA,2025-26,0,0,0,0,0
AID2025-010539,S0018683,2025FA,2025-26,0,0,0,0,0
AID2025-010540,S0027345,2025FA,2025-26,0,0,0,1,5500
AID2025-010541,S0029357,2025FA,2025-26,0,0,0,0,0
AID2025-010542,S0003067,2025FA,2025-26,0,0,0,0,0
AID2025-010543,S0028784,2025FA,2025-26,0,0,0,1,5500
AID2025-010544,S0036306,2025FA,2025-26,1,1,7395,0,0
AID2025-010545,S0027608,2025FA,2025-26,0,0,0,0,0
AID2025-010546,S0036797,2025FA,2025-26,0,0,0,1,5500
AID2025-010547,S0028343,2025FA,2025-26,1,1,7395,0,0
AID2025-010548,S0007245,2025FA,2025-26,1,1,7395,0,0
AID2025-010549,S0036458,2025FA,2025-26,1,1,7395,1,5500
AID2025-010550,S0040336,2025FA,2025-26,1,0,0,0,0
AID2025-010551,S0037489,2025FA,2025-26,1,1,7395,0,0
AID2025-010552,S0038554,2025FA,2025-26,1,1,7395,1,5500
AID2025-010553,S0004499,2025FA,2025-26,0,0,0,0,0
AID2025-010554,S0026133,2025FA,2025-26,0,0,0,0,0
AID2025-010555,S0022622,2025FA,2025-26,1,1,7395,1,5500
AID2025-010556,S0029513,2025FA,2025-26,1,1,7395,0,0
AID2025-010557,S0032664,2025FA,2025-26,0,0,0,0,0
AID2025-010558,S0030768,2025FA,2025-26,1,1,7395,1,5500
AID2025-010559,S0004544,2025FA,2025-26,0,0,0,0,0
AID2025-010560,S0016205,2025FA,2025-26,0,0,0,0,0
AID2025-010561,S0037512,2025FA,2025-26,1,1,7395,1,5500
AID2025-010562,S0014796,2025FA,2025-26,0,0,0,0,0
AID2025-010563,S0014448,2025FA,2025-26,1,1,7395,0,0
AID2025-010564,S0028646,2025FA,2025-26,0,0,0,1,5500
AID2025-010565,S0038287,2025FA,2025-26,0,0,0,0,0
AID2025-010566,S0028320,2025FA,2025-26,1,1,7395,0,0
AID2025-010567,S0012938,2025FA,2025-26,1,1,7395,1,5500
AID2025-010568,S0014407,2025FA,2025-26,0,0,0,0,0
AID2025-010569,S0028060,2025FA,2025-26,1,1,7395,0,0
AID2025-010570,S0000863,2025FA,2025-26,1,1,7395,1,5500
AID2025-010571,S0035426,2025FA,2025-26,0,0,0,0,0
AID2025-010572,S0034014,2025FA,2025-26,1,1,7395,0,0
AID2025-010573,S0019422,2025FA,2025-26,1,1,7395,1,5500
AID2025-010574,S0001450,2025FA,2025-26,1,1,7395,0,0
AID2025-010575,S0027193,2025FA,2025-26,1,1,7395,0,0
AID2025-010576,S0011965,2025FA,2025-26,1,1,7395,1,5500
AID2025-010577,S0020771,2025FA,2025-26,0,0,0,0,0
AID2025-010578,S0033408,2025FA,2025-26,0,0,0,0,0
AID2025-010579,S0039895,2025FA,2025-26,1,1,7395,1,5500
AID2025-010580,S0032924,2025FA,2025-26,0,0,0,0,0
AID2025-010581,S0037506,2025FA,2025-26,0,0,0,0,0
AID2025-010582,S0037520,2025FA,2025-26,1,1,7395,1,5500
AID2025-010583,S0022895,2025FA,2025-26,1,1,7395,0,0
AID2025-010584,S0031394,2025FA,2025-26,0,0,0,0,0
AID2025-010585,S0040128,2025FA,2025-26,0,0,0,1,5500
AID2025-010586,S0031532,2025FA,2025-26,0,0,0,0,0
AID2025-010587,S0039063,2025FA,2025-26,1,1,7395,0,0
AID2025-010588,S0033619,2025FA,2025-26,1,1,7395,1,5500
AID2025-010589,S0036661,2025FA,2025-26,1,1,7395,0,0
AID2025-010590,S0013574,2025FA,2025-26,0,0,0,0,0
AID2025-010591,S0033234,2025FA,2025-26,0,0,0,1,5500
AID2025-010592,S0039170,2025FA,2025-26,1,0,0,0,0
AID2025-010593,S0033673,2025FA,2025-26,1,1,7395,0,0
AID2025-010594,S0040186,2025FA,2025-26,0,0,0,1,5500
AID2025-010595,S0033608,2025FA,2025-26,0,0,0,0,0
AID2025-010596,S0033586,2025FA,2025-26,0,0,0,0,0
AID2025-010597,S0038502,2025FA,2025-26,1,1,7395,1,5500
AID2025-010598,S0038558,2025FA,2025-26,1,1,7395,0,0
AID2025-010599,S0027897,2025FA,2025-26,1,0,0,0,0
AID2025-010600,S0040572,2025FA,2025-26,1,1,7395,1,5500
AID2025-010601,S0000653,2025FA,2025-26,1,1,7395,0,0
AID2025-010602,S0039829,2025FA,2025-26,0,0,0,0,0
AID2025-010603,S0040012,2025FA,2025-26,0,0,0,1,5500
AID2025-010604,S0029216,2025FA,2025-26,1,1,7395,0,0
AID2025-010605,S0021165,2025FA,2025-26,0,0,0,0,0
AID2025-010606,S0027880,2025FA,2025-26,1,0,0,1,5500
AID2025-010607,S0028158,2025FA,2025-26,0,0,0,0,0
AID2025-010608,S0034198,2025FA,2025-26,0,0,0,0,0
AID2025-010609,S0005167,2025FA,2025-26,0,0,0,1,5500
AID2025-010610,S0017585,2025FA,2025-26,1,1,7395,0,0
AID2025-010611,S0009380,2025FA,2025-26,1,1,7395,0,0
AID2025-010612,S0020633,2025FA,2025-26,1,1,7395,1,5500
AID2025-010613,S0032338,2025FA,2025-26,1,0,0,0,0
AID2025-010614,S0020860,2025FA,2025-26,0,0,0,0,0
AID2025-010615,S0019314,2025FA,2025-26,1,1,7395,1,5500
AID2025-010616,S0037261,2025FA,2025-26,0,0,0,0,0
AID2025-010617,S0035124,2025FA,2025-26,1,1,7395,0,0
AID2025-010618,S0026174,2025FA,2025-26,1,1,7395,1,5500
AID2025-010619,S0039576,2025FA,2025-26,0,0,0,0,0
AID2025-010620,S0009321,2025FA,2025-26,0,0,0,0,0
AID2025-010621,S0021309,2025FA,2025-26,1,1,7395,1,5500
AID2025-010622,S0040154,2025FA,2025-26,1,1,7395,0,0
AID2025-010623,S0037304,2025FA,2025-26,1,1,7395,0,0
AID2025-010624,S0029262,2025FA,2025-26,0,0,0,1,5500
AID2025-010625,S0005746,2025FA,2025-26,1,1,7395,0,0
AID2025-010626,S0031195,2025FA,2025-26,1,1,7395,0,0
AID2025-010627,S0026441,2025FA,2025-26,1,0,0,1,5500
AID2025-010628,S0031744,2025FA,2025-26,1,1,7395,0,0
AID2025-010629,S0027682,2025FA,2025-26,0,0,0,0,0
AID2025-010630,S0035608,2025FA,2025-26,1,1,7395,1,5500
AID2025-010631,S0020604,2025FA,2025-26,0,0,0,0,0
AID2025-010632,S0040068,2025FA,2025-26,0,0,0,0,0
AID2025-010633,S0038020,2025FA,2025-26,1,1,7395,1,5500
AID2025-010634,S0029206,2025FA,2025-26,1,0,0,0,0
AID2025-010635,S0036100,2025FA,2025-26,1,1,7395,0,0
AID2025-010636,S0015984,2025FA,2025-26,0,0,0,1,5500
AID2025-010637,S0039577,2025FA,2025-26,1,1,7395,0,0
AID2025-010638,S0029121,2025FA,2025-26,0,0,0,0,0
AID2025-010639,S0039260,2025FA,2025-26,1,1,7395,1,5500
AID2025-010640,S0002054,2025FA,2025-26,0,0,0,0,0
AID2025-010641,S0020788,2025FA,2025-26,1,0,0,0,0
AID2025-010642,S0035696,2025FA,2025-26,0,0,0,1,5500
AID2025-010643,S0039782,2025FA,2025-26,0,0,0,0,0
AID2025-010644,S0021122,2025FA,2025-26,0,0,0,0,0
AID2025-010645,S0013286,2025FA,2025-26,0,0,0,1,5500
AID2025-010646,S0033174,2025FA,2025-26,1,1,7395,0,0
AID2025-010647,S0002091,2025FA,2025-26,0,0,0,0,0
AID2025-010648,S0039376,2025FA,2025-26,1,1,7395,1,5500
AID2025-010649,S0005199,2025FA,2025-26,1,1,7395,0,0
AID2025-010650,S0001265,2025FA,2025-26,0,0,0,0,0
AID2025-010651,S0037390,2025FA,2025-26,0,0,0,1,5500
AID2025-010652,S0038005,2025FA,2025-26,1,1,7395,0,0
AID2025-010653,S0026949,2025FA,2025-26,0,0,0,0,0
AID2025-010654,S0003046,2025FA,2025-26,1,1,7395,1,5500
AID2025-010655,S0038168,2025FA,2025-26,0,0,0,0,0
AID2025-010656,S0037997,2025FA,2025-26,0,0,0,0,0
AID2025-010657,S0025569,2025FA,2025-26,1,1,7395,1,5500
AID2025-010658,S0023471,2025FA,2025-26,1,1,7395,0,0
AID2025-010659,S0035149,2025FA,2025-26,0,0,0,0,0
AID2025-010660,S0018622,2025FA,2025-26,1,1,7395,1,5500
AID2025-010661,S0034004,2025FA,2025-26,0,0,0,0,0
AID2025-010662,S0036712,2025FA,2025-26,0,0,0,0,0
AID2025-010663,S0000021,2025FA,2025-26,0,0,0,1,5500
AID2025-010664,S0036885,2025FA,2025-26,0,0,0,0,0
AID2025-010665,S0031124,2025FA,2025-26,1,1,7395,0,0
AID2025-010666,S0032692,2025FA,2025-26,0,0,0,1,5500
AID2025-010667,S0032801,2025FA,2025-26,0,0,0,0,0
AID2025-010668,S0032818,2025FA,2025-26,0,0,0,0,0
AID2025-010669,S0039319,2025FA,2025-26,1,0,0,1,5500
AID2025-010670,S0039755,2025FA,2025-26,0,0,0,0,0
AID2025-010671,S0038533,2025FA,2025-26,0,0,0,0,0
AID2025-010672,S0038466,2025FA,2025-26,0,0,0,1,5500
AID2025-010673,S0040520,2025FA,2025-26,1,1,7395,0,0
AID2025-010674,S0030588,2025FA,2025-26,0,0,0,0,0
AID2025-010675,S0040650,2025FA,2025-26,0,0,0,1,5500
AID2025-010676,S0027611,2025FA,2025-26,0,0,0,0,0
AID2025-010677,S0023398,2025FA,2025-26,0,0,0,0,0
AID2025-010678,S0032329,2025FA,2025-26,1,1,7395,1,5500
AID2025-010679,S0012918,2025FA,2025-26,0,0,0,0,0
AID2025-010680,S0031482,2025FA,2025-26,0,0,0,0,0
AID2025-010681,S0039137,2025FA,2025-26,0,0,0,1,5500
AID2025-010682,S0000010,2025FA,2025-26,0,0,0,0,0
AID2025-010683,S0031137,2025FA,2025-26,0,0,0,0,0
AID2025-010684,S0028211,2025FA,2025-26,1,1,7395,1,5500
AID2025-010685,S0019339,2025FA,2025-26,1,1,7395,0,0
AID2025-010686,S0033876,2025FA,2025-26,1,1,7395,0,0
AID2025-010687,S0031792,2025FA,2025-26,0,0,0,1,5500
AID2025-010688,S0019105,2025FA,2025-26,0,0,0,0,0
AID2025-010689,S0037872,2025FA,2025-26,0,0,0,0,0
AID2025-010690,S0040596,2025FA,2025-26,0,0,0,1,5500
AID2025-010691,S0032477,2025FA,2025-26,0,0,0,0,0
AID2025-010692,S0033440,2025FA,2025-26,0,0,0,0,0
AID2025-010693,S0007527,2025FA,2025-26,0,0,0,1,5500
AID2025-010694,S0031186,2025FA,2025-26,0,0,0,0,0
AID2025-010695,S0021460,2025FA,2025-26,0,0,0,0,0
AID2025-010696,S0035720,2025FA,2025-26,0,0,0,1,5500
AID2025-010697,S0012253,2025FA,2025-26,1,0,0,0,0
AID2025-010698,S0022538,2025FA,2025-26,0,0,0,0,0
AID2025-010699,S0028225,2025FA,2025-26,1,1,7395,1,5500
AID2025-010700,S0037792,2025FA,2025-26,0,0,0,0,0
AID2025-010701,S0028581,2025FA,2025-26,1,1,7395,0,0
AID2025-010702,S0011882,2025FA,2025-26,0,0,0,1,5500
AID2025-010703,S0001155,2025FA,2025-26,0,0,0,0,0
AID2025-010704,S0018962,2025FA,2025-26,0,0,0,0,0
AID2025-010705,S0040341,2025FA,2025-26,1,1,7395,1,5500
AID2025-010706,S0031363,2025FA,2025-26,1,1,7395,0,0
AID2025-010707,S0000260,2025FA,2025-26,0,0,0,0,0
AID2025-010708,S0039361,2025FA,2025-26,0,0,0,1,5500
AID2025-010709,S0017271,2025FA,2025-26,0,0,0,0,0
AID2025-010710,S0010272,2025FA,2025-26,0,0,0,0,0
AID2025-010711,S0019541,2025FA,2025-26,1,0,0,1,5500
AID2025-010712,S0033718,2025FA,2025-26,0,0,0,0,0
AID2025-010713,S0037367,2025FA,2025-26,0,0,0,0,0
AID2025-010714,S0000255,2025FA,2025-26,0,0,0,1,5500
AID2025-010715,S0034056,2025FA,2025-26,1,1,7395,0,0
AID2025-010716,S0031411,2025FA,2025-26,0,0,0,0,0
AID2025-010717,S0010397,2025FA,2025-26,0,0,0,1,5500
AID2025-010718,S0038231,2025FA,2025-26,0,0,0,0,0
AID2025-010719,S0029182,2025FA,2025-26,0,0,0,0,0
AID2025-010720,S0015028,2025FA,2025-26,0,0,0,1,5500
AID2025-010721,S0039485,2025FA,2025-26,1,1,7395,0,0
AID2025-010722,S0038756,2025FA,2025-26,0,0,0,0,0
AID2025-010723,S0028308,2025FA,2025-26,0,0,0,1,5500
AID2025-010724,S0023022,2025FA,2025-26,0,0,0,0,0
AID2025-010725,S0014786,2025FA,2025-26,0,0,0,0,0
AID2025-010726,S0038100,2025FA,2025-26,0,0,0,1,5500
AID2025-010727,S0029005,2025FA,2025-26,0,0,0,0,0
AID2025-010728,S0028575,2025FA,2025-26,1,1,7395,0,0
AID2025-010729,S0023033,2025FA,2025-26,0,0,0,1,5500
AID2025-010730,S0026729,2025FA,2025-26,1,1,7395,0,0
AID2025-010731,S0032888,2025FA,2025-26,0,0,0,0,0
AID2025-010732,S0027736,2025FA,2025-26,0,0,0,1,5500
AID2025-010733,S0011666,2025FA,2025-26,1,1,7395,0,0
AID2025-010734,S0006602,2025FA,2025-26,0,0,0,0,0
AID2025-010735,S0027328,2025FA,2025-26,0,0,0,1,5500
AID2025-010736,S0005477,2025FA,2025-26,0,0,0,0,0
AID2025-010737,S0012637,2025FA,2025-26,1,1,7395,0,0
AID2025-010738,S0037180,2025FA,2025-26,1,1,7395,1,5500
AID2025-010739,S0016916,2025FA,2025-26,0,0,0,0,0
AID2025-010740,S0035297,2025FA,2025-26,1,1,7395,0,0
AID2025-010741,S0009892,2025FA,2025-26,1,1,7395,1,5500
AID2025-010742,S0009947,2025FA,2025-26,0,0,0,0,0
AID2025-010743,S0036685,2025FA,2025-26,1,1,7395,0,0
AID2025-010744,S0021346,2025FA,2025-26,0,0,0,1,5500
AID2025-010745,S0010727,2025FA,2025-26,0,0,0,0,0
AID2025-010746,S0016401,2025FA,2025-26,0,0,0,0,0
AID2025-010747,S0038905,2025FA,2025-26,1,1,7395,1,5500
AID2025-010748,S0023025,2025FA,2025-26,1,1,7395,0,0
AID2025-010749,S0009989,2025FA,2025-26,0,0,0,0,0
AID2025-010750,S0033808,2025FA,2025-26,0,0,0,1,5500
AID2025-010751,S0014548,2025FA,2025-26,0,0,0,0,0
AID2025-010752,S0024467,2025FA,2025-26,0,0,0,0,0
AID2025-010753,S0006263,2025FA,2025-26,1,0,0,1,5500
AID2025-010754,S0030711,2025FA,2025-26,0,0,0,0,0
AID2025-010755,S0033725,2025FA,2025-26,0,0,0,0,0
AID2025-010756,S0035386,2025FA,2025-26,0,0,0,1,5500
AID2025-010757,S0039668,2025FA,2025-26,0,0,0,0,0
AID2025-010758,S0007905,2025FA,2025-26,0,0,0,0,0
AID2025-010759,S0037034,2025FA,2025-26,0,0,0,1,5500
AID2025-010760,S0010649,2025FA,2025-26,0,0,0,0,0
AID2025-010761,S0031913,2025FA,2025-26,0,0,0,0,0
AID2025-010762,S0037011,2025FA,2025-26,0,0,0,1,5500
AID2025-010763,S0038745,2025FA,2025-26,0,0,0,0,0
AID2025-010764,S0022636,2025FA,2025-26,0,0,0,0,0
AID2025-010765,S0033381,2025FA,2025-26,0,0,0,1,5500
AID2025-010766,S0024200,2025FA,2025-26,0,0,0,0,0
AID2025-010767,S0028304,2025FA,2025-26,1,0,0,0,0
AID2025-010768,S0032467,2025FA,2025-26,1,1,7395,1,5500
AID2025-010769,S0026990,2025FA,2025-26,0,0,0,0,0
AID2025-010770,S0030998,2025FA,2025-26,0,0,0,0,0
AID2025-010771,S0017939,2025FA,2025-26,0,0,0,1,5500
AID2025-010772,S0040223,2025FA,2025-26,0,0,0,0,0
AID2025-010773,S0038118,2025FA,2025-26,0,0,0,0,0
AID2025-010774,S0015597,2025FA,2025-26,0,0,0,1,5500
AID2025-010775,S0028905,2025FA,2025-26,0,0,0,0,0
AID2025-010776,S0014399,2025FA,2025-26,0,0,0,0,0
AID2025-010777,S0011803,2025FA,2025-26,0,0,0,1,5500
AID2025-010778,S0009498,2025FA,2025-26,1,1,7395,0,0
AID2025-010779,S0004127,2025FA,2025-26,0,0,0,0,0
AID2025-010780,S0003849,2025FA,2025-26,0,0,0,1,5500
AID2025-010781,S0017340,2025FA,2025-26,1,0,0,0,0
AID2025-010782,S0016819,2025FA,2025-26,0,0,0,0,0
AID2025-010783,S0022667,2025FA,2025-26,1,1,7395,1,5500
AID2025-010784,S0020867,2025FA,2025-26,1,1,7395,0,0
AID2025-010785,S0028230,2025FA,2025-26,1,1,7395,0,0
AID2025-010786,S0001855,2025FA,2025-26,1,1,7395,1,5500
AID2025-010787,S0036339,2025FA,2025-26,0,0,0,0,0
AID2025-010788,S0029163,2025FA,2025-26,1,0,0,0,0
AID2025-010789,S0040278,2025FA,2025-26,1,1,7395,1,5500
AID2025-010790,S0029333,2025FA,2025-26,0,0,0,0,0
AID2025-010791,S0023155,2025FA,2025-26,1,1,7395,0,0
AID2025-010792,S0035946,2025FA,2025-26,0,0,0,1,5500
AID2025-010793,S0038785,2025FA,2025-26,0,0,0,0,0
AID2025-010794,S0015585,2025FA,2025-26,1,1,7395,0,0
AID2025-010795,S0037359,2025FA,2025-26,0,0,0,1,5500
AID2025-010796,S0039774,2025FA,2025-26,0,0,0,0,0
AID2025-010797,S0037140,2025FA,2025-26,0,0,0,0,0
AID2025-010798,S0008386,2025FA,2025-26,0,0,0,1,5500
AID2025-010799,S0032307,2025FA,2025-26,0,0,0,0,0
AID2025-010800,S0033263,2025FA,2025-26,0,0,0,0,0
AID2025-010801,S0034037,2025FA,2025-26,0,0,0,1,5500
AID2025-010802,S0039607,2025FA,2025-26,0,0,0,0,0
AID2025-010803,S0020704,2025FA,2025-26,0,0,0,0,0
AID2025-010804,S0028162,2025FA,2025-26,0,0,0,1,5500
AID2025-010805,S0039517,2025FA,2025-26,0,0,0,0,0
AID2025-010806,S0026291,2025FA,2025-26,0,0,0,0,0
AID2025-010807,S0000403,2025FA,2025-26,0,0,0,1,5500
AID2025-010808,S0029359,2025FA,2025-26,0,0,0,0,0
AID2025-010809,S0001974,2025FA,2025-26,1,0,0,0,0
AID2025-010810,S0037213,2025FA,2025-26,0,0,0,1,5500
AID2025-010811,S0005049,2025FA,2025-26,1,1,7395,0,0
AID2025-010812,S0021838,2025FA,2025-26,0,0,0,0,0
AID2025-010813,S0033445,2025FA,2025-26,0,0,0,1,5500
AID2025-010814,S0025749,2025FA,2025-26,1,1,7395,0,0
AID2025-010815,S0040552,2025FA,2025-26,0,0,0,0,0
AID2025-010816,S0039282,2025FA,2025-26,0,0,0,1,5500
AID2025-010817,S0031678,2025FA,2025-26,0,0,0,0,0
AID2025-010818,S0030774,2025FA,2025-26,0,0,0,0,0
AID2025-010819,S0026575,2025FA,2025-26,1,1,7395,1,5500
AID2025-010820,S0038506,2025FA,2025-26,1,1,7395,0,0
AID2025-010821,S0037606,2025FA,2025-26,0,0,0,0,0
AID2025-010822,S0005665,2025FA,2025-26,1,1,7395,1,5500
AID2025-010823,S0014720,2025FA,2025-26,0,0,0,0,0
AID2025-010824,S0013588,2025FA,2025-26,0,0,0,0,0
AID2025-010825,S0011768,2025FA,2025-26,1,1,7395,1,5500
AID2025-010826,S0032489,2025FA,2025-26,0,0,0,0,0
AID2025-010827,S0037684,2025FA,2025-26,0,0,0,0,0
AID2025-010828,S0039790,2025FA,2025-26,0,0,0,1,5500
AID2025-010829,S0031160,2025FA,2025-26,1,1,7395,0,0
AID2025-010830,S0033561,2025FA,2025-26,1,1,7395,0,0
AID2025-010831,S0028164,2025FA,2025-26,0,0,0,1,5500
AID2025-010832,S0011926,2025FA,2025-26,1,1,7395,0,0
AID2025-010833,S0038594,2025FA,2025-26,0,0,0,0,0
AID2025-010834,S0038953,2025FA,2025-26,0,0,0,1,5500
AID2025-010835,S0034005,2025FA,2025-26,1,1,7395,0,0
AID2025-010836,S0032175,2025FA,2025-26,0,0,0,0,0
AID2025-010837,S0038301,2025FA,2025-26,1,0,0,1,5500
AID2025-010838,S0033747,2025FA,2025-26,1,1,7395,0,0
AID2025-010839,S0019426,2025FA,2025-26,1,1,7395,0,0
AID2025-010840,S0032363,2025FA,2025-26,1,1,7395,1,5500
AID2025-010841,S0001942,2025FA,2025-26,1,1,7395,0,0
AID2025-010842,S0032830,2025FA,2025-26,1,1,7395,0,0
AID2025-010843,S0028671,2025FA,2025-26,1,1,7395,1,5500
AID2025-010844,S0031424,2025FA,2025-26,1,0,0,0,0
AID2025-010845,S0037579,2025FA,2025-26,0,0,0,0,0
AID2025-010846,S0017134,2025FA,2025-26,0,0,0,1,5500
AID2025-010847,S0031664,2025FA,2025-26,0,0,0,0,0
AID2025-010848,S0027999,2025FA,2025-26,1,1,7395,0,0
AID2025-010849,S0017463,2025FA,2025-26,1,1,7395,1,5500
AID2025-010850,S0035589,2025FA,2025-26,0,0,0,0,0
AID2025-010851,S0036374,2025FA,2025-26,0,0,0,0,0
AID2025-010852,S0038698,2025FA,2025-26,1,1,7395,1,5500
AID2025-010853,S0039704,2025FA,2025-26,0,0,0,0,0
AID2025-010854,S0031536,2025FA,2025-26,1,1,7395,0,0
AID2025-010855,S0037788,2025FA,2025-26,0,0,0,1,5500
AID2025-010856,S0005907,2025FA,2025-26,1,1,7395,0,0
AID2025-010857,S0004502,2025FA,2025-26,0,0,0,0,0
AID2025-010858,S0040614,2025FA,2025-26,0,0,0,1,5500
AID2025-010859,S0029043,2025FA,2025-26,1,1,7395,0,0
AID2025-010860,S0039047,2025FA,2025-26,0,0,0,0,0
AID2025-010861,S0026205,2025FA,2025-26,0,0,0,1,5500
AID2025-010862,S0036379,2025FA,2025-26,0,0,0,0,0
AID2025-010863,S0025719,2025FA,2025-26,0,0,0,0,0
AID2025-010864,S0018788,2025FA,2025-26,0,0,0,1,5500
AID2025-010865,S0001299,2025FA,2025-26,0,0,0,0,0
AID2025-010866,S0027610,2025FA,2025-26,1,1,7395,0,0
AID2025-010867,S0018719,2025FA,2025-26,0,0,0,1,5500
AID2025-010868,S0029322,2025FA,2025-26,1,1,7395,0,0
AID2025-010869,S0007232,2025FA,2025-26,0,0,0,0,0
AID2025-010870,S0034295,2025FA,2025-26,0,0,0,1,5500
AID2025-010871,S0019432,2025FA,2025-26,0,0,0,0,0
AID2025-010872,S0018597,2025FA,2025-26,1,0,0,0,0
AID2025-010873,S0039115,2025FA,2025-26,0,0,0,1,5500
AID2025-010874,S0037966,2025FA,2025-26,0,0,0,0,0
AID2025-010875,S0038951,2025FA,2025-26,0,0,0,0,0
AID2025-010876,S0033887,2025FA,2025-26,1,1,7395,1,5500
AID2025-010877,S0025890,2025FA,2025-26,0,0,0,0,0
AID2025-010878,S0040418,2025FA,2025-26,0,0,0,0,0
AID2025-010879,S0040319,2025FA,2025-26,0,0,0,1,5500
AID2025-010880,S0040152,2025FA,2025-26,0,0,0,0,0
AID2025-010881,S0023907,2025FA,2025-26,1,1,7395,0,0
AID2025-010882,S0025495,2025FA,2025-26,0,0,0,1,5500
AID2025-010883,S0027066,2025FA,2025-26,0,0,0,0,0
AID2025-010884,S0037907,2025FA,2025-26,0,0,0,0,0
AID2025-010885,S0005048,2025FA,2025-26,0,0,0,1,5500
AID2025-010886,S0032146,2025FA,2025-26,0,0,0,0,0
AID2025-010887,S0013927,2025FA,2025-26,1,1,7395,0,0
AID2025-010888,S0009324,2025FA,2025-26,0,0,0,1,5500
AID2025-010889,S0039608,2025FA,2025-26,0,0,0,0,0
AID2025-010890,S0033787,2025FA,2025-26,0,0,0,0,0
AID2025-010891,S0033963,2025FA,2025-26,0,0,0,1,5500
AID2025-010892,S0001228,2025FA,2025-26,1,1,7395,0,0
AID2025-010893,S0039545,2025FA,2025-26,0,0,0,0,0
AID2025-010894,S0016613,2025FA,2025-26,0,0,0,1,5500
AID2025-010895,S0036978,2025FA,2025-26,0,0,0,0,0
AID2025-010896,S0022105,2025FA,2025-26,0,0,0,0,0
AID2025-010897,S0026638,2025FA,2025-26,0,0,0,1,5500
AID2025-010898,S0023529,2025FA,2025-26,1,1,7395,0,0
AID2025-010899,S0038052,2025FA,2025-26,0,0,0,0,0
AID2025-010900,S0029354,2025FA,2025-26,0,0,0,1,5500
AID2025-010901,S0002059,2025FA,2025-26,0,0,0,0,0
AID2025-010902,S0027914,2025FA,2025-26,1,1,7395,0,0
AID2025-010903,S0032524,2025FA,2025-26,1,1,7395,1,5500
AID2025-010904,S0037433,2025FA,2025-26,0,0,0,0,0
AID2025-010905,S0008973,2025FA,2025-26,0,0,0,0,0
AID2025-010906,S0028859,2025FA,2025-26,1,1,7395,1,5500
AID2025-010907,S0017351,2025FA,2025-26,0,0,0,0,0
AID2025-010908,S0035854,2025FA,2025-26,1,1,7395,0,0
AID2025-010909,S0016871,2025FA,2025-26,0,0,0,1,5500
AID2025-010910,S0031023,2025FA,2025-26,0,0,0,0,0
AID2025-010911,S0033516,2025FA,2025-26,0,0,0,0,0
AID2025-010912,S0030429,2025FA,2025-26,0,0,0,1,5500
AID2025-010913,S0015425,2025FA,2025-26,0,0,0,0,0
AID2025-010914,S0036289,2025FA,2025-26,0,0,0,0,0
AID2025-010915,S0039840,2025FA,2025-26,0,0,0,1,5500
AID2025-010916,S0039080,2025FA,2025-26,1,1,7395,0,0
AID2025-010917,S0033982,2025FA,2025-26,0,0,0,0,0
AID2025-010918,S0033451,2025FA,2025-26,0,0,0,1,5500
AID2025-010919,S0001973,2025FA,2025-26,1,1,7395,0,0
AID2025-010920,S0018413,2025FA,2025-26,0,0,0,0,0
AID2025-010921,S0009434,2025FA,2025-26,0,0,0,1,5500
AID2025-010922,S0011040,2025FA,2025-26,1,1,7395,0,0
AID2025-010923,S0023606,2025FA,2025-26,1,1,7395,0,0
AID2025-010924,S0021537,2025FA,2025-26,0,0,0,1,5500
AID2025-010925,S0040578,2025FA,2025-26,0,0,0,0,0
AID2025-010926,S0036983,2025FA,2025-26,1,1,7395,0,0
AID2025-010927,S0036038,2025FA,2025-26,0,0,0,1,5500
AID2025-010928,S0039687,2025FA,2025-26,1,0,0,0,0
AID2025-010929,S0032945,2025FA,2025-26,0,0,0,0,0
AID2025-010930,S0040324,2025FA,2025-26,1,1,7395,1,5500
AID2025-010931,S0006640,2025FA,2025-26,0,0,0,0,0
AID2025-010932,S0035383,2025FA,2025-26,0,0,0,0,0
AID2025-010933,S0026562,2025FA,2025-26,0,0,0,1,5500
AID2025-010934,S0028182,2025FA,2025-26,1,1,7395,0,0
AID2025-010935,S0015741,2025FA,2025-26,0,0,0,0,0
AID2025-010936,S0032852,2025FA,2025-26,0,0,0,1,5500
AID2025-010937,S0000315,2025FA,2025-26,0,0,0,0,0
AID2025-010938,S0037112,2025FA,2025-26,1,1,7395,0,0
AID2025-010939,S0022937,2025FA,2025-26,1,1,7395,1,5500
AID2025-010940,S0017259,2025FA,2025-26,0,0,0,0,0
AID2025-010941,S0023787,2025FA,2025-26,1,1,7395,0,0
AID2025-010942,S0032992,2025FA,2025-26,1,0,0,1,5500
AID2025-010943,S0018586,2025FA,2025-26,0,0,0,0,0
AID2025-010944,S0029420,2025FA,2025-26,0,0,0,0,0
AID2025-010945,S0029560,2025FA,2025-26,0,0,0,1,5500
AID2025-010946,S0023291,2025FA,2025-26,0,0,0,0,0
AID2025-010947,S0029167,2025FA,2025-26,0,0,0,0,0
AID2025-010948,S0017162,2025FA,2025-26,0,0,0,1,5500
AID2025-010949,S0039711,2025FA,2025-26,0,0,0,0,0
AID2025-010950,S0025459,2025FA,2025-26,0,0,0,0,0
AID2025-010951,S0006428,2025FA,2025-26,1,1,7395,1,5500
AID2025-010952,S0007096,2025FA,2025-26,1,1,7395,0,0
AID2025-010953,S0031588,2025FA,2025-26,0,0,0,0,0
AID2025-010954,S0022026,2025FA,2025-26,0,0,0,1,5500
AID2025-010955,S0033185,2025FA,2025-26,0,0,0,0,0
AID2025-010956,S0033229,2025FA,2025-26,1,0,0,0,0
AID2025-010957,S0039918,2025FA,2025-26,0,0,0,1,5500
AID2025-010958,S0031336,2025FA,2025-26,1,1,7395,0,0
AID2025-010959,S0027638,2025FA,2025-26,0,0,0,0,0
AID2025-010960,S0027245,2025FA,2025-26,1,1,7395,1,5500
AID2025-010961,S0014825,2025FA,2025-26,0,0,0,0,0
AID2025-010962,S0032650,2025FA,2025-26,0,0,0,0,0
AID2025-010963,S0037188,2025FA,2025-26,0,0,0,1,5500
AID2025-010964,S0026297,2025FA,2025-26,1,1,7395,0,0
AID2025-010965,S0029016,2025FA,2025-26,0,0,0,0,0
AID2025-010966,S0003497,2025FA,2025-26,0,0,0,1,5500
AID2025-010967,S0036425,2025FA,2025-26,1,1,7395,0,0
AID2025-010968,S0033962,2025FA,2025-26,0,0,0,0,0
AID2025-010969,S0023771,2025FA,2025-26,0,0,0,1,5500
AID2025-010970,S0031217,2025FA,2025-26,1,0,0,0,0
AID2025-010971,S0002090,2025FA,2025-26,1,1,7395,0,0
AID2025-010972,S0033179,2025FA,2025-26,0,0,0,1,5500
AID2025-010973,S0009435,2025FA,2025-26,0,0,0,0,0
AID2025-010974,S0017756,2025FA,2025-26,0,0,0,0,0
AID2025-010975,S0040254,2025FA,2025-26,0,0,0,1,5500
AID2025-010976,S0036211,2025FA,2025-26,0,0,0,0,0
AID2025-010977,S0029353,2025FA,2025-26,0,0,0,0,0
AID2025-010978,S0012957,2025FA,2025-26,0,0,0,1,5500
AID2025-010979,S0038670,2025FA,2025-26,1,1,7395,0,0
AID2025-010980,S0023617,2025FA,2025-26,0,0,0,0,0
AID2025-010981,S0028493,2025FA,2025-26,0,0,0,1,5500
AID2025-010982,S0038440,2025FA,2025-26,0,0,0,0,0
AID2025-010983,S0010653,2025FA,2025-26,0,0,0,0,0
AID2025-010984,S0016637,2025FA,2025-26,0,0,0,1,5500
AID2025-010985,S0026640,2025FA,2025-26,0,0,0,0,0
AID2025-010986,S0004156,2025FA,2025-26,0,0,0,0,0
AID2025-010987,S0023513,2025FA,2025-26,1,1,7395,1,5500
AID2025-010988,S0034386,2025FA,2025-26,0,0,0,0,0
AID2025-010989,S0031073,2025FA,2025-26,0,0,0,0,0
AID2025-010990,S0035284,2025FA,2025-26,0,0,0,1,5500
AID2025-010991,S0023320,2025FA,2025-26,0,0,0,0,0
AID2025-010992,S0033799,2025FA,2025-26,1,1,7395,0,0
AID2025-010993,S0029055,2025FA,2025-26,1,1,7395,1,5500
AID2025-010994,S0003311,2025FA,2025-26,1,1,7395,0,0
AID2025-010995,S0040454,2025FA,2025-26,0,0,0,0,0
AID2025-010996,S0001713,2025FA,2025-26,1,1,7395,1,5500
AID2025-010997,S0038179,2025FA,2025-26,0,0,0,0,0
AID2025-010998,S0038201,2025FA,2025-26,0,0,0,0,0
AID2025-010999,S0030895,2025FA,2025-26,1,1,7395,1,5500
AID2025-011000,S0032425,2025FA,2025-26,0,0,0,0,0
AID2025-011001,S0021246,2025FA,2025-26,0,0,0,0,0
AID2025-011002,S0030541,2025FA,2025-26,0,0,0,1,5500
AID2025-011003,S0033158,2025FA,2025-26,1,1,7395,0,0
AID2025-011004,S0010838,2025FA,2025-26,0,0,0,0,0
AID2025-011005,S0030380,2025FA,2025-26,1,0,0,1,5500
AID2025-011006,S0000699,2025FA,2025-26,0,0,0,0,0
AID2025-011007,S0039384,2025FA,2025-26,1,1,7395,0,0
AID2025-011008,S0011858,2025FA,2025-26,1,1,7395,1,5500
AID2025-011009,S0003780,2025FA,2025-26,0,0,0,0,0
AID2025-011010,S0026051,2025FA,2025-26,0,0,0,0,0
AID2025-011011,S0035903,2025FA,2025-26,0,0,0,1,5500
AID2025-011012,S0015232,2025FA,2025-26,0,0,0,0,0
AID2025-011013,S0001754,2025FA,2025-26,0,0,0,0,0
AID2025-011014,S0032596,2025FA,2025-26,0,0,0,1,5500
AID2025-011015,S0003588,2025FA,2025-26,1,1,7395,0,0
AID2025-011016,S0040474,2025FA,2025-26,1,1,7395,0,0
AID2025-011017,S0039903,2025FA,2025-26,0,0,0,1,5500
AID2025-011018,S0036907,2025FA,2025-26,1,1,7395,0,0
AID2025-011019,S0023078,2025FA,2025-26,1,0,0,0,0
AID2025-011020,S0036971,2025FA,2025-26,0,0,0,1,5500
AID2025-011021,S0023736,2025FA,2025-26,1,1,7395,0,0
AID2025-011022,S0031643,2025FA,2025-26,1,1,7395,0,0
AID2025-011023,S0024095,2025FA,2025-26,1,1,7395,1,5500
AID2025-011024,S0009888,2025FA,2025-26,1,1,7395,0,0
AID2025-011025,S0014322,2025FA,2025-26,1,1,7395,0,0
AID2025-011026,S0029535,2025FA,2025-26,0,0,0,1,5500
AID2025-011027,S0037301,2025FA,2025-26,0,0,0,0,0
AID2025-011028,S0030929,2025FA,2025-26,0,0,0,0,0
AID2025-011029,S0023095,2025FA,2025-26,0,0,0,1,5500
AID2025-011030,S0038823,2025FA,2025-26,0,0,0,0,0
AID2025-011031,S0027589,2025FA,2025-26,0,0,0,0,0
AID2025-011032,S0010133,2025FA,2025-26,0,0,0,1,5500
AID2025-011033,S0001569,2025FA,2025-26,1,0,0,0,0
AID2025-011034,S0019147,2025FA,2025-26,1,1,7395,0,0
AID2025-011035,S0006124,2025FA,2025-26,0,0,0,1,5500
AID2025-011036,S0038359,2025FA,2025-26,1,1,7395,0,0
AID2025-011037,S0001403,2025FA,2025-26,0,0,0,0,0
AID2025-011038,S0029292,2025FA,2025-26,0,0,0,1,5500
AID2025-011039,S0023484,2025FA,2025-26,0,0,0,0,0
AID2025-011040,S0006839,2025FA,2025-26,0,0,0,0,0
AID2025-011041,S0015225,2025FA,2025-26,0,0,0,1,5500
AID2025-011042,S0000034,2025FA,2025-26,0,0,0,0,0
AID2025-011043,S0024083,2025FA,2025-26,1,1,7395,0,0
AID2025-011044,S0025690,2025FA,2025-26,0,0,0,1,5500
AID2025-011045,S0027748,2025FA,2025-26,1,1,7395,0,0
AID2025-011046,S0028073,2025FA,2025-26,0,0,0,0,0
AID2025-011047,S0006130,2025FA,2025-26,0,0,0,1,5500
AID2025-011048,S0038043,2025FA,2025-26,0,0,0,0,0
AID2025-011049,S0023478,2025FA,2025-26,1,1,7395,0,0
AID2025-011050,S0010966,2025FA,2025-26,0,0,0,1,5500
AID2025-011051,S0040315,2025FA,2025-26,0,0,0,0,0
AID2025-011052,S0011931,2025FA,2025-26,1,1,7395,0,0
AID2025-011053,S0026861,2025FA,2025-26,0,0,0,1,5500
AID2025-011054,S0031441,2025FA,2025-26,0,0,0,0,0
AID2025-011055,S0037022,2025FA,2025-26,0,0,0,0,0
AID2025-011056,S0022414,2025FA,2025-26,0,0,0,1,5500
AID2025-011057,S0037789,2025FA,2025-26,0,0,0,0,0
AID2025-011058,S0032545,2025FA,2025-26,0,0,0,0,0
AID2025-011059,S0016072,2025FA,2025-26,1,1,7395,1,5500
AID2025-011060,S0032769,2025FA,2025-26,0,0,0,0,0
AID2025-011061,S0000650,2025FA,2025-26,0,0,0,0,0
AID2025-011062,S0040321,2025FA,2025-26,1,1,7395,1,5500
AID2025-011063,S0031440,2025FA,2025-26,0,0,0,0,0
AID2025-011064,S0005723,2025FA,2025-26,0,0,0,0,0
AID2025-011065,S0001072,2025FA,2025-26,0,0,0,1,5500
AID2025-011066,S0023136,2025FA,2025-26,0,0,0,0,0
AID2025-011067,S0018873,2025FA,2025-26,1,1,7395,0,0
AID2025-011068,S0031089,2025FA,2025-26,0,0,0,1,5500
AID2025-011069,S0017700,2025FA,2025-26,1,1,7395,0,0
AID2025-011070,S0003286,2025FA,2025-26,1,1,7395,0,0
AID2025-011071,S0032884,2025FA,2025-26,0,0,0,1,5500
AID2025-011072,S0010296,2025FA,2025-26,0,0,0,0,0
AID2025-011073,S0027696,2025FA,2025-26,0,0,0,0,0
AID2025-011074,S0036656,2025FA,2025-26,1,1,7395,1,5500
AID2025-011075,S0031028,2025FA,2025-26,0,0,0,0,0
AID2025-011076,S0031581,2025FA,2025-26,1,1,7395,0,0
AID2025-011077,S0032620,2025FA,2025-26,0,0,0,1,5500
AID2025-011078,S0031048,2025FA,2025-26,0,0,0,0,0
AID2025-011079,S0037356,2025FA,2025-26,0,0,0,0,0
AID2025-011080,S0015818,2025FA,2025-26,1,1,7395,1,5500
AID2025-011081,S0005108,2025FA,2025-26,1,1,7395,0,0
AID2025-011082,S0034383,2025FA,2025-26,0,0,0,0,0
AID2025-011083,S0028560,2025FA,2025-26,1,1,7395,1,5500
AID2025-011084,S0022971,2025FA,2025-26,0,0,0,0,0
AID2025-011085,S0039566,2025FA,2025-26,0,0,0,0,0
AID2025-011086,S0040513,2025FA,2025-26,0,0,0,1,5500
AID2025-011087,S0027333,2025FA,2025-26,1,1,7395,0,0
AID2025-011088,S0031488,2025FA,2025-26,0,0,0,0,0
AID2025-011089,S0013930,2025FA,2025-26,0,0,0,1,5500
AID2025-011090,S0037332,2025FA,2025-26,0,0,0,0,0
AID2025-011091,S0028835,2025FA,2025-26,0,0,0,0,0
AID2025-011092,S0013763,2025FA,2025-26,0,0,0,1,5500
AID2025-011093,S0027673,2025FA,2025-26,1,1,7395,0,0
AID2025-011094,S0023200,2025FA,2025-26,1,1,7395,0,0
AID2025-011095,S0033279,2025FA,2025-26,1,1,7395,1,5500
AID2025-011096,S0012825,2025FA,2025-26,0,0,0,0,0
AID2025-011097,S0032442,2025FA,2025-26,0,0,0,0,0
AID2025-011098,S0033354,2025FA,2025-26,1,1,7395,1,5500
AID2025-011099,S0028342,2025FA,2025-26,0,0,0,0,0
AID2025-011100,S0017446,2025FA,2025-26,0,0,0,0,0
AID2025-011101,S0000674,2025FA,2025-26,0,0,0,1,5500
AID2025-011102,S0035615,2025FA,2025-26,0,0,0,0,0
AID2025-011103,S0040156,2025FA,2025-26,0,0,0,0,0
AID2025-011104,S0022555,2025FA,2025-26,0,0,0,1,5500
AID2025-011105,S0022267,2025FA,2025-26,0,0,0,0,0
AID2025-011106,S0031108,2025FA,2025-26,0,0,0,0,0
AID2025-011107,S0018462,2025FA,2025-26,0,0,0,1,5500
AID2025-011108,S0011187,2025FA,2025-26,1,1,7395,0,0
AID2025-011109,S0030586,2025FA,2025-26,1,1,7395,0,0
AID2025-011110,S0013891,2025FA,2025-26,1,0,0,1,5500
AID2025-011111,S0003206,2025FA,2025-26,1,1,7395,0,0
AID2025-011112,S0004126,2025FA,2025-26,1,1,7395,0,0
AID2025-011113,S0028508,2025FA,2025-26,0,0,0,1,5500
AID2025-011114,S0003677,2025FA,2025-26,0,0,0,0,0
AID2025-011115,S0009789,2025FA,2025-26,0,0,0,0,0
AID2025-011116,S0031601,2025FA,2025-26,1,1,7395,1,5500
AID2025-011117,S0028600,2025FA,2025-26,0,0,0,0,0
AID2025-011118,S0016800,2025FA,2025-26,0,0,0,0,0
AID2025-011119,S0020692,2025FA,2025-26,0,0,0,1,5500
AID2025-011120,S0037697,2025FA,2025-26,0,0,0,0,0
AID2025-011121,S0032383,2025FA,2025-26,0,0,0,0,0
AID2025-011122,S0000596,2025FA,2025-26,0,0,0,1,5500
AID2025-011123,S0015831,2025FA,2025-26,0,0,0,0,0
AID2025-011124,S0038927,2025FA,2025-26,1,0,0,0,0
AID2025-011125,S0027980,2025FA,2025-26,1,1,7395,1,5500
AID2025-011126,S0014574,2025FA,2025-26,1,1,7395,0,0
AID2025-011127,S0032207,2025FA,2025-26,1,1,7395,0,0
AID2025-011128,S0039573,2025FA,2025-26,0,0,0,1,5500
AID2025-011129,S0026706,2025FA,2025-26,0,0,0,0,0
AID2025-011130,S0010599,2025FA,2025-26,0,0,0,0,0
AID2025-011131,S0037381,2025FA,2025-26,0,0,0,1,5500
AID2025-011132,S0023793,2025FA,2025-26,1,1,7395,0,0
AID2025-011133,S0004991,2025FA,2025-26,1,1,7395,0,0
AID2025-011134,S0000231,2025FA,2025-26,0,0,0,1,5500
AID2025-011135,S0037961,2025FA,2025-26,0,0,0,0,0
AID2025-011136,S0023726,2025FA,2025-26,0,0,0,0,0
AID2025-011137,S0032341,2025FA,2025-26,0,0,0,1,5500
AID2025-011138,S0001627,2025FA,2025-26,0,0,0,0,0
AID2025-011139,S0005039,2025FA,2025-26,0,0,0,0,0
AID2025-011140,S0035485,2025FA,2025-26,0,0,0,1,5500
AID2025-011141,S0003660,2025FA,2025-26,1,1,7395,0,0
AID2025-011142,S0036613,2025FA,2025-26,0,0,0,0,0
AID2025-011143,S0006404,2025FA,2025-26,0,0,0,1,5500
AID2025-011144,S0024112,2025FA,2025-26,1,1,7395,0,0
AID2025-011145,S0029388,2025FA,2025-26,0,0,0,0,0
AID2025-011146,S0032949,2025FA,2025-26,1,1,7395,1,5500
AID2025-011147,S0004368,2025FA,2025-26,0,0,0,0,0
AID2025-011148,S0034189,2025FA,2025-26,0,0,0,0,0
AID2025-011149,S0022758,2025FA,2025-26,1,1,7395,1,5500
AID2025-011150,S0013360,2025FA,2025-26,0,0,0,0,0
AID2025-011151,S0022580,2025FA,2025-26,1,1,7395,0,0
AID2025-011152,S0030924,2025FA,2025-26,1,0,0,1,5500
AID2025-011153,S0031207,2025FA,2025-26,1,1,7395,0,0
AID2025-011154,S0013536,2025FA,2025-26,0,0,0,0,0
AID2025-011155,S0001658,2025FA,2025-26,1,1,7395,1,5500
AID2025-011156,S0023925,2025FA,2025-26,0,0,0,0,0
AID2025-011157,S0014519,2025FA,2025-26,1,1,7395,0,0
AID2025-011158,S0033886,2025FA,2025-26,0,0,0,1,5500
AID2025-011159,S0021068,2025FA,2025-26,1,0,0,0,0
AID2025-011160,S0005565,2025FA,2025-26,0,0,0,0,0
AID2025-011161,S0023495,2025FA,2025-26,0,0,0,1,5500
AID2025-011162,S0037389,2025FA,2025-26,0,0,0,0,0
AID2025-011163,S0033157,2025FA,2025-26,0,0,0,0,0
AID2025-011164,S0035713,2025FA,2025-26,1,1,7395,1,5500
AID2025-011165,S0006203,2025FA,2025-26,0,0,0,0,0
AID2025-011166,S0020794,2025FA,2025-26,1,0,0,0,0
AID2025-011167,S0023455,2025FA,2025-26,0,0,0,1,5500
AID2025-011168,S0036285,2025FA,2025-26,1,1,7395,0,0
AID2025-011169,S0034301,2025FA,2025-26,0,0,0,0,0
AID2025-011170,S0022661,2025FA,2025-26,0,0,0,1,5500
AID2025-011171,S0033477,2025FA,2025-26,0,0,0,0,0
AID2025-011172,S0035834,2025FA,2025-26,1,1,7395,0,0
AID2025-011173,S0022576,2025FA,2025-26,0,0,0,1,5500
AID2025-011174,S0039796,2025FA,2025-26,1,1,7395,0,0
AID2025-011175,S0035329,2025FA,2025-26,0,0,0,0,0
AID2025-011176,S0038515,2025FA,2025-26,0,0,0,1,5500
AID2025-011177,S0022779,2025FA,2025-26,0,0,0,0,0
AID2025-011178,S0039575,2025FA,2025-26,1,1,7395,0,0
AID2025-011179,S0000802,2025FA,2025-26,0,0,0,1,5500
AID2025-011180,S0037398,2025FA,2025-26,1,0,0,0,0
AID2025-011181,S0005113,2025FA,2025-26,0,0,0,0,0
AID2025-011182,S0006269,2025FA,2025-26,0,0,0,1,5500
AID2025-011183,S0037147,2025FA,2025-26,1,1,7395,0,0
AID2025-011184,S0038439,2025FA,2025-26,1,1,7395,0,0
AID2025-011185,S0040231,2025FA,2025-26,1,1,7395,1,5500
AID2025-011186,S0031140,2025FA,2025-26,0,0,0,0,0
AID2025-011187,S0035981,2025FA,2025-26,0,0,0,0,0
AID2025-011188,S0028669,2025FA,2025-26,0,0,0,1,5500
AID2025-011189,S0028303,2025FA,2025-26,0,0,0,0,0
AID2025-011190,S0039074,2025FA,2025-26,0,0,0,0,0
AID2025-011191,S0033308,2025FA,2025-26,0,0,0,1,5500
AID2025-011192,S0033469,2025FA,2025-26,1,1,7395,0,0
AID2025-011193,S0038859,2025FA,2025-26,0,0,0,0,0
AID2025-011194,S0002053,2025FA,2025-26,1,1,7395,1,5500
AID2025-011195,S0035090,2025FA,2025-26,0,0,0,0,0
AID2025-011196,S0021077,2025FA,2025-26,0,0,0,0,0
AID2025-011197,S0037627,2025FA,2025-26,1,1,7395,1,5500
AID2025-011198,S0026501,2025FA,2025-26,0,0,0,0,0
AID2025-011199,S0031898,2025FA,2025-26,0,0,0,0,0
AID2025-011200,S0017833,2025FA,2025-26,0,0,0,1,5500
AID2025-011201,S0035582,2025FA,2025-26,0,0,0,0,0
AID2025-011202,S0031827,2025FA,2025-26,0,0,0,0,0
AID2025-011203,S0023671,2025FA,2025-26,0,0,0,1,5500
AID2025-011204,S0037281,2025FA,2025-26,1,1,7395,0,0
AID2025-011205,S0028567,2025FA,2025-26,0,0,0,0,0
AID2025-011206,S0011682,2025FA,2025-26,1,1,7395,1,5500
AID2025-011207,S0037248,2025FA,2025-26,0,0,0,0,0
AID2025-011208,S0028738,2025FA,2025-26,0,0,0,0,0
AID2025-011209,S0016433,2025FA,2025-26,1,1,7395,1,5500
AID2025-011210,S0035095,2025FA,2025-26,0,0,0,0,0
AID2025-011211,S0009542,2025FA,2025-26,0,0,0,0,0
AID2025-011212,S0026924,2025FA,2025-26,0,0,0,1,5500
AID2025-011213,S0017936,2025FA,2025-26,0,0,0,0,0
AID2025-011214,S0039401,2025FA,2025-26,1,1,7395,0,0
AID2025-011215,S0039447,2025FA,2025-26,0,0,0,1,5500
AID2025-011216,S0006442,2025FA,2025-26,0,0,0,0,0
AID2025-011217,S0027280,2025FA,2025-26,0,0,0,0,0
AID2025-011218,S0028067,2025FA,2025-26,0,0,0,1,5500
AID2025-011219,S0031853,2025FA,2025-26,1,1,7395,0,0
AID2025-011220,S0012858,2025FA,2025-26,0,0,0,0,0
AID2025-011221,S0035940,2025FA,2025-26,0,0,0,1,5500
AID2025-011222,S0022873,2025FA,2025-26,1,0,0,0,0
AID2025-011223,S0021923,2025FA,2025-26,0,0,0,0,0
AID2025-011224,S0035873,2025FA,2025-26,0,0,0,1,5500
AID2025-011225,S0039621,2025FA,2025-26,0,0,0,0,0
AID2025-011226,S0016367,2025FA,2025-26,1,1,7395,0,0
AID2025-011227,S0000902,2025FA,2025-26,0,0,0,1,5500
AID2025-011228,S0029050,2025FA,2025-26,0,0,0,0,0
AID2025-011229,S0034150,2025FA,2025-26,1,0,0,0,0
AID2025-011230,S0001278,2025FA,2025-26,0,0,0,1,5500
AID2025-011231,S0020779,2025FA,2025-26,1,1,7395,0,0
AID2025-011232,S0037153,2025FA,2025-26,0,0,0,0,0
AID2025-011233,S0027416,2025FA,2025-26,0,0,0,1,5500
AID2025-011234,S0032817,2025FA,2025-26,0,0,0,0,0
AID2025-011235,S0039067,2025FA,2025-26,0,0,0,0,0
AID2025-011236,S0033867,2025FA,2025-26,0,0,0,1,5500
AID2025-011237,S0037351,2025FA,2025-26,0,0,0,0,0
AID2025-011238,S0000851,2025FA,2025-26,0,0,0,0,0
AID2025-011239,S0001702,2025FA,2025-26,0,0,0,1,5500
AID2025-011240,S0025894,2025FA,2025-26,1,1,7395,0,0
AID2025-011241,S0014336,2025FA,2025-26,1,1,7395,0,0
AID2025-011242,S0039766,2025FA,2025-26,0,0,0,1,5500
AID2025-011243,S0002080,2025FA,2025-26,0,0,0,0,0
AID2025-011244,S0017594,2025FA,2025-26,0,0,0,0,0
AID2025-011245,S0039587,2025FA,2025-26,1,1,7395,1,5500
AID2025-011246,S0009490,2025FA,2025-26,0,0,0,0,0
AID2025-011247,S0020610,2025FA,2025-26,0,0,0,0,0
AID2025-011248,S0023871,2025FA,2025-26,1,1,7395,1,5500
AID2025-011249,S0023331,2025FA,2025-26,0,0,0,0,0
AID2025-011250,S0033192,2025FA,2025-26,0,0,0,0,0
AID2025-011251,S0030381,2025FA,2025-26,0,0,0,1,5500
AID2025-011252,S0017703,2025FA,2025-26,0,0,0,0,0
AID2025-011253,S0007430,2025FA,2025-26,0,0,0,0,0
AID2025-011254,S0022635,2025FA,2025-26,1,1,7395,1,5500
AID2025-011255,S0032103,2025FA,2025-26,0,0,0,0,0
AID2025-011256,S0033111,2025FA,2025-26,1,1,7395,0,0
AID2025-011257,S0019476,2025FA,2025-26,0,0,0,1,5500
AID2025-011258,S0026270,2025FA,2025-26,0,0,0,0,0
AID2025-011259,S0028318,2025FA,2025-26,0,0,0,0,0
AID2025-011260,S0023630,2025FA,2025-26,0,0,0,1,5500
AID2025-011261,S0003324,2025FA,2025-26,0,0,0,0,0
AID2025-011262,S0028530,2025FA,2025-26,0,0,0,0,0
AID2025-011263,S0037786,2025FA,2025-26,0,0,0,1,5500
AID2025-011264,S0024419,2025FA,2025-26,1,0,0,0,0
AID2025-011265,S0022178,2025FA,2025-26,1,1,7395,0,0
AID2025-011266,S0004897,2025FA,2025-26,1,1,7395,1,5500
AID2025-011267,S0032145,2025FA,2025-26,0,0,0,0,0
AID2025-011268,S0026587,2025FA,2025-26,0,0,0,0,0
AID2025-011269,S0029082,2025FA,2025-26,1,1,7395,1,5500
AID2025-011270,S0006400,2025FA,2025-26,1,1,7395,0,0
AID2025-011271,S0039408,2025FA,2025-26,1,0,0,0,0
AID2025-011272,S0039594,2025FA,2025-26,1,1,7395,1,5500
AID2025-011273,S0018866,2025FA,2025-26,0,0,0,0,0
AID2025-011274,S0010169,2025FA,2025-26,0,0,0,0,0
AID2025-011275,S0038173,2025FA,2025-26,0,0,0,1,5500
AID2025-011276,S0030800,2025FA,2025-26,1,1,7395,0,0
AID2025-011277,S0001138,2025FA,2025-26,0,0,0,0,0
AID2025-011278,S0037918,2025FA,2025-26,1,0,0,1,5500
AID2025-011279,S0007670,2025FA,2025-26,0,0,0,0,0
AID2025-011280,S0026708,2025FA,2025-26,0,0,0,0,0
AID2025-011281,S0038659,2025FA,2025-26,0,0,0,1,5500
AID2025-011282,S0035945,2025FA,2025-26,0,0,0,0,0
AID2025-011283,S0004292,2025FA,2025-26,0,0,0,0,0
AID2025-011284,S0000454,2025FA,2025-26,1,1,7395,1,5500
AID2025-011285,S0007063,2025FA,2025-26,0,0,0,0,0
AID2025-011286,S0023836,2025FA,2025-26,0,0,0,0,0
AID2025-011287,S0010330,2025FA,2025-26,1,1,7395,1,5500
AID2025-011288,S0039652,2025FA,2025-26,0,0,0,0,0
AID2025-011289,S0017360,2025FA,2025-26,0,0,0,0,0
AID2025-011290,S0038291,2025FA,2025-26,1,1,7395,1,5500
AID2025-011291,S0006344,2025FA,2025-26,0,0,0,0,0
AID2025-011292,S0022515,2025FA,2025-26,1,0,0,0,0
AID2025-011293,S0011709,2025FA,2025-26,0,0,0,1,5500
AID2025-011294,S0006824,2025FA,2025-26,1,1,7395,0,0
AID2025-011295,S0014188,2025FA,2025-26,0,0,0,0,0
AID2025-011296,S0039581,2025FA,2025-26,0,0,0,1,5500
AID2025-011297,S0039700,2025FA,2025-26,0,0,0,0,0
AID2025-011298,S0039482,2025FA,2025-26,1,1,7395,0,0
AID2025-011299,S0026553,2025FA,2025-26,0,0,0,1,5500
AID2025-011300,S0000966,2025FA,2025-26,0,0,0,0,0
AID2025-011301,S0018984,2025FA,2025-26,0,0,0,0,0
AID2025-011302,S0023697,2025FA,2025-26,1,1,7395,1,5500
AID2025-011303,S0039431,2025FA,2025-26,0,0,0,0,0
AID2025-011304,S0025790,2025FA,2025-26,0,0,0,0,0
AID2025-011305,S0018454,2025FA,2025-26,0,0,0,1,5500
AID2025-011306,S0026679,2025FA,2025-26,0,0,0,0,0
AID2025-011307,S0005125,2025FA,2025-26,0,0,0,0,0
AID2025-011308,S0033849,2025FA,2025-26,1,1,7395,1,5500
AID2025-011309,S0038984,2025FA,2025-26,0,0,0,0,0
AID2025-011310,S0027040,2025FA,2025-26,0,0,0,0,0
AID2025-011311,S0032595,2025FA,2025-26,0,0,0,1,5500
AID2025-011312,S0025725,2025FA,2025-26,0,0,0,0,0
AID2025-011313,S0039740,2025FA,2025-26,0,0,0,0,0
AID2025-011314,S0031004,2025FA,2025-26,0,0,0,1,5500
AID2025-011315,S0032388,2025FA,2025-26,1,1,7395,0,0
AID2025-011316,S0036221,2025FA,2025-26,0,0,0,0,0
AID2025-011317,S0012419,2025FA,2025-26,0,0,0,1,5500
AID2025-011318,S0029285,2025FA,2025-26,1,1,7395,0,0
AID2025-011319,S0025424,2025FA,2025-26,1,1,7395,0,0
AID2025-011320,S0033050,2025FA,2025-26,0,0,0,1,5500
AID2025-011321,S0039913,2025FA,2025-26,0,0,0,0,0
AID2025-011322,S0039322,2025FA,2025-26,0,0,0,0,0
AID2025-011323,S0039381,2025FA,2025-26,0,0,0,1,5500
AID2025-011324,S0032622,2025FA,2025-26,0,0,0,0,0
AID2025-011325,S0016312,2025FA,2025-26,1,1,7395,0,0
AID2025-011326,S0033455,2025FA,2025-26,0,0,0,1,5500
AID2025-011327,S0039253,2025FA,2025-26,0,0,0,0,0
AID2025-011328,S0038879,2025FA,2025-26,0,0,0,0,0
AID2025-011329,S0014483,2025FA,2025-26,0,0,0,1,5500
AID2025-011330,S0040459,2025FA,2025-26,1,1,7395,0,0
AID2025-011331,S0032773,2025FA,2025-26,0,0,0,0,0
AID2025-011332,S0031445,2025FA,2025-26,0,0,0,1,5500
AID2025-011333,S0036721,2025FA,2025-26,0,0,0,0,0
AID2025-011334,S0032070,2025FA,2025-26,1,0,0,0,0
AID2025-011335,S0037330,2025FA,2025-26,0,0,0,1,5500
AID2025-011336,S0037988,2025FA,2025-26,0,0,0,0,0
AID2025-011337,S0001583,2025FA,2025-26,1,1,7395,0,0
AID2025-011338,S0036867,2025FA,2025-26,1,1,7395,1,5500
AID2025-011339,S0017600,2025FA,2025-26,1,1,7395,0,0
AID2025-011340,S0025962,2025FA,2025-26,0,0,0,0,0
AID2025-011341,S0009581,2025FA,2025-26,1,0,0,1,5500
AID2025-011342,S0034222,2025FA,2025-26,0,0,0,0,0
AID2025-011343,S0037186,2025FA,2025-26,0,0,0,0,0
AID2025-011344,S0031388,2025FA,2025-26,0,0,0,1,5500
AID2025-011345,S0037313,2025FA,2025-26,0,0,0,0,0
AID2025-011346,S0033265,2025FA,2025-26,0,0,0,0,0
AID2025-011347,S0039638,2025FA,2025-26,0,0,0,1,5500
AID2025-011348,S0037056,2025FA,2025-26,1,0,0,0,0
AID2025-011349,S0026176,2025FA,2025-26,0,0,0,0,0
AID2025-011350,S0035555,2025FA,2025-26,0,0,0,1,5500
AID2025-011351,S0023378,2025FA,2025-26,1,1,7395,0,0
AID2025-011352,S0032525,2025FA,2025-26,0,0,0,0,0
AID2025-011353,S0029336,2025FA,2025-26,1,1,7395,1,5500
AID2025-011354,S0039415,2025FA,2025-26,0,0,0,0,0
AID2025-011355,S0011140,2025FA,2025-26,0,0,0,0,0
AID2025-011356,S0031855,2025FA,2025-26,1,1,7395,1,5500
AID2025-011357,S0027442,2025FA,2025-26,0,0,0,0,0
AID2025-011358,S0007431,2025FA,2025-26,0,0,0,0,0
AID2025-011359,S0012136,2025FA,2025-26,0,0,0,1,5500
AID2025-011360,S0035481,2025FA,2025-26,0,0,0,0,0
AID2025-011361,S0004672,2025FA,2025-26,0,0,0,0,0
AID2025-011362,S0040661,2025FA,2025-26,1,0,0,1,5500
AID2025-011363,S0017941,2025FA,2025-26,1,1,7395,0,0
AID2025-011364,S0034210,2025FA,2025-26,0,0,0,0,0
AID2025-011365,S0004451,2025FA,2025-26,0,0,0,1,5500
AID2025-011366,S0038358,2025FA,2025-26,1,1,7395,0,0
AID2025-011367,S0027918,2025FA,2025-26,0,0,0,0,0
AID2025-011368,S0040593,2025FA,2025-26,0,0,0,1,5500
AID2025-011369,S0004922,2025FA,2025-26,0,0,0,0,0
AID2025-011370,S0033022,2025FA,2025-26,0,0,0,0,0
AID2025-011371,S0036796,2025FA,2025-26,1,1,7395,1,5500
AID2025-011372,S0040438,2025FA,2025-26,0,0,0,0,0
AID2025-011373,S0005782,2025FA,2025-26,1,1,7395,0,0
AID2025-011374,S0032718,2025FA,2025-26,1,1,7395,1,5500
AID2025-011375,S0000980,2025FA,2025-26,0,0,0,0,0
AID2025-011376,S0030787,2025FA,2025-26,0,0,0,0,0
AID2025-011377,S0024385,2025FA,2025-26,0,0,0,1,5500
AID2025-011378,S0021664,2025FA,2025-26,1,1,7395,0,0
AID2025-011379,S0027068,2025FA,2025-26,1,1,7395,0,0
AID2025-011380,S0033251,2025FA,2025-26,1,1,7395,1,5500
AID2025-011381,S0033906,2025FA,2025-26,0,0,0,0,0
AID2025-011382,S0031553,2025FA,2025-26,1,1,7395,0,0
AID2025-011383,S0024143,2025FA,2025-26,0,0,0,1,5500
AID2025-011384,S0027989,2025FA,2025-26,0,0,0,0,0
AID2025-011385,S0011018,2025FA,2025-26,0,0,0,0,0
AID2025-011386,S0033421,2025FA,2025-26,1,1,7395,1,5500
AID2025-011387,S0012145,2025FA,2025-26,1,1,7395,0,0
AID2025-011388,S0039147,2025FA,2025-26,0,0,0,0,0
AID2025-011389,S0040197,2025FA,2025-26,0,0,0,1,5500
AID2025-011390,S0010099,2025FA,2025-26,0,0,0,0,0
AID2025-011391,S0028793,2025FA,2025-26,1,1,7395,0,0
AID2025-011392,S0039526,2025FA,2025-26,0,0,0,1,5500
AID2025-011393,S0030424,2025FA,2025-26,0,0,0,0,0
AID2025-011394,S0014165,2025FA,2025-26,0,0,0,0,0
AID2025-011395,S0028913,2025FA,2025-26,0,0,0,1,5500
AID2025-011396,S0033750,2025FA,2025-26,0,0,0,0,0
AID2025-011397,S0036391,2025FA,2025-26,0,0,0,0,0
AID2025-011398,S0021599,2025FA,2025-26,0,0,0,1,5500
AID2025-011399,S0018392,2025FA,2025-26,0,0,0,0,0
AID2025-011400,S0010583,2025FA,2025-26,0,0,0,0,0
AID2025-011401,S0033332,2025FA,2025-26,0,0,0,1,5500
AID2025-011402,S0037340,2025FA,2025-26,1,1,7395,0,0
AID2025-011403,S0015563,2025FA,2025-26,1,1,7395,0,0
AID2025-011404,S0016777,2025FA,2025-26,1,0,0,1,5500
AID2025-011405,S0033497,2025FA,2025-26,0,0,0,0,0
AID2025-011406,S0017209,2025FA,2025-26,0,0,0,0,0
AID2025-011407,S0038157,2025FA,2025-26,0,0,0,1,5500
AID2025-011408,S0039944,2025FA,2025-26,0,0,0,0,0
AID2025-011409,S0003341,2025FA,2025-26,1,1,7395,0,0
AID2025-011410,S0033203,2025FA,2025-26,1,1,7395,1,5500
AID2025-011411,S0012202,2025FA,2025-26,1,0,0,0,0
AID2025-011412,S0000365,2025FA,2025-26,0,0,0,0,0
AID2025-011413,S0038131,2025FA,2025-26,0,0,0,1,5500
AID2025-011414,S0030605,2025FA,2025-26,0,0,0,0,0
AID2025-011415,S0037818,2025FA,2025-26,1,1,7395,0,0
AID2025-011416,S0029299,2025FA,2025-26,1,1,7395,1,5500
AID2025-011417,S0009168,2025FA,2025-26,1,1,7395,0,0
AID2025-011418,S0021438,2025FA,2025-26,1,0,0,0,0
AID2025-011419,S0017784,2025FA,2025-26,1,1,7395,1,5500
AID2025-011420,S0011566,2025FA,2025-26,0,0,0,0,0
AID2025-011421,S0039247,2025FA,2025-26,1,1,7395,0,0
AID2025-011422,S0029286,2025FA,2025-26,0,0,0,1,5500
AID2025-011423,S0040645,2025FA,2025-26,0,0,0,0,0
AID2025-011424,S0032621,2025FA,2025-26,0,0,0,0,0
AID2025-011425,S0019292,2025FA,2025-26,1,0,0,1,5500
AID2025-011426,S0030894,2025FA,2025-26,0,0,0,0,0
AID2025-011427,S0018401,2025FA,2025-26,1,1,7395,0,0
AID2025-011428,S0022016,2025FA,2025-26,0,0,0,1,5500
AID2025-011429,S0006974,2025FA,2025-26,1,1,7395,0,0
AID2025-011430,S0028011,2025FA,2025-26,0,0,0,0,0
AID2025-011431,S0012099,2025FA,2025-26,0,0,0,1,5500
AID2025-011432,S0035296,2025FA,2025-26,0,0,0,0,0
AID2025-011433,S0025418,2025FA,2025-26,1,1,7395,0,0
AID2025-011434,S0037176,2025FA,2025-26,0,0,0,1,5500
AID2025-011435,S0030722,2025FA,2025-26,0,0,0,0,0
AID2025-011436,S0014599,2025FA,2025-26,0,0,0,0,0
AID2025-011437,S0034039,2025FA,2025-26,1,1,7395,1,5500
AID2025-011438,S0005930,2025FA,2025-26,1,1,7395,0,0
AID2025-011439,S0006417,2025FA,2025-26,0,0,0,0,0
AID2025-011440,S0020978,2025FA,2025-26,1,1,7395,1,5500
AID2025-011441,S0004690,2025FA,2025-26,1,1,7395,0,0
AID2025-011442,S0025683,2025FA,2025-26,0,0,0,0,0
AID2025-011443,S0031916,2025FA,2025-26,0,0,0,1,5500
AID2025-011444,S0023068,2025FA,2025-26,1,1,7395,0,0
AID2025-011445,S0028356,2025FA,2025-26,0,0,0,0,0
AID2025-011446,S0021780,2025FA,2025-26,1,0,0,1,5500
AID2025-011447,S0036518,2025FA,2025-26,0,0,0,0,0
AID2025-011448,S0016831,2025FA,2025-26,0,0,0,0,0
AID2025-011449,S0038187,2025FA,2025-26,1,1,7395,1,5500
AID2025-011450,S0036890,2025FA,2025-26,0,0,0,0,0
AID2025-011451,S0035119,2025FA,2025-26,0,0,0,0,0
AID2025-011452,S0009582,2025FA,2025-26,0,0,0,1,5500
AID2025-011453,S0032834,2025FA,2025-26,0,0,0,0,0
AID2025-011454,S0028985,2025FA,2025-26,1,1,7395,0,0
AID2025-011455,S0019632,2025FA,2025-26,0,0,0,1,5500
AID2025-011456,S0007222,2025FA,2025-26,0,0,0,0,0
AID2025-011457,S0026837,2025FA,2025-26,0,0,0,0,0
AID2025-011458,S0033152,2025FA,2025-26,0,0,0,1,5500
AID2025-011459,S0028918,2025FA,2025-26,0,0,0,0,0
AID2025-011460,S0033522,2025FA,2025-26,0,0,0,0,0
AID2025-011461,S0030330,2025FA,2025-26,0,0,0,1,5500
AID2025-011462,S0016428,2025FA,2025-26,0,0,0,0,0
AID2025-011463,S0036966,2025FA,2025-26,0,0,0,0,0
AID2025-011464,S0039560,2025FA,2025-26,0,0,0,1,5500
AID2025-011465,S0027756,2025FA,2025-26,0,0,0,0,0
AID2025-011466,S0037614,2025FA,2025-26,0,0,0,0,0
AID2025-011467,S0040077,2025FA,2025-26,1,1,7395,1,5500
AID2025-011468,S0037880,2025FA,2025-26,0,0,0,0,0
AID2025-011469,S0033914,2025FA,2025-26,0,0,0,0,0
AID2025-011470,S0033103,2025FA,2025-26,0,0,0,1,5500
AID2025-011471,S0037781,2025FA,2025-26,1,1,7395,0,0
AID2025-011472,S0011442,2025FA,2025-26,0,0,0,0,0
AID2025-011473,S0039042,2025FA,2025-26,0,0,0,1,5500
AID2025-011474,S0039896,2025FA,2025-26,0,0,0,0,0
AID2025-011475,S0016305,2025FA,2025-26,0,0,0,0,0
AID2025-011476,S0030772,2025FA,2025-26,0,0,0,1,5500
AID2025-011477,S0023354,2025FA,2025-26,1,1,7395,0,0
AID2025-011478,S0031422,2025FA,2025-26,0,0,0,0,0
AID2025-011479,S0037681,2025FA,2025-26,0,0,0,1,5500
AID2025-011480,S0032896,2025FA,2025-26,0,0,0,0,0
AID2025-011481,S0040560,2025FA,2025-26,0,0,0,0,0
AID2025-011482,S0032223,2025FA,2025-26,0,0,0,1,5500
AID2025-011483,S0037761,2025FA,2025-26,0,0,0,0,0
AID2025-011484,S0021542,2025FA,2025-26,1,1,7395,0,0
AID2025-011485,S0007267,2025FA,2025-26,0,0,0,1,5500
AID2025-011486,S0037610,2025FA,2025-26,0,0,0,0,0
AID2025-011487,S0036534,2025FA,2025-26,0,0,0,0,0
AID2025-011488,S0038598,2025FA,2025-26,0,0,0,1,5500
AID2025-011489,S0001030,2025FA,2025-26,1,1,7395,0,0
AID2025-011490,S0039136,2025FA,2025-26,0,0,0,0,0
AID2025-011491,S0035184,2025FA,2025-26,0,0,0,1,5500
AID2025-011492,S0033058,2025FA,2025-26,0,0,0,0,0
AID2025-011493,S0037072,2025FA,2025-26,0,0,0,0,0
AID2025-011494,S0038487,2025FA,2025-26,1,1,7395,1,5500
AID2025-011495,S0000767,2025FA,2025-26,0,0,0,0,0
AID2025-011496,S0016416,2025FA,2025-26,0,0,0,0,0
AID2025-011497,S0018796,2025FA,2025-26,0,0,0,1,5500
AID2025-011498,S0040331,2025FA,2025-26,0,0,0,0,0
AID2025-011499,S0001429,2025FA,2025-26,0,0,0,0,0
AID2025-011500,S0005490,2025FA,2025-26,0,0,0,1,5500
AID2025-011501,S0034290,2025FA,2025-26,0,0,0,0,0
AID2025-011502,S0018105,2025FA,2025-26,1,0,0,0,0
AID2025-011503,S0028309,2025FA,2025-26,0,0,0,1,5500
AID2025-011504,S0032476,2025FA,2025-26,1,1,7395,0,0
AID2025-011505,S0009249,2025FA,2025-26,1,1,7395,0,0
AID2025-011506,S0038656,2025FA,2025-26,0,0,0,1,5500
AID2025-011507,S0035795,2025FA,2025-26,0,0,0,0,0
AID2025-011508,S0004747,2025FA,2025-26,0,0,0,0,0
AID2025-011509,S0036949,2025FA,2025-26,0,0,0,1,5500
AID2025-011510,S0038701,2025FA,2025-26,0,0,0,0,0
AID2025-011511,S0031175,2025FA,2025-26,1,1,7395,0,0
AID2025-011512,S0025714,2025FA,2025-26,0,0,0,1,5500
AID2025-011513,S0034059,2025FA,2025-26,1,1,7395,0,0
AID2025-011514,S0011014,2025FA,2025-26,0,0,0,0,0
AID2025-011515,S0030961,2025FA,2025-26,0,0,0,1,5500
AID2025-011516,S0038434,2025FA,2025-26,0,0,0,0,0
AID2025-011517,S0036747,2025FA,2025-26,1,1,7395,0,0
AID2025-011518,S0001392,2025FA,2025-26,0,0,0,1,5500
AID2025-011519,S0015436,2025FA,2025-26,0,0,0,0,0
AID2025-011520,S0038035,2025FA,2025-26,1,1,7395,0,0
AID2025-011521,S0006461,2025FA,2025-26,0,0,0,1,5500
AID2025-011522,S0034110,2025FA,2025-26,1,1,7395,0,0
AID2025-011523,S0027773,2025FA,2025-26,0,0,0,0,0
AID2025-011524,S0032672,2025FA,2025-26,1,1,7395,1,5500
AID2025-011525,S0033423,2025FA,2025-26,0,0,0,0,0
AID2025-011526,S0013755,2025FA,2025-26,0,0,0,0,0
AID2025-011527,S0022856,2025FA,2025-26,0,0,0,1,5500
AID2025-011528,S0037886,2025FA,2025-26,0,0,0,0,0
AID2025-011529,S0001586,2025FA,2025-26,1,1,7395,0,0
AID2025-011530,S0040240,2025FA,2025-26,0,0,0,1,5500
AID2025-011531,S0037167,2025FA,2025-26,0,0,0,0,0
AID2025-011532,S0006781,2025FA,2025-26,1,1,7395,0,0
AID2025-011533,S0032921,2025FA,2025-26,0,0,0,1,5500
AID2025-011534,S0040385,2025FA,2025-26,0,0,0,0,0
AID2025-011535,S0004223,2025FA,2025-26,0,0,0,0,0
AID2025-011536,S0031233,2025FA,2025-26,0,0,0,1,5500
AID2025-011537,S0036549,2025FA,2025-26,0,0,0,0,0
AID2025-011538,S0036679,2025FA,2025-26,0,0,0,0,0
AID2025-011539,S0028298,2025FA,2025-26,1,1,7395,1,5500
AID2025-011540,S0033017,2025FA,2025-26,0,0,0,0,0
AID2025-011541,S0036321,2025FA,2025-26,1,1,7395,0,0
AID2025-011542,S0030575,2025FA,2025-26,0,0,0,1,5500
AID2025-011543,S0033433,2025FA,2025-26,1,1,7395,0,0
AID2025-011544,S0007798,2025FA,2025-26,1,0,0,0,0
AID2025-011545,S0034407,2025FA,2025-26,0,0,0,1,5500
AID2025-011546,S0037134,2025FA,2025-26,1,1,7395,0,0
AID2025-011547,S0028589,2025FA,2025-26,1,1,7395,0,0
AID2025-011548,S0011526,2025FA,2025-26,1,1,7395,1,5500
AID2025-011549,S0026215,2025FA,2025-26,0,0,0,0,0
AID2025-011550,S0005178,2025FA,2025-26,0,0,0,0,0
AID2025-011551,S0018467,2025FA,2025-26,1,0,0,1,5500
AID2025-011552,S0025379,2025FA,2025-26,1,1,7395,0,0
AID2025-011553,S0007391,2025FA,2025-26,0,0,0,0,0
AID2025-011554,S0025715,2025FA,2025-26,1,1,7395,1,5500
AID2025-011555,S0027875,2025FA,2025-26,1,1,7395,0,0
AID2025-011556,S0035972,2025FA,2025-26,0,0,0,0,0
AID2025-011557,S0032623,2025FA,2025-26,0,0,0,1,5500
AID2025-011558,S0032736,2025FA,2025-26,0,0,0,0,0
AID2025-011559,S0034311,2025FA,2025-26,0,0,0,0,0
AID2025-011560,S0036022,2025FA,2025-26,0,0,0,1,5500
AID2025-011561,S0036859,2025FA,2025-26,1,1,7395,0,0
AID2025-011562,S0001254,2025FA,2025-26,0,0,0,0,0
AID2025-011563,S0031241,2025FA,2025-26,1,1,7395,1,5500
AID2025-011564,S0010937,2025FA,2025-26,1,1,7395,0,0
AID2025-011565,S0010454,2025FA,2025-26,0,0,0,0,0
AID2025-011566,S0025893,2025FA,2025-26,0,0,0,1,5500
AID2025-011567,S0038343,2025FA,2025-26,0,0,0,0,0
AID2025-011568,S0033466,2025FA,2025-26,0,0,0,0,0
AID2025-011569,S0031478,2025FA,2025-26,0,0,0,1,5500
AID2025-011570,S0036757,2025FA,2025-26,0,0,0,0,0
AID2025-011571,S0013792,2025FA,2025-26,0,0,0,0,0
AID2025-011572,S0033175,2025FA,2025-26,1,0,0,1,5500
AID2025-011573,S0039314,2025FA,2025-26,1,1,7395,0,0
AID2025-011574,S0010654,2025FA,2025-26,0,0,0,0,0
AID2025-011575,S0018971,2025FA,2025-26,1,1,7395,1,5500
AID2025-011576,S0037557,2025FA,2025-26,1,1,7395,0,0
AID2025-011577,S0026995,2025FA,2025-26,0,0,0,0,0
AID2025-011578,S0017364,2025FA,2025-26,1,1,7395,1,5500
AID2025-011579,S0023127,2025FA,2025-26,0,0,0,0,0
AID2025-011580,S0036875,2025FA,2025-26,0,0,0,0,0
AID2025-011581,S0040517,2025FA,2025-26,1,1,7395,1,5500
AID2025-011582,S0017891,2025FA,2025-26,0,0,0,0,0
AID2025-011583,S0035563,2025FA,2025-26,1,1,7395,0,0
AID2025-011584,S0039897,2025FA,2025-26,0,0,0,1,5500
AID2025-011585,S0029518,2025FA,2025-26,1,1,7395,0,0
AID2025-011586,S0033834,2025FA,2025-26,0,0,0,0,0
AID2025-011587,S0028048,2025FA,2025-26,1,1,7395,1,5500
AID2025-011588,S0039589,2025FA,2025-26,1,1,7395,0,0
AID2025-011589,S0025684,2025FA,2025-26,0,0,0,0,0
AID2025-011590,S0011070,2025FA,2025-26,0,0,0,1,5500
AID2025-011591,S0023654,2025FA,2025-26,0,0,0,0,0
AID2025-011592,S0006870,2025FA,2025-26,0,0,0,0,0
AID2025-011593,S0024207,2025FA,2025-26,0,0,0,1,5500
AID2025-011594,S0030302,2025FA,2025-26,1,1,7395,0,0
AID2025-011595,S0026825,2025FA,2025-26,0,0,0,0,0
AID2025-011596,S0009010,2025FA,2025-26,0,0,0,1,5500
AID2025-011597,S0004423,2025FA,2025-26,0,0,0,0,0
AID2025-011598,S0035818,2025FA,2025-26,1,1,7395,0,0
AID2025-011599,S0038887,2025FA,2025-26,1,1,7395,1,5500
AID2025-011600,S0037596,2025FA,2025-26,0,0,0,0,0
AID2025-011601,S0010819,2025FA,2025-26,1,1,7395,0,0
AID2025-011602,S0031818,2025FA,2025-26,0,0,0,1,5500
AID2025-011603,S0027052,2025FA,2025-26,1,1,7395,0,0
AID2025-011604,S0017506,2025FA,2025-26,0,0,0,0,0
AID2025-011605,S0025460,2025FA,2025-26,0,0,0,1,5500
AID2025-011606,S0038741,2025FA,2025-26,0,0,0,0,0
AID2025-011607,S0021808,2025FA,2025-26,1,0,0,0,0
AID2025-011608,S0040034,2025FA,2025-26,1,1,7395,1,5500
AID2025-011609,S0018881,2025FA,2025-26,1,1,7395,0,0
AID2025-011610,S0027236,2025FA,2025-26,0,0,0,0,0
AID2025-011611,S0007491,2025FA,2025-26,0,0,0,1,5500
AID2025-011612,S0028978,2025FA,2025-26,1,1,7395,0,0
AID2025-011613,S0034416,2025FA,2025-26,1,1,7395,0,0
AID2025-011614,S0038391,2025FA,2025-26,0,0,0,1,5500
AID2025-011615,S0024367,2025FA,2025-26,1,1,7395,0,0
AID2025-011616,S0024016,2025FA,2025-26,1,1,7395,0,0
AID2025-011617,S0032675,2025FA,2025-26,1,1,7395,1,5500
AID2025-011618,S0022464,2025FA,2025-26,1,1,7395,0,0
AID2025-011619,S0036724,2025FA,2025-26,0,0,0,0,0
AID2025-011620,S0026136,2025FA,2025-26,1,1,7395,1,5500
AID2025-011621,S0019641,2025FA,2025-26,0,0,0,0,0
AID2025-011622,S0019317,2025FA,2025-26,0,0,0,0,0
AID2025-011623,S0030775,2025FA,2025-26,1,1,7395,1,5500
AID2025-011624,S0005142,2025FA,2025-26,0,0,0,0,0
AID2025-011625,S0032323,2025FA,2025-26,1,1,7395,0,0
AID2025-011626,S0003407,2025FA,2025-26,0,0,0,1,5500
AID2025-011627,S0010420,2025FA,2025-26,0,0,0,0,0
AID2025-011628,S0004680,2025FA,2025-26,0,0,0,0,0
AID2025-011629,S0003435,2025FA,2025-26,0,0,0,1,5500
AID2025-011630,S0018424,2025FA,2025-26,0,0,0,0,0
AID2025-011631,S0040244,2025FA,2025-26,0,0,0,0,0
AID2025-011632,S0039863,2025FA,2025-26,0,0,0,1,5500
AID2025-011633,S0008221,2025FA,2025-26,0,0,0,0,0
AID2025-011634,S0011503,2025FA,2025-26,0,0,0,0,0
AID2025-011635,S0036506,2025FA,2025-26,0,0,0,1,5500
AID2025-011636,S0020741,2025FA,2025-26,0,0,0,0,0
AID2025-011637,S0013738,2025FA,2025-26,0,0,0,0,0
AID2025-011638,S0036142,2025FA,2025-26,0,0,0,1,5500
AID2025-011639,S0010979,2025FA,2025-26,1,1,7395,0,0
AID2025-011640,S0037249,2025FA,2025-26,1,1,7395,0,0
AID2025-011641,S0000963,2025FA,2025-26,0,0,0,1,5500
AID2025-011642,S0029053,2025FA,2025-26,0,0,0,0,0
AID2025-011643,S0037530,2025FA,2025-26,1,1,7395,0,0
AID2025-011644,S0034053,2025FA,2025-26,0,0,0,1,5500
AID2025-011645,S0038993,2025FA,2025-26,1,1,7395,0,0
AID2025-011646,S0033244,2025FA,2025-26,1,1,7395,0,0
AID2025-011647,S0019285,2025FA,2025-26,1,1,7395,1,5500
AID2025-011648,S0040337,2025FA,2025-26,0,0,0,0,0
AID2025-011649,S0017124,2025FA,2025-26,0,0,0,0,0
AID2025-011650,S0012098,2025FA,2025-26,1,1,7395,1,5500
AID2025-011651,S0007850,2025FA,2025-26,0,0,0,0,0
AID2025-011652,S0032299,2025FA,2025-26,0,0,0,0,0
AID2025-011653,S0033224,2025FA,2025-26,0,0,0,1,5500
AID2025-011654,S0039281,2025FA,2025-26,0,0,0,0,0
AID2025-011655,S0035473,2025FA,2025-26,0,0,0,0,0
AID2025-011656,S0033042,2025FA,2025-26,1,0,0,1,5500
AID2025-011657,S0036023,2025FA,2025-26,0,0,0,0,0
AID2025-011658,S0001668,2025FA,2025-26,0,0,0,0,0
AID2025-011659,S0014242,2025FA,2025-26,0,0,0,1,5500
AID2025-011660,S0036103,2025FA,2025-26,1,1,7395,0,0
AID2025-011661,S0022516,2025FA,2025-26,0,0,0,0,0
AID2025-011662,S0030916,2025FA,2025-26,1,1,7395,1,5500
AID2025-011663,S0001024,2025FA,2025-26,0,0,0,0,0
AID2025-011664,S0028082,2025FA,2025-26,1,1,7395,0,0
AID2025-011665,S0009294,2025FA,2025-26,0,0,0,1,5500
AID2025-011666,S0033255,2025FA,2025-26,0,0,0,0,0
AID2025-011667,S0004545,2025FA,2025-26,1,1,7395,0,0
AID2025-011668,S0029096,2025FA,2025-26,1,1,7395,1,5500
AID2025-011669,S0027281,2025FA,2025-26,1,1,7395,0,0
AID2025-011670,S0033293,2025FA,2025-26,0,0,0,0,0
AID2025-011671,S0022376,2025FA,2025-26,1,1,7395,1,5500
AID2025-011672,S0039398,2025FA,2025-26,0,0,0,0,0
AID2025-011673,S0036197,2025FA,2025-26,0,0,0,0,0
AID2025-011674,S0006549,2025FA,2025-26,1,1,7395,1,5500
AID2025-011675,S0028659,2025FA,2025-26,1,1,7395,0,0
AID2025-011676,S0004811,2025FA,2025-26,0,0,0,0,0
AID2025-011677,S0020772,2025FA,2025-26,0,0,0,1,5500
AID2025-011678,S0010939,2025FA,2025-26,1,1,7395,0,0
AID2025-011679,S0027511,2025FA,2025-26,0,0,0,0,0
AID2025-011680,S0028584,2025FA,2025-26,1,1,7395,1,5500
AID2025-011681,S0036327,2025FA,2025-26,1,1,7395,0,0
AID2025-011682,S0003284,2025FA,2025-26,1,1,7395,0,0
AID2025-011683,S0006256,2025FA,2025-26,0,0,0,1,5500
AID2025-011684,S0022542,2025FA,2025-26,0,0,0,0,0
AID2025-011685,S0033631,2025FA,2025-26,0,0,0,0,0
AID2025-011686,S0037374,2025FA,2025-26,0,0,0,1,5500
AID2025-011687,S0022817,2025FA,2025-26,1,1,7395,0,0
AID2025-011688,S0001136,2025FA,2025-26,0,0,0,0,0
AID2025-011689,S0036695,2025FA,2025-26,0,0,0,1,5500
AID2025-011690,S0037329,2025FA,2025-26,0,0,0,0,0
AID2025-011691,S0008129,2025FA,2025-26,1,0,0,0,0
AID2025-011692,S0022756,2025FA,2025-26,0,0,0,1,5500
AID2025-011693,S0029328,2025FA,2025-26,0,0,0,0,0
AID2025-011694,S0011700,2025FA,2025-26,0,0,0,0,0
AID2025-011695,S0025803,2025FA,2025-26,0,0,0,1,5500
AID2025-011696,S0011366,2025FA,2025-26,0,0,0,0,0
AID2025-011697,S0031155,2025FA,2025-26,0,0,0,0,0
AID2025-011698,S0033135,2025FA,2025-26,0,0,0,1,5500
AID2025-011699,S0040456,2025FA,2025-26,1,1,7395,0,0
AID2025-011700,S0018829,2025FA,2025-26,0,0,0,0,0
AID2025-011701,S0038920,2025FA,2025-26,1,1,7395,1,5500
AID2025-011702,S0033269,2025FA,2025-26,0,0,0,0,0
AID2025-011703,S0028398,2025FA,2025-26,1,1,7395,0,0
AID2025-011704,S0028280,2025FA,2025-26,0,0,0,1,5500
AID2025-011705,S0020830,2025FA,2025-26,0,0,0,0,0
AID2025-011706,S0013234,2025FA,2025-26,0,0,0,0,0
AID2025-011707,S0036111,2025FA,2025-26,0,0,0,1,5500
AID2025-011708,S0033927,2025FA,2025-26,1,1,7395,0,0
AID2025-011709,S0025907,2025FA,2025-26,1,1,7395,0,0
AID2025-011710,S0001962,2025FA,2025-26,0,0,0,1,5500
AID2025-011711,S0036357,2025FA,2025-26,0,0,0,0,0
AID2025-011712,S0001735,2025FA,2025-26,0,0,0,0,0
AID2025-011713,S0018969,2025FA,2025-26,1,1,7395,1,5500
AID2025-011714,S0027966,2025FA,2025-26,1,1,7395,0,0
AID2025-011715,S0034352,2025FA,2025-26,1,1,7395,0,0
AID2025-011716,S0036139,2025FA,2025-26,1,1,7395,1,5500
AID2025-011717,S0005602,2025FA,2025-26,0,0,0,0,0
AID2025-011718,S0015564,2025FA,2025-26,0,0,0,0,0
AID2025-011719,S0032607,2025FA,2025-26,0,0,0,1,5500
AID2025-011720,S0033061,2025FA,2025-26,1,1,7395,0,0
AID2025-011721,S0031996,2025FA,2025-26,0,0,0,0,0
AID2025-011722,S0036069,2025FA,2025-26,0,0,0,1,5500
AID2025-011723,S0023312,2025FA,2025-26,0,0,0,0,0
AID2025-011724,S0032376,2025FA,2025-26,1,1,7395,0,0
AID2025-011725,S0008284,2025FA,2025-26,0,0,0,1,5500
AID2025-011726,S0017754,2025FA,2025-26,1,0,0,0,0
AID2025-011727,S0033903,2025FA,2025-26,1,1,7395,0,0
AID2025-011728,S0039726,2025FA,2025-26,0,0,0,1,5500
AID2025-011729,S0018176,2025FA,2025-26,0,0,0,0,0
AID2025-011730,S0031123,2025FA,2025-26,0,0,0,0,0
AID2025-011731,S0036624,2025FA,2025-26,0,0,0,1,5500
AID2025-011732,S0009982,2025FA,2025-26,1,1,7395,0,0
AID2025-011733,S0023983,2025FA,2025-26,0,0,0,0,0
AID2025-011734,S0040095,2025FA,2025-26,0,0,0,1,5500
AID2025-011735,S0040430,2025FA,2025-26,1,1,7395,0,0
AID2025-011736,S0019734,2025FA,2025-26,0,0,0,0,0
AID2025-011737,S0039720,2025FA,2025-26,0,0,0,1,5500
AID2025-011738,S0032930,2025FA,2025-26,0,0,0,0,0
AID2025-011739,S0033598,2025FA,2025-26,0,0,0,0,0
AID2025-011740,S0033059,2025FA,2025-26,0,0,0,1,5500
AID2025-011741,S0029131,2025FA,2025-26,1,1,7395,0,0
AID2025-011742,S0019479,2025FA,2025-26,1,1,7395,0,0
AID2025-011743,S0027939,2025FA,2025-26,1,1,7395,1,5500
AID2025-011744,S0035833,2025FA,2025-26,1,1,7395,0,0
AID2025-011745,S0037823,2025FA,2025-26,0,0,0,0,0
AID2025-011746,S0031506,2025FA,2025-26,0,0,0,1,5500
AID2025-011747,S0036533,2025FA,2025-26,0,0,0,0,0
AID2025-011748,S0038717,2025FA,2025-26,1,1,7395,0,0
AID2025-011749,S0040139,2025FA,2025-26,0,0,0,1,5500
AID2025-011750,S0036443,2025FA,2025-26,0,0,0,0,0
AID2025-011751,S0027923,2025FA,2025-26,1,1,7395,0,0
AID2025-011752,S0032133,2025FA,2025-26,1,1,7395,1,5500
AID2025-011753,S0026275,2025FA,2025-26,0,0,0,0,0
AID2025-011754,S0024297,2025FA,2025-26,1,0,0,0,0
AID2025-011755,S0039142,2025FA,2025-26,0,0,0,1,5500
AID2025-011756,S0024043,2025FA,2025-26,0,0,0,0,0
AID2025-011757,S0018961,2025FA,2025-26,1,1,7395,0,0
AID2025-011758,S0031758,2025FA,2025-26,1,1,7395,1,5500
AID2025-011759,S0029602,2025FA,2025-26,0,0,0,0,0
AID2025-011760,S0039738,2025FA,2025-26,0,0,0,0,0
AID2025-011761,S0039644,2025FA,2025-26,1,0,0,1,5500
AID2025-011762,S0023433,2025FA,2025-26,0,0,0,0,0
AID2025-011763,S0036699,2025FA,2025-26,0,0,0,0,0
AID2025-011764,S0038762,2025FA,2025-26,0,0,0,1,5500
AID2025-011765,S0022844,2025FA,2025-26,0,0,0,0,0
AID2025-011766,S0030725,2025FA,2025-26,0,0,0,0,0
AID2025-011767,S0027078,2025FA,2025-26,0,0,0,1,5500
AID2025-011768,S0027224,2025FA,2025-26,0,0,0,0,0
AID2025-011769,S0038104,2025FA,2025-26,0,0,0,0,0
AID2025-011770,S0036010,2025FA,2025-26,0,0,0,1,5500
AID2025-011771,S0011773,2025FA,2025-26,0,0,0,0,0
AID2025-011772,S0032398,2025FA,2025-26,0,0,0,0,0
AID2025-011773,S0023210,2025FA,2025-26,0,0,0,1,5500
AID2025-011774,S0021277,2025FA,2025-26,1,1,7395,0,0
AID2025-011775,S0033358,2025FA,2025-26,0,0,0,0,0
AID2025-011776,S0022656,2025FA,2025-26,0,0,0,1,5500
AID2025-011777,S0028161,2025FA,2025-26,0,0,0,0,0
AID2025-011778,S0018583,2025FA,2025-26,0,0,0,0,0
AID2025-011779,S0018198,2025FA,2025-26,0,0,0,1,5500
AID2025-011780,S0039135,2025FA,2025-26,0,0,0,0,0
AID2025-011781,S0027451,2025FA,2025-26,1,1,7395,0,0
AID2025-011782,S0008117,2025FA,2025-26,1,0,0,1,5500
AID2025-011783,S0009558,2025FA,2025-26,0,0,0,0,0
AID2025-011784,S0028606,2025FA,2025-26,0,0,0,0,0
AID2025-011785,S0032850,2025FA,2025-26,0,0,0,1,5500
AID2025-011786,S0038639,2025FA,2025-26,0,0,0,0,0
AID2025-011787,S0000295,2025FA,2025-26,0,0,0,0,0
AID2025-011788,S0009525,2025FA,2025-26,0,0,0,1,5500
AID2025-011789,S0038342,2025FA,2025-26,1,0,0,0,0
AID2025-011790,S0007579,2025FA,2025-26,0,0,0,0,0
AID2025-011791,S0036545,2025FA,2025-26,0,0,0,1,5500
AID2025-011792,S0021700,2025FA,2025-26,1,1,7395,0,0
AID2025-011793,S0024128,2025FA,2025-26,1,1,7395,0,0
AID2025-011794,S0023018,2025FA,2025-26,1,1,7395,1,5500
AID2025-011795,S0039124,2025FA,2025-26,0,0,0,0,0
AID2025-011796,S0022157,2025FA,2025-26,1,0,0,0,0
AID2025-011797,S0032157,2025FA,2025-26,1,1,7395,1,5500
AID2025-011798,S0030444,2025FA,2025-26,0,0,0,0,0
AID2025-011799,S0031767,2025FA,2025-26,1,1,7395,0,0
AID2025-011800,S0023515,2025FA,2025-26,0,0,0,1,5500
AID2025-011801,S0032400,2025FA,2025-26,0,0,0,0,0
AID2025-011802,S0035695,2025FA,2025-26,0,0,0,0,0
AID2025-011803,S0022210,2025FA,2025-26,1,0,0,1,5500
AID2025-011804,S0031402,2025FA,2025-26,1,1,7395,0,0
AID2025-011805,S0038796,2025FA,2025-26,1,1,7395,0,0
AID2025-011806,S0023443,2025FA,2025-26,0,0,0,1,5500
AID2025-011807,S0034075,2025FA,2025-26,0,0,0,0,0
AID2025-011808,S0039949,2025FA,2025-26,0,0,0,0,0
AID2025-011809,S0029505,2025FA,2025-26,1,1,7395,1,5500
AID2025-011810,S0036689,2025FA,2025-26,0,0,0,0,0
AID2025-011811,S0028763,2025FA,2025-26,1,1,7395,0,0
AID2025-011812,S0028008,2025FA,2025-26,0,0,0,1,5500
AID2025-011813,S0039150,2025FA,2025-26,0,0,0,0,0
AID2025-011814,S0032479,2025FA,2025-26,1,1,7395,0,0
AID2025-011815,S0033067,2025FA,2025-26,0,0,0,1,5500
AID2025-011816,S0035091,2025FA,2025-26,0,0,0,0,0
AID2025-011817,S0039901,2025FA,2025-26,0,0,0,0,0
AID2025-011818,S0032807,2025FA,2025-26,1,1,7395,1,5500
AID2025-011819,S0024279,2025FA,2025-26,1,1,7395,0,0
AID2025-011820,S0017526,2025FA,2025-26,1,1,7395,0,0
AID2025-011821,S0032873,2025FA,2025-26,1,1,7395,1,5500
AID2025-011822,S0015367,2025FA,2025-26,0,0,0,0,0
AID2025-011823,S0032553,2025FA,2025-26,0,0,0,0,0
AID2025-011824,S0014124,2025FA,2025-26,1,0,0,1,5500
AID2025-011825,S0029391,2025FA,2025-26,0,0,0,0,0
AID2025-011826,S0038382,2025FA,2025-26,0,0,0,0,0
AID2025-011827,S0025924,2025FA,2025-26,1,1,7395,1,5500
AID2025-011828,S0020910,2025FA,2025-26,1,1,7395,0,0
AID2025-011829,S0003545,2025FA,2025-26,0,0,0,0,0
AID2025-011830,S0039453,2025FA,2025-26,1,1,7395,1,5500
AID2025-011831,S0030956,2025FA,2025-26,0,0,0,0,0
AID2025-011832,S0016276,2025FA,2025-26,0,0,0,0,0
AID2025-011833,S0032917,2025FA,2025-26,0,0,0,1,5500
AID2025-011834,S0004638,2025FA,2025-26,0,0,0,0,0
AID2025-011835,S0022471,2025FA,2025-26,0,0,0,0,0
AID2025-011836,S0040065,2025FA,2025-26,0,0,0,1,5500
AID2025-011837,S0033143,2025FA,2025-26,1,1,7395,0,0
AID2025-011838,S0037975,2025FA,2025-26,1,0,0,0,0
AID2025-011839,S0037468,2025FA,2025-26,0,0,0,1,5500
AID2025-011840,S0006266,2025FA,2025-26,1,1,7395,0,0
AID2025-011841,S0037269,2025FA,2025-26,0,0,0,0,0
AID2025-011842,S0027916,2025FA,2025-26,1,1,7395,1,5500
AID2025-011843,S0035835,2025FA,2025-26,1,1,7395,0,0
AID2025-011844,S0022291,2025FA,2025-26,0,0,0,0,0
AID2025-011845,S0018059,2025FA,2025-26,0,0,0,1,5500
AID2025-011846,S0038491,2025FA,2025-26,0,0,0,0,0
AID2025-011847,S0039460,2025FA,2025-26,1,1,7395,0,0
AID2025-011848,S0012874,2025FA,2025-26,1,1,7395,1,5500
AID2025-011849,S0020752,2025FA,2025-26,0,0,0,0,0
AID2025-011850,S0036208,2025FA,2025-26,0,0,0,0,0
AID2025-011851,S0029541,2025FA,2025-26,1,1,7395,1,5500
AID2025-011852,S0005152,2025FA,2025-26,0,0,0,0,0
AID2025-011853,S0031029,2025FA,2025-26,0,0,0,0,0
AID2025-011854,S0034384,2025FA,2025-26,1,1,7395,1,5500
AID2025-011855,S0040116,2025FA,2025-26,0,0,0,0,0
AID2025-011856,S0040540,2025FA,2025-26,1,1,7395,0,0
AID2025-011857,S0006666,2025FA,2025-26,1,1,7395,1,5500
AID2025-011858,S0038007,2025FA,2025-26,1,1,7395,0,0
AID2025-011859,S0013056,2025FA,2025-26,0,0,0,0,0
AID2025-011860,S0033233,2025FA,2025-26,0,0,0,1,5500
AID2025-011861,S0026103,2025FA,2025-26,1,1,7395,0,0
AID2025-011862,S0033526,2025FA,2025-26,1,1,7395,0,0
AID2025-011863,S0001148,2025FA,2025-26,1,1,7395,1,5500
AID2025-011864,S0006639,2025FA,2025-26,0,0,0,0,0
AID2025-011865,S0040492,2025FA,2025-26,0,0,0,0,0
AID2025-011866,S0039964,2025FA,2025-26,1,0,0,1,5500
AID2025-011867,S0032473,2025FA,2025-26,0,0,0,0,0
AID2025-011868,S0038909,2025FA,2025-26,0,0,0,0,0
AID2025-011869,S0028872,2025FA,2025-26,0,0,0,1,5500
AID2025-011870,S0032441,2025FA,2025-26,0,0,0,0,0
AID2025-011871,S0040268,2025FA,2025-26,0,0,0,0,0
AID2025-011872,S0039320,2025FA,2025-26,0,0,0,1,5500
AID2025-011873,S0018034,2025FA,2025-26,1,0,0,0,0
AID2025-011874,S0008256,2025FA,2025-26,0,0,0,0,0
AID2025-011875,S0009271,2025FA,2025-26,0,0,0,1,5500
AID2025-011876,S0031611,2025FA,2025-26,0,0,0,0,0
AID2025-011877,S0028461,2025FA,2025-26,0,0,0,0,0
AID2025-011878,S0003771,2025FA,2025-26,1,1,7395,1,5500
AID2025-011879,S0039256,2025FA,2025-26,1,1,7395,0,0
AID2025-011880,S0038486,2025FA,2025-26,0,0,0,0,0
AID2025-011881,S0034146,2025FA,2025-26,1,1,7395,1,5500
AID2025-011882,S0033339,2025FA,2025-26,0,0,0,0,0
AID2025-011883,S0039534,2025FA,2025-26,1,1,7395,0,0
AID2025-011884,S0035718,2025FA,2025-26,0,0,0,1,5500
AID2025-011885,S0029251,2025FA,2025-26,1,1,7395,0,0
AID2025-011886,S0036185,2025FA,2025-26,0,0,0,0,0
AID2025-011887,S0032250,2025FA,2025-26,0,0,0,1,5500
AID2025-011888,S0037086,2025FA,2025-26,0,0,0,0,0
AID2025-011889,S0019077,2025FA,2025-26,0,0,0,0,0
AID2025-011890,S0031946,2025FA,2025-26,0,0,0,1,5500
AID2025-011891,S0023862,2025FA,2025-26,0,0,0,0,0
AID2025-011892,S0038748,2025FA,2025-26,0,0,0,0,0
AID2025-011893,S0021635,2025FA,2025-26,0,0,0,1,5500
AID2025-011894,S0037698,2025FA,2025-26,1,0,0,0,0
AID2025-011895,S0028758,2025FA,2025-26,0,0,0,0,0
AID2025-011896,S0031812,2025FA,2025-26,0,0,0,1,5500
AID2025-011897,S0022153,2025FA,2025-26,0,0,0,0,0
AID2025-011898,S0014301,2025FA,2025-26,0,0,0,0,0
AID2025-011899,S0028751,2025FA,2025-26,0,0,0,1,5500
AID2025-011900,S0039633,2025FA,2025-26,1,1,7395,0,0
AID2025-011901,S0022966,2025FA,2025-26,1,0,0,0,0
AID2025-011902,S0007452,2025FA,2025-26,1,1,7395,1,5500
AID2025-011903,S0005749,2025FA,2025-26,1,1,7395,0,0
AID2025-011904,S0035437,2025FA,2025-26,0,0,0,0,0
AID2025-011905,S0036453,2025FA,2025-26,0,0,0,1,5500
AID2025-011906,S0037938,2025FA,2025-26,0,0,0,0,0
AID2025-011907,S0034065,2025FA,2025-26,0,0,0,0,0
AID2025-011908,S0036916,2025FA,2025-26,1,0,0,1,5500
AID2025-011909,S0005371,2025FA,2025-26,0,0,0,0,0
AID2025-011910,S0028639,2025FA,2025-26,0,0,0,0,0
AID2025-011911,S0019345,2025FA,2025-26,0,0,0,1,5500
AID2025-011912,S0038364,2025FA,2025-26,1,1,7395,0,0
AID2025-011913,S0027405,2025FA,2025-26,0,0,0,0,0
AID2025-011914,S0040323,2025FA,2025-26,0,0,0,1,5500
AID2025-011915,S0010279,2025FA,2025-26,1,0,0,0,0
AID2025-011916,S0011902,2025FA,2025-26,1,1,7395,0,0
AID2025-011917,S0007911,2025FA,2025-26,0,0,0,1,5500
AID2025-011918,S0035148,2025FA,2025-26,0,0,0,0,0
AID2025-011919,S0039087,2025FA,2025-26,0,0,0,0,0
AID2025-011920,S0040261,2025FA,2025-26,0,0,0,1,5500
AID2025-011921,S0023840,2025FA,2025-26,0,0,0,0,0
AID2025-011922,S0035529,2025FA,2025-26,0,0,0,0,0
AID2025-011923,S0028753,2025FA,2025-26,0,0,0,1,5500
AID2025-011924,S0038983,2025FA,2025-26,1,1,7395,0,0
AID2025-011925,S0021271,2025FA,2025-26,0,0,0,0,0
AID2025-011926,S0030360,2025FA,2025-26,0,0,0,1,5500
AID2025-011927,S0039367,2025FA,2025-26,0,0,0,0,0
AID2025-011928,S0028642,2025FA,2025-26,0,0,0,0,0
AID2025-011929,S0028319,2025FA,2025-26,0,0,0,1,5500
AID2025-011930,S0011708,2025FA,2025-26,0,0,0,0,0
AID2025-011931,S0026667,2025FA,2025-26,1,1,7395,0,0
AID2025-011932,S0032196,2025FA,2025-26,1,1,7395,1,5500
AID2025-011933,S0003880,2025FA,2025-26,0,0,0,0,0
AID2025-011934,S0038078,2025FA,2025-26,0,0,0,0,0
AID2025-011935,S0028010,2025FA,2025-26,0,0,0,1,5500
AID2025-011936,S0039327,2025FA,2025-26,0,0,0,0,0
AID2025-011937,S0040508,2025FA,2025-26,0,0,0,0,0
AID2025-011938,S0033472,2025FA,2025-26,0,0,0,1,5500
AID2025-011939,S0029375,2025FA,2025-26,1,1,7395,0,0
AID2025-011940,S0011731,2025FA,2025-26,0,0,0,0,0
AID2025-011941,S0023552,2025FA,2025-26,0,0,0,1,5500
AID2025-011942,S0023691,2025FA,2025-26,1,1,7395,0,0
AID2025-011943,S0039106,2025FA,2025-26,0,0,0,0,0
AID2025-011944,S0011603,2025FA,2025-26,0,0,0,1,5500
AID2025-011945,S0001615,2025FA,2025-26,0,0,0,0,0
AID2025-011946,S0032598,2025FA,2025-26,0,0,0,0,0
AID2025-011947,S0025511,2025FA,2025-26,0,0,0,1,5500
AID2025-011948,S0025579,2025FA,2025-26,1,1,7395,0,0
AID2025-011949,S0031373,2025FA,2025-26,0,0,0,0,0
AID2025-011950,S0021524,2025FA,2025-26,0,0,0,1,5500
AID2025-011951,S0007387,2025FA,2025-26,1,1,7395,0,0
AID2025-011952,S0015558,2025FA,2025-26,0,0,0,0,0
AID2025-011953,S0038308,2025FA,2025-26,1,1,7395,1,5500
AID2025-011954,S0040478,2025FA,2025-26,0,0,0,0,0
AID2025-011955,S0031025,2025FA,2025-26,0,0,0,0,0
AID2025-011956,S0039484,2025FA,2025-26,0,0,0,1,5500
AID2025-011957,S0036004,2025FA,2025-26,1,0,0,0,0
AID2025-011958,S0015965,2025FA,2025-26,0,0,0,0,0
AID2025-011959,S0033216,2025FA,2025-26,0,0,0,1,5500
AID2025-011960,S0036477,2025FA,2025-26,1,1,7395,0,0
AID2025-011961,S0012570,2025FA,2025-26,0,0,0,0,0
AID2025-011962,S0006052,2025FA,2025-26,1,1,7395,1,5500
AID2025-011963,S0026128,2025FA,2025-26,1,1,7395,0,0
AID2025-011964,S0027001,2025FA,2025-26,0,0,0,0,0
AID2025-011965,S0024201,2025FA,2025-26,0,0,0,1,5500
AID2025-011966,S0033329,2025FA,2025-26,1,1,7395,0,0
AID2025-011967,S0028785,2025FA,2025-26,0,0,0,0,0
AID2025-011968,S0009759,2025FA,2025-26,0,0,0,1,5500
AID2025-011969,S0009256,2025FA,2025-26,0,0,0,0,0
AID2025-011970,S0026178,2025FA,2025-26,1,1,7395,0,0
AID2025-011971,S0038612,2025FA,2025-26,0,0,0,1,5500
AID2025-011972,S0039907,2025FA,2025-26,0,0,0,0,0
AID2025-011973,S0028919,2025FA,2025-26,0,0,0,0,0
AID2025-011974,S0015070,2025FA,2025-26,0,0,0,1,5500
AID2025-011975,S0035636,2025FA,2025-26,1,1,7395,0,0
AID2025-011976,S0040188,2025FA,2025-26,1,1,7395,0,0
AID2025-011977,S0034354,2025FA,2025-26,1,1,7395,1,5500
AID2025-011978,S0035565,2025FA,2025-26,1,0,0,0,0
AID2025-011979,S0036484,2025FA,2025-26,1,1,7395,0,0
AID2025-011980,S0039258,2025FA,2025-26,0,0,0,1,5500
AID2025-011981,S0000656,2025FA,2025-26,1,1,7395,0,0
AID2025-011982,S0024423,2025FA,2025-26,0,0,0,0,0
AID2025-011983,S0023239,2025FA,2025-26,1,1,7395,1,5500
AID2025-011984,S0029495,2025FA,2025-26,0,0,0,0,0
AID2025-011985,S0006850,2025FA,2025-26,1,0,0,0,0
AID2025-011986,S0033527,2025FA,2025-26,0,0,0,1,5500
AID2025-011987,S0026996,2025FA,2025-26,1,1,7395,0,0
AID2025-011988,S0035749,2025FA,2025-26,1,1,7395,0,0
AID2025-011989,S0020885,2025FA,2025-26,0,0,0,1,5500
AID2025-011990,S0032514,2025FA,2025-26,0,0,0,0,0
AID2025-011991,S0039724,2025FA,2025-26,0,0,0,0,0
AID2025-011992,S0015157,2025FA,2025-26,1,0,0,1,5500
AID2025-011993,S0038916,2025FA,2025-26,1,1,7395,0,0
AID2025-011994,S0035211,2025FA,2025-26,0,0,0,0,0
AID2025-011995,S0030644,2025FA,2025-26,0,0,0,1,5500
AID2025-011996,S0038692,2025FA,2025-26,0,0,0,0,0
AID2025-011997,S0025916,2025FA,2025-26,0,0,0,0,0
AID2025-011998,S0034249,2025FA,2025-26,0,0,0,1,5500
AID2025-011999,S0036055,2025FA,2025-26,1,0,0,0,0
AID2025-012000,S0039876,2025FA,2025-26,0,0,0,0,0
AID2025-012001,S0009543,2025FA,2025-26,0,0,0,1,5500
AID2025-012002,S0034403,2025FA,2025-26,0,0,0,0,0
AID2025-012003,S0005790,2025FA,2025-26,0,0,0,0,0
AID2025-012004,S0017261,2025FA,2025-26,0,0,0,1,5500
AID2025-012005,S0022863,2025FA,2025-26,0,0,0,0,0
AID2025-012006,S0033195,2025FA,2025-26,0,0,0,0,0
AID2025-012007,S0033024,2025FA,2025-26,0,0,0,1,5500
AID2025-012008,S0023326,2025FA,2025-26,0,0,0,0,0
AID2025-012009,S0008840,2025FA,2025-26,0,0,0,0,0
AID2025-012010,S0038601,2025FA,2025-26,0,0,0,1,5500
AID2025-012011,S0035380,2025FA,2025-26,0,0,0,0,0
AID2025-012012,S0019367,2025FA,2025-26,0,0,0,0,0
AID2025-012013,S0033448,2025FA,2025-26,0,0,0,1,5500
AID2025-012014,S0004939,2025FA,2025-26,1,1,7395,0,0
AID2025-012015,S0023686,2025FA,2025-26,1,1,7395,0,0
AID2025-012016,S0039205,2025FA,2025-26,0,0,0,1,5500
AID2025-012017,S0020743,2025FA,2025-26,0,0,0,0,0
AID2025-012018,S0023952,2025FA,2025-26,0,0,0,0,0
AID2025-012019,S0033323,2025FA,2025-26,1,1,7395,1,5500
AID2025-012020,S0029245,2025FA,2025-26,0,0,0,0,0
AID2025-012021,S0009421,2025FA,2025-26,0,0,0,0,0
AID2025-012022,S0038524,2025FA,2025-26,0,0,0,1,5500
AID2025-012023,S0009240,2025FA,2025-26,0,0,0,0,0
AID2025-012024,S0009949,2025FA,2025-26,0,0,0,0,0
AID2025-012025,S0017481,2025FA,2025-26,1,1,7395,1,5500
AID2025-012026,S0035764,2025FA,2025-26,0,0,0,0,0
AID2025-012027,S0034381,2025FA,2025-26,0,0,0,0,0
AID2025-012028,S0019592,2025FA,2025-26,0,0,0,1,5500
AID2025-012029,S0039658,2025FA,2025-26,0,0,0,0,0
AID2025-012030,S0031893,2025FA,2025-26,0,0,0,0,0
AID2025-012031,S0004208,2025FA,2025-26,1,1,7395,1,5500
AID2025-012032,S0011956,2025FA,2025-26,0,0,0,0,0
AID2025-012033,S0032019,2025FA,2025-26,0,0,0,0,0
AID2025-012034,S0026862,2025FA,2025-26,0,0,0,1,5500
AID2025-012035,S0025765,2025FA,2025-26,0,0,0,0,0
AID2025-012036,S0035528,2025FA,2025-26,1,1,7395,0,0
AID2025-012037,S0005157,2025FA,2025-26,0,0,0,1,5500
AID2025-012038,S0036184,2025FA,2025-26,0,0,0,0,0
AID2025-012039,S0039675,2025FA,2025-26,0,0,0,0,0
AID2025-012040,S0032613,2025FA,2025-26,0,0,0,1,5500
AID2025-012041,S0039436,2025FA,2025-26,1,0,0,0,0
AID2025-012042,S0034319,2025FA,2025-26,1,1,7395,0,0
AID2025-012043,S0028551,2025FA,2025-26,0,0,0,1,5500
AID2025-012044,S0038062,2025FA,2025-26,0,0,0,0,0
AID2025-012045,S0035549,2025FA,2025-26,1,1,7395,0,0
AID2025-012046,S0039639,2025FA,2025-26,0,0,0,1,5500
AID2025-012047,S0035900,2025FA,2025-26,0,0,0,0,0
AID2025-012048,S0010464,2025FA,2025-26,1,0,0,0,0
AID2025-012049,S0040544,2025FA,2025-26,0,0,0,1,5500
AID2025-012050,S0031393,2025FA,2025-26,0,0,0,0,0
AID2025-012051,S0031860,2025FA,2025-26,1,1,7395,0,0
AID2025-012052,S0035328,2025FA,2025-26,0,0,0,1,5500
AID2025-012053,S0018744,2025FA,2025-26,0,0,0,0,0
AID2025-012054,S0013863,2025FA,2025-26,1,1,7395,0,0
AID2025-012055,S0019610,2025FA,2025-26,0,0,0,1,5500
AID2025-012056,S0038750,2025FA,2025-26,0,0,0,0,0
AID2025-012057,S0017081,2025FA,2025-26,1,1,7395,0,0
AID2025-012058,S0040084,2025FA,2025-26,0,0,0,1,5500
AID2025-012059,S0021975,2025FA,2025-26,0,0,0,0,0
AID2025-012060,S0038919,2025FA,2025-26,0,0,0,0,0
AID2025-012061,S0010591,2025FA,2025-26,0,0,0,1,5500
AID2025-012062,S0039224,2025FA,2025-26,0,0,0,0,0
AID2025-012063,S0008562,2025FA,2025-26,1,1,7395,0,0
AID2025-012064,S0014403,2025FA,2025-26,1,1,7395,1,5500
AID2025-012065,S0035692,2025FA,2025-26,1,1,7395,0,0
AID2025-012066,S0037046,2025FA,2025-26,0,0,0,0,0
AID2025-012067,S0034099,2025FA,2025-26,0,0,0,1,5500
AID2025-012068,S0015656,2025FA,2025-26,0,0,0,0,0
AID2025-012069,S0033703,2025FA,2025-26,0,0,0,0,0
AID2025-012070,S0040595,2025FA,2025-26,0,0,0,1,5500
AID2025-012071,S0036495,2025FA,2025-26,0,0,0,0,0
AID2025-012072,S0032591,2025FA,2025-26,0,0,0,0,0
AID2025-012073,S0023632,2025FA,2025-26,0,0,0,1,5500
AID2025-012074,S0033202,2025FA,2025-26,0,0,0,0,0
AID2025-012075,S0039600,2025FA,2025-26,0,0,0,0,0
AID2025-012076,S0015566,2025FA,2025-26,0,0,0,1,5500
AID2025-012077,S0006360,2025FA,2025-26,1,1,7395,0,0
AID2025-012078,S0032866,2025FA,2025-26,1,1,7395,0,0
AID2025-012079,S0040373,2025FA,2025-26,1,1,7395,1,5500
AID2025-012080,S0039216,2025FA,2025-26,0,0,0,0,0
AID2025-012081,S0038004,2025FA,2025-26,0,0,0,0,0
AID2025-012082,S0019736,2025FA,2025-26,0,0,0,1,5500
AID2025-012083,S0035212,2025FA,2025-26,1,0,0,0,0
AID2025-012084,S0011732,2025FA,2025-26,0,0,0,0,0
AID2025-012085,S0014889,2025FA,2025-26,0,0,0,1,5500
AID2025-012086,S0035917,2025FA,2025-26,0,0,0,0,0
AID2025-012087,S0039064,2025FA,2025-26,0,0,0,0,0
AID2025-012088,S0019648,2025FA,2025-26,1,1,7395,1,5500
AID2025-012089,S0004728,2025FA,2025-26,0,0,0,0,0
AID2025-012090,S0010391,2025FA,2025-26,0,0,0,0,0
AID2025-012091,S0033751,2025FA,2025-26,1,1,7395,1,5500
AID2025-012092,S0031760,2025FA,2025-26,0,0,0,0,0
AID2025-012093,S0037587,2025FA,2025-26,0,0,0,0,0
AID2025-012094,S0030767,2025FA,2025-26,0,0,0,1,5500
AID2025-012095,S0009849,2025FA,2025-26,1,1,7395,0,0
AID2025-012096,S0011122,2025FA,2025-26,0,0,0,0,0
AID2025-012097,S0035698,2025FA,2025-26,0,0,0,1,5500
AID2025-012098,S0022915,2025FA,2025-26,0,0,0,0,0
AID2025-012099,S0019138,2025FA,2025-26,0,0,0,0,0
AID2025-012100,S0037504,2025FA,2025-26,0,0,0,1,5500
AID2025-012101,S0033821,2025FA,2025-26,0,0,0,0,0
AID2025-012102,S0032772,2025FA,2025-26,1,1,7395,0,0
AID2025-012103,S0040172,2025FA,2025-26,0,0,0,1,5500
AID2025-012104,S0023438,2025FA,2025-26,0,0,0,0,0
AID2025-012105,S0034036,2025FA,2025-26,0,0,0,0,0
AID2025-012106,S0033023,2025FA,2025-26,0,0,0,1,5500
AID2025-012107,S0028238,2025FA,2025-26,1,1,7395,0,0
AID2025-012108,S0023775,2025FA,2025-26,0,0,0,0,0
AID2025-012109,S0028150,2025FA,2025-26,0,0,0,1,5500
AID2025-012110,S0035723,2025FA,2025-26,1,1,7395,0,0
AID2025-012111,S0032039,2025FA,2025-26,1,0,0,0,0
AID2025-012112,S0038182,2025FA,2025-26,0,0,0,1,5500
AID2025-012113,S0032740,2025FA,2025-26,1,1,7395,0,0
AID2025-012114,S0027332,2025FA,2025-26,1,1,7395,0,0
AID2025-012115,S0008603,2025FA,2025-26,1,1,7395,1,5500
AID2025-012116,S0028312,2025FA,2025-26,0,0,0,0,0
AID2025-012117,S0007395,2025FA,2025-26,0,0,0,0,0
AID2025-012118,S0031892,2025FA,2025-26,1,0,0,1,5500
AID2025-012119,S0024064,2025FA,2025-26,0,0,0,0,0
AID2025-012120,S0027869,2025FA,2025-26,1,1,7395,0,0
AID2025-012121,S0030317,2025FA,2025-26,1,1,7395,1,5500
AID2025-012122,S0022277,2025FA,2025-26,0,0,0,0,0
AID2025-012123,S0030305,2025FA,2025-26,1,1,7395,0,0
AID2025-012124,S0029248,2025FA,2025-26,0,0,0,1,5500
AID2025-012125,S0016827,2025FA,2025-26,0,0,0,0,0
AID2025-012126,S0017502,2025FA,2025-26,0,0,0,0,0
AID2025-012127,S0004582,2025FA,2025-26,0,0,0,1,5500
AID2025-012128,S0032905,2025FA,2025-26,0,0,0,0,0
AID2025-012129,S0015571,2025FA,2025-26,0,0,0,0,0
AID2025-012130,S0036081,2025FA,2025-26,0,0,0,1,5500
AID2025-012131,S0032991,2025FA,2025-26,0,0,0,0,0
AID2025-012132,S0011987,2025FA,2025-26,0,0,0,0,0
AID2025-012133,S0035820,2025FA,2025-26,0,0,0,1,5500
AID2025-012134,S0039583,2025FA,2025-26,1,1,7395,0,0
AID2025-012135,S0029557,2025FA,2025-26,0,0,0,0,0
AID2025-012136,S0037780,2025FA,2025-26,1,1,7395,1,5500
AID2025-012137,S0033792,2025FA,2025-26,1,1,7395,0,0
AID2025-012138,S0026935,2025FA,2025-26,0,0,0,0,0
AID2025-012139,S0029436,2025FA,2025-26,0,0,0,1,5500
AID2025-012140,S0028811,2025FA,2025-26,0,0,0,0,0
AID2025-012141,S0038766,2025FA,2025-26,0,0,0,0,0
AID2025-012142,S0022914,2025FA,2025-26,0,0,0,1,5500
AID2025-012143,S0027595,2025FA,2025-26,1,1,7395,0,0
AID2025-012144,S0032346,2025FA,2025-26,0,0,0,0,0
AID2025-012145,S0039908,2025FA,2025-26,0,0,0,1,5500
AID2025-012146,S0037345,2025FA,2025-26,0,0,0,0,0
AID2025-012147,S0037283,2025FA,2025-26,0,0,0,0,0
AID2025-012148,S0027455,2025FA,2025-26,0,0,0,1,5500
AID2025-012149,S0035756,2025FA,2025-26,0,0,0,0,0
AID2025-012150,S0038180,2025FA,2025-26,1,1,7395,0,0
AID2025-012151,S0022987,2025FA,2025-26,1,1,7395,1,5500
AID2025-012152,S0014753,2025FA,2025-26,0,0,0,0,0
AID2025-012153,S0005211,2025FA,2025-26,1,0,0,0,0
AID2025-012154,S0032844,2025FA,2025-26,0,0,0,1,5500
AID2025-012155,S0035086,2025FA,2025-26,0,0,0,0,0
AID2025-012156,S0028703,2025FA,2025-26,0,0,0,0,0
AID2025-012157,S0031041,2025FA,2025-26,0,0,0,1,5500
AID2025-012158,S0014509,2025FA,2025-26,0,0,0,0,0
AID2025-012159,S0035784,2025FA,2025-26,1,1,7395,0,0
AID2025-012160,S0018326,2025FA,2025-26,0,0,0,1,5500
AID2025-012161,S0032327,2025FA,2025-26,0,0,0,0,0
AID2025-012162,S0040550,2025FA,2025-26,0,0,0,0,0
AID2025-012163,S0023232,2025FA,2025-26,0,0,0,1,5500
AID2025-012164,S0037755,2025FA,2025-26,1,1,7395,0,0
AID2025-012165,S0036389,2025FA,2025-26,0,0,0,0,0
AID2025-012166,S0037515,2025FA,2025-26,0,0,0,1,5500
AID2025-012167,S0019288,2025FA,2025-26,0,0,0,0,0
AID2025-012168,S0032810,2025FA,2025-26,0,0,0,0,0
AID2025-012169,S0036611,2025FA,2025-26,0,0,0,1,5500
AID2025-012170,S0009285,2025FA,2025-26,0,0,0,0,0
AID2025-012171,S0020983,2025FA,2025-26,1,1,7395,0,0
AID2025-012172,S0015715,2025FA,2025-26,1,1,7395,1,5500
AID2025-012173,S0009248,2025FA,2025-26,1,1,7395,0,0
AID2025-012174,S0013680,2025FA,2025-26,0,0,0,0,0
AID2025-012175,S0019486,2025FA,2025-26,0,0,0,1,5500
AID2025-012176,S0038347,2025FA,2025-26,1,1,7395,0,0
AID2025-012177,S0017378,2025FA,2025-26,0,0,0,0,0
AID2025-012178,S0018673,2025FA,2025-26,0,0,0,1,5500
AID2025-012179,S0011595,2025FA,2025-26,1,1,7395,0,0
AID2025-012180,S0018138,2025FA,2025-26,1,1,7395,0,0
AID2025-012181,S0036725,2025FA,2025-26,0,0,0,1,5500
AID2025-012182,S0015629,2025FA,2025-26,1,1,7395,0,0
AID2025-012183,S0040291,2025FA,2025-26,0,0,0,0,0
AID2025-012184,S0036307,2025FA,2025-26,0,0,0,1,5500
AID2025-012185,S0033970,2025FA,2025-26,1,1,7395,0,0
AID2025-012186,S0034019,2025FA,2025-26,1,1,7395,0,0
AID2025-012187,S0029261,2025FA,2025-26,0,0,0,1,5500
AID2025-012188,S0025885,2025FA,2025-26,0,0,0,0,0
AID2025-012189,S0006707,2025FA,2025-26,0,0,0,0,0
AID2025-012190,S0037416,2025FA,2025-26,0,0,0,1,5500
AID2025-012191,S0027452,2025FA,2025-26,0,0,0,0,0
AID2025-012192,S0034143,2025FA,2025-26,1,1,7395,0,0
AID2025-012193,S0017898,2025FA,2025-26,1,1,7395,1,5500
AID2025-012194,S0013989,2025FA,2025-26,0,0,0,0,0
AID2025-012195,S0022587,2025FA,2025-26,1,1,7395,0,0
AID2025-012196,S0015205,2025FA,2025-26,0,0,0,1,5500
AID2025-012197,S0025608,2025FA,2025-26,1,1,7395,0,0
AID2025-012198,S0024334,2025FA,2025-26,0,0,0,0,0
AID2025-012199,S0032815,2025FA,2025-26,0,0,0,1,5500
AID2025-012200,S0015997,2025FA,2025-26,0,0,0,0,0
AID2025-012201,S0037467,2025FA,2025-26,0,0,0,0,0
AID2025-012202,S0039701,2025FA,2025-26,0,0,0,1,5500
AID2025-012203,S0023609,2025FA,2025-26,1,1,7395,0,0
AID2025-012204,S0039634,2025FA,2025-26,1,1,7395,0,0
AID2025-012205,S0018880,2025FA,2025-26,1,1,7395,1,5500
AID2025-012206,S0022294,2025FA,2025-26,0,0,0,0,0
AID2025-012207,S0010093,2025FA,2025-26,0,0,0,0,0
AID2025-012208,S0027644,2025FA,2025-26,1,1,7395,1,5500
AID2025-012209,S0031881,2025FA,2025-26,0,0,0,0,0
AID2025-012210,S0006647,2025FA,2025-26,1,1,7395,0,0
AID2025-012211,S0040060,2025FA,2025-26,0,0,0,1,5500
AID2025-012212,S0024390,2025FA,2025-26,1,1,7395,0,0
AID2025-012213,S0015501,2025FA,2025-26,0,0,0,0,0
AID2025-012214,S0031509,2025FA,2025-26,0,0,0,1,5500
AID2025-012215,S0003149,2025FA,2025-26,0,0,0,0,0
AID2025-012216,S0035479,2025FA,2025-26,1,0,0,0,0
AID2025-012217,S0036021,2025FA,2025-26,0,0,0,1,5500
AID2025-012218,S0033165,2025FA,2025-26,0,0,0,0,0
AID2025-012219,S0023308,2025FA,2025-26,1,1,7395,0,0
AID2025-012220,S0035449,2025FA,2025-26,0,0,0,1,5500
AID2025-012221,S0037745,2025FA,2025-26,1,1,7395,0,0
AID2025-012222,S0031538,2025FA,2025-26,1,1,7395,0,0
AID2025-012223,S0001010,2025FA,2025-26,1,0,0,1,5500
AID2025-012224,S0017805,2025FA,2025-26,1,1,7395,0,0
AID2025-012225,S0026314,2025FA,2025-26,1,1,7395,0,0
AID2025-012226,S0039530,2025FA,2025-26,0,0,0,1,5500
AID2025-012227,S0036310,2025FA,2025-26,1,1,7395,0,0
AID2025-012228,S0005077,2025FA,2025-26,0,0,0,0,0
AID2025-012229,S0005682,2025FA,2025-26,0,0,0,1,5500
AID2025-012230,S0007237,2025FA,2025-26,1,0,0,0,0
AID2025-012231,S0025729,2025FA,2025-26,0,0,0,0,0
AID2025-012232,S0009522,2025FA,2025-26,0,0,0,1,5500
AID2025-012233,S0015971,2025FA,2025-26,1,1,7395,0,0
AID2025-012234,S0037541,2025FA,2025-26,1,1,7395,0,0
AID2025-012235,S0040045,2025FA,2025-26,1,1,7395,1,5500
AID2025-012236,S0009029,2025FA,2025-26,0,0,0,0,0
AID2025-012237,S0037481,2025FA,2025-26,0,0,0,0,0
AID2025-012238,S0018702,2025FA,2025-26,0,0,0,1,5500
AID2025-012239,S0020736,2025FA,2025-26,0,0,0,0,0
AID2025-012240,S0022113,2025FA,2025-26,1,1,7395,0,0
AID2025-012241,S0040424,2025FA,2025-26,0,0,0,1,5500
AID2025-012242,S0022186,2025FA,2025-26,0,0,0,0,0
AID2025-012243,S0038334,2025FA,2025-26,1,1,7395,0,0
AID2025-012244,S0014589,2025FA,2025-26,1,0,0,1,5500
AID2025-012245,S0035612,2025FA,2025-26,0,0,0,0,0
AID2025-012246,S0003283,2025FA,2025-26,1,1,7395,0,0
AID2025-012247,S0008976,2025FA,2025-26,0,0,0,1,5500
AID2025-012248,S0033766,2025FA,2025-26,0,0,0,0,0
AID2025-012249,S0022680,2025FA,2025-26,1,1,7395,0,0
AID2025-012250,S0007453,2025FA,2025-26,0,0,0,1,5500
AID2025-012251,S0034379,2025FA,2025-26,0,0,0,0,0
AID2025-012252,S0038122,2025FA,2025-26,0,0,0,0,0
AID2025-012253,S0021539,2025FA,2025-26,0,0,0,1,5500
AID2025-012254,S0034200,2025FA,2025-26,1,1,7395,0,0
AID2025-012255,S0021409,2025FA,2025-26,1,1,7395,0,0
AID2025-012256,S0033739,2025FA,2025-26,0,0,0,1,5500
AID2025-012257,S0007542,2025FA,2025-26,0,0,0,0,0
AID2025-012258,S0021450,2025FA,2025-26,0,0,0,0,0
AID2025-012259,S0038389,2025FA,2025-26,0,0,0,1,5500
AID2025-012260,S0028499,2025FA,2025-26,0,0,0,0,0
AID2025-012261,S0020746,2025FA,2025-26,0,0,0,0,0
AID2025-012262,S0021772,2025FA,2025-26,0,0,0,1,5500
AID2025-012263,S0015758,2025FA,2025-26,0,0,0,0,0
AID2025-012264,S0018115,2025FA,2025-26,1,1,7395,0,0
AID2025-012265,S0038697,2025FA,2025-26,0,0,0,1,5500
AID2025-012266,S0027636,2025FA,2025-26,1,1,7395,0,0
AID2025-012267,S0027384,2025FA,2025-26,0,0,0,0,0
AID2025-012268,S0012777,2025FA,2025-26,0,0,0,1,5500
AID2025-012269,S0014953,2025FA,2025-26,0,0,0,0,0
AID2025-012270,S0000848,2025FA,2025-26,0,0,0,0,0
AID2025-012271,S0010485,2025FA,2025-26,0,0,0,1,5500
AID2025-012272,S0032099,2025FA,2025-26,0,0,0,0,0
AID2025-012273,S0017669,2025FA,2025-26,0,0,0,0,0
AID2025-012274,S0013394,2025FA,2025-26,0,0,0,1,5500
AID2025-012275,S0022815,2025FA,2025-26,0,0,0,0,0
AID2025-012276,S0037650,2025FA,2025-26,0,0,0,0,0
AID2025-012277,S0016398,2025FA,2025-26,0,0,0,1,5500
AID2025-012278,S0026450,2025FA,2025-26,0,0,0,0,0
AID2025-012279,S0039821,2025FA,2025-26,1,0,0,0,0
AID2025-012280,S0003273,2025FA,2025-26,0,0,0,1,5500
AID2025-012281,S0040257,2025FA,2025-26,0,0,0,0,0
AID2025-012282,S0000274,2025FA,2025-26,1,1,7395,0,0
AID2025-012283,S0027725,2025FA,2025-26,0,0,0,1,5500
AID2025-012284,S0015554,2025FA,2025-26,0,0,0,0,0
AID2025-012285,S0017822,2025FA,2025-26,0,0,0,0,0
AID2025-012286,S0006123,2025FA,2025-26,0,0,0,1,5500
AID2025-012287,S0014931,2025FA,2025-26,0,0,0,0,0
AID2025-012288,S0033430,2025FA,2025-26,0,0,0,0,0
AID2025-012289,S0033697,2025FA,2025-26,1,1,7395,1,5500
AID2025-012290,S0022460,2025FA,2025-26,0,0,0,0,0
AID2025-012291,S0034196,2025FA,2025-26,1,1,7395,0,0
AID2025-012292,S0012438,2025FA,2025-26,0,0,0,1,5500
AID2025-012293,S0002085,2025FA,2025-26,1,0,0,0,0
AID2025-012294,S0039572,2025FA,2025-26,1,1,7395,0,0
AID2025-012295,S0008314,2025FA,2025-26,0,0,0,1,5500
AID2025-012296,S0014797,2025FA,2025-26,0,0,0,0,0
AID2025-012297,S0021124,2025FA,2025-26,0,0,0,0,0
AID2025-012298,S0036622,2025FA,2025-26,0,0,0,1,5500
AID2025-012299,S0025747,2025FA,2025-26,1,1,7395,0,0
AID2025-012300,S0014746,2025FA,2025-26,0,0,0,0,0
AID2025-012301,S0030836,2025FA,2025-26,1,1,7395,1,5500
AID2025-012302,S0031109,2025FA,2025-26,0,0,0,0,0
AID2025-012303,S0031626,2025FA,2025-26,1,1,7395,0,0
AID2025-012304,S0033242,2025FA,2025-26,1,1,7395,1,5500
AID2025-012305,S0031451,2025FA,2025-26,0,0,0,0,0
AID2025-012306,S0013906,2025FA,2025-26,0,0,0,0,0
AID2025-012307,S0003333,2025FA,2025-26,0,0,0,1,5500
AID2025-012308,S0001614,2025FA,2025-26,0,0,0,0,0
AID2025-012309,S0031670,2025FA,2025-26,1,1,7395,0,0
AID2025-012310,S0037247,2025FA,2025-26,0,0,0,1,5500
AID2025-012311,S0032421,2025FA,2025-26,0,0,0,0,0
AID2025-012312,S0027395,2025FA,2025-26,1,1,7395,0,0
AID2025-012313,S0038028,2025FA,2025-26,0,0,0,1,5500
AID2025-012314,S0029467,2025FA,2025-26,0,0,0,0,0
AID2025-012315,S0019315,2025FA,2025-26,0,0,0,0,0
AID2025-012316,S0026116,2025FA,2025-26,0,0,0,1,5500
AID2025-012317,S0010496,2025FA,2025-26,0,0,0,0,0
AID2025-012318,S0022803,2025FA,2025-26,1,1,7395,0,0
AID2025-012319,S0006237,2025FA,2025-26,1,1,7395,1,5500
AID2025-012320,S0033096,2025FA,2025-26,1,1,7395,0,0
AID2025-012321,S0022497,2025FA,2025-26,0,0,0,0,0
AID2025-012322,S0008735,2025FA,2025-26,0,0,0,1,5500
AID2025-012323,S0031245,2025FA,2025-26,0,0,0,0,0
AID2025-012324,S0033365,2025FA,2025-26,0,0,0,0,0
AID2025-012325,S0007217,2025FA,2025-26,1,1,7395,1,5500
AID2025-012326,S0022630,2025FA,2025-26,1,1,7395,0,0
AID2025-012327,S0006478,2025FA,2025-26,1,1,7395,0,0
AID2025-012328,S0026892,2025FA,2025-26,0,0,0,1,5500
AID2025-012329,S0039801,2025FA,2025-26,1,1,7395,0,0
AID2025-012330,S0029398,2025FA,2025-26,0,0,0,0,0
AID2025-012331,S0032566,2025FA,2025-26,0,0,0,1,5500
AID2025-012332,S0014617,2025FA,2025-26,1,1,7395,0,0
AID2025-012333,S0033917,2025FA,2025-26,0,0,0,0,0
AID2025-012334,S0003315,2025FA,2025-26,0,0,0,1,5500
AID2025-012335,S0037279,2025FA,2025-26,0,0,0,0,0
AID2025-012336,S0033709,2025FA,2025-26,0,0,0,0,0
AID2025-012337,S0021249,2025FA,2025-26,0,0,0,1,5500
AID2025-012338,S0018382,2025FA,2025-26,0,0,0,0,0
AID2025-012339,S0032432,2025FA,2025-26,1,1,7395,0,0
AID2025-012340,S0007583,2025FA,2025-26,0,0,0,1,5500
AID2025-012341,S0036874,2025FA,2025-26,1,1,7395,0,0
AID2025-012342,S0030705,2025FA,2025-26,0,0,0,0,0
AID2025-012343,S0039159,2025FA,2025-26,0,0,0,1,5500
AID2025-012344,S0031788,2025FA,2025-26,0,0,0,0,0
AID2025-012345,S0025995,2025FA,2025-26,0,0,0,0,0
AID2025-012346,S0035164,2025FA,2025-26,0,0,0,1,5500
AID2025-012347,S0009167,2025FA,2025-26,0,0,0,0,0
AID2025-012348,S0011269,2025FA,2025-26,0,0,0,0,0
AID2025-012349,S0021545,2025FA,2025-26,0,0,0,1,5500
AID2025-012350,S0001927,2025FA,2025-26,1,1,7395,0,0
AID2025-012351,S0027460,2025FA,2025-26,1,1,7395,0,0
AID2025-012352,S0036957,2025FA,2025-26,1,1,7395,1,5500
AID2025-012353,S0038009,2025FA,2025-26,0,0,0,0,0
AID2025-012354,S0027301,2025FA,2025-26,0,0,0,0,0
AID2025-012355,S0039535,2025FA,2025-26,0,0,0,1,5500
AID2025-012356,S0040616,2025FA,2025-26,1,0,0,0,0
AID2025-012357,S0033150,2025FA,2025-26,1,1,7395,0,0
AID2025-012358,S0009999,2025FA,2025-26,0,0,0,1,5500
AID2025-012359,S0026767,2025FA,2025-26,0,0,0,0,0
AID2025-012360,S0014370,2025FA,2025-26,1,1,7395,0,0
AID2025-012361,S0040491,2025FA,2025-26,0,0,0,1,5500
AID2025-012362,S0032456,2025FA,2025-26,1,1,7395,0,0
AID2025-012363,S0003065,2025FA,2025-26,0,0,0,0,0
AID2025-012364,S0030683,2025FA,2025-26,1,1,7395,1,5500
AID2025-012365,S0039588,2025FA,2025-26,0,0,0,0,0
AID2025-012366,S0031376,2025FA,2025-26,0,0,0,0,0
AID2025-012367,S0013237,2025FA,2025-26,0,0,0,1,5500
AID2025-012368,S0014688,2025FA,2025-26,1,1,7395,0,0
AID2025-012369,S0032614,2025FA,2025-26,1,1,7395,0,0
AID2025-012370,S0033863,2025FA,2025-26,1,0,0,1,5500
AID2025-012371,S0039841,2025FA,2025-26,1,1,7395,0,0
AID2025-012372,S0022452,2025FA,2025-26,0,0,0,0,0
AID2025-012373,S0032887,2025FA,2025-26,1,1,7395,1,5500
AID2025-012374,S0033928,2025FA,2025-26,0,0,0,0,0
AID2025-012375,S0038521,2025FA,2025-26,0,0,0,0,0
AID2025-012376,S0033793,2025FA,2025-26,0,0,0,1,5500
AID2025-012377,S0024450,2025FA,2025-26,1,1,7395,0,0
AID2025-012378,S0000890,2025FA,2025-26,0,0,0,0,0
AID2025-012379,S0006752,2025FA,2025-26,0,0,0,1,5500
AID2025-012380,S0026236,2025FA,2025-26,0,0,0,0,0
AID2025-012381,S0040194,2025FA,2025-26,1,1,7395,0,0
AID2025-012382,S0000201,2025FA,2025-26,1,1,7395,1,5500
AID2025-012383,S0039166,2025FA,2025-26,0,0,0,0,0
AID2025-012384,S0038172,2025FA,2025-26,0,0,0,0,0
AID2025-012385,S0024298,2025FA,2025-26,0,0,0,1,5500
AID2025-012386,S0031915,2025FA,2025-26,0,0,0,0,0
AID2025-012387,S0014144,2025FA,2025-26,1,1,7395,0,0
AID2025-012388,S0038303,2025FA,2025-26,0,0,0,1,5500
AID2025-012389,S0022509,2025FA,2025-26,0,0,0,0,0
AID2025-012390,S0016494,2025FA,2025-26,0,0,0,0,0
AID2025-012391,S0028770,2025FA,2025-26,0,0,0,1,5500
AID2025-012392,S0013186,2025FA,2025-26,0,0,0,0,0
AID2025-012393,S0033444,2025FA,2025-26,0,0,0,0,0
AID2025-012394,S0036738,2025FA,2025-26,1,1,7395,1,5500
AID2025-012395,S0038082,2025FA,2025-26,0,0,0,0,0
AID2025-012396,S0008521,2025FA,2025-26,1,1,7395,0,0
AID2025-012397,S0021477,2025FA,2025-26,0,0,0,1,5500
AID2025-012398,S0037548,2025FA,2025-26,0,0,0,0,0
AID2025-012399,S0027097,2025FA,2025-26,0,0,0,0,0
AID2025-012400,S0034286,2025FA,2025-26,0,0,0,1,5500
AID2025-012401,S0023702,2025FA,2025-26,0,0,0,0,0
AID2025-012402,S0035953,2025FA,2025-26,1,1,7395,0,0
AID2025-012403,S0037133,2025FA,2025-26,0,0,0,1,5500
AID2025-012404,S0012596,2025FA,2025-26,1,1,7395,0,0
AID2025-012405,S0014482,2025FA,2025-26,0,0,0,0,0
AID2025-012406,S0023283,2025FA,2025-26,0,0,0,1,5500
AID2025-012407,S0021592,2025FA,2025-26,1,1,7395,0,0
AID2025-012408,S0031667,2025FA,2025-26,1,1,7395,0,0
AID2025-012409,S0023963,2025FA,2025-26,1,1,7395,1,5500
AID2025-012410,S0026880,2025FA,2025-26,0,0,0,0,0
AID2025-012411,S0039467,2025FA,2025-26,0,0,0,0,0
AID2025-012412,S0037020,2025FA,2025-26,0,0,0,1,5500
AID2025-012413,S0010510,2025FA,2025-26,0,0,0,0,0
AID2025-012414,S0018947,2025FA,2025-26,0,0,0,0,0
AID2025-012415,S0032212,2025FA,2025-26,0,0,0,1,5500
AID2025-012416,S0013460,2025FA,2025-26,0,0,0,0,0
AID2025-012417,S0001367,2025FA,2025-26,1,1,7395,0,0
AID2025-012418,S0039143,2025FA,2025-26,0,0,0,1,5500
AID2025-012419,S0030788,2025FA,2025-26,0,0,0,0,0
AID2025-012420,S0029367,2025FA,2025-26,1,1,7395,0,0
AID2025-012421,S0005670,2025FA,2025-26,0,0,0,1,5500
AID2025-012422,S0033235,2025FA,2025-26,0,0,0,0,0
AID2025-012423,S0037303,2025FA,2025-26,1,1,7395,0,0
AID2025-012424,S0026184,2025FA,2025-26,0,0,0,1,5500
AID2025-012425,S0010659,2025FA,2025-26,1,1,7395,0,0
AID2025-012426,S0023653,2025FA,2025-26,1,0,0,0,0
AID2025-012427,S0028078,2025FA,2025-26,1,1,7395,1,5500
AID2025-012428,S0000346,2025FA,2025-26,0,0,0,0,0
AID2025-012429,S0028805,2025FA,2025-26,0,0,0,0,0
AID2025-012430,S0034007,2025FA,2025-26,1,1,7395,1,5500
AID2025-012431,S0017772,2025FA,2025-26,1,1,7395,0,0
AID2025-012432,S0025689,2025FA,2025-26,0,0,0,0,0
AID2025-012433,S0038380,2025FA,2025-26,0,0,0,1,5500
AID2025-012434,S0019595,2025FA,2025-26,1,1,7395,0,0
AID2025-012435,S0006008,2025FA,2025-26,0,0,0,0,0
AID2025-012436,S0001785,2025FA,2025-26,0,0,0,1,5500
AID2025-012437,S0032741,2025FA,2025-26,0,0,0,0,0
AID2025-012438,S0022498,2025FA,2025-26,1,1,7395,0,0
AID2025-012439,S0039280,2025FA,2025-26,0,0,0,1,5500
AID2025-012440,S0024011,2025FA,2025-26,0,0,0,0,0
AID2025-012441,S0009647,2025FA,2025-26,0,0,0,0,0
AID2025-012442,S0022246,2025FA,2025-26,0,0,0,1,5500
AID2025-012443,S0026381,2025FA,2025-26,0,0,0,0,0
AID2025-012444,S0039781,2025FA,2025-26,0,0,0,0,0
AID2025-012445,S0007361,2025FA,2025-26,1,1,7395,1,5500
AID2025-012446,S0027119,2025FA,2025-26,1,1,7395,0,0
AID2025-012447,S0015369,2025FA,2025-26,1,0,0,0,0
AID2025-012448,S0011580,2025FA,2025-26,0,0,0,1,5500
AID2025-012449,S0024191,2025FA,2025-26,0,0,0,0,0
AID2025-012450,S0036808,2025FA,2025-26,0,0,0,0,0
AID2025-012451,S0018739,2025FA,2025-26,0,0,0,1,5500
AID2025-012452,S0003199,2025FA,2025-26,1,1,7395,0,0
AID2025-012453,S0009466,2025FA,2025-26,0,0,0,0,0
AID2025-012454,S0032016,2025FA,2025-26,1,0,0,1,5500
AID2025-012455,S0032803,2025FA,2025-26,1,1,7395,0,0
AID2025-012456,S0026237,2025FA,2025-26,0,0,0,0,0
AID2025-012457,S0013152,2025FA,2025-26,0,0,0,1,5500
AID2025-012458,S0037971,2025FA,2025-26,1,1,7395,0,0
AID2025-012459,S0011809,2025FA,2025-26,0,0,0,0,0
AID2025-012460,S0039212,2025FA,2025-26,1,1,7395,1,5500
AID2025-012461,S0029045,2025FA,2025-26,0,0,0,0,0
AID2025-012462,S0040662,2025FA,2025-26,0,0,0,0,0
AID2025-012463,S0039217,2025FA,2025-26,1,1,7395,1,5500
AID2025-012464,S0036363,2025FA,2025-26,1,1,7395,0,0
AID2025-012465,S0036707,2025FA,2025-26,0,0,0,0,0
AID2025-012466,S0021484,2025FA,2025-26,0,0,0,1,5500
AID2025-012467,S0033956,2025FA,2025-26,0,0,0,0,0
AID2025-012468,S0027602,2025FA,2025-26,0,0,0,0,0
AID2025-012469,S0032295,2025FA,2025-26,1,1,7395,1,5500
AID2025-012470,S0027818,2025FA,2025-26,0,0,0,0,0
AID2025-012471,S0028837,2025FA,2025-26,1,1,7395,0,0
AID2025-012472,S0038225,2025FA,2025-26,0,0,0,1,5500
AID2025-012473,S0033736,2025FA,2025-26,0,0,0,0,0
AID2025-012474,S0038706,2025FA,2025-26,1,1,7395,0,0
AID2025-012475,S0030421,2025FA,2025-26,1,0,0,1,5500
AID2025-012476,S0032128,2025FA,2025-26,0,0,0,0,0
AID2025-012477,S0019464,2025FA,2025-26,1,1,7395,0,0
AID2025-012478,S0016346,2025FA,2025-26,0,0,0,1,5500
AID2025-012479,S0008179,2025FA,2025-26,1,1,7395,0,0
AID2025-012480,S0006564,2025FA,2025-26,1,1,7395,0,0
AID2025-012481,S0035150,2025FA,2025-26,1,1,7395,1,5500
AID2025-012482,S0035406,2025FA,2025-26,0,0,0,0,0
AID2025-012483,S0022969,2025FA,2025-26,1,1,7395,0,0
AID2025-012484,S0033853,2025FA,2025-26,0,0,0,1,5500
AID2025-012485,S0035208,2025FA,2025-26,0,0,0,0,0
AID2025-012486,S0038765,2025FA,2025-26,1,1,7395,0,0
AID2025-012487,S0024424,2025FA,2025-26,0,0,0,1,5500
AID2025-012488,S0032081,2025FA,2025-26,0,0,0,0,0
AID2025-012489,S0035179,2025FA,2025-26,0,0,0,0,0
AID2025-012490,S0024213,2025FA,2025-26,0,0,0,1,5500
AID2025-012491,S0034144,2025FA,2025-26,0,0,0,0,0
AID2025-012492,S0039804,2025FA,2025-26,0,0,0,0,0
AID2025-012493,S0032450,2025FA,2025-26,1,1,7395,1,5500
AID2025-012494,S0021573,2025FA,2025-26,0,0,0,0,0
AID2025-012495,S0033327,2025FA,2025-26,0,0,0,0,0
AID2025-012496,S0032867,2025FA,2025-26,1,0,0,1,5500
AID2025-012497,S0023298,2025FA,2025-26,0,0,0,0,0
AID2025-012498,S0037012,2025FA,2025-26,1,1,7395,0,0
AID2025-012499,S0039595,2025FA,2025-26,0,0,0,1,5500
AID2025-012500,S0040334,2025FA,2025-26,1,1,7395,0,0
AID2025-012501,S0040604,2025FA,2025-26,0,0,0,0,0
AID2025-012502,S0000481,2025FA,2025-26,0,0,0,1,5500
AID2025-012503,S0005350,2025FA,2025-26,0,0,0,0,0
AID2025-012504,S0039591,2025FA,2025-26,0,0,0,0,0
AID2025-012505,S0031268,2025FA,2025-26,0,0,0,1,5500
AID2025-012506,S0005579,2025FA,2025-26,0,0,0,0,0
AID2025-012507,S0024091,2025FA,2025-26,0,0,0,0,0
AID2025-012508,S0022256,2025FA,2025-26,1,1,7395,1,5500
AID2025-012509,S0010176,2025FA,2025-26,0,0,0,0,0
AID2025-012510,S0038559,2025FA,2025-26,1,0,0,0,0
AID2025-012511,S0009298,2025FA,2025-26,0,0,0,1,5500
AID2025-012512,S0025442,2025FA,2025-26,0,0,0,0,0
AID2025-012513,S0037647,2025FA,2025-26,0,0,0,0,0
AID2025-012514,S0027362,2025FA,2025-26,1,1,7395,1,5500
AID2025-012515,S0019213,2025FA,2025-26,0,0,0,0,0
AID2025-012516,S0040493,2025FA,2025-26,1,1,7395,0,0
AID2025-012517,S0019420,2025FA,2025-26,0,0,0,1,5500
AID2025-012518,S0031276,2025FA,2025-26,0,0,0,0,0
AID2025-012519,S0028106,2025FA,2025-26,0,0,0,0,0
AID2025-012520,S0027726,2025FA,2025-26,1,1,7395,1,5500
AID2025-012521,S0039479,2025FA,2025-26,0,0,0,0,0
AID2025-012522,S0032847,2025FA,2025-26,0,0,0,0,0
AID2025-012523,S0034219,2025FA,2025-26,1,1,7395,1,5500
AID2025-012524,S0036976,2025FA,2025-26,1,0,0,0,0
AID2025-012525,S0035748,2025FA,2025-26,1,1,7395,0,0
AID2025-012526,S0000493,2025FA,2025-26,0,0,0,1,5500
AID2025-012527,S0011914,2025FA,2025-26,1,1,7395,0,0
AID2025-012528,S0038511,2025FA,2025-26,0,0,0,0,0
AID2025-012529,S0027950,2025FA,2025-26,1,1,7395,1,5500
AID2025-012530,S0034191,2025FA,2025-26,1,1,7395,0,0
AID2025-012531,S0017549,2025FA,2025-26,1,0,0,0,0
AID2025-012532,S0038736,2025FA,2025-26,0,0,0,1,5500
AID2025-012533,S0036123,2025FA,2025-26,0,0,0,0,0
AID2025-012534,S0009694,2025FA,2025-26,1,1,7395,0,0
AID2025-012535,S0022837,2025FA,2025-26,0,0,0,1,5500
AID2025-012536,S0030673,2025FA,2025-26,1,1,7395,0,0
AID2025-012537,S0022198,2025FA,2025-26,0,0,0,0,0
AID2025-012538,S0027943,2025FA,2025-26,0,0,0,1,5500
AID2025-012539,S0037319,2025FA,2025-26,0,0,0,0,0
AID2025-012540,S0012977,2025FA,2025-26,0,0,0,0,0
AID2025-012541,S0023844,2025FA,2025-26,0,0,0,1,5500
AID2025-012542,S0007949,2025FA,2025-26,1,1,7395,0,0
AID2025-012543,S0001878,2025FA,2025-26,0,0,0,0,0
AID2025-012544,S0037638,2025FA,2025-26,1,1,7395,1,5500
AID2025-012545,S0006394,2025FA,2025-26,1,0,0,0,0
AID2025-012546,S0023959,2025FA,2025-26,1,1,7395,0,0
AID2025-012547,S0021082,2025FA,2025-26,0,0,0,1,5500
AID2025-012548,S0033817,2025FA,2025-26,0,0,0,0,0
AID2025-012549,S0032968,2025FA,2025-26,0,0,0,0,0
AID2025-012550,S0035804,2025FA,2025-26,1,1,7395,1,5500
AID2025-012551,S0026071,2025FA,2025-26,1,1,7395,0,0
AID2025-012552,S0030338,2025FA,2025-26,0,0,0,0,0
AID2025-012553,S0040075,2025FA,2025-26,1,1,7395,1,5500
AID2025-012554,S0014237,2025FA,2025-26,0,0,0,0,0
AID2025-012555,S0020711,2025FA,2025-26,0,0,0,0,0
AID2025-012556,S0040633,2025FA,2025-26,0,0,0,1,5500
AID2025-012557,S0028125,2025FA,2025-26,0,0,0,0,0
AID2025-012558,S0037841,2025FA,2025-26,0,0,0,0,0
AID2025-012559,S0033882,2025FA,2025-26,1,1,7395,1,5500
AID2025-012560,S0035759,2025FA,2025-26,1,1,7395,0,0
AID2025-012561,S0039628,2025FA,2025-26,0,0,0,0,0
AID2025-012562,S0037688,2025FA,2025-26,1,1,7395,1,5500
AID2025-012563,S0034035,2025FA,2025-26,0,0,0,0,0
AID2025-012564,S0018037,2025FA,2025-26,0,0,0,0,0
AID2025-012565,S0039586,2025FA,2025-26,0,0,0,1,5500
AID2025-012566,S0030984,2025FA,2025-26,1,0,0,0,0
AID2025-012567,S0008983,2025FA,2025-26,0,0,0,0,0
AID2025-012568,S0032858,2025FA,2025-26,0,0,0,1,5500
AID2025-012569,S0039510,2025FA,2025-26,0,0,0,0,0
AID2025-012570,S0008190,2025FA,2025-26,0,0,0,0,0
AID2025-012571,S0025519,2025FA,2025-26,0,0,0,1,5500
AID2025-012572,S0039339,2025FA,2025-26,0,0,0,0,0
AID2025-012573,S0015239,2025FA,2025-26,0,0,0,0,0
AID2025-012574,S0040184,2025FA,2025-26,0,0,0,1,5500
AID2025-012575,S0039496,2025FA,2025-26,0,0,0,0,0
AID2025-012576,S0036831,2025FA,2025-26,1,1,7395,0,0
AID2025-012577,S0037264,2025FA,2025-26,0,0,0,1,5500
AID2025-012578,S0005299,2025FA,2025-26,1,1,7395,0,0
AID2025-012579,S0030325,2025FA,2025-26,0,0,0,0,0
AID2025-012580,S0014442,2025FA,2025-26,1,0,0,1,5500
AID2025-012581,S0000450,2025FA,2025-26,0,0,0,0,0
AID2025-012582,S0030358,2025FA,2025-26,1,1,7395,0,0
AID2025-012583,S0019376,2025FA,2025-26,1,1,7395,1,5500
AID2025-012584,S0026455,2025FA,2025-26,0,0,0,0,0
AID2025-012585,S0025672,2025FA,2025-26,0,0,0,0,0
AID2025-012586,S0007247,2025FA,2025-26,1,1,7395,1,5500
AID2025-012587,S0035276,2025FA,2025-26,1,0,0,0,0
AID2025-012588,S0010503,2025FA,2025-26,1,1,7395,0,0
AID2025-012589,S0038419,2025FA,2025-26,1,1,7395,1,5500
AID2025-012590,S0038156,2025FA,2025-26,1,1,7395,0,0
AID2025-012591,S0038591,2025FA,2025-26,1,1,7395,0,0
AID2025-012592,S0030624,2025FA,2025-26,0,0,0,1,5500
AID2025-012593,S0037138,2025FA,2025-26,0,0,0,0,0
AID2025-012594,S0037623,2025FA,2025-26,0,0,0,0,0
AID2025-012595,S0038860,2025FA,2025-26,0,0,0,1,5500
AID2025-012596,S0033974,2025FA,2025-26,0,0,0,0,0
AID2025-012597,S0009917,2025FA,2025-26,1,1,7395,0,0
AID2025-012598,S0038770,2025FA,2025-26,1,1,7395,1,5500
AID2025-012599,S0040531,2025FA,2025-26,0,0,0,0,0
AID2025-012600,S0018713,2025FA,2025-26,0,0,0,0,0
AID2025-012601,S0036846,2025FA,2025-26,0,0,0,1,5500
AID2025-012602,S0017867,2025FA,2025-26,0,0,0,0,0
AID2025-012603,S0021989,2025FA,2025-26,1,1,7395,0,0
AID2025-012604,S0018509,2025FA,2025-26,0,0,0,1,5500
AID2025-012605,S0034302,2025FA,2025-26,0,0,0,0,0
AID2025-012606,S0019415,2025FA,2025-26,0,0,0,0,0
AID2025-012607,S0030564,2025FA,2025-26,0,0,0,1,5500
AID2025-012608,S0003325,2025FA,2025-26,0,0,0,0,0
AID2025-012609,S0014830,2025FA,2025-26,0,0,0,0,0
AID2025-012610,S0018422,2025FA,2025-26,0,0,0,1,5500
AID2025-012611,S0032240,2025FA,2025-26,0,0,0,0,0
AID2025-012612,S0023737,2025FA,2025-26,0,0,0,0,0
AID2025-012613,S0016030,2025FA,2025-26,0,0,0,1,5500
AID2025-012614,S0027766,2025FA,2025-26,1,1,7395,0,0
AID2025-012615,S0017686,2025FA,2025-26,0,0,0,0,0
AID2025-012616,S0000760,2025FA,2025-26,0,0,0,1,5500
AID2025-012617,S0013715,2025FA,2025-26,0,0,0,0,0
AID2025-012618,S0033997,2025FA,2025-26,0,0,0,0,0
AID2025-012619,S0003564,2025FA,2025-26,0,0,0,1,5500
AID2025-012620,S0017798,2025FA,2025-26,0,0,0,0,0
AID2025-012621,S0018946,2025FA,2025-26,1,1,7395,0,0
AID2025-012622,S0000475,2025FA,2025-26,0,0,0,1,5500
AID2025-012623,S0040243,2025FA,2025-26,0,0,0,0,0
AID2025-012624,S0028974,2025FA,2025-26,0,0,0,0,0
AID2025-012625,S0022682,2025FA,2025-26,0,0,0,1,5500
AID2025-012626,S0008564,2025FA,2025-26,1,1,7395,0,0
AID2025-012627,S0001572,2025FA,2025-26,0,0,0,0,0
AID2025-012628,S0007649,2025FA,2025-26,0,0,0,1,5500
AID2025-012629,S0033551,2025FA,2025-26,0,0,0,0,0
AID2025-012630,S0001122,2025FA,2025-26,1,1,7395,0,0
AID2025-012631,S0038831,2025FA,2025-26,1,1,7395,1,5500
AID2025-012632,S0033413,2025FA,2025-26,0,0,0,0,0
AID2025-012633,S0023807,2025FA,2025-26,0,0,0,0,0
AID2025-012634,S0033419,2025FA,2025-26,0,0,0,1,5500
AID2025-012635,S0001669,2025FA,2025-26,0,0,0,0,0
AID2025-012636,S0036687,2025FA,2025-26,1,0,0,0,0
AID2025-012637,S0010105,2025FA,2025-26,0,0,0,1,5500
AID2025-012638,S0033948,2025FA,2025-26,0,0,0,0,0
AID2025-012639,S0037267,2025FA,2025-26,0,0,0,0,0
AID2025-012640,S0039466,2025FA,2025-26,0,0,0,1,5500
AID2025-012641,S0040327,2025FA,2025-26,1,1,7395,0,0
AID2025-012642,S0038753,2025FA,2025-26,0,0,0,0,0
AID2025-012643,S0027731,2025FA,2025-26,0,0,0,1,5500
AID2025-012644,S0028710,2025FA,2025-26,0,0,0,0,0
AID2025-012645,S0033557,2025FA,2025-26,0,0,0,0,0
AID2025-012646,S0028660,2025FA,2025-26,0,0,0,1,5500
AID2025-012647,S0025772,2025FA,2025-26,0,0,0,0,0
AID2025-012648,S0030804,2025FA,2025-26,1,1,7395,0,0
AID2025-012649,S0031019,2025FA,2025-26,1,1,7395,1,5500
AID2025-012650,S0037675,2025FA,2025-26,0,0,0,0,0
AID2025-012651,S0017843,2025FA,2025-26,1,1,7395,0,0
AID2025-012652,S0012941,2025FA,2025-26,1,1,7395,1,5500
AID2025-012653,S0019240,2025FA,2025-26,0,0,0,0,0
AID2025-012654,S0039078,2025FA,2025-26,1,1,7395,0,0
AID2025-012655,S0039779,2025FA,2025-26,0,0,0,1,5500
AID2025-012656,S0038705,2025FA,2025-26,0,0,0,0,0
AID2025-012657,S0001617,2025FA,2025-26,0,0,0,0,0
AID2025-012658,S0033048,2025FA,2025-26,0,0,0,1,5500
AID2025-012659,S0013745,2025FA,2025-26,1,1,7395,0,0
AID2025-012660,S0026875,2025FA,2025-26,0,0,0,0,0
AID2025-012661,S0000275,2025FA,2025-26,1,1,7395,1,5500
AID2025-012662,S0024398,2025FA,2025-26,0,0,0,0,0
AID2025-012663,S0040230,2025FA,2025-26,1,1,7395,0,0
AID2025-012664,S0018989,2025FA,2025-26,1,0,0,1,5500
AID2025-012665,S0015176,2025FA,2025-26,0,0,0,0,0
AID2025-012666,S0026807,2025FA,2025-26,0,0,0,0,0
AID2025-012667,S0032776,2025FA,2025-26,0,0,0,1,5500
AID2025-012668,S0032484,2025FA,2025-26,0,0,0,0,0
AID2025-012669,S0011307,2025FA,2025-26,0,0,0,0,0
AID2025-012670,S0035952,2025FA,2025-26,0,0,0,1,5500
AID2025-012671,S0032416,2025FA,2025-26,1,0,0,0,0
AID2025-012672,S0037004,2025FA,2025-26,0,0,0,0,0
AID2025-012673,S0026598,2025FA,2025-26,0,0,0,1,5500
AID2025-012674,S0035097,2025FA,2025-26,0,0,0,0,0
AID2025-012675,S0034238,2025FA,2025-26,1,1,7395,0,0
AID2025-012676,S0038737,2025FA,2025-26,0,0,0,1,5500
AID2025-012677,S0001926,2025FA,2025-26,0,0,0,0,0
AID2025-012678,S0032979,2025FA,2025-26,0,0,0,0,0
AID2025-012679,S0012161,2025FA,2025-26,0,0,0,1,5500
AID2025-012680,S0023435,2025FA,2025-26,0,0,0,0,0
AID2025-012681,S0022480,2025FA,2025-26,0,0,0,0,0
AID2025-012682,S0040631,2025FA,2025-26,1,1,7395,1,5500
AID2025-012683,S0021634,2025FA,2025-26,0,0,0,0,0
AID2025-012684,S0032863,2025FA,2025-26,0,0,0,0,0
AID2025-012685,S0038568,2025FA,2025-26,0,0,0,1,5500
AID2025-012686,S0017929,2025FA,2025-26,1,1,7395,0,0
AID2025-012687,S0031925,2025FA,2025-26,1,1,7395,0,0
AID2025-012688,S0036934,2025FA,2025-26,0,0,0,1,5500
AID2025-012689,S0033759,2025FA,2025-26,0,0,0,0,0
AID2025-012690,S0009344,2025FA,2025-26,1,1,7395,0,0
AID2025-012691,S0001125,2025FA,2025-26,1,1,7395,1,5500
AID2025-012692,S0005815,2025FA,2025-26,0,0,0,0,0
AID2025-012693,S0032521,2025FA,2025-26,0,0,0,0,0
AID2025-012694,S0027173,2025FA,2025-26,0,0,0,1,5500
AID2025-012695,S0040648,2025FA,2025-26,0,0,0,0,0
AID2025-012696,S0032507,2025FA,2025-26,0,0,0,0,0
AID2025-012697,S0023198,2025FA,2025-26,0,0,0,1,5500
AID2025-012698,S0037178,2025FA,2025-26,0,0,0,0,0
AID2025-012699,S0026592,2025FA,2025-26,1,0,0,0,0
AID2025-012700,S0026344,2025FA,2025-26,1,1,7395,1,5500
AID2025-012701,S0033006,2025FA,2025-26,0,0,0,0,0
AID2025-012702,S0002030,2025FA,2025-26,1,1,7395,0,0
AID2025-012703,S0026549,2025FA,2025-26,0,0,0,1,5500
AID2025-012704,S0031359,2025FA,2025-26,1,1,7395,0,0
AID2025-012705,S0038088,2025FA,2025-26,0,0,0,0,0
AID2025-012706,S0034049,2025FA,2025-26,1,0,0,1,5500
AID2025-012707,S0018775,2025FA,2025-26,0,0,0,0,0
AID2025-012708,S0037854,2025FA,2025-26,1,1,7395,0,0
AID2025-012709,S0012165,2025FA,2025-26,1,1,7395,1,5500
AID2025-012710,S0037104,2025FA,2025-26,1,1,7395,0,0
AID2025-012711,S0022669,2025FA,2025-26,0,0,0,0,0
AID2025-012712,S0010100,2025FA,2025-26,0,0,0,1,5500
AID2025-012713,S0040010,2025FA,2025-26,1,0,0,0,0
AID2025-012714,S0017789,2025FA,2025-26,1,1,7395,0,0
AID2025-012715,S0033353,2025FA,2025-26,0,0,0,1,5500
AID2025-012716,S0031076,2025FA,2025-26,0,0,0,0,0
AID2025-012717,S0036942,2025FA,2025-26,0,0,0,0,0
AID2025-012718,S0035780,2025FA,2025-26,1,1,7395,1,5500
AID2025-012719,S0032889,2025FA,2025-26,0,0,0,0,0
AID2025-012720,S0038230,2025FA,2025-26,0,0,0,0,0
AID2025-012721,S0019431,2025FA,2025-26,1,1,7395,1,5500
AID2025-012722,S0014969,2025FA,2025-26,1,1,7395,0,0
AID2025-012723,S0026004,2025FA,2025-26,1,1,7395,0,0
AID2025-012724,S0039356,2025FA,2025-26,0,0,0,1,5500
AID2025-012725,S0002074,2025FA,2025-26,1,1,7395,0,0
AID2025-012726,S0027392,2025FA,2025-26,0,0,0,0,0
AID2025-012727,S0040377,2025FA,2025-26,0,0,0,1,5500
AID2025-012728,S0033901,2025FA,2025-26,0,0,0,0,0
AID2025-012729,S0035125,2025FA,2025-26,0,0,0,0,0
AID2025-012730,S0003772,2025FA,2025-26,0,0,0,1,5500
AID2025-012731,S0009798,2025FA,2025-26,0,0,0,0,0
AID2025-012732,S0027683,2025FA,2025-26,1,1,7395,0,0
AID2025-012733,S0015216,2025FA,2025-26,0,0,0,1,5500
AID2025-012734,S0033967,2025FA,2025-26,0,0,0,0,0
AID2025-012735,S0022166,2025FA,2025-26,0,0,0,0,0
AID2025-012736,S0031208,2025FA,2025-26,1,1,7395,1,5500
AID2025-012737,S0000051,2025FA,2025-26,0,0,0,0,0
AID2025-012738,S0029350,2025FA,2025-26,1,1,7395,0,0
AID2025-012739,S0016140,2025FA,2025-26,1,1,7395,1,5500
AID2025-012740,S0019312,2025FA,2025-26,0,0,0,0,0
AID2025-012741,S0005833,2025FA,2025-26,0,0,0,0,0
AID2025-012742,S0000195,2025FA,2025-26,1,1,7395,1,5500
AID2025-012743,S0027076,2025FA,2025-26,0,0,0,0,0
AID2025-012744,S0018531,2025FA,2025-26,0,0,0,0,0
AID2025-012745,S0028864,2025FA,2025-26,0,0,0,1,5500
AID2025-012746,S0005680,2025FA,2025-26,0,0,0,0,0
AID2025-012747,S0000519,2025FA,2025-26,1,1,7395,0,0
AID2025-012748,S0010716,2025FA,2025-26,0,0,0,1,5500
AID2025-012749,S0017906,2025FA,2025-26,1,1,7395,0,0
AID2025-012750,S0039107,2025FA,2025-26,1,1,7395,0,0
AID2025-012751,S0026826,2025FA,2025-26,1,1,7395,1,5500
AID2025-012752,S0005755,2025FA,2025-26,1,1,7395,0,0
AID2025-012753,S0001679,2025FA,2025-26,0,0,0,0,0
AID2025-012754,S0029231,2025FA,2025-26,0,0,0,1,5500
AID2025-012755,S0038022,2025FA,2025-26,0,0,0,0,0
AID2025-012756,S0008283,2025FA,2025-26,0,0,0,0,0
AID2025-012757,S0035404,2025FA,2025-26,0,0,0,1,5500
AID2025-012758,S0031709,2025FA,2025-26,0,0,0,0,0
AID2025-012759,S0008064,2025FA,2025-26,0,0,0,0,0
AID2025-012760,S0017288,2025FA,2025-26,1,1,7395,1,5500
AID2025-012761,S0007927,2025FA,2025-26,0,0,0,0,0
AID2025-012762,S0007283,2025FA,2025-26,0,0,0,0,0
AID2025-012763,S0019251,2025FA,2025-26,0,0,0,1,5500
AID2025-012764,S0040603,2025FA,2025-26,0,0,0,0,0
AID2025-012765,S0040037,2025FA,2025-26,1,1,7395,0,0
AID2025-012766,S0027310,2025FA,2025-26,0,0,0,1,5500
AID2025-012767,S0034208,2025FA,2025-26,0,0,0,0,0
AID2025-012768,S0028099,2025FA,2025-26,0,0,0,0,0
AID2025-012769,S0032656,2025FA,2025-26,1,0,0,1,5500
AID2025-012770,S0032589,2025FA,2025-26,1,1,7395,0,0
AID2025-012771,S0033303,2025FA,2025-26,1,1,7395,0,0
AID2025-012772,S0023872,2025FA,2025-26,0,0,0,1,5500
AID2025-012773,S0027529,2025FA,2025-26,1,1,7395,0,0
AID2025-012774,S0034405,2025FA,2025-26,0,0,0,0,0
AID2025-012775,S0017536,2025FA,2025-26,0,0,0,1,5500
AID2025-012776,S0028478,2025FA,2025-26,1,0,0,0,0
AID2025-012777,S0039605,2025FA,2025-26,0,0,0,0,0
AID2025-012778,S0012016,2025FA,2025-26,0,0,0,1,5500
AID2025-012779,S0037750,2025FA,2025-26,1,1,7395,0,0
AID2025-012780,S0039695,2025FA,2025-26,0,0,0,0,0
AID2025-012781,S0021289,2025FA,2025-26,1,1,7395,1,5500
AID2025-012782,S0038621,2025FA,2025-26,0,0,0,0,0
AID2025-012783,S0029348,2025FA,2025-26,1,0,0,0,0
AID2025-012784,S0034431,2025FA,2025-26,0,0,0,1,5500
AID2025-012785,S0038050,2025FA,2025-26,0,0,0,0,0
AID2025-012786,S0040287,2025FA,2025-26,0,0,0,0,0
AID2025-012787,S0012702,2025FA,2025-26,1,1,7395,1,5500
AID2025-012788,S0031669,2025FA,2025-26,1,1,7395,0,0
AID2025-012789,S0040082,2025FA,2025-26,1,1,7395,0,0
AID2025-012790,S0022063,2025FA,2025-26,1,0,0,1,5500
AID2025-012791,S0039456,2025FA,2025-26,1,1,7395,0,0
AID2025-012792,S0021133,2025FA,2025-26,1,1,7395,0,0
AID2025-012793,S0019170,2025FA,2025-26,0,0,0,1,5500
AID2025-012794,S0014069,2025FA,2025-26,0,0,0,0,0
AID2025-012795,S0005546,2025FA,2025-26,1,1,7395,0,0
AID2025-012796,S0027464,2025FA,2025-26,0,0,0,1,5500
AID2025-012797,S0023674,2025FA,2025-26,0,0,0,0,0
AID2025-012798,S0025793,2025FA,2025-26,1,1,7395,0,0
AID2025-012799,S0019689,2025FA,2025-26,0,0,0,1,5500
AID2025-012800,S0032951,2025FA,2025-26,1,1,7395,0,0
AID2025-012801,S0018044,2025FA,2025-26,0,0,0,0,0
AID2025-012802,S0029095,2025FA,2025-26,0,0,0,1,5500
AID2025-012803,S0040483,2025FA,2025-26,0,0,0,0,0
AID2025-012804,S0027953,2025FA,2025-26,1,0,0,0,0
AID2025-012805,S0032702,2025FA,2025-26,0,0,0,1,5500
AID2025-012806,S0036440,2025FA,2025-26,1,1,7395,0,0
AID2025-012807,S0028137,2025FA,2025-26,0,0,0,0,0
AID2025-012808,S0007281,2025FA,2025-26,0,0,0,1,5500
AID2025-012809,S0018892,2025FA,2025-26,0,0,0,0,0
AID2025-012810,S0017889,2025FA,2025-26,0,0,0,0,0
AID2025-012811,S0037465,2025FA,2025-26,0,0,0,1,5500
AID2025-012812,S0036830,2025FA,2025-26,0,0,0,0,0
AID2025-012813,S0038266,2025FA,2025-26,0,0,0,0,0
AID2025-012814,S0032710,2025FA,2025-26,0,0,0,1,5500
AID2025-012815,S0000008,2025FA,2025-26,0,0,0,0,0
AID2025-012816,S0001983,2025FA,2025-26,0,0,0,0,0
AID2025-012817,S0001981,2025FA,2025-26,0,0,0,1,5500
AID2025-012818,S0038613,2025FA,2025-26,1,0,0,0,0
AID2025-012819,S0020798,2025FA,2025-26,1,1,7395,0,0
AID2025-012820,S0032462,2025FA,2025-26,1,1,7395,1,5500
AID2025-012821,S0026972,2025FA,2025-26,1,1,7395,0,0
AID2025-012822,S0037406,2025FA,2025-26,0,0,0,0,0
AID2025-012823,S0035683,2025FA,2025-26,1,1,7395,1,5500
AID2025-012824,S0033788,2025FA,2025-26,0,0,0,0,0
AID2025-012825,S0038233,2025FA,2025-26,1,0,0,0,0
AID2025-012826,S0032075,2025FA,2025-26,1,1,7395,1,5500
AID2025-012827,S0006484,2025FA,2025-26,1,1,7395,0,0
AID2025-012828,S0032189,2025FA,2025-26,0,0,0,0,0
AID2025-012829,S0037181,2025FA,2025-26,1,1,7395,1,5500
AID2025-012830,S0007327,2025FA,2025-26,0,0,0,0,0
AID2025-012831,S0033846,2025FA,2025-26,1,1,7395,0,0
AID2025-012832,S0004818,2025FA,2025-26,0,0,0,1,5500
AID2025-012833,S0040396,2025FA,2025-26,0,0,0,0,0
AID2025-012834,S0037124,2025FA,2025-26,0,0,0,0,0
AID2025-012835,S0038055,2025FA,2025-26,0,0,0,1,5500
AID2025-012836,S0037720,2025FA,2025-26,1,1,7395,0,0
AID2025-012837,S0028365,2025FA,2025-26,0,0,0,0,0
AID2025-012838,S0029338,2025FA,2025-26,0,0,0,1,5500
AID2025-012839,S0009898,2025FA,2025-26,0,0,0,0,0
AID2025-012840,S0030341,2025FA,2025-26,0,0,0,0,0
AID2025-012841,S0008121,2025FA,2025-26,0,0,0,1,5500
AID2025-012842,S0019325,2025FA,2025-26,1,1,7395,0,0
AID2025-012843,S0015601,2025FA,2025-26,0,0,0,0,0
AID2025-012844,S0036361,2025FA,2025-26,0,0,0,1,5500
AID2025-012845,S0037611,2025FA,2025-26,0,0,0,0,0
AID2025-012846,S0018307,2025FA,2025-26,1,0,0,0,0
AID2025-012847,S0018805,2025FA,2025-26,0,0,0,1,5500
AID2025-012848,S0038638,2025FA,2025-26,0,0,0,0,0
AID2025-012849,S0034430,2025FA,2025-26,1,1,7395,0,0
AID2025-012850,S0009633,2025FA,2025-26,0,0,0,1,5500
AID2025-012851,S0000534,2025FA,2025-26,0,0,0,0,0
AID2025-012852,S0037290,2025FA,2025-26,1,1,7395,0,0
AID2025-012853,S0035271,2025FA,2025-26,0,0,0,1,5500
AID2025-012854,S0033295,2025FA,2025-26,0,0,0,0,0
AID2025-012855,S0018789,2025FA,2025-26,1,1,7395,0,0
AID2025-012856,S0023623,2025FA,2025-26,0,0,0,1,5500
AID2025-012857,S0018902,2025FA,2025-26,0,0,0,0,0
AID2025-012858,S0038383,2025FA,2025-26,0,0,0,0,0
AID2025-012859,S0036358,2025FA,2025-26,0,0,0,1,5500
AID2025-012860,S0005469,2025FA,2025-26,1,0,0,0,0
AID2025-012861,S0039635,2025FA,2025-26,1,1,7395,0,0
AID2025-012862,S0032352,2025FA,2025-26,1,1,7395,1,5500
AID2025-012863,S0037713,2025FA,2025-26,0,0,0,0,0
AID2025-012864,S0017975,2025FA,2025-26,1,1,7395,0,0
AID2025-012865,S0037241,2025FA,2025-26,0,0,0,1,5500
AID2025-012866,S0037414,2025FA,2025-26,0,0,0,0,0
AID2025-012867,S0000256,2025FA,2025-26,0,0,0,0,0
AID2025-012868,S0022527,2025FA,2025-26,0,0,0,1,5500
AID2025-012869,S0025484,2025FA,2025-26,1,1,7395,0,0
AID2025-012870,S0035627,2025FA,2025-26,0,0,0,0,0
AID2025-012871,S0039771,2025FA,2025-26,0,0,0,1,5500
AID2025-012872,S0038540,2025FA,2025-26,1,1,7395,0,0
AID2025-012873,S0000415,2025FA,2025-26,0,0,0,0,0
AID2025-012874,S0027618,2025FA,2025-26,0,0,0,1,5500
AID2025-012875,S0001996,2025FA,2025-26,1,1,7395,0,0
AID2025-012876,S0036501,2025FA,2025-26,0,0,0,0,0
AID2025-012877,S0016617,2025FA,2025-26,0,0,0,1,5500
AID2025-012878,S0032923,2025FA,2025-26,0,0,0,0,0
AID2025-012879,S0035088,2025FA,2025-26,0,0,0,0,0
AID2025-012880,S0015987,2025FA,2025-26,0,0,0,1,5500
AID2025-012881,S0023374,2025FA,2025-26,0,0,0,0,0
AID2025-012882,S0008982,2025FA,2025-26,1,1,7395,0,0
AID2025-012883,S0037484,2025FA,2025-26,0,0,0,1,5500
AID2025-012884,S0031193,2025FA,2025-26,0,0,0,0,0
AID2025-012885,S0037764,2025FA,2025-26,1,1,7395,0,0
AID2025-012886,S0004813,2025FA,2025-26,0,0,0,1,5500
AID2025-012887,S0027152,2025FA,2025-26,0,0,0,0,0
AID2025-012888,S0022454,2025FA,2025-26,0,0,0,0,0
AID2025-012889,S0037026,2025FA,2025-26,0,0,0,1,5500
AID2025-012890,S0022367,2025FA,2025-26,0,0,0,0,0
AID2025-012891,S0023820,2025FA,2025-26,0,0,0,0,0
AID2025-012892,S0040581,2025FA,2025-26,1,1,7395,1,5500
AID2025-012893,S0013992,2025FA,2025-26,0,0,0,0,0
AID2025-012894,S0013931,2025FA,2025-26,0,0,0,0,0
AID2025-012895,S0038787,2025FA,2025-26,0,0,0,1,5500
AID2025-012896,S0031868,2025FA,2025-26,0,0,0,0,0
AID2025-012897,S0009070,2025FA,2025-26,1,1,7395,0,0
AID2025-012898,S0028241,2025FA,2025-26,1,1,7395,1,5500
AID2025-012899,S0013900,2025FA,2025-26,0,0,0,0,0
AID2025-012900,S0036369,2025FA,2025-26,0,0,0,0,0
AID2025-012901,S0008230,2025FA,2025-26,0,0,0,1,5500
AID2025-012902,S0023728,2025FA,2025-26,0,0,0,0,0
AID2025-012903,S0038978,2025FA,2025-26,0,0,0,0,0
AID2025-012904,S0034187,2025FA,2025-26,1,1,7395,1,5500
AID2025-012905,S0039113,2025FA,2025-26,0,0,0,0,0
AID2025-012906,S0023719,2025FA,2025-26,0,0,0,0,0
AID2025-012907,S0018621,2025FA,2025-26,0,0,0,1,5500
AID2025-012908,S0026993,2025FA,2025-26,0,0,0,0,0
AID2025-012909,S0012541,2025FA,2025-26,1,0,0,0,0
AID2025-012910,S0038025,2025FA,2025-26,1,1,7395,1,5500
AID2025-012911,S0021951,2025FA,2025-26,0,0,0,0,0
AID2025-012912,S0009503,2025FA,2025-26,0,0,0,0,0
AID2025-012913,S0035752,2025FA,2025-26,1,1,7395,1,5500
AID2025-012914,S0023003,2025FA,2025-26,0,0,0,0,0
AID2025-012915,S0004646,2025FA,2025-26,1,1,7395,0,0
AID2025-012916,S0008616,2025FA,2025-26,0,0,0,1,5500
AID2025-012917,S0013734,2025FA,2025-26,0,0,0,0,0
AID2025-012918,S0034079,2025FA,2025-26,0,0,0,0,0
AID2025-012919,S0011940,2025FA,2025-26,1,1,7395,1,5500
AID2025-012920,S0019738,2025FA,2025-26,1,1,7395,0,0
AID2025-012921,S0029313,2025FA,2025-26,0,0,0,0,0
AID2025-012922,S0016073,2025FA,2025-26,1,1,7395,1,5500
AID2025-012923,S0026524,2025FA,2025-26,0,0,0,0,0
AID2025-012924,S0005882,2025FA,2025-26,0,0,0,0,0
AID2025-012925,S0037165,2025FA,2025-26,0,0,0,1,5500
AID2025-012926,S0038947,2025FA,2025-26,1,1,7395,0,0
AID2025-012927,S0017682,2025FA,2025-26,1,1,7395,0,0
AID2025-012928,S0022623,2025FA,2025-26,1,1,7395,1,5500
AID2025-012929,S0025407,2025FA,2025-26,0,0,0,0,0
AID2025-012930,S0010268,2025FA,2025-26,0,0,0,0,0
AID2025-012931,S0028061,2025FA,2025-26,0,0,0,1,5500
AID2025-012932,S0034271,2025FA,2025-26,1,1,7395,0,0
AID2025-012933,S0006501,2025FA,2025-26,1,1,7395,0,0
AID2025-012934,S0007280,2025FA,2025-26,1,1,7395,1,5500
AID2025-012935,S0040524,2025FA,2025-26,0,0,0,0,0
AID2025-012936,S0027752,2025FA,2025-26,0,0,0,0,0
AID2025-012937,S0037891,2025FA,2025-26,0,0,0,1,5500
AID2025-012938,S0035944,2025FA,2025-26,0,0,0,0,0
AID2025-012939,S0003748,2025FA,2025-26,1,1,7395,0,0
AID2025-012940,S0015238,2025FA,2025-26,0,0,0,1,5500
AID2025-012941,S0024214,2025FA,2025-26,0,0,0,0,0
AID2025-012942,S0027729,2025FA,2025-26,0,0,0,0,0
AID2025-012943,S0023566,2025FA,2025-26,0,0,0,1,5500
AID2025-012944,S0036745,2025FA,2025-26,1,0,0,0,0
AID2025-012945,S0037899,2025FA,2025-26,1,1,7395,0,0
AID2025-012946,S0031505,2025FA,2025-26,0,0,0,1,5500
AID2025-012947,S0039288,2025FA,2025-26,0,0,0,0,0
AID2025-012948,S0036921,2025FA,2025-26,1,1,7395,0,0
AID2025-012949,S0038957,2025FA,2025-26,1,1,7395,1,5500
AID2025-012950,S0035238,2025FA,2025-26,1,1,7395,0,0
AID2025-012951,S0003938,2025FA,2025-26,0,0,0,0,0
AID2025-012952,S0032601,2025FA,2025-26,0,0,0,1,5500
AID2025-012953,S0027808,2025FA,2025-26,0,0,0,0,0
AID2025-012954,S0001790,2025FA,2025-26,1,1,7395,0,0
AID2025-012955,S0037923,2025FA,2025-26,0,0,0,1,5500
AID2025-012956,S0032669,2025FA,2025-26,1,1,7395,0,0
AID2025-012957,S0038455,2025FA,2025-26,0,0,0,0,0
AID2025-012958,S0033341,2025FA,2025-26,0,0,0,1,5500
AID2025-012959,S0038689,2025FA,2025-26,0,0,0,0,0
AID2025-012960,S0036217,2025FA,2025-26,1,1,7395,0,0
AID2025-012961,S0020631,2025FA,2025-26,1,1,7395,1,5500
AID2025-012962,S0008349,2025FA,2025-26,0,0,0,0,0
AID2025-012963,S0031414,2025FA,2025-26,1,1,7395,0,0
AID2025-012964,S0027223,2025FA,2025-26,0,0,0,1,5500
AID2025-012965,S0021972,2025FA,2025-26,1,0,0,0,0
AID2025-012966,S0019392,2025FA,2025-26,1,1,7395,0,0
AID2025-012967,S0025435,2025FA,2025-26,0,0,0,1,5500
AID2025-012968,S0038011,2025FA,2025-26,1,1,7395,0,0
AID2025-012969,S0010545,2025FA,2025-26,0,0,0,0,0
AID2025-012970,S0039920,2025FA,2025-26,0,0,0,1,5500
AID2025-012971,S0017726,2025FA,2025-26,0,0,0,0,0
AID2025-012972,S0038747,2025FA,2025-26,1,0,0,0,0
AID2025-012973,S0032098,2025FA,2025-26,1,1,7395,1,5500
AID2025-012974,S0038824,2025FA,2025-26,0,0,0,0,0
AID2025-012975,S0024100,2025FA,2025-26,1,1,7395,0,0
AID2025-012976,S0038531,2025FA,2025-26,1,1,7395,1,5500
AID2025-012977,S0011749,2025FA,2025-26,1,1,7395,0,0
AID2025-012978,S0025921,2025FA,2025-26,1,1,7395,0,0
AID2025-012979,S0027122,2025FA,2025-26,0,0,0,1,5500
AID2025-012980,S0028591,2025FA,2025-26,0,0,0,0,0
AID2025-012981,S0024222,2025FA,2025-26,0,0,0,0,0
AID2025-012982,S0019094,2025FA,2025-26,1,1,7395,1,5500
AID2025-012983,S0035306,2025FA,2025-26,1,1,7395,0,0
AID2025-012984,S0029256,2025FA,2025-26,0,0,0,0,0
AID2025-012985,S0040246,2025FA,2025-26,1,1,7395,1,5500
AID2025-012986,S0027000,2025FA,2025-26,0,0,0,0,0
AID2025-012987,S0040111,2025FA,2025-26,1,1,7395,0,0
AID2025-012988,S0039409,2025FA,2025-26,1,1,7395,1,5500
AID2025-012989,S0022349,2025FA,2025-26,0,0,0,0,0
AID2025-012990,S0036630,2025FA,2025-26,0,0,0,0,0
AID2025-012991,S0013848,2025FA,2025-26,0,0,0,1,5500
AID2025-012992,S0039778,2025FA,2025-26,1,1,7395,0,0
AID2025-012993,S0032539,2025FA,2025-26,0,0,0,0,0
AID2025-012994,S0024163,2025FA,2025-26,0,0,0,1,5500
AID2025-012995,S0028529,2025FA,2025-26,1,1,7395,0,0
AID2025-012996,S0031780,2025FA,2025-26,1,1,7395,0,0
AID2025-012997,S0007643,2025FA,2025-26,1,1,7395,1,5500
AID2025-012998,S0034344,2025FA,2025-26,0,0,0,0,0
AID2025-012999,S0035161,2025FA,2025-26,1,1,7395,0,0
AID2025-013000,S0026682,2025FA,2025-26,0,0,0,1,5500
AID2025-013001,S0017438,2025FA,2025-26,1,1,7395,0,0
AID2025-013002,S0000194,2025FA,2025-26,0,0,0,0,0
AID2025-013003,S0026397,2025FA,2025-26,1,1,7395,1,5500
AID2025-013004,S0004395,2025FA,2025-26,0,0,0,0,0
AID2025-013005,S0010319,2025FA,2025-26,1,1,7395,0,0
AID2025-013006,S0006474,2025FA,2025-26,1,1,7395,1,5500
AID2025-013007,S0004601,2025FA,2025-26,0,0,0,0,0
AID2025-013008,S0011284,2025FA,2025-26,1,1,7395,0,0
AID2025-013009,S0030490,2025FA,2025-26,0,0,0,1,5500
AID2025-013010,S0027516,2025FA,2025-26,0,0,0,0,0
AID2025-013011,S0040442,2025FA,2025-26,0,0,0,0,0
AID2025-013012,S0039269,2025FA,2025-26,1,1,7395,1,5500
AID2025-013013,S0038684,2025FA,2025-26,0,0,0,0,0
AID2025-013014,S0026196,2025FA,2025-26,0,0,0,0,0
AID2025-013015,S0003927,2025FA,2025-26,1,1,7395,1,5500
AID2025-013016,S0034231,2025FA,2025-26,0,0,0,0,0
AID2025-013017,S0030854,2025FA,2025-26,0,0,0,0,0
AID2025-013018,S0015905,2025FA,2025-26,0,0,0,1,5500
AID2025-013019,S0037376,2025FA,2025-26,0,0,0,0,0
AID2025-013020,S0006496,2025FA,2025-26,0,0,0,0,0
AID2025-013021,S0018451,2025FA,2025-26,0,0,0,1,5500
AID2025-013022,S0040162,2025FA,2025-26,0,0,0,0,0
AID2025-013023,S0039274,2025FA,2025-26,0,0,0,0,0
AID2025-013024,S0003272,2025FA,2025-26,1,1,7395,1,5500
AID2025-013025,S0032480,2025FA,2025-26,1,1,7395,0,0
AID2025-013026,S0006054,2025FA,2025-26,1,1,7395,0,0
AID2025-013027,S0022791,2025FA,2025-26,0,0,0,1,5500
AID2025-013028,S0027829,2025FA,2025-26,0,0,0,0,0
AID2025-013029,S0036373,2025FA,2025-26,1,1,7395,0,0
AID2025-013030,S0027689,2025FA,2025-26,0,0,0,1,5500
AID2025-013031,S0038668,2025FA,2025-26,0,0,0,0,0
AID2025-013032,S0019291,2025FA,2025-26,0,0,0,0,0
AID2025-013033,S0033164,2025FA,2025-26,0,0,0,1,5500
AID2025-013034,S0023904,2025FA,2025-26,1,1,7395,0,0
AID2025-013035,S0029129,2025FA,2025-26,0,0,0,0,0
AID2025-013036,S0039240,2025FA,2025-26,0,0,0,1,5500
AID2025-013037,S0022809,2025FA,2025-26,1,1,7395,0,0
AID2025-013038,S0010929,2025FA,2025-26,1,1,7395,0,0
AID2025-013039,S0038556,2025FA,2025-26,1,1,7395,1,5500
AID2025-013040,S0032717,2025FA,2025-26,0,0,0,0,0
AID2025-013041,S0027733,2025FA,2025-26,0,0,0,0,0
AID2025-013042,S0001153,2025FA,2025-26,1,0,0,1,5500
AID2025-013043,S0014595,2025FA,2025-26,0,0,0,0,0
AID2025-013044,S0026343,2025FA,2025-26,0,0,0,0,0
AID2025-013045,S0038253,2025FA,2025-26,1,1,7395,1,5500
AID2025-013046,S0007598,2025FA,2025-26,1,1,7395,0,0
AID2025-013047,S0029076,2025FA,2025-26,1,1,7395,0,0
AID2025-013048,S0015874,2025FA,2025-26,0,0,0,1,5500
AID2025-013049,S0028421,2025FA,2025-26,1,0,0,0,0
AID2025-013050,S0040038,2025FA,2025-26,0,0,0,0,0
AID2025-013051,S0036169,2025FA,2025-26,1,1,7395,1,5500
AID2025-013052,S0028446,2025FA,2025-26,0,0,0,0,0
AID2025-013053,S0039034,2025FA,2025-26,0,0,0,0,0
AID2025-013054,S0016165,2025FA,2025-26,0,0,0,1,5500
AID2025-013055,S0033579,2025FA,2025-26,1,1,7395,0,0
AID2025-013056,S0010406,2025FA,2025-26,0,0,0,0,0
AID2025-013057,S0033025,2025FA,2025-26,1,1,7395,1,5500
AID2025-013058,S0001503,2025FA,2025-26,0,0,0,0,0
AID2025-013059,S0004836,2025FA,2025-26,1,1,7395,0,0
AID2025-013060,S0026681,2025FA,2025-26,0,0,0,1,5500
AID2025-013061,S0022688,2025FA,2025-26,0,0,0,0,0
AID2025-013062,S0035576,2025FA,2025-26,0,0,0,0,0
AID2025-013063,S0024269,2025FA,2025-26,1,0,0,1,5500
AID2025-013064,S0040448,2025FA,2025-26,1,1,7395,0,0
AID2025-013065,S0037942,2025FA,2025-26,0,0,0,0,0
AID2025-013066,S0033985,2025FA,2025-26,0,0,0,1,5500
AID2025-013067,S0028915,2025FA,2025-26,0,0,0,0,0
AID2025-013068,S0033873,2025FA,2025-26,0,0,0,0,0
AID2025-013069,S0026755,2025FA,2025-26,1,1,7395,1,5500
AID2025-013070,S0023184,2025FA,2025-26,0,0,0,0,0
AID2025-013071,S0031310,2025FA,2025-26,1,1,7395,0,0
AID2025-013072,S0029293,2025FA,2025-26,0,0,0,1,5500
AID2025-013073,S0028692,2025FA,2025-26,0,0,0,0,0
AID2025-013074,S0032588,2025FA,2025-26,0,0,0,0,0
AID2025-013075,S0032420,2025FA,2025-26,1,1,7395,1,5500
AID2025-013076,S0027479,2025FA,2025-26,0,0,0,0,0
AID2025-013077,S0037851,2025FA,2025-26,1,0,0,0,0
AID2025-013078,S0040118,2025FA,2025-26,0,0,0,1,5500
AID2025-013079,S0033019,2025FA,2025-26,0,0,0,0,0
AID2025-013080,S0027805,2025FA,2025-26,0,0,0,0,0
AID2025-013081,S0032771,2025FA,2025-26,1,1,7395,1,5500
AID2025-013082,S0010146,2025FA,2025-26,0,0,0,0,0
AID2025-013083,S0007242,2025FA,2025-26,0,0,0,0,0
AID2025-013084,S0026153,2025FA,2025-26,0,0,0,1,5500
AID2025-013085,S0004744,2025FA,2025-26,0,0,0,0,0
AID2025-013086,S0028380,2025FA,2025-26,1,1,7395,0,0
AID2025-013087,S0001934,2025FA,2025-26,0,0,0,1,5500
AID2025-013088,S0022723,2025FA,2025-26,0,0,0,0,0
AID2025-013089,S0037454,2025FA,2025-26,0,0,0,0,0
AID2025-013090,S0025643,2025FA,2025-26,0,0,0,1,5500
AID2025-013091,S0037803,2025FA,2025-26,0,0,0,0,0
AID2025-013092,S0027204,2025FA,2025-26,0,0,0,0,0
AID2025-013093,S0039052,2025FA,2025-26,0,0,0,1,5500
AID2025-013094,S0029177,2025FA,2025-26,1,1,7395,0,0
AID2025-013095,S0035765,2025FA,2025-26,0,0,0,0,0
AID2025-013096,S0008825,2025FA,2025-26,1,1,7395,1,5500
AID2025-013097,S0003506,2025FA,2025-26,0,0,0,0,0
AID2025-013098,S0015411,2025FA,2025-26,1,0,0,0,0
AID2025-013099,S0000036,2025FA,2025-26,0,0,0,1,5500
AID2025-013100,S0009601,2025FA,2025-26,1,1,7395,0,0
AID2025-013101,S0000396,2025FA,2025-26,0,0,0,0,0
AID2025-013102,S0025646,2025FA,2025-26,1,1,7395,1,5500
AID2025-013103,S0004615,2025FA,2025-26,1,1,7395,0,0
AID2025-013104,S0021453,2025FA,2025-26,0,0,0,0,0
AID2025-013105,S0003920,2025FA,2025-26,0,0,0,1,5500
AID2025-013106,S0028269,2025FA,2025-26,0,0,0,0,0
AID2025-013107,S0019500,2025FA,2025-26,1,1,7395,0,0
AID2025-013108,S0037655,2025FA,2025-26,1,1,7395,1,5500
AID2025-013109,S0027439,2025FA,2025-26,0,0,0,0,0
AID2025-013110,S0039730,2025FA,2025-26,0,0,0,0,0
AID2025-013111,S0027579,2025FA,2025-26,1,1,7395,1,5500
AID2025-013112,S0040141,2025FA,2025-26,0,0,0,0,0
AID2025-013113,S0009696,2025FA,2025-26,0,0,0,0,0
AID2025-013114,S0026938,2025FA,2025-26,0,0,0,1,5500
AID2025-013115,S0039835,2025FA,2025-26,1,1,7395,0,0
AID2025-013116,S0032860,2025FA,2025-26,0,0,0,0,0
AID2025-013117,S0039077,2025FA,2025-26,0,0,0,1,5500
AID2025-013118,S0026406,2025FA,2025-26,1,1,7395,0,0
AID2025-013119,S0007373,2025FA,2025-26,0,0,0,0,0
AID2025-013120,S0017776,2025FA,2025-26,1,1,7395,1,5500
AID2025-013121,S0001399,2025FA,2025-26,0,0,0,0,0
AID2025-013122,S0030976,2025FA,2025-26,0,0,0,0,0
AID2025-013123,S0017841,2025FA,2025-26,0,0,0,1,5500
AID2025-013124,S0002050,2025FA,2025-26,0,0,0,0,0
AID2025-013125,S0003243,2025FA,2025-26,1,1,7395,0,0
AID2025-013126,S0011798,2025FA,2025-26,1,0,0,1,5500
AID2025-013127,S0021903,2025FA,2025-26,1,1,7395,0,0
AID2025-013128,S0004608,2025FA,2025-26,1,1,7395,0,0
AID2025-013129,S0022645,2025FA,2025-26,1,1,7395,1,5500
AID2025-013130,S0018408,2025FA,2025-26,1,1,7395,0,0
AID2025-013131,S0008916,2025FA,2025-26,0,0,0,0,0
AID2025-013132,S0033431,2025FA,2025-26,0,0,0,1,5500
AID2025-013133,S0038375,2025FA,2025-26,1,0,0,0,0
AID2025-013134,S0014559,2025FA,2025-26,0,0,0,0,0
AID2025-013135,S0030907,2025FA,2025-26,1,1,7395,1,5500
AID2025-013136,S0029339,2025FA,2025-26,0,0,0,0,0
AID2025-013137,S0019293,2025FA,2025-26,1,1,7395,0,0
AID2025-013138,S0032572,2025FA,2025-26,0,0,0,1,5500
AID2025-013139,S0035657,2025FA,2025-26,0,0,0,0,0
AID2025-013140,S0038567,2025FA,2025-26,1,0,0,0,0
AID2025-013141,S0032500,2025FA,2025-26,0,0,0,1,5500
AID2025-013142,S0013794,2025FA,2025-26,0,0,0,0,0
AID2025-013143,S0009978,2025FA,2025-26,1,1,7395,0,0
AID2025-013144,S0036342,2025FA,2025-26,0,0,0,1,5500
AID2025-013145,S0035688,2025FA,2025-26,0,0,0,0,0
AID2025-013146,S0038423,2025FA,2025-26,0,0,0,0,0
AID2025-013147,S0003778,2025FA,2025-26,1,0,0,1,5500
AID2025-013148,S0034118,2025FA,2025-26,0,0,0,0,0
AID2025-013149,S0033276,2025FA,2025-26,0,0,0,0,0
AID2025-013150,S0036633,2025FA,2025-26,0,0,0,1,5500
AID2025-013151,S0036266,2025FA,2025-26,1,1,7395,0,0
AID2025-013152,S0025829,2025FA,2025-26,0,0,0,0,0
AID2025-013153,S0039966,2025FA,2025-26,0,0,0,1,5500
AID2025-013154,S0033133,2025FA,2025-26,0,0,0,0,0
AID2025-013155,S0009777,2025FA,2025-26,0,0,0,0,0
AID2025-013156,S0015935,2025FA,2025-26,1,1,7395,1,5500
AID2025-013157,S0020816,2025FA,2025-26,1,1,7395,0,0
AID2025-013158,S0018752,2025FA,2025-26,0,0,0,0,0
AID2025-013159,S0028552,2025FA,2025-26,1,1,7395,1,5500
AID2025-013160,S0022748,2025FA,2025-26,0,0,0,0,0
AID2025-013161,S0037784,2025FA,2025-26,0,0,0,0,0
AID2025-013162,S0033114,2025FA,2025-26,1,1,7395,1,5500
AID2025-013163,S0037204,2025FA,2025-26,0,0,0,0,0
AID2025-013164,S0038611,2025FA,2025-26,0,0,0,0,0
AID2025-013165,S0036423,2025FA,2025-26,0,0,0,1,5500
AID2025-013166,S0028636,2025FA,2025-26,1,1,7395,0,0
AID2025-013167,S0034425,2025FA,2025-26,1,1,7395,0,0
AID2025-013168,S0037075,2025FA,2025-26,0,0,0,1,5500
AID2025-013169,S0017260,2025FA,2025-26,1,1,7395,0,0
AID2025-013170,S0038006,2025FA,2025-26,0,0,0,0,0
AID2025-013171,S0017072,2025FA,2025-26,1,1,7395,1,5500
AID2025-013172,S0022642,2025FA,2025-26,1,1,7395,0,0
AID2025-013173,S0011551,2025FA,2025-26,0,0,0,0,0
AID2025-013174,S0022713,2025FA,2025-26,0,0,0,1,5500
AID2025-013175,S0038752,2025FA,2025-26,0,0,0,0,0
AID2025-013176,S0000025,2025FA,2025-26,1,1,7395,0,0
AID2025-013177,S0025775,2025FA,2025-26,0,0,0,1,5500
AID2025-013178,S0032410,2025FA,2025-26,0,0,0,0,0
AID2025-013179,S0024069,2025FA,2025-26,0,0,0,0,0
AID2025-013180,S0033850,2025FA,2025-26,0,0,0,1,5500
AID2025-013181,S0028714,2025FA,2025-26,0,0,0,0,0
AID2025-013182,S0025399,2025FA,2025-26,0,0,0,0,0
AID2025-013183,S0005153,2025FA,2025-26,0,0,0,1,5500
AID2025-013184,S0032565,2025FA,2025-26,1,1,7395,0,0
AID2025-013185,S0038535,2025FA,2025-26,1,1,7395,0,0
AID2025-013186,S0039792,2025FA,2025-26,0,0,0,1,5500
AID2025-013187,S0010612,2025FA,2025-26,1,1,7395,0,0
AID2025-013188,S0017430,2025FA,2025-26,0,0,0,0,0
AID2025-013189,S0017205,2025FA,2025-26,0,0,0,1,5500
AID2025-013190,S0031457,2025FA,2025-26,1,1,7395,0,0
AID2025-013191,S0039548,2025FA,2025-26,1,1,7395,0,0
AID2025-013192,S0029099,2025FA,2025-26,1,1,7395,1,5500
AID2025-013193,S0038510,2025FA,2025-26,1,1,7395,0,0
AID2025-013194,S0035667,2025FA,2025-26,1,1,7395,0,0
AID2025-013195,S0030770,2025FA,2025-26,0,0,0,1,5500
AID2025-013196,S0040233,2025FA,2025-26,1,1,7395,0,0
AID2025-013197,S0033029,2025FA,2025-26,0,0,0,0,0
AID2025-013198,S0034337,2025FA,2025-26,0,0,0,1,5500
AID2025-013199,S0000670,2025FA,2025-26,0,0,0,0,0
AID2025-013200,S0030849,2025FA,2025-26,1,1,7395,0,0
AID2025-013201,S0021679,2025FA,2025-26,1,1,7395,1,5500
AID2025-013202,S0013752,2025FA,2025-26,1,1,7395,0,0
AID2025-013203,S0036428,2025FA,2025-26,1,0,0,0,0
AID2025-013204,S0035889,2025FA,2025-26,0,0,0,1,5500
AID2025-013205,S0012819,2025FA,2025-26,1,1,7395,0,0
AID2025-013206,S0035790,2025FA,2025-26,0,0,0,0,0
AID2025-013207,S0008297,2025FA,2025-26,1,1,7395,1,5500
AID2025-013208,S0030378,2025FA,2025-26,0,0,0,0,0
AID2025-013209,S0004650,2025FA,2025-26,1,1,7395,0,0
AID2025-013210,S0027441,2025FA,2025-26,1,0,0,1,5500
AID2025-013211,S0038789,2025FA,2025-26,0,0,0,0,0
AID2025-013212,S0034172,2025FA,2025-26,1,1,7395,0,0
AID2025-013213,S0037049,2025FA,2025-26,0,0,0,1,5500
AID2025-013214,S0016490,2025FA,2025-26,0,0,0,0,0
AID2025-013215,S0013064,2025FA,2025-26,0,0,0,0,0
AID2025-013216,S0005671,2025FA,2025-26,0,0,0,1,5500
AID2025-013217,S0037375,2025FA,2025-26,0,0,0,0,0
AID2025-013218,S0040300,2025FA,2025-26,1,1,7395,0,0
AID2025-013219,S0025593,2025FA,2025-26,0,0,0,1,5500
AID2025-013220,S0034168,2025FA,2025-26,1,1,7395,0,0
AID2025-013221,S0036016,2025FA,2025-26,0,0,0,0,0
AID2025-013222,S0005301,2025FA,2025-26,1,1,7395,1,5500
AID2025-013223,S0024052,2025FA,2025-26,1,1,7395,0,0
AID2025-013224,S0039795,2025FA,2025-26,1,0,0,0,0
AID2025-013225,S0015542,2025FA,2025-26,0,0,0,1,5500
AID2025-013226,S0001297,2025FA,2025-26,1,1,7395,0,0
AID2025-013227,S0039049,2025FA,2025-26,0,0,0,0,0
AID2025-013228,S0030480,2025FA,2025-26,1,1,7395,1,5500
AID2025-013229,S0035990,2025FA,2025-26,0,0,0,0,0
AID2025-013230,S0014820,2025FA,2025-26,0,0,0,0,0
AID2025-013231,S0027665,2025FA,2025-26,0,0,0,1,5500
AID2025-013232,S0004664,2025FA,2025-26,0,0,0,0,0
AID2025-013233,S0001173,2025FA,2025-26,0,0,0,0,0
AID2025-013234,S0036325,2025FA,2025-26,0,0,0,1,5500
AID2025-013235,S0031100,2025FA,2025-26,0,0,0,0,0
AID2025-013236,S0037958,2025FA,2025-26,1,1,7395,0,0
AID2025-013237,S0037945,2025FA,2025-26,0,0,0,1,5500
AID2025-013238,S0018438,2025FA,2025-26,0,0,0,0,0
AID2025-013239,S0039643,2025FA,2025-26,0,0,0,0,0
AID2025-013240,S0006301,2025FA,2025-26,1,1,7395,1,5500
AID2025-013241,S0006840,2025FA,2025-26,0,0,0,0,0
AID2025-013242,S0032251,2025FA,2025-26,0,0,0,0,0
AID2025-013243,S0024057,2025FA,2025-26,1,1,7395,1,5500
AID2025-013244,S0036204,2025FA,2025-26,1,1,7395,0,0
AID2025-013245,S0003318,2025FA,2025-26,0,0,0,0,0
AID2025-013246,S0039823,2025FA,2025-26,0,0,0,1,5500
AID2025-013247,S0021037,2025FA,2025-26,0,0,0,0,0
AID2025-013248,S0028611,2025FA,2025-26,1,1,7395,0,0
AID2025-013249,S0040008,2025FA,2025-26,0,0,0,1,5500
AID2025-013250,S0011827,2025FA,2025-26,0,0,0,0,0
AID2025-013251,S0016188,2025FA,2025-26,0,0,0,0,0
AID2025-013252,S0011683,2025FA,2025-26,1,0,0,1,5500
AID2025-013253,S0037656,2025FA,2025-26,0,0,0,0,0
AID2025-013254,S0015161,2025FA,2025-26,1,1,7395,0,0
AID2025-013255,S0033141,2025FA,2025-26,0,0,0,1,5500
AID2025-013256,S0035613,2025FA,2025-26,0,0,0,0,0
AID2025-013257,S0040102,2025FA,2025-26,0,0,0,0,0
AID2025-013258,S0040090,2025FA,2025-26,0,0,0,1,5500
AID2025-013259,S0036690,2025FA,2025-26,1,0,0,0,0
AID2025-013260,S0000955,2025FA,2025-26,0,0,0,0,0
AID2025-013261,S0035456,2025FA,2025-26,0,0,0,1,5500
AID2025-013262,S0039317,2025FA,2025-26,1,1,7395,0,0
AID2025-013263,S0033324,2025FA,2025-26,0,0,0,0,0
AID2025-013264,S0016103,2025FA,2025-26,0,0,0,1,5500
AID2025-013265,S0031005,2025FA,2025-26,0,0,0,0,0
AID2025-013266,S0017960,2025FA,2025-26,0,0,0,0,0
AID2025-013267,S0032447,2025FA,2025-26,0,0,0,1,5500
AID2025-013268,S0018285,2025FA,2025-26,1,1,7395,0,0
AID2025-013269,S0034073,2025FA,2025-26,1,1,7395,0,0
AID2025-013270,S0007820,2025FA,2025-26,0,0,0,1,5500
AID2025-013271,S0026021,2025FA,2025-26,0,0,0,0,0
AID2025-013272,S0006719,2025FA,2025-26,1,1,7395,0,0
AID2025-013273,S0040235,2025FA,2025-26,0,0,0,1,5500
AID2025-013274,S0026574,2025FA,2025-26,1,1,7395,0,0
AID2025-013275,S0000617,2025FA,2025-26,0,0,0,0,0
AID2025-013276,S0006312,2025FA,2025-26,0,0,0,1,5500
AID2025-013277,S0035515,2025FA,2025-26,0,0,0,0,0
AID2025-013278,S0022223,2025FA,2025-26,1,1,7395,0,0
AID2025-013279,S0027320,2025FA,2025-26,0,0,0,1,5500
AID2025-013280,S0032604,2025FA,2025-26,0,0,0,0,0
AID2025-013281,S0038710,2025FA,2025-26,1,1,7395,0,0
AID2025-013282,S0034335,2025FA,2025-26,0,0,0,1,5500
AID2025-013283,S0028469,2025FA,2025-26,1,1,7395,0,0
AID2025-013284,S0005986,2025FA,2025-26,1,1,7395,0,0
AID2025-013285,S0037051,2025FA,2025-26,0,0,0,1,5500
AID2025-013286,S0017911,2025FA,2025-26,0,0,0,0,0
AID2025-013287,S0040131,2025FA,2025-26,0,0,0,0,0
AID2025-013288,S0009838,2025FA,2025-26,0,0,0,1,5500
AID2025-013289,S0009638,2025FA,2025-26,1,1,7395,0,0
AID2025-013290,S0031447,2025FA,2025-26,0,0,0,0,0
AID2025-013291,S0037425,2025FA,2025-26,1,1,7395,1,5500
AID2025-013292,S0016710,2025FA,2025-26,1,1,7395,0,0
AID2025-013293,S0032760,2025FA,2025-26,1,1,7395,0,0
AID2025-013294,S0040549,2025FA,2025-26,0,0,0,1,5500
AID2025-013295,S0008361,2025FA,2025-26,0,0,0,0,0
AID2025-013296,S0032253,2025FA,2025-26,0,0,0,0,0
AID2025-013297,S0039725,2025FA,2025-26,1,1,7395,1,5500
AID2025-013298,S0017024,2025FA,2025-26,0,0,0,0,0
AID2025-013299,S0031220,2025FA,2025-26,0,0,0,0,0
AID2025-013300,S0027383,2025FA,2025-26,0,0,0,1,5500
AID2025-013301,S0039370,2025FA,2025-26,1,0,0,0,0
AID2025-013302,S0011006,2025FA,2025-26,0,0,0,0,0
AID2025-013303,S0039275,2025FA,2025-26,0,0,0,1,5500
AID2025-013304,S0029226,2025FA,2025-26,1,1,7395,0,0
AID2025-013305,S0021090,2025FA,2025-26,0,0,0,0,0
AID2025-013306,S0026442,2025FA,2025-26,0,0,0,1,5500
AID2025-013307,S0023622,2025FA,2025-26,0,0,0,0,0
AID2025-013308,S0021872,2025FA,2025-26,0,0,0,0,0
AID2025-013309,S0020942,2025FA,2025-26,1,1,7395,1,5500
AID2025-013310,S0026091,2025FA,2025-26,0,0,0,0,0
AID2025-013311,S0000116,2025FA,2025-26,0,0,0,0,0
AID2025-013312,S0032510,2025FA,2025-26,0,0,0,1,5500
AID2025-013313,S0015786,2025FA,2025-26,0,0,0,0,0
AID2025-013314,S0012068,2025FA,2025-26,0,0,0,0,0
AID2025-013315,S0017809,2025FA,2025-26,1,0,0,1,5500
AID2025-013316,S0040652,2025FA,2025-26,1,1,7395,0,0
AID2025-013317,S0036610,2025FA,2025-26,1,1,7395,0,0
AID2025-013318,S0014635,2025FA,2025-26,0,0,0,1,5500
AID2025-013319,S0018365,2025FA,2025-26,0,0,0,0,0
AID2025-013320,S0037687,2025FA,2025-26,0,0,0,0,0
AID2025-013321,S0038966,2025FA,2025-26,0,0,0,1,5500
AID2025-013322,S0039128,2025FA,2025-26,0,0,0,0,0
AID2025-013323,S0009655,2025FA,2025-26,1,1,7395,0,0
AID2025-013324,S0028511,2025FA,2025-26,0,0,0,1,5500
AID2025-013325,S0028810,2025FA,2025-26,1,1,7395,0,0
AID2025-013326,S0015365,2025FA,2025-26,1,1,7395,0,0
AID2025-013327,S0022681,2025FA,2025-26,0,0,0,1,5500
AID2025-013328,S0020839,2025FA,2025-26,1,1,7395,0,0
AID2025-013329,S0039419,2025FA,2025-26,0,0,0,0,0
AID2025-013330,S0029007,2025FA,2025-26,0,0,0,1,5500
AID2025-013331,S0022870,2025FA,2025-26,0,0,0,0,0
AID2025-013332,S0001017,2025FA,2025-26,0,0,0,0,0
AID2025-013333,S0040640,2025FA,2025-26,1,1,7395,1,5500
AID2025-013334,S0033366,2025FA,2025-26,0,0,0,0,0
AID2025-013335,S0036659,2025FA,2025-26,0,0,0,0,0
AID2025-013336,S0026391,2025FA,2025-26,0,0,0,1,5500
AID2025-013337,S0022903,2025FA,2025-26,1,1,7395,0,0
AID2025-013338,S0028700,2025FA,2025-26,0,0,0,0,0
AID2025-013339,S0008033,2025FA,2025-26,0,0,0,1,5500
AID2025-013340,S0037873,2025FA,2025-26,0,0,0,0,0
AID2025-013341,S0013171,2025FA,2025-26,0,0,0,0,0
AID2025-013342,S0023802,2025FA,2025-26,1,1,7395,1,5500
AID2025-013343,S0013418,2025FA,2025-26,0,0,0,0,0
AID2025-013344,S0039402,2025FA,2025-26,0,0,0,0,0
AID2025-013345,S0028570,2025FA,2025-26,0,0,0,1,5500
AID2025-013346,S0018615,2025FA,2025-26,0,0,0,0,0
AID2025-013347,S0032026,2025FA,2025-26,1,1,7395,0,0
AID2025-013348,S0019351,2025FA,2025-26,0,0,0,1,5500
AID2025-013349,S0028127,2025FA,2025-26,0,0,0,0,0
AID2025-013350,S0035136,2025FA,2025-26,0,0,0,0,0
AID2025-013351,S0037521,2025FA,2025-26,0,0,0,1,5500
AID2025-013352,S0026041,2025FA,2025-26,0,0,0,0,0
AID2025-013353,S0025346,2025FA,2025-26,1,1,7395,0,0
AID2025-013354,S0013661,2025FA,2025-26,1,1,7395,1,5500
AID2025-013355,S0035153,2025FA,2025-26,1,1,7395,0,0
AID2025-013356,S0031081,2025FA,2025-26,0,0,0,0,0
AID2025-013357,S0023077,2025FA,2025-26,0,0,0,1,5500
AID2025-013358,S0033920,2025FA,2025-26,0,0,0,0,0
AID2025-013359,S0009808,2025FA,2025-26,0,0,0,0,0
AID2025-013360,S0027641,2025FA,2025-26,0,0,0,1,5500
AID2025-013361,S0024180,2025FA,2025-26,0,0,0,0,0
AID2025-013362,S0005266,2025FA,2025-26,0,0,0,0,0
AID2025-013363,S0010077,2025FA,2025-26,0,0,0,1,5500
AID2025-013364,S0036294,2025FA,2025-26,0,0,0,0,0
AID2025-013365,S0037493,2025FA,2025-26,1,1,7395,0,0
AID2025-013366,S0039882,2025FA,2025-26,0,0,0,1,5500
AID2025-013367,S0016632,2025FA,2025-26,0,0,0,0,0
AID2025-013368,S0016010,2025FA,2025-26,1,1,7395,0,0
AID2025-013369,S0018535,2025FA,2025-26,0,0,0,1,5500
AID2025-013370,S0037393,2025FA,2025-26,1,1,7395,0,0
AID2025-013371,S0023416,2025FA,2025-26,0,0,0,0,0
AID2025-013372,S0037943,2025FA,2025-26,0,0,0,1,5500
AID2025-013373,S0036164,2025FA,2025-26,1,1,7395,0,0
AID2025-013374,S0016011,2025FA,2025-26,0,0,0,0,0
AID2025-013375,S0025840,2025FA,2025-26,1,1,7395,1,5500
AID2025-013376,S0023772,2025FA,2025-26,0,0,0,0,0
AID2025-013377,S0040475,2025FA,2025-26,0,0,0,0,0
AID2025-013378,S0040638,2025FA,2025-26,0,0,0,1,5500
AID2025-013379,S0037940,2025FA,2025-26,0,0,0,0,0
AID2025-013380,S0037131,2025FA,2025-26,0,0,0,0,0
AID2025-013381,S0034201,2025FA,2025-26,1,1,7395,1,5500
AID2025-013382,S0009119,2025FA,2025-26,0,0,0,0,0
AID2025-013383,S0019316,2025FA,2025-26,0,0,0,0,0
AID2025-013384,S0039174,2025FA,2025-26,0,0,0,1,5500
AID2025-013385,S0039092,2025FA,2025-26,1,0,0,0,0
AID2025-013386,S0024168,2025FA,2025-26,0,0,0,0,0
AID2025-013387,S0035585,2025FA,2025-26,1,1,7395,1,5500
AID2025-013388,S0028071,2025FA,2025-26,0,0,0,0,0
AID2025-013389,S0014380,2025FA,2025-26,1,1,7395,0,0
AID2025-013390,S0003581,2025FA,2025-26,1,1,7395,1,5500
AID2025-013391,S0003763,2025FA,2025-26,0,0,0,0,0
AID2025-013392,S0034044,2025FA,2025-26,0,0,0,0,0
AID2025-013393,S0012357,2025FA,2025-26,0,0,0,1,5500
AID2025-013394,S0011057,2025FA,2025-26,1,1,7395,0,0
AID2025-013395,S0033015,2025FA,2025-26,1,1,7395,0,0
AID2025-013396,S0038085,2025FA,2025-26,0,0,0,1,5500
AID2025-013397,S0024320,2025FA,2025-26,0,0,0,0,0
AID2025-013398,S0024412,2025FA,2025-26,0,0,0,0,0
AID2025-013399,S0001780,2025FA,2025-26,0,0,0,1,5500
AID2025-013400,S0039045,2025FA,2025-26,0,0,0,0,0
AID2025-013401,S0004815,2025FA,2025-26,0,0,0,0,0
AID2025-013402,S0027913,2025FA,2025-26,1,1,7395,1,5500
AID2025-013403,S0014167,2025FA,2025-26,0,0,0,0,0
AID2025-013404,S0038549,2025FA,2025-26,1,1,7395,0,0
AID2025-013405,S0021864,2025FA,2025-26,1,1,7395,1,5500
AID2025-013406,S0007093,2025FA,2025-26,0,0,0,0,0
AID2025-013407,S0010205,2025FA,2025-26,0,0,0,0,0
AID2025-013408,S0034003,2025FA,2025-26,1,1,7395,1,5500
AID2025-013409,S0035553,2025FA,2025-26,1,1,7395,0,0
AID2025-013410,S0032546,2025FA,2025-26,0,0,0,0,0
AID2025-013411,S0001527,2025FA,2025-26,0,0,0,1,5500
AID2025-013412,S0032766,2025FA,2025-26,1,1,7395,0,0
AID2025-013413,S0040636,2025FA,2025-26,0,0,0,0,0
AID2025-013414,S0003766,2025FA,2025-26,0,0,0,1,5500
AID2025-013415,S0039101,2025FA,2025-26,0,0,0,0,0
AID2025-013416,S0000680,2025FA,2025-26,1,1,7395,0,0
AID2025-013417,S0001966,2025FA,2025-26,1,1,7395,1,5500
AID2025-013418,S0032673,2025FA,2025-26,0,0,0,0,0
AID2025-013419,S0022760,2025FA,2025-26,1,1,7395,0,0
AID2025-013420,S0038163,2025FA,2025-26,0,0,0,1,5500
AID2025-013421,S0004063,2025FA,2025-26,0,0,0,0,0
AID2025-013422,S0039117,2025FA,2025-26,0,0,0,0,0
AID2025-013423,S0039015,2025FA,2025-26,1,1,7395,1,5500
AID2025-013424,S0038792,2025FA,2025-26,0,0,0,0,0
AID2025-013425,S0030821,2025FA,2025-26,0,0,0,0,0
AID2025-013426,S0025699,2025FA,2025-26,0,0,0,1,5500
AID2025-013427,S0027471,2025FA,2025-26,0,0,0,0,0
AID2025-013428,S0035564,2025FA,2025-26,1,1,7395,0,0
AID2025-013429,S0037080,2025FA,2025-26,0,0,0,1,5500
AID2025-013430,S0023072,2025FA,2025-26,0,0,0,0,0
AID2025-013431,S0021911,2025FA,2025-26,1,1,7395,0,0
AID2025-013432,S0020923,2025FA,2025-26,1,1,7395,1,5500
AID2025-013433,S0027783,2025FA,2025-26,0,0,0,0,0
AID2025-013434,S0032534,2025FA,2025-26,0,0,0,0,0
AID2025-013435,S0013349,2025FA,2025-26,0,0,0,1,5500
AID2025-013436,S0023235,2025FA,2025-26,1,1,7395,0,0
AID2025-013437,S0023896,2025FA,2025-26,1,1,7395,0,0
AID2025-013438,S0011219,2025FA,2025-26,1,1,7395,1,5500
AID2025-013439,S0031817,2025FA,2025-26,0,0,0,0,0
AID2025-013440,S0004071,2025FA,2025-26,1,1,7395,0,0
AID2025-013441,S0038037,2025FA,2025-26,0,0,0,1,5500
AID2025-013442,S0038171,2025FA,2025-26,0,0,0,0,0
AID2025-013443,S0037135,2025FA,2025-26,1,1,7395,0,0
AID2025-013444,S0014408,2025FA,2025-26,1,1,7395,1,5500
AID2025-013445,S0006569,2025FA,2025-26,0,0,0,0,0
AID2025-013446,S0037324,2025FA,2025-26,1,1,7395,0,0
AID2025-013447,S0037435,2025FA,2025-26,0,0,0,1,5500
AID2025-013448,S0031963,2025FA,2025-26,0,0,0,0,0
AID2025-013449,S0007414,2025FA,2025-26,0,0,0,0,0
AID2025-013450,S0036149,2025FA,2025-26,1,1,7395,1,5500
AID2025-013451,S0024134,2025FA,2025-26,1,1,7395,0,0
AID2025-013452,S0000999,2025FA,2025-26,0,0,0,0,0
AID2025-013453,S0027568,2025FA,2025-26,0,0,0,1,5500
AID2025-013454,S0037429,2025FA,2025-26,1,1,7395,0,0
AID2025-013455,S0025554,2025FA,2025-26,0,0,0,0,0
AID2025-013456,S0021420,2025FA,2025-26,0,0,0,1,5500
AID2025-013457,S0026512,2025FA,2025-26,1,1,7395,0,0
AID2025-013458,S0027951,2025FA,2025-26,1,1,7395,0,0
AID2025-013459,S0010203,2025FA,2025-26,1,1,7395,1,5500
AID2025-013460,S0037142,2025FA,2025-26,0,0,0,0,0
AID2025-013461,S0028114,2025FA,2025-26,0,0,0,0,0
AID2025-013462,S0036558,2025FA,2025-26,0,0,0,1,5500
AID2025-013463,S0003043,2025FA,2025-26,0,0,0,0,0
AID2025-013464,S0040487,2025FA,2025-26,1,1,7395,0,0
AID2025-013465,S0037413,2025FA,2025-26,1,1,7395,1,5500
AID2025-013466,S0034123,2025FA,2025-26,1,1,7395,0,0
AID2025-013467,S0014651,2025FA,2025-26,0,0,0,0,0
AID2025-013468,S0017777,2025FA,2025-26,0,0,0,1,5500
AID2025-013469,S0003977,2025FA,2025-26,1,1,7395,0,0
AID2025-013470,S0014010,2025FA,2025-26,0,0,0,0,0
AID2025-013471,S0038275,2025FA,2025-26,0,0,0,1,5500
AID2025-013472,S0004005,2025FA,2025-26,1,1,7395,0,0
AID2025-013473,S0034424,2025FA,2025-26,1,1,7395,0,0
AID2025-013474,S0009533,2025FA,2025-26,0,0,0,1,5500
AID2025-013475,S0018272,2025FA,2025-26,1,1,7395,0,0
AID2025-013476,S0011735,2025FA,2025-26,1,0,0,0,0
AID2025-013477,S0037667,2025FA,2025-26,1,1,7395,1,5500
AID2025-013478,S0037027,2025FA,2025-26,0,0,0,0,0
AID2025-013479,S0038660,2025FA,2025-26,1,1,7395,0,0
AID2025-013480,S0039164,2025FA,2025-26,1,1,7395,1,5500
AID2025-013481,S0039519,2025FA,2025-26,1,1,7395,0,0
AID2025-013482,S0007623,2025FA,2025-26,0,0,0,0,0
AID2025-013483,S0027453,2025FA,2025-26,0,0,0,1,5500
AID2025-013484,S0022769,2025FA,2025-26,0,0,0,0,0
AID2025-013485,S0024328,2025FA,2025-26,1,1,7395,0,0
AID2025-013486,S0028574,2025FA,2025-26,0,0,0,1,5500
AID2025-013487,S0023930,2025FA,2025-26,1,1,7395,0,0
AID2025-013488,S0018710,2025FA,2025-26,1,1,7395,0,0
AID2025-013489,S0038620,2025FA,2025-26,0,0,0,1,5500
AID2025-013490,S0038577,2025FA,2025-26,0,0,0,0,0
AID2025-013491,S0033859,2025FA,2025-26,0,0,0,0,0
AID2025-013492,S0021565,2025FA,2025-26,1,1,7395,1,5500
AID2025-013493,S0013423,2025FA,2025-26,0,0,0,0,0
AID2025-013494,S0037354,2025FA,2025-26,1,1,7395,0,0
AID2025-013495,S0018247,2025FA,2025-26,0,0,0,1,5500
AID2025-013496,S0033086,2025FA,2025-26,0,0,0,0,0
AID2025-013497,S0000949,2025FA,2025-26,0,0,0,0,0
AID2025-013498,S0018831,2025FA,2025-26,0,0,0,1,5500
AID2025-013499,S0038928,2025FA,2025-26,0,0,0,0,0
AID2025-013500,S0021156,2025FA,2025-26,1,1,7395,0,0
AID2025-013501,S0026660,2025FA,2025-26,0,0,0,1,5500
AID2025-013502,S0028962,2025FA,2025-26,0,0,0,0,0
AID2025-013503,S0040155,2025FA,2025-26,1,1,7395,0,0
AID2025-013504,S0025381,2025FA,2025-26,1,0,0,1,5500
AID2025-013505,S0016489,2025FA,2025-26,0,0,0,0,0
AID2025-013506,S0036574,2025FA,2025-26,1,1,7395,0,0
AID2025-013507,S0004010,2025FA,2025-26,1,1,7395,1,5500
AID2025-013508,S0021061,2025FA,2025-26,0,0,0,0,0
AID2025-013509,S0008519,2025FA,2025-26,0,0,0,0,0
AID2025-013510,S0039375,2025FA,2025-26,0,0,0,1,5500
AID2025-013511,S0003594,2025FA,2025-26,0,0,0,0,0
AID2025-013512,S0029136,2025FA,2025-26,0,0,0,0,0
AID2025-013513,S0027472,2025FA,2025-26,0,0,0,1,5500
AID2025-013514,S0037419,2025FA,2025-26,0,0,0,0,0
AID2025-013515,S0039171,2025FA,2025-26,1,1,7395,0,0
AID2025-013516,S0033187,2025FA,2025-26,0,0,0,1,5500
AID2025-013517,S0018888,2025FA,2025-26,0,0,0,0,0
AID2025-013518,S0023459,2025FA,2025-26,0,0,0,0,0
AID2025-013519,S0017403,2025FA,2025-26,0,0,0,1,5500
AID2025-013520,S0021391,2025FA,2025-26,0,0,0,0,0
AID2025-013521,S0023311,2025FA,2025-26,0,0,0,0,0
AID2025-013522,S0015946,2025FA,2025-26,0,0,0,1,5500
AID2025-013523,S0036792,2025FA,2025-26,1,1,7395,0,0
AID2025-013524,S0035799,2025FA,2025-26,0,0,0,0,0
AID2025-013525,S0027929,2025FA,2025-26,0,0,0,1,5500
AID2025-013526,S0028598,2025FA,2025-26,0,0,0,0,0
AID2025-013527,S0032030,2025FA,2025-26,0,0,0,0,0
AID2025-013528,S0008972,2025FA,2025-26,0,0,0,1,5500
AID2025-013529,S0012928,2025FA,2025-26,1,1,7395,0,0
AID2025-013530,S0015621,2025FA,2025-26,0,0,0,0,0
AID2025-013531,S0039133,2025FA,2025-26,0,0,0,1,5500
AID2025-013532,S0028881,2025FA,2025-26,1,0,0,0,0
AID2025-013533,S0018250,2025FA,2025-26,1,1,7395,0,0
AID2025-013534,S0028132,2025FA,2025-26,0,0,0,1,5500
AID2025-013535,S0031730,2025FA,2025-26,1,1,7395,0,0
AID2025-013536,S0028036,2025FA,2025-26,0,0,0,0,0
AID2025-013537,S0022562,2025FA,2025-26,0,0,0,1,5500
AID2025-013538,S0010534,2025FA,2025-26,0,0,0,0,0
AID2025-013539,S0038072,2025FA,2025-26,0,0,0,0,0
AID2025-013540,S0000307,2025FA,2025-26,1,1,7395,1,5500
AID2025-013541,S0027488,2025FA,2025-26,0,0,0,0,0
AID2025-013542,S0020818,2025FA,2025-26,0,0,0,0,0
AID2025-013543,S0024084,2025FA,2025-26,1,1,7395,1,5500
AID2025-013544,S0021728,2025FA,2025-26,0,0,0,0,0
AID2025-013545,S0040103,2025FA,2025-26,0,0,0,0,0
AID2025-013546,S0040557,2025FA,2025-26,1,0,0,1,5500
AID2025-013547,S0036769,2025FA,2025-26,0,0,0,0,0
AID2025-013548,S0028898,2025FA,2025-26,1,1,7395,0,0
AID2025-013549,S0030660,2025FA,2025-26,0,0,0,1,5500
AID2025-013550,S0009495,2025FA,2025-26,0,0,0,0,0
AID2025-013551,S0028850,2025FA,2025-26,0,0,0,0,0
AID2025-013552,S0015949,2025FA,2025-26,1,1,7395,1,5500
AID2025-013553,S0027463,2025FA,2025-26,0,0,0,0,0
AID2025-013554,S0038581,2025FA,2025-26,1,1,7395,0,0
AID2025-013555,S0037103,2025FA,2025-26,0,0,0,1,5500
AID2025-013556,S0031568,2025FA,2025-26,0,0,0,0,0
AID2025-013557,S0022091,2025FA,2025-26,0,0,0,0,0
AID2025-013558,S0039632,2025FA,2025-26,0,0,0,1,5500
AID2025-013559,S0011898,2025FA,2025-26,0,0,0,0,0
AID2025-013560,S0021731,2025FA,2025-26,0,0,0,0,0
AID2025-013561,S0033833,2025FA,2025-26,0,0,0,1,5500
AID2025-013562,S0003770,2025FA,2025-26,1,1,7395,0,0
AID2025-013563,S0012199,2025FA,2025-26,0,0,0,0,0
AID2025-013564,S0027635,2025FA,2025-26,0,0,0,1,5500
AID2025-013565,S0038875,2025FA,2025-26,0,0,0,0,0
AID2025-013566,S0031716,2025FA,2025-26,0,0,0,0,0
AID2025-013567,S0027921,2025FA,2025-26,0,0,0,1,5500
AID2025-013568,S0021175,2025FA,2025-26,0,0,0,0,0
AID2025-013569,S0030936,2025FA,2025-26,0,0,0,0,0
AID2025-013570,S0027852,2025FA,2025-26,1,1,7395,1,5500
AID2025-013571,S0005715,2025FA,2025-26,0,0,0,0,0
AID2025-013572,S0028744,2025FA,2025-26,0,0,0,0,0
AID2025-013573,S0017877,2025FA,2025-26,1,1,7395,1,5500
AID2025-013574,S0038862,2025FA,2025-26,0,0,0,0,0
AID2025-013575,S0039556,2025FA,2025-26,1,1,7395,0,0
AID2025-013576,S0022070,2025FA,2025-26,0,0,0,1,5500
AID2025-013577,S0022989,2025FA,2025-26,0,0,0,0,0
AID2025-013578,S0023139,2025FA,2025-26,0,0,0,0,0
AID2025-013579,S0037490,2025FA,2025-26,0,0,0,1,5500
AID2025-013580,S0031015,2025FA,2025-26,0,0,0,0,0
AID2025-013581,S0039926,2025FA,2025-26,0,0,0,0,0
AID2025-013582,S0009064,2025FA,2025-26,1,1,7395,1,5500
AID2025-013583,S0037665,2025FA,2025-26,1,1,7395,0,0
AID2025-013584,S0016146,2025FA,2025-26,0,0,0,0,0
AID2025-013585,S0012795,2025FA,2025-26,0,0,0,1,5500
AID2025-013586,S0036714,2025FA,2025-26,1,1,7395,0,0
AID2025-013587,S0025806,2025FA,2025-26,0,0,0,0,0
AID2025-013588,S0027556,2025FA,2025-26,0,0,0,1,5500
AID2025-013589,S0036998,2025FA,2025-26,0,0,0,0,0
AID2025-013590,S0014371,2025FA,2025-26,1,1,7395,0,0
AID2025-013591,S0027394,2025FA,2025-26,0,0,0,1,5500
AID2025-013592,S0011815,2025FA,2025-26,0,0,0,0,0
AID2025-013593,S0037294,2025FA,2025-26,1,1,7395,0,0
AID2025-013594,S0037934,2025FA,2025-26,1,1,7395,1,5500
AID2025-013595,S0022867,2025FA,2025-26,1,0,0,0,0
AID2025-013596,S0021148,2025FA,2025-26,0,0,0,0,0
AID2025-013597,S0005989,2025FA,2025-26,0,0,0,1,5500
AID2025-013598,S0038542,2025FA,2025-26,0,0,0,0,0
AID2025-013599,S0040224,2025FA,2025-26,0,0,0,0,0
AID2025-013600,S0009585,2025FA,2025-26,0,0,0,1,5500
AID2025-013601,S0028993,2025FA,2025-26,1,1,7395,0,0
AID2025-013602,S0020666,2025FA,2025-26,0,0,0,0,0
AID2025-013603,S0020812,2025FA,2025-26,0,0,0,1,5500
AID2025-013604,S0028263,2025FA,2025-26,1,1,7395,0,0
AID2025-013605,S0031092,2025FA,2025-26,0,0,0,0,0
AID2025-013606,S0031348,2025FA,2025-26,0,0,0,1,5500
AID2025-013607,S0010758,2025FA,2025-26,1,1,7395,0,0
AID2025-013608,S0023600,2025FA,2025-26,0,0,0,0,0
AID2025-013609,S0040073,2025FA,2025-26,0,0,0,1,5500
AID2025-013610,S0033710,2025FA,2025-26,0,0,0,0,0
AID2025-013611,S0031099,2025FA,2025-26,0,0,0,0,0
AID2025-013612,S0022260,2025FA,2025-26,0,0,0,1,5500
AID2025-013613,S0033281,2025FA,2025-26,0,0,0,0,0
AID2025-013614,S0001879,2025FA,2025-26,0,0,0,0,0
AID2025-013615,S0006106,2025FA,2025-26,0,0,0,1,5500
AID2025-013616,S0032038,2025FA,2025-26,1,0,0,0,0
AID2025-013617,S0026490,2025FA,2025-26,1,1,7395,0,0
AID2025-013618,S0026555,2025FA,2025-26,0,0,0,1,5500
AID2025-013619,S0010240,2025FA,2025-26,1,1,7395,0,0
AID2025-013620,S0006874,2025FA,2025-26,1,1,7395,0,0
AID2025-013621,S0020898,2025FA,2025-26,1,1,7395,1,5500
AID2025-013622,S0026244,2025FA,2025-26,0,0,0,0,0
AID2025-013623,S0013107,2025FA,2025-26,0,0,0,0,0
AID2025-013624,S0031751,2025FA,2025-26,0,0,0,1,5500
AID2025-013625,S0005922,2025FA,2025-26,0,0,0,0,0
AID2025-013626,S0018240,2025FA,2025-26,0,0,0,0,0
AID2025-013627,S0036892,2025FA,2025-26,0,0,0,1,5500
AID2025-013628,S0037608,2025FA,2025-26,1,1,7395,0,0
AID2025-013629,S0033010,2025FA,2025-26,1,1,7395,0,0
AID2025-013630,S0031270,2025FA,2025-26,0,0,0,1,5500
AID2025-013631,S0027933,2025FA,2025-26,1,1,7395,0,0
AID2025-013632,S0023357,2025FA,2025-26,0,0,0,0,0
AID2025-013633,S0038592,2025FA,2025-26,0,0,0,1,5500
AID2025-013634,S0019379,2025FA,2025-26,1,1,7395,0,0
AID2025-013635,S0017987,2025FA,2025-26,0,0,0,0,0
AID2025-013636,S0036843,2025FA,2025-26,0,0,0,1,5500
AID2025-013637,S0038240,2025FA,2025-26,0,0,0,0,0
AID2025-013638,S0014913,2025FA,2025-26,0,0,0,0,0
AID2025-013639,S0035369,2025FA,2025-26,1,1,7395,1,5500
AID2025-013640,S0000272,2025FA,2025-26,1,1,7395,0,0
AID2025-013641,S0025768,2025FA,2025-26,0,0,0,0,0
AID2025-013642,S0033146,2025FA,2025-26,1,1,7395,1,5500
AID2025-013643,S0037965,2025FA,2025-26,0,0,0,0,0
AID2025-013644,S0002082,2025FA,2025-26,0,0,0,0,0
AID2025-013645,S0029228,2025FA,2025-26,0,0,0,1,5500
AID2025-013646,S0022215,2025FA,2025-26,1,1,7395,0,0
AID2025-013647,S0005783,2025FA,2025-26,1,1,7395,0,0
AID2025-013648,S0027373,2025FA,2025-26,0,0,0,1,5500
AID2025-013649,S0018705,2025FA,2025-26,0,0,0,0,0
AID2025-013650,S0029356,2025FA,2025-26,1,1,7395,0,0
AID2025-013651,S0011680,2025FA,2025-26,0,0,0,1,5500
AID2025-013652,S0024305,2025FA,2025-26,1,1,7395,0,0
AID2025-013653,S0038759,2025FA,2025-26,0,0,0,0,0
AID2025-013654,S0023721,2025FA,2025-26,0,0,0,1,5500
AID2025-013655,S0024065,2025FA,2025-26,1,1,7395,0,0
AID2025-013656,S0032059,2025FA,2025-26,1,1,7395,0,0
AID2025-013657,S0034259,2025FA,2025-26,0,0,0,1,5500
AID2025-013658,S0034157,2025FA,2025-26,0,0,0,0,0
AID2025-013659,S0015316,2025FA,2025-26,1,1,7395,0,0
AID2025-013660,S0032670,2025FA,2025-26,0,0,0,1,5500
AID2025-013661,S0019578,2025FA,2025-26,0,0,0,0,0
AID2025-013662,S0003313,2025FA,2025-26,0,0,0,0,0
AID2025-013663,S0027247,2025FA,2025-26,0,0,0,1,5500
AID2025-013664,S0027403,2025FA,2025-26,1,1,7395,0,0
AID2025-013665,S0021586,2025FA,2025-26,0,0,0,0,0
AID2025-013666,S0032883,2025FA,2025-26,0,0,0,1,5500
AID2025-013667,S0027418,2025FA,2025-26,1,1,7395,0,0
AID2025-013668,S0024140,2025FA,2025-26,1,1,7395,0,0
AID2025-013669,S0012401,2025FA,2025-26,1,1,7395,1,5500
AID2025-013670,S0012630,2025FA,2025-26,0,0,0,0,0
AID2025-013671,S0032835,2025FA,2025-26,0,0,0,0,0
AID2025-013672,S0032107,2025FA,2025-26,0,0,0,1,5500
AID2025-013673,S0018690,2025FA,2025-26,1,1,7395,0,0
AID2025-013674,S0024378,2025FA,2025-26,1,1,7395,0,0
AID2025-013675,S0023141,2025FA,2025-26,0,0,0,1,5500
AID2025-013676,S0033505,2025FA,2025-26,0,0,0,0,0
AID2025-013677,S0028204,2025FA,2025-26,1,1,7395,0,0
AID2025-013678,S0015929,2025FA,2025-26,0,0,0,1,5500
AID2025-013679,S0034394,2025FA,2025-26,1,0,0,0,0
AID2025-013680,S0038457,2025FA,2025-26,1,1,7395,0,0
AID2025-013681,S0023751,2025FA,2025-26,0,0,0,1,5500
AID2025-013682,S0038034,2025FA,2025-26,1,1,7395,0,0
AID2025-013683,S0005638,2025FA,2025-26,0,0,0,0,0
AID2025-013684,S0027896,2025FA,2025-26,0,0,0,1,5500
AID2025-013685,S0019069,2025FA,2025-26,0,0,0,0,0
AID2025-013686,S0026843,2025FA,2025-26,0,0,0,0,0
AID2025-013687,S0032449,2025FA,2025-26,1,1,7395,1,5500
AID2025-013688,S0033995,2025FA,2025-26,0,0,0,0,0
AID2025-013689,S0032280,2025FA,2025-26,0,0,0,0,0
AID2025-013690,S0004644,2025FA,2025-26,0,0,0,1,5500
AID2025-013691,S0022372,2025FA,2025-26,0,0,0,0,0
AID2025-013692,S0027685,2025FA,2025-26,0,0,0,0,0
AID2025-013693,S0027882,2025FA,2025-26,0,0,0,1,5500
AID2025-013694,S0039927,2025FA,2025-26,0,0,0,0,0
AID2025-013695,S0034317,2025FA,2025-26,1,1,7395,0,0
AID2025-013696,S0032799,2025FA,2025-26,1,1,7395,1,5500
AID2025-013697,S0010683,2025FA,2025-26,0,0,0,0,0
AID2025-013698,S0031083,2025FA,2025-26,0,0,0,0,0
AID2025-013699,S0027586,2025FA,2025-26,0,0,0,1,5500
AID2025-013700,S0026242,2025FA,2025-26,0,0,0,0,0
AID2025-013701,S0037932,2025FA,2025-26,0,0,0,0,0
AID2025-013702,S0019174,2025FA,2025-26,0,0,0,1,5500
AID2025-013703,S0024115,2025FA,2025-26,0,0,0,0,0
AID2025-013704,S0033547,2025FA,2025-26,1,1,7395,0,0
AID2025-013705,S0032273,2025FA,2025-26,0,0,0,1,5500
AID2025-013706,S0024281,2025FA,2025-26,0,0,0,0,0
AID2025-013707,S0037472,2025FA,2025-26,1,0,0,0,0
AID2025-013708,S0007110,2025FA,2025-26,0,0,0,1,5500
AID2025-013709,S0030657,2025FA,2025-26,0,0,0,0,0
AID2025-013710,S0015990,2025FA,2025-26,1,1,7395,0,0
AID2025-013711,S0017146,2025FA,2025-26,0,0,0,1,5500
AID2025-013712,S0028957,2025FA,2025-26,0,0,0,0,0
AID2025-013713,S0036399,2025FA,2025-26,0,0,0,0,0
AID2025-013714,S0010681,2025FA,2025-26,0,0,0,1,5500
AID2025-013715,S0000593,2025FA,2025-26,0,0,0,0,0
AID2025-013716,S0003734,2025FA,2025-26,0,0,0,0,0
AID2025-013717,S0028953,2025FA,2025-26,1,1,7395,1,5500
AID2025-013718,S0036522,2025FA,2025-26,0,0,0,0,0
AID2025-013719,S0038329,2025FA,2025-26,1,1,7395,0,0
AID2025-013720,S0012649,2025FA,2025-26,0,0,0,1,5500
AID2025-013721,S0030837,2025FA,2025-26,0,0,0,0,0
AID2025-013722,S0005491,2025FA,2025-26,0,0,0,0,0
AID2025-013723,S0033638,2025FA,2025-26,1,1,7395,1,5500
AID2025-013724,S0033057,2025FA,2025-26,0,0,0,0,0
AID2025-013725,S0014976,2025FA,2025-26,0,0,0,0,0
AID2025-013726,S0036491,2025FA,2025-26,0,0,0,1,5500
AID2025-013727,S0004759,2025FA,2025-26,1,1,7395,0,0
AID2025-013728,S0039893,2025FA,2025-26,0,0,0,0,0
AID2025-013729,S0003064,2025FA,2025-26,0,0,0,1,5500
AID2025-013730,S0019340,2025FA,2025-26,0,0,0,0,0
AID2025-013731,S0011318,2025FA,2025-26,1,1,7395,0,0
AID2025-013732,S0013411,2025FA,2025-26,0,0,0,1,5500
AID2025-013733,S0004872,2025FA,2025-26,0,0,0,0,0
AID2025-013734,S0009007,2025FA,2025-26,0,0,0,0,0
AID2025-013735,S0001093,2025FA,2025-26,0,0,0,1,5500
AID2025-013736,S0033984,2025FA,2025-26,1,1,7395,0,0
AID2025-013737,S0028403,2025FA,2025-26,0,0,0,0,0
AID2025-013738,S0028847,2025FA,2025-26,1,1,7395,1,5500
AID2025-013739,S0039300,2025FA,2025-26,0,0,0,0,0
AID2025-013740,S0000387,2025FA,2025-26,1,1,7395,0,0
AID2025-013741,S0040086,2025FA,2025-26,0,0,0,1,5500
AID2025-013742,S0038968,2025FA,2025-26,0,0,0,0,0
AID2025-013743,S0038468,2025FA,2025-26,1,1,7395,0,0
AID2025-013744,S0005479,2025FA,2025-26,1,1,7395,1,5500
AID2025-013745,S0039346,2025FA,2025-26,0,0,0,0,0
AID2025-013746,S0039266,2025FA,2025-26,1,1,7395,0,0
AID2025-013747,S0027991,2025FA,2025-26,0,0,0,1,5500
AID2025-013748,S0036933,2025FA,2025-26,1,1,7395,0,0
AID2025-013749,S0027540,2025FA,2025-26,1,0,0,0,0
AID2025-013750,S0038360,2025FA,2025-26,1,1,7395,1,5500
AID2025-013751,S0023382,2025FA,2025-26,0,0,0,0,0
AID2025-013752,S0037543,2025FA,2025-26,0,0,0,0,0
AID2025-013753,S0033880,2025FA,2025-26,0,0,0,1,5500
AID2025-013754,S0018263,2025FA,2025-26,1,1,7395,0,0
AID2025-013755,S0030857,2025FA,2025-26,0,0,0,0,0
AID2025-013756,S0004334,2025FA,2025-26,0,0,0,1,5500
AID2025-013757,S0011104,2025FA,2025-26,1,1,7395,0,0
AID2025-013758,S0014879,2025FA,2025-26,0,0,0,0,0
AID2025-013759,S0037099,2025FA,2025-26,0,0,0,1,5500
AID2025-013760,S0032936,2025FA,2025-26,0,0,0,0,0
AID2025-013761,S0029335,2025FA,2025-26,0,0,0,0,0
AID2025-013762,S0018465,2025FA,2025-26,1,1,7395,1,5500
AID2025-013763,S0033459,2025FA,2025-26,0,0,0,0,0
AID2025-013764,S0035587,2025FA,2025-26,0,0,0,0,0
AID2025-013765,S0035454,2025FA,2025-26,0,0,0,1,5500
AID2025-013766,S0039776,2025FA,2025-26,0,0,0,0,0
AID2025-013767,S0031346,2025FA,2025-26,1,1,7395,0,0
AID2025-013768,S0032913,2025FA,2025-26,1,1,7395,1,5500
AID2025-013769,S0037036,2025FA,2025-26,0,0,0,0,0
AID2025-013770,S0033657,2025FA,2025-26,0,0,0,0,0
AID2025-013771,S0029558,2025FA,2025-26,0,0,0,1,5500
AID2025-013772,S0035906,2025FA,2025-26,0,0,0,0,0
AID2025-013773,S0039233,2025FA,2025-26,1,1,7395,0,0
AID2025-013774,S0022662,2025FA,2025-26,0,0,0,1,5500
AID2025-013775,S0025438,2025FA,2025-26,0,0,0,0,0
AID2025-013776,S0024384,2025FA,2025-26,0,0,0,0,0
AID2025-013777,S0037510,2025FA,2025-26,0,0,0,1,5500
AID2025-013778,S0017968,2025FA,2025-26,0,0,0,0,0
AID2025-013779,S0032267,2025FA,2025-26,0,0,0,0,0
AID2025-013780,S0017609,2025FA,2025-26,0,0,0,1,5500
AID2025-013781,S0028436,2025FA,2025-26,0,0,0,0,0
AID2025-013782,S0006782,2025FA,2025-26,0,0,0,0,0
AID2025-013783,S0032010,2025FA,2025-26,0,0,0,1,5500
AID2025-013784,S0040187,2025FA,2025-26,0,0,0,0,0
AID2025-013785,S0033566,2025FA,2025-26,0,0,0,0,0
AID2025-013786,S0039820,2025FA,2025-26,0,0,0,1,5500
AID2025-013787,S0031060,2025FA,2025-26,0,0,0,0,0
AID2025-013788,S0031942,2025FA,2025-26,0,0,0,0,0
AID2025-013789,S0016466,2025FA,2025-26,0,0,0,1,5500
AID2025-013790,S0038369,2025FA,2025-26,0,0,0,0,0
AID2025-013791,S0018493,2025FA,2025-26,1,0,0,0,0
AID2025-013792,S0037410,2025FA,2025-26,0,0,0,1,5500
AID2025-013793,S0032434,2025FA,2025-26,0,0,0,0,0
AID2025-013794,S0019482,2025FA,2025-26,0,0,0,0,0
AID2025-013795,S0019519,2025FA,2025-26,0,0,0,1,5500
AID2025-013796,S0001566,2025FA,2025-26,1,1,7395,0,0
AID2025-013797,S0033574,2025FA,2025-26,1,1,7395,0,0
AID2025-013798,S0019559,2025FA,2025-26,0,0,0,1,5500
AID2025-013799,S0040190,2025FA,2025-26,0,0,0,0,0
AID2025-013800,S0026599,2025FA,2025-26,1,1,7395,0,0
AID2025-013801,S0032597,2025FA,2025-26,0,0,0,1,5500
AID2025-013802,S0031243,2025FA,2025-26,0,0,0,0,0
AID2025-013803,S0000707,2025FA,2025-26,0,0,0,0,0
AID2025-013804,S0040117,2025FA,2025-26,0,0,0,1,5500
AID2025-013805,S0003477,2025FA,2025-26,0,0,0,0,0
AID2025-013806,S0031520,2025FA,2025-26,0,0,0,0,0
AID2025-013807,S0031567,2025FA,2025-26,0,0,0,1,5500
AID2025-013808,S0009922,2025FA,2025-26,1,1,7395,0,0
AID2025-013809,S0017663,2025FA,2025-26,0,0,0,0,0
AID2025-013810,S0033380,2025FA,2025-26,0,0,0,1,5500
AID2025-013811,S0029078,2025FA,2025-26,0,0,0,0,0
AID2025-013812,S0039157,2025FA,2025-26,0,0,0,0,0
AID2025-013813,S0032306,2025FA,2025-26,0,0,0,1,5500
AID2025-013814,S0033199,2025FA,2025-26,0,0,0,0,0
AID2025-013815,S0037849,2025FA,2025-26,0,0,0,0,0
AID2025-013816,S0027413,2025FA,2025-26,0,0,0,1,5500
AID2025-013817,S0027397,2025FA,2025-26,0,0,0,0,0
AID2025-013818,S0033727,2025FA,2025-26,1,1,7395,0,0
AID2025-013819,S0019173,2025FA,2025-26,0,0,0,1,5500
AID2025-013820,S0000353,2025FA,2025-26,0,0,0,0,0
AID2025-013821,S0040145,2025FA,2025-26,0,0,0,0,0
AID2025-013822,S0011961,2025FA,2025-26,0,0,0,1,5500
AID2025-013823,S0019220,2025FA,2025-26,1,1,7395,0,0
AID2025-013824,S0038641,2025FA,2025-26,1,1,7395,0,0
AID2025-013825,S0037523,2025FA,2025-26,0,0,0,1,5500
AID2025-013826,S0010309,2025FA,2025-26,0,0,0,0,0
AID2025-013827,S0037714,2025FA,2025-26,0,0,0,0,0
AID2025-013828,S0032645,2025FA,2025-26,0,0,0,1,5500
AID2025-013829,S0025478,2025FA,2025-26,0,0,0,0,0
AID2025-013830,S0008216,2025FA,2025-26,0,0,0,0,0
AID2025-013831,S0000721,2025FA,2025-26,1,1,7395,1,5500
AID2025-013832,S0000748,2025FA,2025-26,0,0,0,0,0
AID2025-013833,S0021059,2025FA,2025-26,1,1,7395,0,0
AID2025-013834,S0031378,2025FA,2025-26,0,0,0,1,5500
AID2025-013835,S0034114,2025FA,2025-26,1,1,7395,0,0
AID2025-013836,S0037342,2025FA,2025-26,0,0,0,0,0
AID2025-013837,S0023544,2025FA,2025-26,1,1,7395,1,5500
AID2025-013838,S0035588,2025FA,2025-26,0,0,0,0,0
AID2025-013839,S0012603,2025FA,2025-26,1,1,7395,0,0
AID2025-013840,S0019480,2025FA,2025-26,1,0,0,1,5500
AID2025-013841,S0033228,2025FA,2025-26,1,1,7395,0,0
AID2025-013842,S0023749,2025FA,2025-26,0,0,0,0,0
AID2025-013843,S0039721,2025FA,2025-26,0,0,0,1,5500
AID2025-013844,S0038447,2025FA,2025-26,0,0,0,0,0
AID2025-013845,S0028812,2025FA,2025-26,0,0,0,0,0
AID2025-013846,S0039387,2025FA,2025-26,1,1,7395,1,5500
AID2025-013847,S0029219,2025FA,2025-26,1,0,0,0,0
AID2025-013848,S0033378,2025FA,2025-26,0,0,0,0,0
AID2025-013849,S0021269,2025FA,2025-26,1,1,7395,1,5500
AID2025-013850,S0040088,2025FA,2025-26,1,1,7395,0,0
AID2025-013851,S0014568,2025FA,2025-26,0,0,0,0,0
AID2025-013852,S0039149,2025FA,2025-26,0,0,0,1,5500
AID2025-013853,S0028471,2025FA,2025-26,0,0,0,0,0
AID2025-013854,S0025673,2025FA,2025-26,0,0,0,0,0
AID2025-013855,S0006141,2025FA,2025-26,1,1,7395,1,5500
AID2025-013856,S0039798,2025FA,2025-26,0,0,0,0,0
AID2025-013857,S0036108,2025FA,2025-26,0,0,0,0,0
AID2025-013858,S0040032,2025FA,2025-26,0,0,0,1,5500
AID2025-013859,S0037509,2025FA,2025-26,0,0,0,0,0
AID2025-013860,S0038066,2025FA,2025-26,0,0,0,0,0
AID2025-013861,S0009177,2025FA,2025-26,1,0,0,1,5500
AID2025-013862,S0032516,2025FA,2025-26,0,0,0,0,0
AID2025-013863,S0031569,2025FA,2025-26,0,0,0,0,0
AID2025-013864,S0036218,2025FA,2025-26,1,1,7395,1,5500
AID2025-013865,S0030967,2025FA,2025-26,1,1,7395,0,0
AID2025-013866,S0015286,2025FA,2025-26,1,1,7395,0,0
AID2025-013867,S0038415,2025FA,2025-26,0,0,0,1,5500
AID2025-013868,S0001752,2025FA,2025-26,0,0,0,0,0
AID2025-013869,S0009102,2025FA,2025-26,0,0,0,0,0
AID2025-013870,S0039703,2025FA,2025-26,0,0,0,1,5500
AID2025-013871,S0021867,2025FA,2025-26,0,0,0,0,0
AID2025-013872,S0036778,2025FA,2025-26,0,0,0,0,0
AID2025-013873,S0021296,2025FA,2025-26,0,0,0,1,5500
AID2025-013874,S0027705,2025FA,2025-26,1,1,7395,0,0
AID2025-013875,S0030543,2025FA,2025-26,1,0,0,0,0
AID2025-013876,S0030449,2025FA,2025-26,1,1,7395,1,5500
AID2025-013877,S0033485,2025FA,2025-26,0,0,0,0,0
AID2025-013878,S0005721,2025FA,2025-26,0,0,0,0,0
AID2025-013879,S0037738,2025FA,2025-26,1,1,7395,1,5500
AID2025-013880,S0027016,2025FA,2025-26,0,0,0,0,0
AID2025-013881,S0032390,2025FA,2025-26,1,1,7395,0,0
AID2025-013882,S0030476,2025FA,2025-26,0,0,0,1,5500
AID2025-013883,S0037708,2025FA,2025-26,0,0,0,0,0
AID2025-013884,S0019319,2025FA,2025-26,0,0,0,0,0
AID2025-013885,S0012381,2025FA,2025-26,1,1,7395,1,5500
AID2025-013886,S0001936,2025FA,2025-26,0,0,0,0,0
AID2025-013887,S0032937,2025FA,2025-26,0,0,0,0,0
AID2025-013888,S0026228,2025FA,2025-26,1,1,7395,1,5500
AID2025-013889,S0038864,2025FA,2025-26,0,0,0,0,0
AID2025-013890,S0004377,2025FA,2025-26,1,1,7395,0,0
AID2025-013891,S0012803,2025FA,2025-26,0,0,0,1,5500
AID2025-013892,S0018082,2025FA,2025-26,1,1,7395,0,0
AID2025-013893,S0032080,2025FA,2025-26,0,0,0,0,0
AID2025-013894,S0030311,2025FA,2025-26,0,0,0,1,5500
AID2025-013895,S0037921,2025FA,2025-26,0,0,0,0,0
AID2025-013896,S0027406,2025FA,2025-26,0,0,0,0,0
AID2025-013897,S0035800,2025FA,2025-26,0,0,0,1,5500
AID2025-013898,S0033570,2025FA,2025-26,0,0,0,0,0
AID2025-013899,S0032243,2025FA,2025-26,1,1,7395,0,0
AID2025-013900,S0038615,2025FA,2025-26,1,1,7395,1,5500
AID2025-013901,S0029188,2025FA,2025-26,1,1,7395,0,0
AID2025-013902,S0029194,2025FA,2025-26,0,0,0,0,0
AID2025-013903,S0038277,2025FA,2025-26,0,0,0,1,5500
AID2025-013904,S0027198,2025FA,2025-26,0,0,0,0,0
AID2025-013905,S0023279,2025FA,2025-26,0,0,0,0,0
AID2025-013906,S0004950,2025FA,2025-26,1,1,7395,1,5500
AID2025-013907,S0008940,2025FA,2025-26,1,1,7395,0,0
AID2025-013908,S0035819,2025FA,2025-26,0,0,0,0,0
AID2025-013909,S0036871,2025FA,2025-26,1,1,7395,1,5500
AID2025-013910,S0035689,2025FA,2025-26,1,0,0,0,0
AID2025-013911,S0036367,2025FA,2025-26,0,0,0,0,0
AID2025-013912,S0039606,2025FA,2025-26,0,0,0,1,5500
AID2025-013913,S0012561,2025FA,2025-26,0,0,0,0,0
AID2025-013914,S0037973,2025FA,2025-26,0,0,0,0,0
AID2025-013915,S0037955,2025FA,2025-26,0,0,0,1,5500
AID2025-013916,S0027765,2025FA,2025-26,0,0,0,0,0
AID2025-013917,S0036665,2025FA,2025-26,1,0,0,0,0
AID2025-013918,S0032530,2025FA,2025-26,0,0,0,1,5500
AID2025-013919,S0035932,2025FA,2025-26,1,1,7395,0,0
AID2025-013920,S0008698,2025FA,2025-26,1,1,7395,0,0
AID2025-013921,S0033318,2025FA,2025-26,0,0,0,1,5500
AID2025-013922,S0033330,2025FA,2025-26,1,1,7395,0,0
AID2025-013923,S0022950,2025FA,2025-26,0,0,0,0,0
AID2025-013924,S0012915,2025FA,2025-26,1,1,7395,1,5500
AID2025-013925,S0035560,2025FA,2025-26,1,1,7395,0,0
AID2025-013926,S0033013,2025FA,2025-26,0,0,0,0,0
AID2025-013927,S0026530,2025FA,2025-26,0,0,0,1,5500
AID2025-013928,S0003452,2025FA,2025-26,0,0,0,0,0
AID2025-013929,S0031496,2025FA,2025-26,0,0,0,0,0
AID2025-013930,S0029496,2025FA,2025-26,0,0,0,1,5500
AID2025-013931,S0035557,2025FA,2025-26,0,0,0,0,0
AID2025-013932,S0023166,2025FA,2025-26,0,0,0,0,0
AID2025-013933,S0038711,2025FA,2025-26,0,0,0,1,5500
AID2025-013934,S0019370,2025FA,2025-26,0,0,0,0,0
AID2025-013935,S0033456,2025FA,2025-26,1,1,7395,0,0
AID2025-013936,S0032649,2025FA,2025-26,0,0,0,1,5500
AID2025-013937,S0008444,2025FA,2025-26,0,0,0,0,0
AID2025-013938,S0029176,2025FA,2025-26,0,0,0,0,0
AID2025-013939,S0014932,2025FA,2025-26,0,0,0,1,5500
AID2025-013940,S0033641,2025FA,2025-26,0,0,0,0,0
AID2025-013941,S0023785,2025FA,2025-26,0,0,0,0,0
AID2025-013942,S0035376,2025FA,2025-26,1,1,7395,1,5500
AID2025-013943,S0037585,2025FA,2025-26,0,0,0,0,0
AID2025-013944,S0004192,2025FA,2025-26,0,0,0,0,0
AID2025-013945,S0029074,2025FA,2025-26,1,0,0,1,5500
AID2025-013946,S0024300,2025FA,2025-26,1,1,7395,0,0
AID2025-013947,S0033246,2025FA,2025-26,0,0,0,0,0
AID2025-013948,S0027402,2025FA,2025-26,0,0,0,1,5500
AID2025-013949,S0030613,2025FA,2025-26,0,0,0,0,0
AID2025-013950,S0018162,2025FA,2025-26,0,0,0,0,0
AID2025-013951,S0005314,2025FA,2025-26,1,1,7395,1,5500
AID2025-013952,S0018973,2025FA,2025-26,0,0,0,0,0
AID2025-013953,S0018058,2025FA,2025-26,0,0,0,0,0
AID2025-013954,S0020600,2025FA,2025-26,0,0,0,1,5500
AID2025-013955,S0039069,2025FA,2025-26,0,0,0,0,0
AID2025-013956,S0027424,2025FA,2025-26,0,0,0,0,0
AID2025-013957,S0021630,2025FA,2025-26,0,0,0,1,5500
AID2025-013958,S0014145,2025FA,2025-26,0,0,0,0,0
AID2025-013959,S0008728,2025FA,2025-26,1,0,0,0,0
AID2025-013960,S0038776,2025FA,2025-26,1,1,7395,1,5500
AID2025-013961,S0011327,2025FA,2025-26,1,1,7395,0,0
AID2025-013962,S0006319,2025FA,2025-26,0,0,0,0,0
AID2025-013963,S0033666,2025FA,2025-26,1,1,7395,1,5500
AID2025-013964,S0017161,2025FA,2025-26,1,1,7395,0,0
AID2025-013965,S0000408,2025FA,2025-26,0,0,0,0,0
AID2025-013966,S0012374,2025FA,2025-26,0,0,0,1,5500
AID2025-013967,S0039444,2025FA,2025-26,0,0,0,0,0
AID2025-013968,S0004299,2025FA,2025-26,0,0,0,0,0
AID2025-013969,S0039010,2025FA,2025-26,0,0,0,1,5500
AID2025-013970,S0010830,2025FA,2025-26,0,0,0,0,0
AID2025-013971,S0023028,2025FA,2025-26,1,1,7395,0,0
AID2025-013972,S0009747,2025FA,2025-26,0,0,0,1,5500
AID2025-013973,S0032404,2025FA,2025-26,0,0,0,0,0
AID2025-013974,S0033687,2025FA,2025-26,0,0,0,0,0
AID2025-013975,S0014571,2025FA,2025-26,1,1,7395,1,5500
AID2025-013976,S0015019,2025FA,2025-26,0,0,0,0,0
AID2025-013977,S0013251,2025FA,2025-26,0,0,0,0,0
AID2025-013978,S0037580,2025FA,2025-26,1,1,7395,1,5500
AID2025-013979,S0037078,2025FA,2025-26,0,0,0,0,0
AID2025-013980,S0030597,2025FA,2025-26,0,0,0,0,0
AID2025-013981,S0005805,2025FA,2025-26,0,0,0,1,5500
AID2025-013982,S0032261,2025FA,2025-26,0,0,0,0,0
AID2025-013983,S0036844,2025FA,2025-26,0,0,0,0,0
AID2025-013984,S0018915,2025FA,2025-26,0,0,0,1,5500
AID2025-013985,S0032374,2025FA,2025-26,1,1,7395,0,0
AID2025-013986,S0001975,2025FA,2025-26,1,1,7395,0,0
AID2025-013987,S0036698,2025FA,2025-26,1,0,0,1,5500
AID2025-013988,S0019262,2025FA,2025-26,1,1,7395,0,0
AID2025-013989,S0031174,2025FA,2025-26,0,0,0,0,0
AID2025-013990,S0032953,2025FA,2025-26,0,0,0,1,5500
AID2025-013991,S0000789,2025FA,2025-26,0,0,0,0,0
AID2025-013992,S0036116,2025FA,2025-26,0,0,0,0,0
AID2025-013993,S0013782,2025FA,2025-26,0,0,0,1,5500
AID2025-013994,S0028762,2025FA,2025-26,0,0,0,0,0
AID2025-013995,S0026457,2025FA,2025-26,0,0,0,0,0
AID2025-013996,S0029049,2025FA,2025-26,0,0,0,1,5500
AID2025-013997,S0018798,2025FA,2025-26,0,0,0,0,0
AID2025-013998,S0018253,2025FA,2025-26,0,0,0,0,0
AID2025-013999,S0040302,2025FA,2025-26,1,1,7395,1,5500
AID2025-014000,S0032811,2025FA,2025-26,0,0,0,0,0
AID2025-014001,S0029403,2025FA,2025-26,0,0,0,0,0
AID2025-014002,S0000823,2025FA,2025-26,0,0,0,1,5500
AID2025-014003,S0032974,2025FA,2025-26,0,0,0,0,0
AID2025-014004,S0015955,2025FA,2025-26,0,0,0,0,0
AID2025-014005,S0030530,2025FA,2025-26,1,1,7395,1,5500
AID2025-014006,S0011859,2025FA,2025-26,0,0,0,0,0
AID2025-014007,S0033300,2025FA,2025-26,0,0,0,0,0
AID2025-014008,S0031429,2025FA,2025-26,1,0,0,1,5500
AID2025-014009,S0039728,2025FA,2025-26,0,0,0,0,0
AID2025-014010,S0033915,2025FA,2025-26,0,0,0,0,0
AID2025-014011,S0018131,2025FA,2025-26,1,1,7395,1,5500
AID2025-014012,S0022097,2025FA,2025-26,0,0,0,0,0
AID2025-014013,S0029279,2025FA,2025-26,0,0,0,0,0
AID2025-014014,S0021601,2025FA,2025-26,0,0,0,1,5500
AID2025-014015,S0038773,2025FA,2025-26,0,0,0,0,0
AID2025-014016,S0038529,2025FA,2025-26,1,1,7395,0,0
AID2025-014017,S0036872,2025FA,2025-26,0,0,0,1,5500
AID2025-014018,S0031011,2025FA,2025-26,0,0,0,0,0
AID2025-014019,S0039986,2025FA,2025-26,1,1,7395,0,0
AID2025-014020,S0001570,2025FA,2025-26,0,0,0,1,5500
AID2025-014021,S0033924,2025FA,2025-26,0,0,0,0,0
AID2025-014022,S0033105,2025FA,2025-26,1,0,0,0,0
AID2025-014023,S0008719,2025FA,2025-26,1,1,7395,1,5500
AID2025-014024,S0032641,2025FA,2025-26,0,0,0,0,0
AID2025-014025,S0006336,2025FA,2025-26,0,0,0,0,0
AID2025-014026,S0005137,2025FA,2025-26,0,0,0,1,5500
AID2025-014027,S0021257,2025FA,2025-26,1,1,7395,0,0
AID2025-014028,S0009448,2025FA,2025-26,1,1,7395,0,0
AID2025-014029,S0036460,2025FA,2025-26,0,0,0,1,5500
AID2025-014030,S0035198,2025FA,2025-26,0,0,0,0,0
AID2025-014031,S0038132,2025FA,2025-26,0,0,0,0,0
AID2025-014032,S0007884,2025FA,2025-26,0,0,0,1,5500
AID2025-014033,S0022859,2025FA,2025-26,0,0,0,0,0
AID2025-014034,S0011845,2025FA,2025-26,1,1,7395,0,0
AID2025-014035,S0019065,2025FA,2025-26,0,0,0,1,5500
AID2025-014036,S0028063,2025FA,2025-26,1,0,0,0,0
AID2025-014037,S0001929,2025FA,2025-26,0,0,0,0,0
AID2025-014038,S0030817,2025FA,2025-26,1,1,7395,1,5500
AID2025-014039,S0004534,2025FA,2025-26,0,0,0,0,0
AID2025-014040,S0037500,2025FA,2025-26,0,0,0,0,0
AID2025-014041,S0003063,2025FA,2025-26,1,1,7395,1,5500
AID2025-014042,S0037272,2025FA,2025-26,1,1,7395,0,0
AID2025-014043,S0036187,2025FA,2025-26,0,0,0,0,0
AID2025-014044,S0031810,2025FA,2025-26,1,1,7395,1,5500
AID2025-014045,S0022616,2025FA,2025-26,0,0,0,0,0
AID2025-014046,S0038696,2025FA,2025-26,0,0,0,0,0
AID2025-014047,S0035948,2025FA,2025-26,0,0,0,1,5500
AID2025-014048,S0023290,2025FA,2025-26,0,0,0,0,0
AID2025-014049,S0025359,2025FA,2025-26,0,0,0,0,0
AID2025-014050,S0039195,2025FA,2025-26,0,0,0,1,5500
AID2025-014051,S0032349,2025FA,2025-26,0,0,0,0,0
AID2025-014052,S0028746,2025FA,2025-26,0,0,0,0,0
AID2025-014053,S0036560,2025FA,2025-26,0,0,0,1,5500
AID2025-014054,S0027551,2025FA,2025-26,0,0,0,0,0
AID2025-014055,S0019060,2025FA,2025-26,1,1,7395,0,0
AID2025-014056,S0016119,2025FA,2025-26,0,0,0,1,5500
AID2025-014057,S0035845,2025FA,2025-26,1,0,0,0,0
AID2025-014058,S0029588,2025FA,2025-26,0,0,0,0,0
AID2025-014059,S0035366,2025FA,2025-26,0,0,0,1,5500
AID2025-014060,S0022177,2025FA,2025-26,0,0,0,0,0
AID2025-014061,S0023124,2025FA,2025-26,0,0,0,0,0
AID2025-014062,S0026332,2025FA,2025-26,0,0,0,1,5500
AID2025-014063,S0030714,2025FA,2025-26,1,1,7395,0,0
AID2025-014064,S0016192,2025FA,2025-26,0,0,0,0,0
AID2025-014065,S0014141,2025FA,2025-26,0,0,0,1,5500
AID2025-014066,S0010766,2025FA,2025-26,0,0,0,0,0
AID2025-014067,S0028633,2025FA,2025-26,0,0,0,0,0
AID2025-014068,S0032959,2025FA,2025-26,0,0,0,1,5500
AID2025-014069,S0022275,2025FA,2025-26,0,0,0,0,0
AID2025-014070,S0033031,2025FA,2025-26,0,0,0,0,0
AID2025-014071,S0040035,2025FA,2025-26,0,0,0,1,5500
AID2025-014072,S0033168,2025FA,2025-26,1,1,7395,0,0
AID2025-014073,S0036794,2025FA,2025-26,0,0,0,0,0
AID2025-014074,S0024294,2025FA,2025-26,1,1,7395,1,5500
AID2025-014075,S0016061,2025FA,2025-26,1,1,7395,0,0
AID2025-014076,S0028718,2025FA,2025-26,0,0,0,0,0
AID2025-014077,S0038242,2025FA,2025-26,0,0,0,1,5500
AID2025-014078,S0008853,2025FA,2025-26,1,0,0,0,0
AID2025-014079,S0000635,2025FA,2025-26,0,0,0,0,0
AID2025-014080,S0034142,2025FA,2025-26,1,1,7395,1,5500
AID2025-014081,S0004279,2025FA,2025-26,0,0,0,0,0
AID2025-014082,S0037974,2025FA,2025-26,0,0,0,0,0
AID2025-014083,S0018720,2025FA,2025-26,0,0,0,1,5500
AID2025-014084,S0032580,2025FA,2025-26,1,1,7395,0,0
AID2025-014085,S0023432,2025FA,2025-26,0,0,0,0,0
AID2025-014086,S0026289,2025FA,2025-26,0,0,0,1,5500
AID2025-014087,S0000169,2025FA,2025-26,1,1,7395,0,0
AID2025-014088,S0037568,2025FA,2025-26,0,0,0,0,0
AID2025-014089,S0028517,2025FA,2025-26,0,0,0,1,5500
AID2025-014090,S0032922,2025FA,2025-26,0,0,0,0,0
AID2025-014091,S0039760,2025FA,2025-26,1,1,7395,0,0
AID2025-014092,S0031091,2025FA,2025-26,0,0,0,1,5500
AID2025-014093,S0033034,2025FA,2025-26,0,0,0,0,0
AID2025-014094,S0012393,2025FA,2025-26,0,0,0,0,0
AID2025-014095,S0024408,2025FA,2025-26,1,1,7395,1,5500
AID2025-014096,S0040234,2025FA,2025-26,0,0,0,0,0
AID2025-014097,S0033761,2025FA,2025-26,0,0,0,0,0
AID2025-014098,S0040245,2025FA,2025-26,0,0,0,1,5500
AID2025-014099,S0022075,2025FA,2025-26,0,0,0,0,0
AID2025-014100,S0021783,2025FA,2025-26,1,1,7395,0,0
AID2025-014101,S0020953,2025FA,2025-26,0,0,0,1,5500
AID2025-014102,S0028391,2025FA,2025-26,0,0,0,0,0
AID2025-014103,S0012166,2025FA,2025-26,1,1,7395,0,0
AID2025-014104,S0024104,2025FA,2025-26,1,1,7395,1,5500
AID2025-014105,S0015040,2025FA,2025-26,1,1,7395,0,0
AID2025-014106,S0026124,2025FA,2025-26,0,0,0,0,0
AID2025-014107,S0001232,2025FA,2025-26,0,0,0,1,5500
AID2025-014108,S0022744,2025FA,2025-26,0,0,0,0,0
AID2025-014109,S0037421,2025FA,2025-26,0,0,0,0,0
AID2025-014110,S0028416,2025FA,2025-26,0,0,0,1,5500
AID2025-014111,S0033758,2025FA,2025-26,1,1,7395,0,0
AID2025-014112,S0004780,2025FA,2025-26,0,0,0,0,0
AID2025-014113,S0025707,2025FA,2025-26,1,0,0,1,5500
AID2025-014114,S0040378,2025FA,2025-26,0,0,0,0,0
AID2025-014115,S0007687,2025FA,2025-26,0,0,0,0,0
AID2025-014116,S0034362,2025FA,2025-26,1,1,7395,1,5500
AID2025-014117,S0017429,2025FA,2025-26,0,0,0,0,0
AID2025-014118,S0032045,2025FA,2025-26,0,0,0,0,0
AID2025-014119,S0001881,2025FA,2025-26,0,0,0,1,5500
AID2025-014120,S0039122,2025FA,2025-26,0,0,0,0,0
AID2025-014121,S0012821,2025FA,2025-26,0,0,0,0,0
AID2025-014122,S0009788,2025FA,2025-26,1,1,7395,1,5500
AID2025-014123,S0027519,2025FA,2025-26,0,0,0,0,0
AID2025-014124,S0014628,2025FA,2025-26,0,0,0,0,0
AID2025-014125,S0033426,2025FA,2025-26,1,1,7395,1,5500
AID2025-014126,S0030738,2025FA,2025-26,0,0,0,0,0
AID2025-014127,S0031221,2025FA,2025-26,1,0,0,0,0
AID2025-014128,S0007186,2025FA,2025-26,1,1,7395,1,5500
AID2025-014129,S0018806,2025FA,2025-26,0,0,0,0,0
AID2025-014130,S0036338,2025FA,2025-26,0,0,0,0,0
AID2025-014131,S0039590,2025FA,2025-26,1,1,7395,1,5500
AID2025-014132,S0030514,2025FA,2025-26,0,0,0,0,0
AID2025-014133,S0039459,2025FA,2025-26,0,0,0,0,0
AID2025-014134,S0000959,2025FA,2025-26,0,0,0,1,5500
AID2025-014135,S0040381,2025FA,2025-26,0,0,0,0,0
AID2025-014136,S0039661,2025FA,2025-26,0,0,0,0,0
AID2025-014137,S0030784,2025FA,2025-26,0,0,0,1,5500
AID2025-014138,S0026220,2025FA,2025-26,0,0,0,0,0
AID2025-014139,S0040122,2025FA,2025-26,0,0,0,0,0
AID2025-014140,S0037993,2025FA,2025-26,1,1,7395,1,5500
AID2025-014141,S0035128,2025FA,2025-26,0,0,0,0,0
AID2025-014142,S0038061,2025FA,2025-26,0,0,0,0,0
AID2025-014143,S0023411,2025FA,2025-26,0,0,0,1,5500
AID2025-014144,S0023493,2025FA,2025-26,0,0,0,0,0
AID2025-014145,S0036841,2025FA,2025-26,0,0,0,0,0
AID2025-014146,S0033008,2025FA,2025-26,0,0,0,1,5500
AID2025-014147,S0032339,2025FA,2025-26,0,0,0,0,0
AID2025-014148,S0018794,2025FA,2025-26,1,0,0,0,0
AID2025-014149,S0040296,2025FA,2025-26,0,0,0,1,5500
AID2025-014150,S0027816,2025FA,2025-26,1,1,7395,0,0
AID2025-014151,S0032876,2025FA,2025-26,0,0,0,0,0
AID2025-014152,S0011319,2025FA,2025-26,1,1,7395,1,5500
AID2025-014153,S0034351,2025FA,2025-26,0,0,0,0,0
AID2025-014154,S0018791,2025FA,2025-26,0,0,0,0,0
AID2025-014155,S0024194,2025FA,2025-26,0,0,0,1,5500
AID2025-014156,S0037411,2025FA,2025-26,0,0,0,0,0
AID2025-014157,S0017931,2025FA,2025-26,0,0,0,0,0
AID2025-014158,S0037591,2025FA,2025-26,0,0,0,1,5500
AID2025-014159,S0038724,2025FA,2025-26,0,0,0,0,0
AID2025-014160,S0037679,2025FA,2025-26,0,0,0,0,0
AID2025-014161,S0028715,2025FA,2025-26,1,1,7395,1,5500
AID2025-014162,S0036576,2025FA,2025-26,1,0,0,0,0
AID2025-014163,S0033681,2025FA,2025-26,0,0,0,0,0
AID2025-014164,S0032278,2025FA,2025-26,0,0,0,1,5500
AID2025-014165,S0013243,2025FA,2025-26,0,0,0,0,0
AID2025-014166,S0031343,2025FA,2025-26,0,0,0,0,0
AID2025-014167,S0017635,2025FA,2025-26,0,0,0,1,5500
AID2025-014168,S0031735,2025FA,2025-26,0,0,0,0,0
AID2025-014169,S0032301,2025FA,2025-26,1,0,0,0,0
AID2025-014170,S0010860,2025FA,2025-26,0,0,0,1,5500
AID2025-014171,S0038709,2025FA,2025-26,0,0,0,0,0
AID2025-014172,S0026238,2025FA,2025-26,0,0,0,0,0
AID2025-014173,S0039509,2025FA,2025-26,0,0,0,1,5500
AID2025-014174,S0028761,2025FA,2025-26,0,0,0,0,0
AID2025-014175,S0018898,2025FA,2025-26,0,0,0,0,0
AID2025-014176,S0038886,2025FA,2025-26,1,0,0,1,5500
AID2025-014177,S0038667,2025FA,2025-26,1,1,7395,0,0
AID2025-014178,S0033003,2025FA,2025-26,1,1,7395,0,0
AID2025-014179,S0033077,2025FA,2025-26,0,0,0,1,5500
AID2025-014180,S0028946,2025FA,2025-26,0,0,0,0,0
AID2025-014181,S0027925,2025FA,2025-26,0,0,0,0,0
AID2025-014182,S0021150,2025FA,2025-26,0,0,0,1,5500
AID2025-014183,S0023687,2025FA,2025-26,0,0,0,0,0
AID2025-014184,S0027606,2025FA,2025-26,0,0,0,0,0
AID2025-014185,S0035439,2025FA,2025-26,0,0,0,1,5500
AID2025-014186,S0039298,2025FA,2025-26,0,0,0,0,0
AID2025-014187,S0038046,2025FA,2025-26,0,0,0,0,0
AID2025-014188,S0005260,2025FA,2025-26,0,0,0,1,5500
AID2025-014189,S0033599,2025FA,2025-26,0,0,0,0,0
AID2025-014190,S0034402,2025FA,2025-26,1,0,0,0,0
AID2025-014191,S0001050,2025FA,2025-26,1,1,7395,1,5500
AID2025-014192,S0000968,2025FA,2025-26,0,0,0,0,0
AID2025-014193,S0022925,2025FA,2025-26,0,0,0,0,0
AID2025-014194,S0024335,2025FA,2025-26,0,0,0,1,5500
AID2025-014195,S0034387,2025FA,2025-26,0,0,0,0,0
AID2025-014196,S0038930,2025FA,2025-26,0,0,0,0,0
AID2025-014197,S0039533,2025FA,2025-26,0,0,0,1,5500
AID2025-014198,S0037556,2025FA,2025-26,0,0,0,0,0
AID2025-014199,S0035228,2025FA,2025-26,1,1,7395,0,0
AID2025-014200,S0033535,2025FA,2025-26,0,0,0,1,5500
AID2025-014201,S0036684,2025FA,2025-26,0,0,0,0,0
AID2025-014202,S0037775,2025FA,2025-26,0,0,0,0,0
AID2025-014203,S0010287,2025FA,2025-26,0,0,0,1,5500
AID2025-014204,S0029241,2025FA,2025-26,0,0,0,0,0
AID2025-014205,S0038500,2025FA,2025-26,0,0,0,0,0
AID2025-014206,S0004696,2025FA,2025-26,1,1,7395,1,5500
AID2025-014207,S0033511,2025FA,2025-26,0,0,0,0,0
AID2025-014208,S0003301,2025FA,2025-26,0,0,0,0,0
AID2025-014209,S0036270,2025FA,2025-26,0,0,0,1,5500
AID2025-014210,S0007477,2025FA,2025-26,0,0,0,0,0
AID2025-014211,S0040498,2025FA,2025-26,1,0,0,0,0
AID2025-014212,S0022700,2025FA,2025-26,0,0,0,1,5500
AID2025-014213,S0001517,2025FA,2025-26,0,0,0,0,0
AID2025-014214,S0040545,2025FA,2025-26,0,0,0,0,0
AID2025-014215,S0037335,2025FA,2025-26,1,1,7395,1,5500
AID2025-014216,S0004575,2025FA,2025-26,0,0,0,0,0
AID2025-014217,S0026264,2025FA,2025-26,0,0,0,0,0
AID2025-014218,S0029160,2025FA,2025-26,0,0,0,1,5500
AID2025-014219,S0020650,2025FA,2025-26,0,0,0,0,0
AID2025-014220,S0036407,2025FA,2025-26,0,0,0,0,0
AID2025-014221,S0033831,2025FA,2025-26,1,1,7395,1,5500
AID2025-014222,S0039079,2025FA,2025-26,0,0,0,0,0
AID2025-014223,S0026373,2025FA,2025-26,0,0,0,0,0
AID2025-014224,S0039163,2025FA,2025-26,1,1,7395,1,5500
AID2025-014225,S0029423,2025FA,2025-26,0,0,0,0,0
AID2025-014226,S0032734,2025FA,2025-26,0,0,0,0,0
AID2025-014227,S0008532,2025FA,2025-26,0,0,0,1,5500
AID2025-014228,S0016193,2025FA,2025-26,0,0,0,0,0
AID2025-014229,S0029184,2025FA,2025-26,1,1,7395,0,0
AID2025-014230,S0018581,2025FA,2025-26,1,1,7395,1,5500
AID2025-014231,S0011807,2025FA,2025-26,1,1,7395,0,0
AID2025-014232,S0032865,2025FA,2025-26,0,0,0,0,0
AID2025-014233,S0011746,2025FA,2025-26,0,0,0,1,5500
AID2025-014234,S0023091,2025FA,2025-26,1,1,7395,0,0
AID2025-014235,S0027813,2025FA,2025-26,0,0,0,0,0
AID2025-014236,S0034221,2025FA,2025-26,0,0,0,1,5500
AID2025-014237,S0037244,2025FA,2025-26,0,0,0,0,0
AID2025-014238,S0037534,2025FA,2025-26,1,1,7395,0,0
AID2025-014239,S0003515,2025FA,2025-26,0,0,0,1,5500
AID2025-014240,S0040626,2025FA,2025-26,0,0,0,0,0
AID2025-014241,S0039335,2025FA,2025-26,1,1,7395,0,0
AID2025-014242,S0023759,2025FA,2025-26,0,0,0,1,5500
AID2025-014243,S0038707,2025FA,2025-26,0,0,0,0,0
AID2025-014244,S0028596,2025FA,2025-26,0,0,0,0,0
AID2025-014245,S0013310,2025FA,2025-26,0,0,0,1,5500
AID2025-014246,S0040189,2025FA,2025-26,0,0,0,0,0
AID2025-014247,S0037015,2025FA,2025-26,0,0,0,0,0
AID2025-014248,S0022279,2025FA,2025-26,1,1,7395,1,5500
AID2025-014249,S0020709,2025FA,2025-26,1,1,7395,0,0
AID2025-014250,S0011217,2025FA,2025-26,0,0,0,0,0
AID2025-014251,S0017868,2025FA,2025-26,1,1,7395,1,5500
AID2025-014252,S0001235,2025FA,2025-26,1,1,7395,0,0
AID2025-014253,S0038828,2025FA,2025-26,0,0,0,0,0
AID2025-014254,S0030591,2025FA,2025-26,0,0,0,1,5500
AID2025-014255,S0031748,2025FA,2025-26,0,0,0,0,0
AID2025-014256,S0027679,2025FA,2025-26,0,0,0,0,0
AID2025-014257,S0021718,2025FA,2025-26,1,1,7395,1,5500
AID2025-014258,S0033544,2025FA,2025-26,1,1,7395,0,0
AID2025-014259,S0037916,2025FA,2025-26,0,0,0,0,0
AID2025-014260,S0031779,2025FA,2025-26,1,0,0,1,5500
AID2025-014261,S0006299,2025FA,2025-26,0,0,0,0,0
AID2025-014262,S0018869,2025FA,2025-26,1,1,7395,0,0
AID2025-014263,S0030368,2025FA,2025-26,0,0,0,1,5500
AID2025-014264,S0037033,2025FA,2025-26,0,0,0,0,0
AID2025-014265,S0007599,2025FA,2025-26,0,0,0,0,0
AID2025-014266,S0035976,2025FA,2025-26,0,0,0,1,5500
AID2025-014267,S0009592,2025FA,2025-26,0,0,0,0,0
AID2025-014268,S0004250,2025FA,2025-26,0,0,0,0,0
AID2025-014269,S0001971,2025FA,2025-26,0,0,0,1,5500
AID2025-014270,S0031899,2025FA,2025-26,0,0,0,0,0
AID2025-014271,S0026591,2025FA,2025-26,0,0,0,0,0
AID2025-014272,S0040570,2025FA,2025-26,0,0,0,1,5500
AID2025-014273,S0023248,2025FA,2025-26,1,1,7395,0,0
AID2025-014274,S0031103,2025FA,2025-26,0,0,0,0,0
AID2025-014275,S0029437,2025FA,2025-26,1,1,7395,1,5500
AID2025-014276,S0014580,2025FA,2025-26,0,0,0,0,0
AID2025-014277,S0022202,2025FA,2025-26,1,1,7395,0,0
AID2025-014278,S0006852,2025FA,2025-26,1,1,7395,1,5500
AID2025-014279,S0034350,2025FA,2025-26,0,0,0,0,0
AID2025-014280,S0035458,2025FA,2025-26,1,1,7395,0,0
AID2025-014281,S0003402,2025FA,2025-26,0,0,0,1,5500
AID2025-014282,S0011402,2025FA,2025-26,0,0,0,0,0
AID2025-014283,S0017090,2025FA,2025-26,0,0,0,0,0
AID2025-014284,S0008491,2025FA,2025-26,1,1,7395,1,5500
AID2025-014285,S0032498,2025FA,2025-26,0,0,0,0,0
AID2025-014286,S0040410,2025FA,2025-26,1,1,7395,0,0
AID2025-014287,S0036818,2025FA,2025-26,0,0,0,1,5500
AID2025-014288,S0036995,2025FA,2025-26,0,0,0,0,0
AID2025-014289,S0012043,2025FA,2025-26,0,0,0,0,0
AID2025-014290,S0033211,2025FA,2025-26,0,0,0,1,5500
AID2025-014291,S0024072,2025FA,2025-26,0,0,0,0,0
AID2025-014292,S0037821,2025FA,2025-26,0,0,0,0,0
AID2025-014293,S0040353,2025FA,2025-26,0,0,0,1,5500
AID2025-014294,S0037969,2025FA,2025-26,1,1,7395,0,0
AID2025-014295,S0029603,2025FA,2025-26,0,0,0,0,0
AID2025-014296,S0001699,2025FA,2025-26,1,1,7395,1,5500
AID2025-014297,S0032090,2025FA,2025-26,0,0,0,0,0
AID2025-014298,S0026435,2025FA,2025-26,0,0,0,0,0
AID2025-014299,S0040196,2025FA,2025-26,1,1,7395,1,5500
AID2025-014300,S0029178,2025FA,2025-26,0,0,0,0,0
AID2025-014301,S0028219,2025FA,2025-26,0,0,0,0,0
AID2025-014302,S0013009,2025FA,2025-26,0,0,0,1,5500
AID2025-014303,S0004458,2025FA,2025-26,0,0,0,0,0
AID2025-014304,S0033410,2025FA,2025-26,1,1,7395,0,0
AID2025-014305,S0037522,2025FA,2025-26,0,0,0,1,5500
AID2025-014306,S0034046,2025FA,2025-26,0,0,0,0,0
AID2025-014307,S0039371,2025FA,2025-26,0,0,0,0,0
AID2025-014308,S0009424,2025FA,2025-26,0,0,0,1,5500
AID2025-014309,S0020599,2025FA,2025-26,1,0,0,0,0
AID2025-014310,S0040119,2025FA,2025-26,0,0,0,0,0
AID2025-014311,S0040589,2025FA,2025-26,0,0,0,1,5500
AID2025-014312,S0008269,2025FA,2025-26,1,1,7395,0,0
AID2025-014313,S0021100,2025FA,2025-26,0,0,0,0,0
AID2025-014314,S0026204,2025FA,2025-26,1,1,7395,1,5500
AID2025-014315,S0023846,2025FA,2025-26,0,0,0,0,0
AID2025-014316,S0033895,2025FA,2025-26,0,0,0,0,0
AID2025-014317,S0027297,2025FA,2025-26,0,0,0,1,5500
AID2025-014318,S0032720,2025FA,2025-26,0,0,0,0,0
AID2025-014319,S0014464,2025FA,2025-26,0,0,0,0,0
AID2025-014320,S0038694,2025FA,2025-26,1,1,7395,1,5500
AID2025-014321,S0028512,2025FA,2025-26,0,0,0,0,0
AID2025-014322,S0017949,2025FA,2025-26,0,0,0,0,0
AID2025-014323,S0024278,2025FA,2025-26,0,0,0,1,5500
AID2025-014324,S0039886,2025FA,2025-26,0,0,0,0,0
AID2025-014325,S0017824,2025FA,2025-26,0,0,0,0,0
AID2025-014326,S0029431,2025FA,2025-26,1,1,7395,1,5500
AID2025-014327,S0035558,2025FA,2025-26,1,1,7395,0,0
AID2025-014328,S0033754,2025FA,2025-26,0,0,0,0,0
AID2025-014329,S0030422,2025FA,2025-26,0,0,0,1,5500
AID2025-014330,S0026207,2025FA,2025-26,1,0,0,0,0
AID2025-014331,S0040330,2025FA,2025-26,0,0,0,0,0
AID2025-014332,S0009576,2025FA,2025-26,0,0,0,1,5500
AID2025-014333,S0004218,2025FA,2025-26,0,0,0,0,0
AID2025-014334,S0029080,2025FA,2025-26,1,1,7395,0,0
AID2025-014335,S0023669,2025FA,2025-26,0,0,0,1,5500
AID2025-014336,S0001675,2025FA,2025-26,0,0,0,0,0
AID2025-014337,S0033070,2025FA,2025-26,1,0,0,0,0
AID2025-014338,S0026049,2025FA,2025-26,0,0,0,1,5500
AID2025-014339,S0010181,2025FA,2025-26,1,1,7395,0,0
AID2025-014340,S0040199,2025FA,2025-26,1,1,7395,0,0
AID2025-014341,S0017459,2025FA,2025-26,0,0,0,1,5500
AID2025-014342,S0022554,2025FA,2025-26,1,1,7395,0,0
AID2025-014343,S0039539,2025FA,2025-26,1,1,7395,0,0
AID2025-014344,S0040063,2025FA,2025-26,1,0,0,1,5500
AID2025-014345,S0037386,2025FA,2025-26,1,1,7395,0,0
AID2025-014346,S0027609,2025FA,2025-26,0,0,0,0,0
AID2025-014347,S0040599,2025FA,2025-26,1,1,7395,1,5500
AID2025-014348,S0025925,2025FA,2025-26,0,0,0,0,0
AID2025-014349,S0023684,2025FA,2025-26,0,0,0,0,0
AID2025-014350,S0018650,2025FA,2025-26,0,0,0,1,5500
AID2025-014351,S0028293,2025FA,2025-26,0,0,0,0,0
AID2025-014352,S0004670,2025FA,2025-26,0,0,0,0,0
AID2025-014353,S0007189,2025FA,2025-26,1,1,7395,1,5500
AID2025-014354,S0012343,2025FA,2025-26,1,1,7395,0,0
AID2025-014355,S0027962,2025FA,2025-26,1,1,7395,0,0
AID2025-014356,S0017730,2025FA,2025-26,0,0,0,1,5500
AID2025-014357,S0035916,2025FA,2025-26,0,0,0,0,0
AID2025-014358,S0033350,2025FA,2025-26,0,0,0,0,0
AID2025-014359,S0035413,2025FA,2025-26,0,0,0,1,5500
AID2025-014360,S0038693,2025FA,2025-26,0,0,0,0,0
AID2025-014361,S0038213,2025FA,2025-26,0,0,0,0,0
AID2025-014362,S0028046,2025FA,2025-26,0,0,0,1,5500
AID2025-014363,S0032727,2025FA,2025-26,1,1,7395,0,0
AID2025-014364,S0021295,2025FA,2025-26,0,0,0,0,0
AID2025-014365,S0033312,2025FA,2025-26,1,0,0,1,5500
AID2025-014366,S0027826,2025FA,2025-26,0,0,0,0,0
AID2025-014367,S0006041,2025FA,2025-26,0,0,0,0,0
AID2025-014368,S0021256,2025FA,2025-26,0,0,0,1,5500
AID2025-014369,S0025898,2025FA,2025-26,1,1,7395,0,0
AID2025-014370,S0022972,2025FA,2025-26,0,0,0,0,0
AID2025-014371,S0009923,2025FA,2025-26,0,0,0,1,5500
AID2025-014372,S0014492,2025FA,2025-26,0,0,0,0,0
AID2025-014373,S0033178,2025FA,2025-26,0,0,0,0,0
AID2025-014374,S0008166,2025FA,2025-26,0,0,0,1,5500
AID2025-014375,S0027025,2025FA,2025-26,0,0,0,0,0
AID2025-014376,S0037285,2025FA,2025-26,1,1,7395,0,0
AID2025-014377,S0036596,2025FA,2025-26,0,0,0,1,5500
AID2025-014378,S0036571,2025FA,2025-26,0,0,0,0,0
AID2025-014379,S0037669,2025FA,2025-26,0,0,0,0,0
AID2025-014380,S0004300,2025FA,2025-26,1,1,7395,1,5500
AID2025-014381,S0036186,2025FA,2025-26,0,0,0,0,0
AID2025-014382,S0008829,2025FA,2025-26,0,0,0,0,0
AID2025-014383,S0032972,2025FA,2025-26,1,1,7395,1,5500
AID2025-014384,S0030756,2025FA,2025-26,1,1,7395,0,0
AID2025-014385,S0022447,2025FA,2025-26,0,0,0,0,0
AID2025-014386,S0035513,2025FA,2025-26,0,0,0,1,5500
AID2025-014387,S0038462,2025FA,2025-26,1,1,7395,0,0
AID2025-014388,S0036396,2025FA,2025-26,0,0,0,0,0
AID2025-014389,S0030761,2025FA,2025-26,0,0,0,1,5500
AID2025-014390,S0035862,2025FA,2025-26,0,0,0,0,0
AID2025-014391,S0038397,2025FA,2025-26,1,1,7395,0,0
AID2025-014392,S0039749,2025FA,2025-26,0,0,0,1,5500
AID2025-014393,S0009328,2025FA,2025-26,1,0,0,0,0
AID2025-014394,S0039853,2025FA,2025-26,1,1,7395,0,0
AID2025-014395,S0023541,2025FA,2025-26,0,0,0,1,5500
AID2025-014396,S0039025,2025FA,2025-26,1,1,7395,0,0
AID2025-014397,S0007898,2025FA,2025-26,0,0,0,0,0
AID2025-014398,S0006156,2025FA,2025-26,0,0,0,1,5500
AID2025-014399,S0036761,2025FA,2025-26,1,1,7395,0,0
AID2025-014400,S0034254,2025FA,2025-26,0,0,0,0,0
AID2025-014401,S0008871,2025FA,2025-26,0,0,0,1,5500
AID2025-014402,S0024242,2025FA,2025-26,0,0,0,0,0
AID2025-014403,S0040267,2025FA,2025-26,0,0,0,0,0
AID2025-014404,S0009189,2025FA,2025-26,0,0,0,1,5500
AID2025-014405,S0015088,2025FA,2025-26,1,1,7395,0,0
AID2025-014406,S0034148,2025FA,2025-26,1,1,7395,0,0
AID2025-014407,S0018339,2025FA,2025-26,0,0,0,1,5500
AID2025-014408,S0001354,2025FA,2025-26,1,1,7395,0,0
AID2025-014409,S0019698,2025FA,2025-26,1,1,7395,0,0
AID2025-014410,S0035872,2025FA,2025-26,0,0,0,1,5500
AID2025-014411,S0028578,2025FA,2025-26,0,0,0,0,0
AID2025-014412,S0023066,2025FA,2025-26,0,0,0,0,0
AID2025-014413,S0017554,2025FA,2025-26,0,0,0,1,5500
AID2025-014414,S0032402,2025FA,2025-26,0,0,0,0,0
AID2025-014415,S0028773,2025FA,2025-26,0,0,0,0,0
AID2025-014416,S0018366,2025FA,2025-26,0,0,0,1,5500
AID2025-014417,S0038350,2025FA,2025-26,0,0,0,0,0
AID2025-014418,S0040541,2025FA,2025-26,1,1,7395,0,0
AID2025-014419,S0005234,2025FA,2025-26,1,1,7395,1,5500
AID2025-014420,S0008569,2025FA,2025-26,0,0,0,0,0
AID2025-014421,S0034185,2025FA,2025-26,0,0,0,0,0
AID2025-014422,S0006898,2025FA,2025-26,1,1,7395,1,5500
AID2025-014423,S0008188,2025FA,2025-26,1,1,7395,0,0
AID2025-014424,S0039039,2025FA,2025-26,0,0,0,0,0
AID2025-014425,S0012432,2025FA,2025-26,1,1,7395,1,5500
AID2025-014426,S0030812,2025FA,2025-26,0,0,0,0,0
AID2025-014427,S0039551,2025FA,2025-26,1,1,7395,0,0
AID2025-014428,S0033317,2025FA,2025-26,1,0,0,1,5500
AID2025-014429,S0006058,2025FA,2025-26,1,1,7395,0,0
AID2025-014430,S0032111,2025FA,2025-26,0,0,0,0,0
AID2025-014431,S0009367,2025FA,2025-26,0,0,0,1,5500
AID2025-014432,S0035452,2025FA,2025-26,0,0,0,0,0
AID2025-014433,S0035347,2025FA,2025-26,1,1,7395,0,0
AID2025-014434,S0036870,2025FA,2025-26,1,1,7395,1,5500
AID2025-014435,S0037987,2025FA,2025-26,1,0,0,0,0
AID2025-014436,S0021561,2025FA,2025-26,1,1,7395,0,0
AID2025-014437,S0018008,2025FA,2025-26,0,0,0,1,5500
AID2025-014438,S0036482,2025FA,2025-26,0,0,0,0,0
AID2025-014439,S0039362,2025FA,2025-26,1,1,7395,0,0
AID2025-014440,S0028655,2025FA,2025-26,0,0,0,1,5500
AID2025-014441,S0022691,2025FA,2025-26,0,0,0,0,0
AID2025-014442,S0010706,2025FA,2025-26,1,0,0,0,0
AID2025-014443,S0038338,2025FA,2025-26,0,0,0,1,5500
AID2025-014444,S0024021,2025FA,2025-26,1,1,7395,0,0
AID2025-014445,S0008395,2025FA,2025-26,1,1,7395,0,0
AID2025-014446,S0032405,2025FA,2025-26,1,1,7395,1,5500
AID2025-014447,S0017588,2025FA,2025-26,1,1,7395,0,0
AID2025-014448,S0005593,2025FA,2025-26,1,1,7395,0,0
AID2025-014449,S0019332,2025FA,2025-26,1,0,0,1,5500
AID2025-014450,S0010095,2025FA,2025-26,0,0,0,0,0
AID2025-014451,S0001357,2025FA,2025-26,1,1,7395,0,0
AID2025-014452,S0020627,2025FA,2025-26,0,0,0,1,5500
AID2025-014453,S0014850,2025FA,2025-26,1,1,7395,0,0
AID2025-014454,S0036356,2025FA,2025-26,0,0,0,0,0
AID2025-014455,S0029317,2025FA,2025-26,0,0,0,1,5500
AID2025-014456,S0031032,2025FA,2025-26,1,0,0,0,0
AID2025-014457,S0003450,2025FA,2025-26,0,0,0,0,0
AID2025-014458,S0026686,2025FA,2025-26,0,0,0,1,5500
AID2025-014459,S0038422,2025FA,2025-26,0,0,0,0,0
AID2025-014460,S0030680,2025FA,2025-26,0,0,0,0,0
AID2025-014461,S0037089,2025FA,2025-26,1,1,7395,1,5500
AID2025-014462,S0023452,2025FA,2025-26,1,1,7395,0,0
AID2025-014463,S0001828,2025FA,2025-26,1,0,0,0,0
AID2025-014464,S0028131,2025FA,2025-26,0,0,0,1,5500
AID2025-014465,S0034182,2025FA,2025-26,0,0,0,0,0
AID2025-014466,S0011973,2025FA,2025-26,0,0,0,0,0
AID2025-014467,S0009000,2025FA,2025-26,1,1,7395,1,5500
AID2025-014468,S0024286,2025FA,2025-26,0,0,0,0,0
AID2025-014469,S0035154,2025FA,2025-26,1,1,7395,0,0
AID2025-014470,S0029530,2025FA,2025-26,1,1,7395,1,5500
AID2025-014471,S0026958,2025FA,2025-26,1,1,7395,0,0
AID2025-014472,S0037952,2025FA,2025-26,0,0,0,0,0
AID2025-014473,S0035682,2025FA,2025-26,0,0,0,1,5500
AID2025-014474,S0039651,2025FA,2025-26,0,0,0,0,0
AID2025-014475,S0032029,2025FA,2025-26,0,0,0,0,0
AID2025-014476,S0037442,2025FA,2025-26,1,1,7395,1,5500
AID2025-014477,S0032748,2025FA,2025-26,0,0,0,0,0
AID2025-014478,S0035269,2025FA,2025-26,0,0,0,0,0
AID2025-014479,S0013740,2025FA,2025-26,0,0,0,1,5500
AID2025-014480,S0004756,2025FA,2025-26,0,0,0,0,0
AID2025-014481,S0013520,2025FA,2025-26,1,1,7395,0,0
AID2025-014482,S0032916,2025FA,2025-26,0,0,0,1,5500
AID2025-014483,S0021400,2025FA,2025-26,0,0,0,0,0
AID2025-014484,S0000717,2025FA,2025-26,0,0,0,0,0
AID2025-014485,S0012632,2025FA,2025-26,1,1,7395,1,5500
AID2025-014486,S0018601,2025FA,2025-26,0,0,0,0,0
AID2025-014487,S0027322,2025FA,2025-26,0,0,0,0,0
AID2025-014488,S0035937,2025FA,2025-26,0,0,0,1,5500
AID2025-014489,S0037315,2025FA,2025-26,0,0,0,0,0
AID2025-014490,S0025665,2025FA,2025-26,0,0,0,0,0
AID2025-014491,S0038297,2025FA,2025-26,0,0,0,1,5500
AID2025-014492,S0027598,2025FA,2025-26,0,0,0,0,0
AID2025-014493,S0022820,2025FA,2025-26,0,0,0,0,0
AID2025-014494,S0019265,2025FA,2025-26,0,0,0,1,5500
AID2025-014495,S0033565,2025FA,2025-26,0,0,0,0,0
AID2025-014496,S0032193,2025FA,2025-26,0,0,0,0,0
AID2025-014497,S0036706,2025FA,2025-26,1,1,7395,1,5500
AID2025-014498,S0010411,2025FA,2025-26,0,0,0,0,0
AID2025-014499,S0024094,2025FA,2025-26,1,1,7395,0,0
AID2025-014500,S0006601,2025FA,2025-26,1,1,7395,1,5500
AID2025-014501,S0028022,2025FA,2025-26,0,0,0,0,0
AID2025-014502,S0040653,2025FA,2025-26,0,0,0,0,0
AID2025-014503,S0010367,2025FA,2025-26,1,1,7395,1,5500
AID2025-014504,S0039936,2025FA,2025-26,0,0,0,0,0
AID2025-014505,S0038774,2025FA,2025-26,0,0,0,0,0
AID2025-014506,S0010658,2025FA,2025-26,0,0,0,1,5500
AID2025-014507,S0040506,2025FA,2025-26,0,0,0,0,0
AID2025-014508,S0023740,2025FA,2025-26,0,0,0,0,0
AID2025-014509,S0039365,2025FA,2025-26,0,0,0,1,5500
AID2025-014510,S0006963,2025FA,2025-26,1,1,7395,0,0
AID2025-014511,S0034217,2025FA,2025-26,1,1,7395,0,0
AID2025-014512,S0014269,2025FA,2025-26,0,0,0,1,5500
AID2025-014513,S0013774,2025FA,2025-26,0,0,0,0,0
AID2025-014514,S0014655,2025FA,2025-26,0,0,0,0,0
AID2025-014515,S0040584,2025FA,2025-26,0,0,0,1,5500
AID2025-014516,S0024169,2025FA,2025-26,0,0,0,0,0
AID2025-014517,S0034132,2025FA,2025-26,1,1,7395,0,0
AID2025-014518,S0038585,2025FA,2025-26,0,0,0,1,5500
AID2025-014519,S0028433,2025FA,2025-26,0,0,0,0,0
AID2025-014520,S0033147,2025FA,2025-26,1,1,7395,0,0
AID2025-014521,S0029340,2025FA,2025-26,1,1,7395,1,5500
AID2025-014522,S0037453,2025FA,2025-26,0,0,0,0,0
AID2025-014523,S0009896,2025FA,2025-26,0,0,0,0,0
AID2025-014524,S0003697,2025FA,2025-26,1,1,7395,1,5500
AID2025-014525,S0030993,2025FA,2025-26,1,1,7395,0,0
AID2025-014526,S0040637,2025FA,2025-26,0,0,0,0,0
AID2025-014527,S0034220,2025FA,2025-26,1,1,7395,1,5500
AID2025-014528,S0010097,2025FA,2025-26,0,0,0,0,0
AID2025-014529,S0006869,2025FA,2025-26,0,0,0,0,0
AID2025-014530,S0040630,2025FA,2025-26,1,1,7395,1,5500
AID2025-014531,S0031811,2025FA,2025-26,0,0,0,0,0
AID2025-014532,S0040138,2025FA,2025-26,0,0,0,0,0
AID2025-014533,S0025375,2025FA,2025-26,0,0,0,1,5500
AID2025-014534,S0029382,2025FA,2025-26,0,0,0,0,0
AID2025-014535,S0028949,2025FA,2025-26,1,1,7395,0,0
AID2025-014536,S0003133,2025FA,2025-26,0,0,0,1,5500
AID2025-014537,S0040071,2025FA,2025-26,0,0,0,0,0
AID2025-014538,S0021803,2025FA,2025-26,1,1,7395,0,0
AID2025-014539,S0037783,2025FA,2025-26,0,0,0,1,5500
AID2025-014540,S0005576,2025FA,2025-26,1,0,0,0,0
AID2025-014541,S0001847,2025FA,2025-26,1,1,7395,0,0
AID2025-014542,S0032210,2025FA,2025-26,0,0,0,1,5500
AID2025-014543,S0021591,2025FA,2025-26,0,0,0,0,0
AID2025-014544,S0001813,2025FA,2025-26,0,0,0,0,0
AID2025-014545,S0023536,2025FA,2025-26,0,0,0,1,5500
AID2025-014546,S0018815,2025FA,2025-26,0,0,0,0,0
AID2025-014547,S0033004,2025FA,2025-26,0,0,0,0,0
AID2025-014548,S0004114,2025FA,2025-26,0,0,0,1,5500
AID2025-014549,S0035724,2025FA,2025-26,0,0,0,0,0
AID2025-014550,S0011299,2025FA,2025-26,0,0,0,0,0
AID2025-014551,S0004596,2025FA,2025-26,0,0,0,1,5500
AID2025-014552,S0028986,2025FA,2025-26,0,0,0,0,0
AID2025-014553,S0023488,2025FA,2025-26,1,1,7395,0,0
AID2025-014554,S0000700,2025FA,2025-26,1,0,0,1,5500
AID2025-014555,S0026857,2025FA,2025-26,1,1,7395,0,0
AID2025-014556,S0039808,2025FA,2025-26,0,0,0,0,0
AID2025-014557,S0029377,2025FA,2025-26,1,1,7395,1,5500
AID2025-014558,S0036752,2025FA,2025-26,0,0,0,0,0
AID2025-014559,S0018927,2025FA,2025-26,0,0,0,0,0
AID2025-014560,S0038955,2025FA,2025-26,0,0,0,1,5500
AID2025-014561,S0032298,2025FA,2025-26,1,1,7395,0,0
AID2025-014562,S0031517,2025FA,2025-26,0,0,0,0,0
AID2025-014563,S0019714,2025FA,2025-26,1,1,7395,1,5500
AID2025-014564,S0022840,2025FA,2025-26,0,0,0,0,0
AID2025-014565,S0016662,2025FA,2025-26,0,0,0,0,0
AID2025-014566,S0027569,2025FA,2025-26,1,1,7395,1,5500
AID2025-014567,S0000145,2025FA,2025-26,0,0,0,0,0
AID2025-014568,S0031502,2025FA,2025-26,1,0,0,0,0
AID2025-014569,S0019164,2025FA,2025-26,0,0,0,1,5500
AID2025-014570,S0038908,2025FA,2025-26,0,0,0,0,0
AID2025-014571,S0036207,2025FA,2025-26,0,0,0,0,0
AID2025-014572,S0033665,2025FA,2025-26,0,0,0,1,5500
AID2025-014573,S0014244,2025FA,2025-26,1,1,7395,0,0
AID2025-014574,S0000726,2025FA,2025-26,1,1,7395,0,0
AID2025-014575,S0022048,2025FA,2025-26,0,0,0,1,5500
AID2025-014576,S0007578,2025FA,2025-26,0,0,0,0,0
AID2025-014577,S0014765,2025FA,2025-26,1,1,7395,0,0
AID2025-014578,S0015139,2025FA,2025-26,1,1,7395,1,5500
AID2025-014579,S0027300,2025FA,2025-26,0,0,0,0,0
AID2025-014580,S0021058,2025FA,2025-26,0,0,0,0,0
AID2025-014581,S0039887,2025FA,2025-26,0,0,0,1,5500
AID2025-014582,S0022745,2025FA,2025-26,1,0,0,0,0
AID2025-014583,S0001482,2025FA,2025-26,0,0,0,0,0
AID2025-014584,S0014676,2025FA,2025-26,0,0,0,1,5500
AID2025-014585,S0027886,2025FA,2025-26,0,0,0,0,0
AID2025-014586,S0007715,2025FA,2025-26,1,1,7395,0,0
AID2025-014587,S0003687,2025FA,2025-26,0,0,0,1,5500
AID2025-014588,S0033916,2025FA,2025-26,0,0,0,0,0
AID2025-014589,S0025758,2025FA,2025-26,0,0,0,0,0
AID2025-014590,S0031358,2025FA,2025-26,0,0,0,1,5500
AID2025-014591,S0033112,2025FA,2025-26,0,0,0,0,0
AID2025-014592,S0012287,2025FA,2025-26,0,0,0,0,0
AID2025-014593,S0001475,2025FA,2025-26,1,1,7395,1,5500
AID2025-014594,S0014298,2025FA,2025-26,0,0,0,0,0
AID2025-014595,S0007133,2025FA,2025-26,0,0,0,0,0
AID2025-014596,S0036109,2025FA,2025-26,1,0,0,1,5500
AID2025-014597,S0021274,2025FA,2025-26,0,0,0,0,0
AID2025-014598,S0003873,2025FA,2025-26,0,0,0,0,0
AID2025-014599,S0027393,2025FA,2025-26,0,0,0,1,5500
AID2025-014600,S0020995,2025FA,2025-26,0,0,0,0,0
AID2025-014601,S0005739,2025FA,2025-26,1,1,7395,0,0
AID2025-014602,S0039909,2025FA,2025-26,0,0,0,1,5500
AID2025-014603,S0036784,2025FA,2025-26,1,0,0,0,0
AID2025-014604,S0039321,2025FA,2025-26,0,0,0,0,0
AID2025-014605,S0037670,2025FA,2025-26,0,0,0,1,5500
AID2025-014606,S0038280,2025FA,2025-26,1,1,7395,0,0
AID2025-014607,S0032137,2025FA,2025-26,0,0,0,0,0
AID2025-014608,S0008805,2025FA,2025-26,1,1,7395,1,5500
AID2025-014609,S0035969,2025FA,2025-26,1,1,7395,0,0
AID2025-014610,S0030968,2025FA,2025-26,0,0,0,0,0
AID2025-014611,S0004191,2025FA,2025-26,0,0,0,1,5500
AID2025-014612,S0038606,2025FA,2025-26,0,0,0,0,0
AID2025-014613,S0004452,2025FA,2025-26,0,0,0,0,0
AID2025-014614,S0033417,2025FA,2025-26,0,0,0,1,5500
AID2025-014615,S0022490,2025FA,2025-26,0,0,0,0,0
AID2025-014616,S0026605,2025FA,2025-26,0,0,0,0,0
AID2025-014617,S0005689,2025FA,2025-26,0,0,0,1,5500
AID2025-014618,S0035517,2025FA,2025-26,0,0,0,0,0
AID2025-014619,S0032205,2025FA,2025-26,0,0,0,0,0
AID2025-014620,S0036400,2025FA,2025-26,1,1,7395,1,5500
AID2025-014621,S0037443,2025FA,2025-26,0,0,0,0,0
AID2025-014622,S0034361,2025FA,2025-26,1,1,7395,0,0
AID2025-014623,S0033661,2025FA,2025-26,0,0,0,1,5500
AID2025-014624,S0005418,2025FA,2025-26,1,0,0,0,0
AID2025-014625,S0036606,2025FA,2025-26,0,0,0,0,0
AID2025-014626,S0033866,2025FA,2025-26,0,0,0,1,5500
AID2025-014627,S0020719,2025FA,2025-26,1,1,7395,0,0
AID2025-014628,S0037642,2025FA,2025-26,1,1,7395,0,0
AID2025-014629,S0007461,2025FA,2025-26,0,0,0,1,5500
AID2025-014630,S0034356,2025FA,2025-26,0,0,0,0,0
AID2025-014631,S0026927,2025FA,2025-26,0,0,0,0,0
AID2025-014632,S0033083,2025FA,2025-26,0,0,0,1,5500
AID2025-014633,S0029006,2025FA,2025-26,1,1,7395,0,0
AID2025-014634,S0035107,2025FA,2025-26,0,0,0,0,0
AID2025-014635,S0031136,2025FA,2025-26,0,0,0,1,5500
AID2025-014636,S0040574,2025FA,2025-26,0,0,0,0,0
AID2025-014637,S0032481,2025FA,2025-26,1,1,7395,0,0
AID2025-014638,S0024055,2025FA,2025-26,1,0,0,1,5500
AID2025-014639,S0002047,2025FA,2025-26,0,0,0,0,0
AID2025-014640,S0017159,2025FA,2025-26,0,0,0,0,0
AID2025-014641,S0017650,2025FA,2025-26,1,1,7395,1,5500
AID2025-014642,S0017055,2025FA,2025-26,0,0,0,0,0
AID2025-014643,S0038661,2025FA,2025-26,1,1,7395,0,0
AID2025-014644,S0012289,2025FA,2025-26,0,0,0,1,5500
AID2025-014645,S0001984,2025FA,2025-26,0,0,0,0,0
AID2025-014646,S0025988,2025FA,2025-26,0,0,0,0,0
AID2025-014647,S0039155,2025FA,2025-26,1,1,7395,1,5500
AID2025-014648,S0032582,2025FA,2025-26,1,1,7395,0,0
AID2025-014649,S0001777,2025FA,2025-26,0,0,0,0,0
AID2025-014650,S0019668,2025FA,2025-26,1,1,7395,1,5500
AID2025-014651,S0030464,2025FA,2025-26,0,0,0,0,0
AID2025-014652,S0033872,2025FA,2025-26,0,0,0,0,0
AID2025-014653,S0026306,2025FA,2025-26,0,0,0,1,5500
AID2025-014654,S0039114,2025FA,2025-26,1,1,7395,0,0
AID2025-014655,S0023489,2025FA,2025-26,0,0,0,0,0
AID2025-014656,S0028931,2025FA,2025-26,1,1,7395,1,5500
AID2025-014657,S0032406,2025FA,2025-26,0,0,0,0,0
AID2025-014658,S0038393,2025FA,2025-26,0,0,0,0,0
AID2025-014659,S0038356,2025FA,2025-26,0,0,0,1,5500
AID2025-014660,S0032202,2025FA,2025-26,0,0,0,0,0
AID2025-014661,S0039464,2025FA,2025-26,0,0,0,0,0
AID2025-014662,S0028531,2025FA,2025-26,0,0,0,1,5500
AID2025-014663,S0023812,2025FA,2025-26,0,0,0,0,0
AID2025-014664,S0034066,2025FA,2025-26,0,0,0,0,0
AID2025-014665,S0040437,2025FA,2025-26,0,0,0,1,5500
AID2025-014666,S0039043,2025FA,2025-26,0,0,0,0,0
AID2025-014667,S0036945,2025FA,2025-26,1,1,7395,0,0
AID2025-014668,S0028334,2025FA,2025-26,1,1,7395,1,5500
AID2025-014669,S0031793,2025FA,2025-26,0,0,0,0,0
AID2025-014670,S0016240,2025FA,2025-26,0,0,0,0,0
AID2025-014671,S0021389,2025FA,2025-26,0,0,0,1,5500
AID2025-014672,S0038977,2025FA,2025-26,0,0,0,0,0
AID2025-014673,S0000613,2025FA,2025-26,1,0,0,0,0
AID2025-014674,S0001056,2025FA,2025-26,1,1,7395,1,5500
AID2025-014675,S0018101,2025FA,2025-26,0,0,0,0,0
AID2025-014676,S0018097,2025FA,2025-26,0,0,0,0,0
AID2025-014677,S0018351,2025FA,2025-26,0,0,0,1,5500
AID2025-014678,S0019561,2025FA,2025-26,0,0,0,0,0
AID2025-014679,S0015707,2025FA,2025-26,0,0,0,0,0
AID2025-014680,S0039706,2025FA,2025-26,0,0,0,1,5500
AID2025-014681,S0038198,2025FA,2025-26,0,0,0,0,0
AID2025-014682,S0025708,2025FA,2025-26,0,0,0,0,0
AID2025-014683,S0027806,2025FA,2025-26,0,0,0,1,5500
AID2025-014684,S0035486,2025FA,2025-26,0,0,0,0,0
AID2025-014685,S0039103,2025FA,2025-26,1,1,7395,0,0
AID2025-014686,S0032466,2025FA,2025-26,1,1,7395,1,5500
AID2025-014687,S0033074,2025FA,2025-26,0,0,0,0,0
AID2025-014688,S0003941,2025FA,2025-26,1,1,7395,0,0
AID2025-014689,S0030404,2025FA,2025-26,0,0,0,1,5500
AID2025-014690,S0029522,2025FA,2025-26,0,0,0,0,0
AID2025-014691,S0006345,2025FA,2025-26,0,0,0,0,0
AID2025-014692,S0032130,2025FA,2025-26,0,0,0,1,5500
AID2025-014693,S0027834,2025FA,2025-26,0,0,0,0,0
AID2025-014694,S0019324,2025FA,2025-26,0,0,0,0,0
AID2025-014695,S0025674,2025FA,2025-26,0,0,0,1,5500
AID2025-014696,S0025761,2025FA,2025-26,1,1,7395,0,0
AID2025-014697,S0011063,2025FA,2025-26,0,0,0,0,0
AID2025-014698,S0008404,2025FA,2025-26,1,1,7395,1,5500
AID2025-014699,S0029066,2025FA,2025-26,1,1,7395,0,0
AID2025-014700,S0039965,2025FA,2025-26,0,0,0,0,0
AID2025-014701,S0039797,2025FA,2025-26,1,0,0,1,5500
AID2025-014702,S0035227,2025FA,2025-26,0,0,0,0,0
AID2025-014703,S0036575,2025FA,2025-26,0,0,0,0,0
AID2025-014704,S0035254,2025FA,2025-26,1,1,7395,1,5500
AID2025-014705,S0015688,2025FA,2025-26,0,0,0,0,0
AID2025-014706,S0001271,2025FA,2025-26,1,1,7395,0,0
AID2025-014707,S0033617,2025FA,2025-26,0,0,0,1,5500
AID2025-014708,S0035656,2025FA,2025-26,0,0,0,0,0
AID2025-014709,S0032610,2025FA,2025-26,1,1,7395,0,0
AID2025-014710,S0030411,2025FA,2025-26,1,1,7395,1,5500
AID2025-014711,S0039531,2025FA,2025-26,0,0,0,0,0
AID2025-014712,S0014055,2025FA,2025-26,0,0,0,0,0
AID2025-014713,S0015406,2025FA,2025-26,0,0,0,1,5500
AID2025-014714,S0004727,2025FA,2025-26,0,0,0,0,0
AID2025-014715,S0039976,2025FA,2025-26,0,0,0,0,0
AID2025-014716,S0039659,2025FA,2025-26,1,1,7395,1,5500
AID2025-014717,S0037507,2025FA,2025-26,0,0,0,0,0
AID2025-014718,S0028096,2025FA,2025-26,0,0,0,0,0
AID2025-014719,S0029209,2025FA,2025-26,0,0,0,1,5500
AID2025-014720,S0019533,2025FA,2025-26,1,1,7395,0,0
AID2025-014721,S0015445,2025FA,2025-26,0,0,0,0,0
AID2025-014722,S0033458,2025FA,2025-26,1,0,0,1,5500
AID2025-014723,S0014246,2025FA,2025-26,1,1,7395,0,0
AID2025-014724,S0019111,2025FA,2025-26,1,1,7395,0,0
AID2025-014725,S0009198,2025FA,2025-26,1,1,7395,1,5500
AID2025-014726,S0026142,2025FA,2025-26,1,1,7395,0,0
AID2025-014727,S0026920,2025FA,2025-26,0,0,0,0,0
AID2025-014728,S0022199,2025FA,2025-26,0,0,0,1,5500
AID2025-014729,S0016957,2025FA,2025-26,0,0,0,0,0
AID2025-014730,S0037062,2025FA,2025-26,0,0,0,0,0
AID2025-014731,S0035915,2025FA,2025-26,1,1,7395,1,5500
AID2025-014732,S0008044,2025FA,2025-26,1,1,7395,0,0
AID2025-014733,S0007006,2025FA,2025-26,0,0,0,0,0
AID2025-014734,S0023172,2025FA,2025-26,0,0,0,1,5500
AID2025-014735,S0023132,2025FA,2025-26,1,1,7395,0,0
AID2025-014736,S0038420,2025FA,2025-26,0,0,0,0,0
AID2025-014737,S0028690,2025FA,2025-26,0,0,0,1,5500
AID2025-014738,S0039110,2025FA,2025-26,0,0,0,0,0
AID2025-014739,S0033649,2025FA,2025-26,1,1,7395,0,0
AID2025-014740,S0032519,2025FA,2025-26,1,1,7395,1,5500
AID2025-014741,S0027832,2025FA,2025-26,0,0,0,0,0
AID2025-014742,S0006762,2025FA,2025-26,0,0,0,0,0
AID2025-014743,S0018526,2025FA,2025-26,0,0,0,1,5500
AID2025-014744,S0038372,2025FA,2025-26,0,0,0,0,0
AID2025-014745,S0017573,2025FA,2025-26,0,0,0,0,0
AID2025-014746,S0032170,2025FA,2025-26,0,0,0,1,5500
AID2025-014747,S0035180,2025FA,2025-26,0,0,0,0,0
AID2025-014748,S0012339,2025FA,2025-26,1,1,7395,0,0
AID2025-014749,S0013694,2025FA,2025-26,0,0,0,1,5500
AID2025-014750,S0036952,2025FA,2025-26,1,0,0,0,0
AID2025-014751,S0027103,2025FA,2025-26,1,1,7395,0,0
AID2025-014752,S0001692,2025FA,2025-26,0,0,0,1,5500
AID2025-014753,S0017816,2025FA,2025-26,1,1,7395,0,0
AID2025-014754,S0004410,2025FA,2025-26,0,0,0,0,0
AID2025-014755,S0035998,2025FA,2025-26,1,1,7395,1,5500
AID2025-014756,S0038969,2025FA,2025-26,0,0,0,0,0
AID2025-014757,S0036293,2025FA,2025-26,1,0,0,0,0
AID2025-014758,S0000045,2025FA,2025-26,0,0,0,1,5500
AID2025-014759,S0033676,2025FA,2025-26,1,1,7395,0,0
AID2025-014760,S0032394,2025FA,2025-26,0,0,0,0,0
AID2025-014761,S0011740,2025FA,2025-26,0,0,0,1,5500
AID2025-014762,S0001625,2025FA,2025-26,0,0,0,0,0
AID2025-014763,S0028654,2025FA,2025-26,0,0,0,0,0
AID2025-014764,S0039219,2025FA,2025-26,1,0,0,1,5500
AID2025-014765,S0037875,2025FA,2025-26,0,0,0,0,0
AID2025-014766,S0034428,2025FA,2025-26,0,0,0,0,0
AID2025-014767,S0007310,2025FA,2025-26,0,0,0,1,5500
AID2025-014768,S0008050,2025FA,2025-26,0,0,0,0,0
AID2025-014769,S0038635,2025FA,2025-26,0,0,0,0,0
AID2025-014770,S0013240,2025FA,2025-26,0,0,0,1,5500
AID2025-014771,S0014277,2025FA,2025-26,0,0,0,0,0
AID2025-014772,S0014071,2025FA,2025-26,0,0,0,0,0
AID2025-014773,S0040004,2025FA,2025-26,0,0,0,1,5500
AID2025-014774,S0022945,2025FA,2025-26,0,0,0,0,0
AID2025-014775,S0032576,2025FA,2025-26,0,0,0,0,0
AID2025-014776,S0005832,2025FA,2025-26,0,0,0,1,5500
AID2025-014777,S0016865,2025FA,2025-26,0,0,0,0,0
AID2025-014778,S0032435,2025FA,2025-26,0,0,0,0,0
AID2025-014779,S0000539,2025FA,2025-26,0,0,0,1,5500
AID2025-014780,S0017803,2025FA,2025-26,0,0,0,0,0
AID2025-014781,S0038546,2025FA,2025-26,1,1,7395,0,0
AID2025-014782,S0039410,2025FA,2025-26,1,1,7395,1,5500
AID2025-014783,S0031307,2025FA,2025-26,1,1,7395,0,0
AID2025-014784,S0036042,2025FA,2025-26,0,0,0,0,0
AID2025-014785,S0012817,2025FA,2025-26,0,0,0,1,5500
AID2025-014786,S0013389,2025FA,2025-26,0,0,0,0,0
AID2025-014787,S0018974,2025FA,2025-26,0,0,0,0,0
AID2025-014788,S0021688,2025FA,2025-26,1,1,7395,1,5500
AID2025-014789,S0038448,2025FA,2025-26,0,0,0,0,0
AID2025-014790,S0032612,2025FA,2025-26,0,0,0,0,0
AID2025-014791,S0013828,2025FA,2025-26,0,0,0,1,5500
AID2025-014792,S0038590,2025FA,2025-26,1,0,0,0,0
AID2025-014793,S0006630,2025FA,2025-26,0,0,0,0,0
AID2025-014794,S0007737,2025FA,2025-26,0,0,0,1,5500
AID2025-014795,S0023444,2025FA,2025-26,0,0,0,0,0
AID2025-014796,S0021835,2025FA,2025-26,0,0,0,0,0
AID2025-014797,S0026448,2025FA,2025-26,1,1,7395,1,5500
AID2025-014798,S0032148,2025FA,2025-26,1,1,7395,0,0
AID2025-014799,S0039670,2025FA,2025-26,0,0,0,0,0
AID2025-014800,S0028518,2025FA,2025-26,1,1,7395,1,5500
AID2025-014801,S0000468,2025FA,2025-26,0,0,0,0,0
AID2025-014802,S0000792,2025FA,2025-26,1,1,7395,0,0
AID2025-014803,S0029352,2025FA,2025-26,1,1,7395,1,5500
AID2025-014804,S0026688,2025FA,2025-26,0,0,0,0,0
AID2025-014805,S0040615,2025FA,2025-26,1,1,7395,0,0
AID2025-014806,S0033827,2025FA,2025-26,0,0,0,1,5500
AID2025-014807,S0031462,2025FA,2025-26,0,0,0,0,0
AID2025-014808,S0039007,2025FA,2025-26,0,0,0,0,0
AID2025-014809,S0039411,2025FA,2025-26,0,0,0,1,5500
AID2025-014810,S0012990,2025FA,2025-26,1,1,7395,0,0
AID2025-014811,S0035131,2025FA,2025-26,0,0,0,0,0
AID2025-014812,S0039169,2025FA,2025-26,1,1,7395,1,5500
AID2025-014813,S0018273,2025FA,2025-26,0,0,0,0,0
AID2025-014814,S0028424,2025FA,2025-26,0,0,0,0,0
AID2025-014815,S0000317,2025FA,2025-26,1,1,7395,1,5500
AID2025-014816,S0015505,2025FA,2025-26,0,0,0,0,0
AID2025-014817,S0031560,2025FA,2025-26,0,0,0,0,0
AID2025-014818,S0012078,2025FA,2025-26,0,0,0,1,5500
AID2025-014819,S0023876,2025FA,2025-26,0,0,0,0,0
AID2025-014820,S0040053,2025FA,2025-26,0,0,0,0,0
AID2025-014821,S0035322,2025FA,2025-26,0,0,0,1,5500
AID2025-014822,S0027642,2025FA,2025-26,0,0,0,0,0
AID2025-014823,S0028275,2025FA,2025-26,1,1,7395,0,0
AID2025-014824,S0015135,2025FA,2025-26,1,1,7395,1,5500
AID2025-014825,S0027514,2025FA,2025-26,0,0,0,0,0
AID2025-014826,S0009158,2025FA,2025-26,0,0,0,0,0
AID2025-014827,S0028851,2025FA,2025-26,1,0,0,1,5500
AID2025-014828,S0026586,2025FA,2025-26,0,0,0,0,0
AID2025-014829,S0038410,2025FA,2025-26,1,1,7395,0,0
AID2025-014830,S0012189,2025FA,2025-26,0,0,0,1,5500
AID2025-014831,S0033735,2025FA,2025-26,0,0,0,0,0
AID2025-014832,S0039091,2025FA,2025-26,0,0,0,0,0
AID2025-014833,S0026349,2025FA,2025-26,0,0,0,1,5500
AID2025-014834,S0032095,2025FA,2025-26,0,0,0,0,0
AID2025-014835,S0033604,2025FA,2025-26,0,0,0,0,0
AID2025-014836,S0035721,2025FA,2025-26,0,0,0,1,5500
AID2025-014837,S0015144,2025FA,2025-26,0,0,0,0,0
AID2025-014838,S0003388,2025FA,2025-26,0,0,0,0,0
AID2025-014839,S0019116,2025FA,2025-26,0,0,0,1,5500
AID2025-014840,S0037772,2025FA,2025-26,0,0,0,0,0
AID2025-014841,S0039967,2025FA,2025-26,0,0,0,0,0
AID2025-014842,S0032296,2025FA,2025-26,0,0,0,1,5500
AID2025-014843,S0007321,2025FA,2025-26,1,1,7395,0,0
AID2025-014844,S0030362,2025FA,2025-26,0,0,0,0,0
AID2025-014845,S0033163,2025FA,2025-26,0,0,0,1,5500
AID2025-014846,S0025824,2025FA,2025-26,0,0,0,0,0
AID2025-014847,S0040411,2025FA,2025-26,0,0,0,0,0
AID2025-014848,S0001892,2025FA,2025-26,0,0,0,1,5500
AID2025-014849,S0037564,2025FA,2025-26,1,1,7395,0,0
AID2025-014850,S0028791,2025FA,2025-26,0,0,0,0,0
AID2025-014851,S0024289,2025FA,2025-26,1,1,7395,1,5500
AID2025-014852,S0029071,2025FA,2025-26,1,1,7395,0,0
AID2025-014853,S0019488,2025FA,2025-26,0,0,0,0,0
AID2025-014854,S0016895,2025FA,2025-26,0,0,0,1,5500
AID2025-014855,S0031633,2025FA,2025-26,0,0,0,0,0
AID2025-014856,S0033145,2025FA,2025-26,0,0,0,0,0
AID2025-014857,S0032101,2025FA,2025-26,1,1,7395,1,5500
AID2025-014858,S0022461,2025FA,2025-26,1,1,7395,0,0
AID2025-014859,S0024018,2025FA,2025-26,0,0,0,0,0
AID2025-014860,S0032482,2025FA,2025-26,0,0,0,1,5500
AID2025-014861,S0018146,2025FA,2025-26,0,0,0,0,0
AID2025-014862,S0014037,2025FA,2025-26,0,0,0,0,0
AID2025-014863,S0027043,2025FA,2025-26,1,1,7395,1,5500
AID2025-014864,S0009984,2025FA,2025-26,0,0,0,0,0
AID2025-014865,S0014330,2025FA,2025-26,0,0,0,0,0
AID2025-014866,S0001647,2025FA,2025-26,0,0,0,1,5500
AID2025-014867,S0006905,2025FA,2025-26,0,0,0,0,0
AID2025-014868,S0008450,2025FA,2025-26,0,0,0,0,0
AID2025-014869,S0034088,2025FA,2025-26,0,0,0,1,5500
AID2025-014870,S0019568,2025FA,2025-26,1,1,7395,0,0
AID2025-014871,S0027366,2025FA,2025-26,1,1,7395,0,0
AID2025-014872,S0026769,2025FA,2025-26,0,0,0,1,5500
AID2025-014873,S0033971,2025FA,2025-26,1,1,7395,0,0
AID2025-014874,S0031192,2025FA,2025-26,0,0,0,0,0
AID2025-014875,S0032265,2025FA,2025-26,0,0,0,1,5500
AID2025-014876,S0003897,2025FA,2025-26,0,0,0,0,0
AID2025-014877,S0006530,2025FA,2025-26,0,0,0,0,0
AID2025-014878,S0032813,2025FA,2025-26,1,1,7395,1,5500
AID2025-014879,S0021404,2025FA,2025-26,0,0,0,0,0
AID2025-014880,S0032571,2025FA,2025-26,0,0,0,0,0
AID2025-014881,S0028340,2025FA,2025-26,0,0,0,1,5500
AID2025-014882,S0023803,2025FA,2025-26,0,0,0,0,0
AID2025-014883,S0011533,2025FA,2025-26,0,0,0,0,0
AID2025-014884,S0034160,2025FA,2025-26,0,0,0,1,5500
AID2025-014885,S0038974,2025FA,2025-26,0,0,0,0,0
AID2025-014886,S0040285,2025FA,2025-26,1,1,7395,0,0
AID2025-014887,S0022780,2025FA,2025-26,0,0,0,1,5500
AID2025-014888,S0020630,2025FA,2025-26,0,0,0,0,0
AID2025-014889,S0037774,2025FA,2025-26,0,0,0,0,0
AID2025-014890,S0018894,2025FA,2025-26,1,0,0,1,5500
AID2025-014891,S0028143,2025FA,2025-26,0,0,0,0,0
AID2025-014892,S0036029,2025FA,2025-26,1,1,7395,0,0
AID2025-014893,S0011283,2025FA,2025-26,0,0,0,1,5500
AID2025-014894,S0033355,2025FA,2025-26,0,0,0,0,0
AID2025-014895,S0025342,2025FA,2025-26,0,0,0,0,0
AID2025-014896,S0037716,2025FA,2025-26,0,0,0,1,5500
AID2025-014897,S0028862,2025FA,2025-26,0,0,0,0,0
AID2025-014898,S0022560,2025FA,2025-26,0,0,0,0,0
AID2025-014899,S0039397,2025FA,2025-26,0,0,0,1,5500
AID2025-014900,S0033205,2025FA,2025-26,1,1,7395,0,0
AID2025-014901,S0023535,2025FA,2025-26,0,0,0,0,0
AID2025-014902,S0033221,2025FA,2025-26,0,0,0,1,5500
AID2025-014903,S0015934,2025FA,2025-26,0,0,0,0,0
AID2025-014904,S0017226,2025FA,2025-26,1,0,0,0,0
AID2025-014905,S0009688,2025FA,2025-26,0,0,0,1,5500
AID2025-014906,S0010118,2025FA,2025-26,1,1,7395,0,0
AID2025-014907,S0019214,2025FA,2025-26,0,0,0,0,0
AID2025-014908,S0022858,2025FA,2025-26,0,0,0,1,5500
AID2025-014909,S0022581,2025FA,2025-26,1,1,7395,0,0
AID2025-014910,S0018342,2025FA,2025-26,0,0,0,0,0
AID2025-014911,S0000358,2025FA,2025-26,0,0,0,1,5500
AID2025-014912,S0036421,2025FA,2025-26,1,1,7395,0,0
AID2025-014913,S0036167,2025FA,2025-26,0,0,0,0,0
AID2025-014914,S0027910,2025FA,2025-26,0,0,0,1,5500
AID2025-014915,S0009755,2025FA,2025-26,1,1,7395,0,0
AID2025-014916,S0038265,2025FA,2025-26,1,1,7395,0,0
AID2025-014917,S0036496,2025FA,2025-26,0,0,0,1,5500
AID2025-014918,S0027718,2025FA,2025-26,0,0,0,0,0
AID2025-014919,S0035239,2025FA,2025-26,0,0,0,0,0
AID2025-014920,S0038192,2025FA,2025-26,1,1,7395,1,5500
AID2025-014921,S0027260,2025FA,2025-26,1,1,7395,0,0
AID2025-014922,S0016253,2025FA,2025-26,0,0,0,0,0
AID2025-014923,S0011889,2025FA,2025-26,0,0,0,1,5500
AID2025-014924,S0005761,2025FA,2025-26,0,0,0,0,0
AID2025-014925,S0013463,2025FA,2025-26,0,0,0,0,0
AID2025-014926,S0026912,2025FA,2025-26,1,1,7395,1,5500
AID2025-014927,S0024015,2025FA,2025-26,1,1,7395,0,0
AID2025-014928,S0024292,2025FA,2025-26,0,0,0,0,0
AID2025-014929,S0007353,2025FA,2025-26,0,0,0,1,5500
AID2025-014930,S0038264,2025FA,2025-26,0,0,0,0,0
AID2025-014931,S0026888,2025FA,2025-26,0,0,0,0,0
AID2025-014932,S0017621,2025FA,2025-26,0,0,0,1,5500
AID2025-014933,S0021123,2025FA,2025-26,0,0,0,0,0
AID2025-014934,S0038319,2025FA,2025-26,1,1,7395,0,0
AID2025-014935,S0022134,2025FA,2025-26,0,0,0,1,5500
AID2025-014936,S0034256,2025FA,2025-26,0,0,0,0,0
AID2025-014937,S0004111,2025FA,2025-26,0,0,0,0,0
AID2025-014938,S0040151,2025FA,2025-26,0,0,0,1,5500
AID2025-014939,S0037547,2025FA,2025-26,0,0,0,0,0
AID2025-014940,S0036471,2025FA,2025-26,0,0,0,0,0
AID2025-014941,S0031721,2025FA,2025-26,1,1,7395,1,5500
AID2025-014942,S0029091,2025FA,2025-26,1,1,7395,0,0
AID2025-014943,S0016298,2025FA,2025-26,0,0,0,0,0
AID2025-014944,S0024188,2025FA,2025-26,0,0,0,1,5500
AID2025-014945,S0035482,2025FA,2025-26,1,1,7395,0,0
AID2025-014946,S0032567,2025FA,2025-26,1,0,0,0,0
AID2025-014947,S0031472,2025FA,2025-26,0,0,0,1,5500
AID2025-014948,S0031676,2025FA,2025-26,0,0,0,0,0
AID2025-014949,S0033307,2025FA,2025-26,0,0,0,0,0
AID2025-014950,S0013638,2025FA,2025-26,0,0,0,1,5500
AID2025-014951,S0017091,2025FA,2025-26,1,1,7395,0,0
AID2025-014952,S0003259,2025FA,2025-26,0,0,0,0,0
AID2025-014953,S0039991,2025FA,2025-26,0,0,0,1,5500
AID2025-014954,S0038181,2025FA,2025-26,0,0,0,0,0
AID2025-014955,S0031107,2025FA,2025-26,0,0,0,0,0
AID2025-014956,S0021221,2025FA,2025-26,0,0,0,1,5500
AID2025-014957,S0003985,2025FA,2025-26,1,1,7395,0,0
AID2025-014958,S0014199,2025FA,2025-26,1,1,7395,0,0
AID2025-014959,S0033364,2025FA,2025-26,0,0,0,1,5500
AID2025-014960,S0039044,2025FA,2025-26,0,0,0,0,0
AID2025-014961,S0036609,2025FA,2025-26,1,1,7395,0,0
AID2025-014962,S0036863,2025FA,2025-26,0,0,0,1,5500
AID2025-014963,S0018019,2025FA,2025-26,0,0,0,0,0
AID2025-014964,S0023663,2025FA,2025-26,1,1,7395,0,0
AID2025-014965,S0022598,2025FA,2025-26,0,0,0,1,5500
AID2025-014966,S0037682,2025FA,2025-26,1,1,7395,0,0
AID2025-014967,S0037040,2025FA,2025-26,1,0,0,0,0
AID2025-014968,S0004985,2025FA,2025-26,1,1,7395,1,5500
AID2025-014969,S0031135,2025FA,2025-26,1,1,7395,0,0
AID2025-014970,S0017993,2025FA,2025-26,0,0,0,0,0
AID2025-014971,S0037635,2025FA,2025-26,0,0,0,1,5500
AID2025-014972,S0022466,2025FA,2025-26,1,1,7395,0,0
AID2025-014973,S0036669,2025FA,2025-26,0,0,0,0,0
AID2025-014974,S0037734,2025FA,2025-26,0,0,0,1,5500
AID2025-014975,S0040044,2025FA,2025-26,0,0,0,0,0
AID2025-014976,S0031663,2025FA,2025-26,1,1,7395,0,0
AID2025-014977,S0023990,2025FA,2025-26,1,1,7395,1,5500
AID2025-014978,S0037810,2025FA,2025-26,0,0,0,0,0
AID2025-014979,S0028987,2025FA,2025-26,1,1,7395,0,0
AID2025-014980,S0013816,2025FA,2025-26,1,1,7395,1,5500
AID2025-014981,S0022913,2025FA,2025-26,0,0,0,0,0
AID2025-014982,S0039325,2025FA,2025-26,1,1,7395,0,0
AID2025-014983,S0033763,2025FA,2025-26,0,0,0,1,5500
AID2025-014984,S0000273,2025FA,2025-26,1,1,7395,0,0
AID2025-014985,S0030931,2025FA,2025-26,0,0,0,0,0
AID2025-014986,S0004194,2025FA,2025-26,0,0,0,1,5500
AID2025-014987,S0032227,2025FA,2025-26,0,0,0,0,0
AID2025-014988,S0037032,2025FA,2025-26,1,0,0,0,0
AID2025-014989,S0035361,2025FA,2025-26,1,1,7395,1,5500
AID2025-014990,S0024205,2025FA,2025-26,0,0,0,0,0
AID2025-014991,S0039445,2025FA,2025-26,0,0,0,0,0
AID2025-014992,S0037391,2025FA,2025-26,0,0,0,1,5500
AID2025-014993,S0019694,2025FA,2025-26,1,1,7395,0,0
AID2025-014994,S0009476,2025FA,2025-26,0,0,0,0,0
AID2025-014995,S0037517,2025FA,2025-26,0,0,0,1,5500
AID2025-014996,S0005944,2025FA,2025-26,0,0,0,0,0
AID2025-014997,S0009695,2025FA,2025-26,0,0,0,0,0
AID2025-014998,S0004154,2025FA,2025-26,0,0,0,1,5500
AID2025-014999,S0036301,2025FA,2025-26,1,1,7395,0,0
AID2025-015000,S0037238,2025FA,2025-26,0,0,0,0,0
AID2025-015001,S0032226,2025FA,2025-26,1,1,7395,1,5500
AID2025-015002,S0035968,2025FA,2025-26,1,0,0,0,0
AID2025-015003,S0027159,2025FA,2025-26,1,1,7395,0,0
AID2025-015004,S0033762,2025FA,2025-26,0,0,0,1,5500
AID2025-015005,S0039570,2025FA,2025-26,1,1,7395,0,0
AID2025-015006,S0021464,2025FA,2025-26,1,1,7395,0,0
AID2025-015007,S0036438,2025FA,2025-26,1,1,7395,1,5500
AID2025-015008,S0015396,2025FA,2025-26,0,0,0,0,0
AID2025-015009,S0036259,2025FA,2025-26,1,0,0,0,0
AID2025-015010,S0039564,2025FA,2025-26,0,0,0,1,5500
AID2025-015011,S0008683,2025FA,2025-26,1,1,7395,0,0
AID2025-015012,S0038746,2025FA,2025-26,1,1,7395,0,0
AID2025-015013,S0000780,2025FA,2025-26,1,1,7395,1,5500
AID2025-015014,S0036970,2025FA,2025-26,0,0,0,0,0
AID2025-015015,S0022640,2025FA,2025-26,1,1,7395,0,0
AID2025-015016,S0003257,2025FA,2025-26,1,1,7395,1,5500
AID2025-015017,S0031961,2025FA,2025-26,0,0,0,0,0
AID2025-015018,S0031773,2025FA,2025-26,0,0,0,0,0
AID2025-015019,S0029217,2025FA,2025-26,0,0,0,1,5500
AID2025-015020,S0037233,2025FA,2025-26,0,0,0,0,0
AID2025-015021,S0034216,2025FA,2025-26,0,0,0,0,0
AID2025-015022,S0020824,2025FA,2025-26,1,1,7395,1,5500
AID2025-015023,S0033033,2025FA,2025-26,0,0,0,0,0
AID2025-015024,S0004025,2025FA,2025-26,0,0,0,0,0
AID2025-015025,S0034060,2025FA,2025-26,1,1,7395,1,5500
AID2025-015026,S0022406,2025FA,2025-26,0,0,0,0,0
AID2025-015027,S0026249,2025FA,2025-26,0,0,0,0,0
AID2025-015028,S0023659,2025FA,2025-26,1,1,7395,1,5500
AID2025-015029,S0029296,2025FA,2025-26,0,0,0,0,0
AID2025-015030,S0024318,2025FA,2025-26,1,0,0,0,0
AID2025-015031,S0037592,2025FA,2025-26,1,1,7395,1,5500
AID2025-015032,S0038685,2025FA,2025-26,0,0,0,0,0
AID2025-015033,S0026195,2025FA,2025-26,0,0,0,0,0
AID2025-015034,S0013422,2025FA,2025-26,0,0,0,1,5500
AID2025-015035,S0037161,2025FA,2025-26,0,0,0,0,0
AID2025-015036,S0031701,2025FA,2025-26,0,0,0,0,0
AID2025-015037,S0008965,2025FA,2025-26,0,0,0,1,5500
AID2025-015038,S0030704,2025FA,2025-26,0,0,0,0,0
AID2025-015039,S0028767,2025FA,2025-26,0,0,0,0,0
AID2025-015040,S0023486,2025FA,2025-26,0,0,0,1,5500
AID2025-015041,S0032199,2025FA,2025-26,0,0,0,0,0
AID2025-015042,S0004435,2025FA,2025-26,0,0,0,0,0
AID2025-015043,S0033730,2025FA,2025-26,0,0,0,1,5500
AID2025-015044,S0022716,2025FA,2025-26,0,0,0,0,0
AID2025-015045,S0038595,2025FA,2025-26,0,0,0,0,0
AID2025-015046,S0037959,2025FA,2025-26,1,1,7395,1,5500
AID2025-015047,S0035081,2025FA,2025-26,0,0,0,0,0
AID2025-015048,S0023619,2025FA,2025-26,0,0,0,0,0
AID2025-015049,S0033274,2025FA,2025-26,0,0,0,1,5500
AID2025-015050,S0015443,2025FA,2025-26,0,0,0,0,0
AID2025-015051,S0028142,2025FA,2025-26,0,0,0,0,0
AID2025-015052,S0038076,2025FA,2025-26,0,0,0,1,5500
AID2025-015053,S0027515,2025FA,2025-26,0,0,0,0,0
AID2025-015054,S0037607,2025FA,2025-26,1,1,7395,0,0
AID2025-015055,S0036040,2025FA,2025-26,1,1,7395,1,5500
AID2025-015056,S0019100,2025FA,2025-26,1,1,7395,0,0
AID2025-015057,S0009665,2025FA,2025-26,0,0,0,0,0
AID2025-015058,S0031771,2025FA,2025-26,0,0,0,1,5500
AID2025-015059,S0027758,2025FA,2025-26,0,0,0,0,0
AID2025-015060,S0028218,2025FA,2025-26,0,0,0,0,0
AID2025-015061,S0023089,2025FA,2025-26,0,0,0,1,5500
AID2025-015062,S0035866,2025FA,2025-26,0,0,0,0,0
AID2025-015063,S0032088,2025FA,2025-26,0,0,0,0,0
AID2025-015064,S0001456,2025FA,2025-26,1,1,7395,1,5500
AID2025-015065,S0031311,2025FA,2025-26,0,0,0,0,0
AID2025-015066,S0011235,2025FA,2025-26,1,1,7395,0,0
AID2025-015067,S0035506,2025FA,2025-26,1,1,7395,1,5500
AID2025-015068,S0028528,2025FA,2025-26,0,0,0,0,0
AID2025-015069,S0009761,2025FA,2025-26,1,1,7395,0,0
AID2025-015070,S0013592,2025FA,2025-26,0,0,0,1,5500
AID2025-015071,S0034272,2025FA,2025-26,0,0,0,0,0
AID2025-015072,S0016059,2025FA,2025-26,1,0,0,0,0
AID2025-015073,S0031205,2025FA,2025-26,1,1,7395,1,5500
AID2025-015074,S0038288,2025FA,2025-26,0,0,0,0,0
AID2025-015075,S0032110,2025FA,2025-26,1,1,7395,0,0
AID2025-015076,S0037446,2025FA,2025-26,0,0,0,1,5500
AID2025-015077,S0035443,2025FA,2025-26,0,0,0,0,0
AID2025-015078,S0030706,2025FA,2025-26,0,0,0,0,0
AID2025-015079,S0039301,2025FA,2025-26,0,0,0,1,5500
AID2025-015080,S0029386,2025FA,2025-26,0,0,0,0,0
AID2025-015081,S0021273,2025FA,2025-26,0,0,0,0,0
AID2025-015082,S0037491,2025FA,2025-26,1,1,7395,1,5500
AID2025-015083,S0023114,2025FA,2025-26,1,1,7395,0,0
AID2025-015084,S0031821,2025FA,2025-26,0,0,0,0,0
AID2025-015085,S0000280,2025FA,2025-26,1,1,7395,1,5500
AID2025-015086,S0037518,2025FA,2025-26,0,0,0,0,0
AID2025-015087,S0027457,2025FA,2025-26,0,0,0,0,0
AID2025-015088,S0014983,2025FA,2025-26,0,0,0,1,5500
AID2025-015089,S0018227,2025FA,2025-26,1,1,7395,0,0
AID2025-015090,S0033035,2025FA,2025-26,0,0,0,0,0
AID2025-015091,S0037586,2025FA,2025-26,1,1,7395,1,5500
AID2025-015092,S0035609,2025FA,2025-26,0,0,0,0,0
AID2025-015093,S0001880,2025FA,2025-26,0,0,0,0,0
AID2025-015094,S0009438,2025FA,2025-26,1,1,7395,1,5500
AID2025-015095,S0036563,2025FA,2025-26,1,1,7395,0,0
AID2025-015096,S0032643,2025FA,2025-26,0,0,0,0,0
AID2025-015097,S0035177,2025FA,2025-26,1,1,7395,1,5500
AID2025-015098,S0027069,2025FA,2025-26,1,1,7395,0,0
AID2025-015099,S0033503,2025FA,2025-26,0,0,0,0,0
AID2025-015100,S0017819,2025FA,2025-26,0,0,0,1,5500
AID2025-015101,S0034336,2025FA,2025-26,0,0,0,0,0
AID2025-015102,S0037206,2025FA,2025-26,1,1,7395,0,0
AID2025-015103,S0037434,2025FA,2025-26,1,1,7395,1,5500
AID2025-015104,S0037146,2025FA,2025-26,0,0,0,0,0
AID2025-015105,S0036960,2025FA,2025-26,0,0,0,0,0
AID2025-015106,S0033142,2025FA,2025-26,0,0,0,1,5500
AID2025-015107,S0010881,2025FA,2025-26,0,0,0,0,0
AID2025-015108,S0012488,2025FA,2025-26,1,1,7395,0,0
AID2025-015109,S0035910,2025FA,2025-26,0,0,0,1,5500
AID2025-015110,S0005600,2025FA,2025-26,1,1,7395,0,0
AID2025-015111,S0023817,2025FA,2025-26,0,0,0,0,0
AID2025-015112,S0012302,2025FA,2025-26,1,1,7395,1,5500
AID2025-015113,S0013621,2025FA,2025-26,0,0,0,0,0
AID2025-015114,S0039208,2025FA,2025-26,1,0,0,0,0
AID2025-015115,S0017032,2025FA,2025-26,0,0,0,1,5500
AID2025-015116,S0001838,2025FA,2025-26,1,1,7395,0,0
AID2025-015117,S0035104,2025FA,2025-26,0,0,0,0,0
AID2025-015118,S0040205,2025FA,2025-26,0,0,0,1,5500
AID2025-015119,S0029158,2025FA,2025-26,0,0,0,0,0
AID2025-015120,S0021072,2025FA,2025-26,0,0,0,0,0
AID2025-015121,S0032034,2025FA,2025-26,0,0,0,1,5500
AID2025-015122,S0039520,2025FA,2025-26,0,0,0,0,0
AID2025-015123,S0036311,2025FA,2025-26,0,0,0,0,0
AID2025-015124,S0012008,2025FA,2025-26,0,0,0,1,5500
AID2025-015125,S0028181,2025FA,2025-26,0,0,0,0,0
AID2025-015126,S0026602,2025FA,2025-26,1,1,7395,0,0
AID2025-015127,S0029001,2025FA,2025-26,0,0,0,1,5500
AID2025-015128,S0028223,2025FA,2025-26,0,0,0,0,0
AID2025-015129,S0036525,2025FA,2025-26,1,1,7395,0,0
AID2025-015130,S0037110,2025FA,2025-26,0,0,0,1,5500
AID2025-015131,S0028425,2025FA,2025-26,1,1,7395,0,0
AID2025-015132,S0036855,2025FA,2025-26,1,1,7395,0,0
AID2025-015133,S0027091,2025FA,2025-26,0,0,0,1,5500
AID2025-015134,S0001181,2025FA,2025-26,1,1,7395,0,0
AID2025-015135,S0034281,2025FA,2025-26,1,0,0,0,0
AID2025-015136,S0023391,2025FA,2025-26,0,0,0,1,5500
AID2025-015137,S0028831,2025FA,2025-26,0,0,0,0,0
AID2025-015138,S0038922,2025FA,2025-26,1,1,7395,0,0
AID2025-015139,S0006450,2025FA,2025-26,1,1,7395,1,5500
AID2025-015140,S0039132,2025FA,2025-26,1,1,7395,0,0
AID2025-015141,S0016995,2025FA,2025-26,1,1,7395,0,0
AID2025-015142,S0014734,2025FA,2025-26,0,0,0,1,5500
AID2025-015143,S0037252,2025FA,2025-26,1,1,7395,0,0
AID2025-015144,S0023918,2025FA,2025-26,0,0,0,0,0
AID2025-015145,S0037860,2025FA,2025-26,1,1,7395,1,5500
AID2025-015146,S0028996,2025FA,2025-26,0,0,0,0,0
AID2025-015147,S0032104,2025FA,2025-26,0,0,0,0,0
AID2025-015148,S0032640,2025FA,2025-26,0,0,0,1,5500
AID2025-015149,S0008809,2025FA,2025-26,1,0,0,0,0
AID2025-015150,S0000724,2025FA,2025-26,0,0,0,0,0
AID2025-015151,S0038734,2025FA,2025-26,1,1,7395,1,5500
AID2025-015152,S0031168,2025FA,2025-26,0,0,0,0,0
AID2025-015153,S0039826,2025FA,2025-26,0,0,0,0,0
AID2025-015154,S0032624,2025FA,2025-26,0,0,0,1,5500
AID2025-015155,S0036430,2025FA,2025-26,0,0,0,0,0
AID2025-015156,S0004874,2025FA,2025-26,0,0,0,0,0
AID2025-015157,S0009523,2025FA,2025-26,1,1,7395,1,5500
AID2025-015158,S0037624,2025FA,2025-26,0,0,0,0,0
AID2025-015159,S0022740,2025FA,2025-26,1,1,7395,0,0
AID2025-015160,S0037577,2025FA,2025-26,1,1,7395,1,5500
AID2025-015161,S0011481,2025FA,2025-26,1,1,7395,0,0
AID2025-015162,S0037160,2025FA,2025-26,0,0,0,0,0
AID2025-015163,S0021190,2025FA,2025-26,1,0,0,1,5500
AID2025-015164,S0001556,2025FA,2025-26,0,0,0,0,0
AID2025-015165,S0030326,2025FA,2025-26,0,0,0,0,0
AID2025-015166,S0014506,2025FA,2025-26,1,1,7395,1,5500
AID2025-015167,S0026746,2025FA,2025-26,0,0,0,0,0
AID2025-015168,S0028419,2025FA,2025-26,0,0,0,0,0
AID2025-015169,S0031686,2025FA,2025-26,0,0,0,1,5500
AID2025-015170,S0039380,2025FA,2025-26,0,0,0,0,0
AID2025-015171,S0032047,2025FA,2025-26,0,0,0,0,0
AID2025-015172,S0027577,2025FA,2025-26,0,0,0,1,5500
AID2025-015173,S0017604,2025FA,2025-26,0,0,0,0,0
AID2025-015174,S0012052,2025FA,2025-26,0,0,0,0,0
AID2025-015175,S0012388,2025FA,2025-26,0,0,0,1,5500
AID2025-015176,S0030551,2025FA,2025-26,1,1,7395,0,0
AID2025-015177,S0037782,2025FA,2025-26,0,0,0,0,0
AID2025-015178,S0025949,2025FA,2025-26,1,1,7395,1,5500
AID2025-015179,S0036827,2025FA,2025-26,0,0,0,0,0
AID2025-015180,S0028460,2025FA,2025-26,1,1,7395,0,0
AID2025-015181,S0036598,2025FA,2025-26,0,0,0,1,5500
AID2025-015182,S0038772,2025FA,2025-26,1,1,7395,0,0
AID2025-015183,S0019671,2025FA,2025-26,0,0,0,0,0
AID2025-015184,S0017940,2025FA,2025-26,0,0,0,1,5500
AID2025-015185,S0038782,2025FA,2025-26,0,0,0,0,0
AID2025-015186,S0034278,2025FA,2025-26,0,0,0,0,0
AID2025-015187,S0029499,2025FA,2025-26,0,0,0,1,5500
AID2025-015188,S0000049,2025FA,2025-26,1,1,7395,0,0
AID2025-015189,S0015362,2025FA,2025-26,0,0,0,0,0
AID2025-015190,S0023917,2025FA,2025-26,0,0,0,1,5500
AID2025-015191,S0034064,2025FA,2025-26,0,0,0,0,0
AID2025-015192,S0039302,2025FA,2025-26,1,1,7395,0,0
AID2025-015193,S0019626,2025FA,2025-26,0,0,0,1,5500
AID2025-015194,S0011165,2025FA,2025-26,1,1,7395,0,0
AID2025-015195,S0035722,2025FA,2025-26,0,0,0,0,0
AID2025-015196,S0033302,2025FA,2025-26,0,0,0,1,5500
AID2025-015197,S0032003,2025FA,2025-26,0,0,0,0,0
AID2025-015198,S0018718,2025FA,2025-26,1,1,7395,0,0
AID2025-015199,S0023241,2025FA,2025-26,0,0,0,1,5500
AID2025-015200,S0011560,2025FA,2025-26,1,1,7395,0,0
AID2025-015201,S0037992,2025FA,2025-26,0,0,0,0,0
AID2025-015202,S0031632,2025FA,2025-26,0,0,0,1,5500
AID2025-015203,S0021139,2025FA,2025-26,0,0,0,0,0
AID2025-015204,S0038580,2025FA,2025-26,0,0,0,0,0
AID2025-015205,S0018955,2025FA,2025-26,1,0,0,1,5500
AID2025-015206,S0036511,2025FA,2025-26,0,0,0,0,0
AID2025-015207,S0039121,2025FA,2025-26,0,0,0,0,0
AID2025-015208,S0035837,2025FA,2025-26,0,0,0,1,5500
AID2025-015209,S0022496,2025FA,2025-26,0,0,0,0,0
AID2025-015210,S0009914,2025FA,2025-26,0,0,0,0,0
AID2025-015211,S0024005,2025FA,2025-26,0,0,0,1,5500
AID2025-015212,S0026523,2025FA,2025-26,1,0,0,0,0
AID2025-015213,S0039603,2025FA,2025-26,0,0,0,0,0
AID2025-015214,S0015484,2025FA,2025-26,0,0,0,1,5500
AID2025-015215,S0013374,2025FA,2025-26,1,1,7395,0,0
AID2025-015216,S0036829,2025FA,2025-26,1,1,7395,0,0
AID2025-015217,S0031648,2025FA,2025-26,1,1,7395,1,5500
AID2025-015218,S0032108,2025FA,2025-26,0,0,0,0,0
AID2025-015219,S0001529,2025FA,2025-26,0,0,0,0,0
AID2025-015220,S0038843,2025FA,2025-26,0,0,0,1,5500
AID2025-015221,S0033404,2025FA,2025-26,0,0,0,0,0
AID2025-015222,S0037906,2025FA,2025-26,1,1,7395,0,0
AID2025-015223,S0031928,2025FA,2025-26,0,0,0,1,5500
AID2025-015224,S0032185,2025FA,2025-26,0,0,0,0,0
AID2025-015225,S0022361,2025FA,2025-26,0,0,0,0,0
AID2025-015226,S0005109,2025FA,2025-26,1,0,0,1,5500
AID2025-015227,S0005050,2025FA,2025-26,0,0,0,0,0
AID2025-015228,S0032373,2025FA,2025-26,0,0,0,0,0
AID2025-015229,S0025348,2025FA,2025-26,0,0,0,1,5500
AID2025-015230,S0040451,2025FA,2025-26,1,1,7395,0,0
AID2025-015231,S0001541,2025FA,2025-26,0,0,0,0,0
AID2025-015232,S0030859,2025FA,2025-26,1,1,7395,1,5500
AID2025-015233,S0016448,2025FA,2025-26,1,0,0,0,0
AID2025-015234,S0029072,2025FA,2025-26,1,1,7395,0,0
AID2025-015235,S0035467,2025FA,2025-26,0,0,0,1,5500
AID2025-015236,S0014348,2025FA,2025-26,1,1,7395,0,0
AID2025-015237,S0031888,2025FA,2025-26,0,0,0,0,0
AID2025-015238,S0033328,2025FA,2025-26,0,0,0,1,5500
AID2025-015239,S0037612,2025FA,2025-26,1,1,7395,0,0
AID2025-015240,S0006593,2025FA,2025-26,0,0,0,0,0
AID2025-015241,S0031756,2025FA,2025-26,0,0,0,1,5500
AID2025-015242,S0017615,2025FA,2025-26,1,1,7395,0,0
AID2025-015243,S0035190,2025FA,2025-26,0,0,0,0,0
AID2025-015244,S0038392,2025FA,2025-26,0,0,0,1,5500
AID2025-015245,S0037482,2025FA,2025-26,0,0,0,0,0
AID2025-015246,S0035263,2025FA,2025-26,0,0,0,0,0
AID2025-015247,S0007956,2025FA,2025-26,0,0,0,1,5500
AID2025-015248,S0035341,2025FA,2025-26,0,0,0,0,0
AID2025-015249,S0011727,2025FA,2025-26,0,0,0,0,0
AID2025-015250,S0028988,2025FA,2025-26,1,1,7395,1,5500
AID2025-015251,S0019270,2025FA,2025-26,1,1,7395,0,0
AID2025-015252,S0033716,2025FA,2025-26,1,1,7395,0,0
AID2025-015253,S0012929,2025FA,2025-26,0,0,0,1,5500
AID2025-015254,S0023510,2025FA,2025-26,0,0,0,0,0
AID2025-015255,S0026847,2025FA,2025-26,1,1,7395,0,0
AID2025-015256,S0022886,2025FA,2025-26,0,0,0,1,5500
AID2025-015257,S0018354,2025FA,2025-26,0,0,0,0,0
AID2025-015258,S0009876,2025FA,2025-26,1,1,7395,0,0
AID2025-015259,S0035964,2025FA,2025-26,0,0,0,1,5500
AID2025-015260,S0020872,2025FA,2025-26,0,0,0,0,0
AID2025-015261,S0028423,2025FA,2025-26,0,0,0,0,0
AID2025-015262,S0035381,2025FA,2025-26,1,1,7395,1,5500
AID2025-015263,S0033424,2025FA,2025-26,0,0,0,0,0
AID2025-015264,S0034421,2025FA,2025-26,1,1,7395,0,0
AID2025-015265,S0033701,2025FA,2025-26,1,1,7395,1,5500
AID2025-015266,S0011832,2025FA,2025-26,1,1,7395,0,0
AID2025-015267,S0009446,2025FA,2025-26,0,0,0,0,0
AID2025-015268,S0026471,2025FA,2025-26,1,0,0,1,5500
AID2025-015269,S0038723,2025FA,2025-26,1,1,7395,0,0
AID2025-015270,S0030286,2025FA,2025-26,0,0,0,0,0
AID2025-015271,S0033910,2025FA,2025-26,0,0,0,1,5500
AID2025-015272,S0022643,2025FA,2025-26,1,1,7395,0,0
AID2025-015273,S0018152,2025FA,2025-26,0,0,0,0,0
AID2025-015274,S0036963,2025FA,2025-26,0,0,0,1,5500
AID2025-015275,S0003992,2025FA,2025-26,1,0,0,0,0
AID2025-015276,S0035664,2025FA,2025-26,0,0,0,0,0
AID2025-015277,S0018530,2025FA,2025-26,0,0,0,1,5500
AID2025-015278,S0003551,2025FA,2025-26,0,0,0,0,0
AID2025-015279,S0000859,2025FA,2025-26,1,1,7395,0,0
AID2025-015280,S0015864,2025FA,2025-26,1,1,7395,1,5500
AID2025-015281,S0032628,2025FA,2025-26,0,0,0,0,0
AID2025-015282,S0038406,2025FA,2025-26,1,0,0,0,0
AID2025-015283,S0021008,2025FA,2025-26,1,1,7395,1,5500
AID2025-015284,S0027931,2025FA,2025-26,0,0,0,0,0
AID2025-015285,S0039959,2025FA,2025-26,0,0,0,0,0
AID2025-015286,S0036883,2025FA,2025-26,0,0,0,1,5500
AID2025-015287,S0026352,2025FA,2025-26,0,0,0,0,0
AID2025-015288,S0018803,2025FA,2025-26,0,0,0,0,0
AID2025-015289,S0017335,2025FA,2025-26,0,0,0,1,5500
AID2025-015290,S0018100,2025FA,2025-26,0,0,0,0,0
AID2025-015291,S0036070,2025FA,2025-26,0,0,0,0,0
AID2025-015292,S0016377,2025FA,2025-26,0,0,0,1,5500
AID2025-015293,S0022221,2025FA,2025-26,0,0,0,0,0
AID2025-015294,S0018800,2025FA,2025-26,0,0,0,0,0
AID2025-015295,S0027467,2025FA,2025-26,1,1,7395,1,5500
AID2025-015296,S0005089,2025FA,2025-26,0,0,0,0,0
AID2025-015297,S0027789,2025FA,2025-26,0,0,0,0,0
AID2025-015298,S0032436,2025FA,2025-26,0,0,0,1,5500
AID2025-015299,S0037949,2025FA,2025-26,0,0,0,0,0
AID2025-015300,S0021095,2025FA,2025-26,0,0,0,0,0
AID2025-015301,S0007703,2025FA,2025-26,0,0,0,1,5500
AID2025-015302,S0035802,2025FA,2025-26,1,1,7395,0,0
AID2025-015303,S0034360,2025FA,2025-26,0,0,0,0,0
AID2025-015304,S0028410,2025FA,2025-26,1,1,7395,1,5500
AID2025-015305,S0035697,2025FA,2025-26,0,0,0,0,0
AID2025-015306,S0008063,2025FA,2025-26,0,0,0,0,0
AID2025-015307,S0018725,2025FA,2025-26,1,1,7395,1,5500
AID2025-015308,S0023454,2025FA,2025-26,0,0,0,0,0
AID2025-015309,S0023847,2025FA,2025-26,0,0,0,0,0
AID2025-015310,S0035103,2025FA,2025-26,0,0,0,1,5500
AID2025-015311,S0010624,2025FA,2025-26,1,1,7395,0,0
AID2025-015312,S0012796,2025FA,2025-26,0,0,0,0,0
AID2025-015313,S0003608,2025FA,2025-26,0,0,0,1,5500
AID2025-015314,S0018480,2025FA,2025-26,0,0,0,0,0
AID2025-015315,S0023532,2025FA,2025-26,0,0,0,0,0
AID2025-015316,S0009637,2025FA,2025-26,1,1,7395,1,5500
AID2025-015317,S0021865,2025FA,2025-26,0,0,0,0,0
AID2025-015318,S0006365,2025FA,2025-26,0,0,0,0,0
AID2025-015319,S0018706,2025FA,2025-26,0,0,0,1,5500
AID2025-015320,S0034211,2025FA,2025-26,0,0,0,0,0
AID2025-015321,S0026786,2025FA,2025-26,0,0,0,0,0
AID2025-015322,S0020784,2025FA,2025-26,0,0,0,1,5500
AID2025-015323,S0022019,2025FA,2025-26,0,0,0,0,0
AID2025-015324,S0012546,2025FA,2025-26,0,0,0,0,0
AID2025-015325,S0014121,2025FA,2025-26,0,0,0,1,5500
AID2025-015326,S0032900,2025FA,2025-26,1,1,7395,0,0
AID2025-015327,S0016862,2025FA,2025-26,0,0,0,0,0
AID2025-015328,S0038326,2025FA,2025-26,1,1,7395,1,5500
AID2025-015329,S0039139,2025FA,2025-26,0,0,0,0,0
AID2025-015330,S0021435,2025FA,2025-26,0,0,0,0,0
AID2025-015331,S0027823,2025FA,2025-26,1,0,0,1,5500
AID2025-015332,S0005443,2025FA,2025-26,0,0,0,0,0
AID2025-015333,S0010724,2025FA,2025-26,1,1,7395,0,0
AID2025-015334,S0005643,2025FA,2025-26,0,0,0,1,5500
AID2025-015335,S0037554,2025FA,2025-26,0,0,0,0,0
AID2025-015336,S0018459,2025FA,2025-26,0,0,0,0,0
AID2025-015337,S0029220,2025FA,2025-26,1,1,7395,1,5500
AID2025-015338,S0013726,2025FA,2025-26,0,0,0,0,0
AID2025-015339,S0040484,2025FA,2025-26,0,0,0,0,0
AID2025-015340,S0013798,2025FA,2025-26,0,0,0,1,5500
AID2025-015341,S0018723,2025FA,2025-26,0,0,0,0,0
AID2025-015342,S0021147,2025FA,2025-26,0,0,0,0,0
AID2025-015343,S0014501,2025FA,2025-26,0,0,0,1,5500
AID2025-015344,S0038797,2025FA,2025-26,1,1,7395,0,0
AID2025-015345,S0000569,2025FA,2025-26,0,0,0,0,0
AID2025-015346,S0006991,2025FA,2025-26,0,0,0,1,5500
AID2025-015347,S0027326,2025FA,2025-26,1,1,7395,0,0
AID2025-015348,S0000488,2025FA,2025-26,1,1,7395,0,0
AID2025-015349,S0035185,2025FA,2025-26,0,0,0,1,5500
AID2025-015350,S0026181,2025FA,2025-26,0,0,0,0,0
AID2025-015351,S0030750,2025FA,2025-26,0,0,0,0,0
AID2025-015352,S0017472,2025FA,2025-26,1,0,0,1,5500
AID2025-015353,S0033088,2025FA,2025-26,0,0,0,0,0
AID2025-015354,S0038443,2025FA,2025-26,1,1,7395,0,0
AID2025-015355,S0011710,2025FA,2025-26,0,0,0,1,5500
AID2025-015356,S0037417,2025FA,2025-26,0,0,0,0,0
AID2025-015357,S0032800,2025FA,2025-26,0,0,0,0,0
AID2025-015358,S0013309,2025FA,2025-26,1,1,7395,1,5500
AID2025-015359,S0024251,2025FA,2025-26,0,0,0,0,0
AID2025-015360,S0027971,2025FA,2025-26,0,0,0,0,0
AID2025-015361,S0038414,2025FA,2025-26,0,0,0,1,5500
AID2025-015362,S0037470,2025FA,2025-26,1,1,7395,0,0
AID2025-015363,S0011204,2025FA,2025-26,1,1,7395,0,0
AID2025-015364,S0034260,2025FA,2025-26,0,0,0,1,5500
AID2025-015365,S0038150,2025FA,2025-26,0,0,0,0,0
AID2025-015366,S0028168,2025FA,2025-26,0,0,0,0,0
AID2025-015367,S0037994,2025FA,2025-26,0,0,0,1,5500
AID2025-015368,S0009841,2025FA,2025-26,0,0,0,0,0
AID2025-015369,S0018380,2025FA,2025-26,0,0,0,0,0
AID2025-015370,S0026321,2025FA,2025-26,0,0,0,1,5500
AID2025-015371,S0037122,2025FA,2025-26,0,0,0,0,0
AID2025-015372,S0039938,2025FA,2025-26,1,1,7395,0,0
AID2025-015373,S0019181,2025FA,2025-26,0,0,0,1,5500
AID2025-015374,S0027070,2025FA,2025-26,0,0,0,0,0
AID2025-015375,S0039330,2025FA,2025-26,0,0,0,0,0
AID2025-015376,S0033298,2025FA,2025-26,0,0,0,1,5500
AID2025-015377,S0031859,2025FA,2025-26,1,1,7395,0,0
AID2025-015378,S0028358,2025FA,2025-26,0,0,0,0,0
AID2025-015379,S0033065,2025FA,2025-26,1,1,7395,1,5500
AID2025-015380,S0027755,2025FA,2025-26,0,0,0,0,0
AID2025-015381,S0013605,2025FA,2025-26,0,0,0,0,0
AID2025-015382,S0033813,2025FA,2025-26,1,1,7395,1,5500
AID2025-015383,S0022770,2025FA,2025-26,0,0,0,0,0
AID2025-015384,S0040422,2025FA,2025-26,1,1,7395,0,0
AID2025-015385,S0022980,2025FA,2025-26,1,1,7395,1,5500
AID2025-015386,S0019529,2025FA,2025-26,1,1,7395,0,0
AID2025-015387,S0039764,2025FA,2025-26,0,0,0,0,0
AID2025-015388,S0019446,2025FA,2025-26,0,0,0,1,5500
AID2025-015389,S0012952,2025FA,2025-26,0,0,0,0,0
AID2025-015390,S0000620,2025FA,2025-26,0,0,0,0,0
AID2025-015391,S0028965,2025FA,2025-26,0,0,0,1,5500
AID2025-015392,S0037599,2025FA,2025-26,0,0,0,0,0
AID2025-015393,S0011916,2025FA,2025-26,0,0,0,0,0
AID2025-015394,S0015109,2025FA,2025-26,0,0,0,1,5500
AID2025-015395,S0028867,2025FA,2025-26,0,0,0,0,0
AID2025-015396,S0039791,2025FA,2025-26,0,0,0,0,0
AID2025-015397,S0011139,2025FA,2025-26,1,1,7395,1,5500
AID2025-015398,S0036759,2025FA,2025-26,1,1,7395,0,0
AID2025-015399,S0000809,2025FA,2025-26,0,0,0,0,0
AID2025-015400,S0030451,2025FA,2025-26,0,0,0,1,5500
AID2025-015401,S0038986,2025FA,2025-26,0,0,0,0,0
AID2025-015402,S0018696,2025FA,2025-26,0,0,0,0,0
AID2025-015403,S0032925,2025FA,2025-26,0,0,0,1,5500
AID2025-015404,S0037088,2025FA,2025-26,0,0,0,0,0
AID2025-015405,S0027770,2025FA,2025-26,0,0,0,0,0
AID2025-015406,S0031635,2025FA,2025-26,1,1,7395,1,5500
AID2025-015407,S0029264,2025FA,2025-26,1,1,7395,0,0
AID2025-015408,S0015091,2025FA,2025-26,1,0,0,0,0
AID2025-015409,S0009018,2025FA,2025-26,1,1,7395,1,5500
AID2025-015410,S0032658,2025FA,2025-26,0,0,0,0,0
AID2025-015411,S0033512,2025FA,2025-26,0,0,0,0,0
AID2025-015412,S0034358,2025FA,2025-26,0,0,0,1,5500
AID2025-015413,S0037461,2025FA,2025-26,0,0,0,0,0
AID2025-015414,S0034224,2025FA,2025-26,0,0,0,0,0
AID2025-015415,S0023466,2025FA,2025-26,1,0,0,1,5500
AID2025-015416,S0038421,2025FA,2025-26,1,1,7395,0,0
AID2025-015417,S0033372,2025FA,2025-26,1,1,7395,0,0
AID2025-015418,S0038186,2025FA,2025-26,0,0,0,1,5500
AID2025-015419,S0026322,2025FA,2025-26,0,0,0,0,0
AID2025-015420,S0037183,2025FA,2025-26,0,0,0,0,0
AID2025-015421,S0039748,2025FA,2025-26,1,1,7395,1,5500
AID2025-015422,S0029565,2025FA,2025-26,0,0,0,0,0
AID2025-015423,S0015991,2025FA,2025-26,1,1,7395,0,0
AID2025-015424,S0031485,2025FA,2025-26,0,0,0,1,5500
AID2025-015425,S0008899,2025FA,2025-26,1,1,7395,0,0
AID2025-015426,S0004182,2025FA,2025-26,1,1,7395,0,0
AID2025-015427,S0006918,2025FA,2025-26,1,1,7395,1,5500
AID2025-015428,S0030802,2025FA,2025-26,0,0,0,0,0
AID2025-015429,S0007015,2025FA,2025-26,0,0,0,0,0
AID2025-015430,S0018448,2025FA,2025-26,1,1,7395,1,5500
AID2025-015431,S0028441,2025FA,2025-26,0,0,0,0,0
AID2025-015432,S0033737,2025FA,2025-26,0,0,0,0,0
AID2025-015433,S0035357,2025FA,2025-26,0,0,0,1,5500
AID2025-015434,S0018038,2025FA,2025-26,0,0,0,0,0
AID2025-015435,S0008376,2025FA,2025-26,0,0,0,0,0
AID2025-015436,S0038996,2025FA,2025-26,0,0,0,1,5500
AID2025-015437,S0037370,2025FA,2025-26,0,0,0,0,0
AID2025-015438,S0017119,2025FA,2025-26,1,1,7395,0,0
AID2025-015439,S0038858,2025FA,2025-26,1,1,7395,1,5500
AID2025-015440,S0028229,2025FA,2025-26,0,0,0,0,0
AID2025-015441,S0015082,2025FA,2025-26,1,1,7395,0,0
AID2025-015442,S0038387,2025FA,2025-26,0,0,0,1,5500
AID2025-015443,S0038488,2025FA,2025-26,0,0,0,0,0
AID2025-015444,S0019148,2025FA,2025-26,0,0,0,0,0
AID2025-015445,S0000448,2025FA,2025-26,0,0,0,1,5500
AID2025-015446,S0037954,2025FA,2025-26,0,0,0,0,0
AID2025-015447,S0015918,2025FA,2025-26,0,0,0,0,0
AID2025-015448,S0032391,2025FA,2025-26,0,0,0,1,5500
AID2025-015449,S0028959,2025FA,2025-26,1,1,7395,0,0
AID2025-015450,S0031401,2025FA,2025-26,1,0,0,0,0
AID2025-015451,S0024431,2025FA,2025-26,1,1,7395,1,5500
AID2025-015452,S0033775,2025FA,2025-26,1,1,7395,0,0
AID2025-015453,S0039311,2025FA,2025-26,0,0,0,0,0
AID2025-015454,S0026890,2025FA,2025-26,1,1,7395,1,5500
AID2025-015455,S0040206,2025FA,2025-26,0,0,0,0,0
AID2025-015456,S0024285,2025FA,2025-26,0,0,0,0,0
AID2025-015457,S0032608,2025FA,2025-26,1,0,0,1,5500
AID2025-015458,S0020846,2025FA,2025-26,1,1,7395,0,0
AID2025-015459,S0031491,2025FA,2025-26,0,0,0,0,0
AID2025-015460,S0019362,2025FA,2025-26,1,1,7395,1,5500
AID2025-015461,S0021967,2025FA,2025-26,0,0,0,0,0
AID2025-015462,S0013449,2025FA,2025-26,1,1,7395,0,0
AID2025-015463,S0036614,2025FA,2025-26,0,0,0,1,5500
AID2025-015464,S0010474,2025FA,2025-26,0,0,0,0,0
AID2025-015465,S0039343,2025FA,2025-26,0,0,0,0,0
AID2025-015466,S0027911,2025FA,2025-26,0,0,0,1,5500
AID2025-015467,S0010062,2025FA,2025-26,0,0,0,0,0
AID2025-015468,S0040393,2025FA,2025-26,0,0,0,0,0
AID2025-015469,S0018804,2025FA,2025-26,0,0,0,1,5500
AID2025-015470,S0027425,2025FA,2025-26,0,0,0,0,0
AID2025-015471,S0033095,2025FA,2025-26,0,0,0,0,0
AID2025-015472,S0023046,2025FA,2025-26,0,0,0,1,5500
AID2025-015473,S0037312,2025FA,2025-26,0,0,0,0,0
AID2025-015474,S0035779,2025FA,2025-26,0,0,0,0,0
AID2025-015475,S0018570,2025FA,2025-26,1,1,7395,1,5500
AID2025-015476,S0028543,2025FA,2025-26,0,0,0,0,0
AID2025-015477,S0038764,2025FA,2025-26,1,1,7395,0,0
AID2025-015478,S0010305,2025FA,2025-26,1,0,0,1,5500
AID2025-015479,S0023667,2025FA,2025-26,0,0,0,0,0
AID2025-015480,S0035704,2025FA,2025-26,0,0,0,0,0
AID2025-015481,S0006377,2025FA,2025-26,0,0,0,1,5500
AID2025-015482,S0032330,2025FA,2025-26,0,0,0,0,0
AID2025-015483,S0038767,2025FA,2025-26,1,1,7395,0,0
AID2025-015484,S0026971,2025FA,2025-26,1,1,7395,1,5500
AID2025-015485,S0029407,2025FA,2025-26,1,0,0,0,0
AID2025-015486,S0028051,2025FA,2025-26,0,0,0,0,0
AID2025-015487,S0039493,2025FA,2025-26,1,1,7395,1,5500
AID2025-015488,S0033764,2025FA,2025-26,0,0,0,0,0
AID2025-015489,S0029037,2025FA,2025-26,1,1,7395,0,0
AID2025-015490,S0015530,2025FA,2025-26,1,1,7395,1,5500
AID2025-015491,S0022553,2025FA,2025-26,0,0,0,0,0
AID2025-015492,S0011330,2025FA,2025-26,0,0,0,0,0
AID2025-015493,S0010028,2025FA,2025-26,0,0,0,1,5500
AID2025-015494,S0036811,2025FA,2025-26,0,0,0,0,0
AID2025-015495,S0029578,2025FA,2025-26,1,1,7395,0,0
AID2025-015496,S0038428,2025FA,2025-26,0,0,0,1,5500
AID2025-015497,S0037829,2025FA,2025-26,0,0,0,0,0
AID2025-015498,S0032372,2025FA,2025-26,0,0,0,0,0
AID2025-015499,S0015153,2025FA,2025-26,0,0,0,1,5500
AID2025-015500,S0034040,2025FA,2025-26,1,1,7395,0,0
AID2025-015501,S0032139,2025FA,2025-26,1,1,7395,0,0
AID2025-015502,S0031808,2025FA,2025-26,1,1,7395,1,5500
AID2025-015503,S0022377,2025FA,2025-26,0,0,0,0,0
AID2025-015504,S0031317,2025FA,2025-26,0,0,0,0,0
AID2025-015505,S0002043,2025FA,2025-26,1,1,7395,1,5500
AID2025-015506,S0036696,2025FA,2025-26,0,0,0,0,0
AID2025-015507,S0032192,2025FA,2025-26,1,1,7395,0,0
AID2025-015508,S0008457,2025FA,2025-26,1,1,7395,1,5500
AID2025-015509,S0026298,2025FA,2025-26,0,0,0,0,0
AID2025-015510,S0033606,2025FA,2025-26,0,0,0,0,0
AID2025-015511,S0029372,2025FA,2025-26,0,0,0,1,5500
AID2025-015512,S0022599,2025FA,2025-26,1,1,7395,0,0
AID2025-015513,S0037629,2025FA,2025-26,0,0,0,0,0
AID2025-015514,S0040204,2025FA,2025-26,0,0,0,1,5500
AID2025-015515,S0031264,2025FA,2025-26,0,0,0,0,0
AID2025-015516,S0039626,2025FA,2025-26,0,0,0,0,0
AID2025-015517,S0037881,2025FA,2025-26,0,0,0,1,5500
AID2025-015518,S0028618,2025FA,2025-26,1,1,7395,0,0
AID2025-015519,S0028341,2025FA,2025-26,0,0,0,0,0
AID2025-015520,S0019230,2025FA,2025-26,1,0,0,1,5500
AID2025-015521,S0018357,2025FA,2025-26,0,0,0,0,0
AID2025-015522,S0032065,2025FA,2025-26,0,0,0,0,0
AID2025-015523,S0000234,2025FA,2025-26,0,0,0,1,5500
AID2025-015524,S0004040,2025FA,2025-26,0,0,0,0,0
AID2025-015525,S0021079,2025FA,2025-26,0,0,0,0,0
AID2025-015526,S0028775,2025FA,2025-26,1,1,7395,1,5500
AID2025-015527,S0039940,2025FA,2025-26,0,0,0,0,0
AID2025-015528,S0016068,2025FA,2025-26,0,0,0,0,0
AID2025-015529,S0003996,2025FA,2025-26,1,1,7395,1,5500
AID2025-015530,S0025416,2025FA,2025-26,1,1,7395,0,0
AID2025-015531,S0027557,2025FA,2025-26,0,0,0,0,0
AID2025-015532,S0022054,2025FA,2025-26,0,0,0,1,5500
AID2025-015533,S0032895,2025FA,2025-26,1,1,7395,0,0
AID2025-015534,S0008844,2025FA,2025-26,1,0,0,0,0
AID2025-015535,S0040242,2025FA,2025-26,1,1,7395,1,5500
AID2025-015536,S0007303,2025FA,2025-26,0,0,0,0,0
AID2025-015537,S0027169,2025FA,2025-26,0,0,0,0,0
AID2025-015538,S0026741,2025FA,2025-26,0,0,0,1,5500
AID2025-015539,S0002079,2025FA,2025-26,0,0,0,0,0
AID2025-015540,S0019120,2025FA,2025-26,0,0,0,0,0
AID2025-015541,S0010540,2025FA,2025-26,1,0,0,1,5500
AID2025-015542,S0024217,2025FA,2025-26,0,0,0,0,0
AID2025-015543,S0009411,2025FA,2025-26,1,1,7395,0,0
AID2025-015544,S0034072,2025FA,2025-26,0,0,0,1,5500
AID2025-015545,S0036775,2025FA,2025-26,1,1,7395,0,0
AID2025-015546,S0032150,2025FA,2025-26,1,1,7395,0,0
AID2025-015547,S0007631,2025FA,2025-26,1,1,7395,1,5500
AID2025-015548,S0011292,2025FA,2025-26,0,0,0,0,0
AID2025-015549,S0014288,2025FA,2025-26,0,0,0,0,0
AID2025-015550,S0034242,2025FA,2025-26,0,0,0,1,5500
AID2025-015551,S0031704,2025FA,2025-26,0,0,0,0,0
AID2025-015552,S0023369,2025FA,2025-26,0,0,0,0,0
AID2025-015553,S0008334,2025FA,2025-26,0,0,0,1,5500
AID2025-015554,S0032384,2025FA,2025-26,0,0,0,0,0
AID2025-015555,S0038412,2025FA,2025-26,0,0,0,0,0
AID2025-015556,S0021176,2025FA,2025-26,0,0,0,1,5500
AID2025-015557,S0039723,2025FA,2025-26,0,0,0,0,0
AID2025-015558,S0036912,2025FA,2025-26,1,1,7395,0,0
AID2025-015559,S0040326,2025FA,2025-26,0,0,0,1,5500
AID2025-015560,S0038605,2025FA,2025-26,0,0,0,0,0
AID2025-015561,S0031949,2025FA,2025-26,0,0,0,0,0
AID2025-015562,S0037528,2025FA,2025-26,0,0,0,1,5500
AID2025-015563,S0036731,2025FA,2025-26,1,1,7395,0,0
AID2025-015564,S0033052,2025FA,2025-26,1,1,7395,0,0
AID2025-015565,S0033475,2025FA,2025-26,0,0,0,1,5500
AID2025-015566,S0024061,2025FA,2025-26,1,1,7395,0,0
AID2025-015567,S0037787,2025FA,2025-26,1,1,7395,0,0
AID2025-015568,S0039425,2025FA,2025-26,1,1,7395,1,5500
AID2025-015569,S0029229,2025FA,2025-26,0,0,0,0,0
AID2025-015570,S0029115,2025FA,2025-26,0,0,0,0,0
AID2025-015571,S0038722,2025FA,2025-26,1,1,7395,1,5500
AID2025-015572,S0028087,2025FA,2025-26,1,1,7395,0,0
AID2025-015573,S0035595,2025FA,2025-26,0,0,0,0,0
AID2025-015574,S0032159,2025FA,2025-26,1,1,7395,1,5500
AID2025-015575,S0013664,2025FA,2025-26,0,0,0,0,0
AID2025-015576,S0008292,2025FA,2025-26,0,0,0,0,0
AID2025-015577,S0000860,2025FA,2025-26,0,0,0,1,5500
AID2025-015578,S0012868,2025FA,2025-26,0,0,0,0,0
AID2025-015579,S0033907,2025FA,2025-26,1,1,7395,0,0
AID2025-015580,S0001599,2025FA,2025-26,0,0,0,1,5500
AID2025-015581,S0021914,2025FA,2025-26,0,0,0,0,0
AID2025-015582,S0027704,2025FA,2025-26,0,0,0,0,0
AID2025-015583,S0019238,2025FA,2025-26,1,0,0,1,5500
AID2025-015584,S0031433,2025FA,2025-26,1,1,7395,0,0
AID2025-015585,S0024426,2025FA,2025-26,0,0,0,0,0
AID2025-015586,S0032357,2025FA,2025-26,1,1,7395,1,5500
AID2025-015587,S0038861,2025FA,2025-26,0,0,0,0,0
AID2025-015588,S0032698,2025FA,2025-26,0,0,0,0,0
AID2025-015589,S0003142,2025FA,2025-26,0,0,0,1,5500
AID2025-015590,S0032464,2025FA,2025-26,0,0,0,0,0
AID2025-015591,S0035160,2025FA,2025-26,0,0,0,0,0
AID2025-015592,S0032152,2025FA,2025-26,0,0,0,1,5500
AID2025-015593,S0026709,2025FA,2025-26,1,1,7395,0,0
AID2025-015594,S0017694,2025FA,2025-26,0,0,0,0,0
AID2025-015595,S0034129,2025FA,2025-26,0,0,0,1,5500
AID2025-015596,S0036239,2025FA,2025-26,0,0,0,0,0
AID2025-015597,S0032078,2025FA,2025-26,0,0,0,0,0
AID2025-015598,S0039029,2025FA,2025-26,0,0,0,1,5500
AID2025-015599,S0007273,2025FA,2025-26,1,1,7395,0,0
AID2025-015600,S0038029,2025FA,2025-26,1,1,7395,0,0
AID2025-015601,S0038031,2025FA,2025-26,0,0,0,1,5500
AID2025-015602,S0003982,2025FA,2025-26,1,1,7395,0,0
AID2025-015603,S0011567,2025FA,2025-26,0,0,0,0,0
AID2025-015604,S0040384,2025FA,2025-26,1,0,0,1,5500
AID2025-015605,S0021727,2025FA,2025-26,0,0,0,0,0
AID2025-015606,S0003890,2025FA,2025-26,0,0,0,0,0
AID2025-015607,S0028678,2025FA,2025-26,0,0,0,1,5500
AID2025-015608,S0039542,2025FA,2025-26,0,0,0,0,0
AID2025-015609,S0037070,2025FA,2025-26,1,1,7395,0,0
AID2025-015610,S0038904,2025FA,2025-26,0,0,0,1,5500
AID2025-015611,S0039489,2025FA,2025-26,0,0,0,0,0
AID2025-015612,S0040041,2025FA,2025-26,1,1,7395,0,0
AID2025-015613,S0037123,2025FA,2025-26,0,0,0,1,5500
AID2025-015614,S0026098,2025FA,2025-26,1,1,7395,0,0
AID2025-015615,S0003162,2025FA,2025-26,0,0,0,0,0
AID2025-015616,S0020775,2025FA,2025-26,1,1,7395,1,5500
AID2025-015617,S0039176,2025FA,2025-26,1,1,7395,0,0
AID2025-015618,S0038349,2025FA,2025-26,0,0,0,0,0
AID2025-015619,S0035767,2025FA,2025-26,0,0,0,1,5500
AID2025-015620,S0040307,2025FA,2025-26,1,1,7395,0,0
AID2025-015621,S0003004,2025FA,2025-26,0,0,0,0,0
AID2025-015622,S0035967,2025FA,2025-26,0,0,0,1,5500
AID2025-015623,S0026111,2025FA,2025-26,1,1,7395,0,0
AID2025-015624,S0027849,2025FA,2025-26,1,1,7395,0,0
AID2025-015625,S0017172,2025FA,2025-26,1,0,0,1,5500
AID2025-015626,S0025360,2025FA,2025-26,0,0,0,0,0
AID2025-015627,S0011505,2025FA,2025-26,0,0,0,0,0
AID2025-015628,S0025391,2025FA,2025-26,0,0,0,1,5500
AID2025-015629,S0029413,2025FA,2025-26,0,0,0,0,0
AID2025-015630,S0035829,2025FA,2025-26,0,0,0,0,0
AID2025-015631,S0036274,2025FA,2025-26,1,1,7395,1,5500
AID2025-015632,S0005449,2025FA,2025-26,0,0,0,0,0
AID2025-015633,S0037221,2025FA,2025-26,0,0,0,0,0
AID2025-015634,S0033304,2025FA,2025-26,0,0,0,1,5500
AID2025-015635,S0040419,2025FA,2025-26,0,0,0,0,0
AID2025-015636,S0000020,2025FA,2025-26,1,1,7395,0,0
AID2025-015637,S0007860,2025FA,2025-26,1,1,7395,1,5500
AID2025-015638,S0021754,2025FA,2025-26,0,0,0,0,0
AID2025-015639,S0015735,2025FA,2025-26,1,0,0,0,0
AID2025-015640,S0039290,2025FA,2025-26,0,0,0,1,5500
AID2025-015641,S0028455,2025FA,2025-26,1,1,7395,0,0
AID2025-015642,S0036468,2025FA,2025-26,1,1,7395,0,0
AID2025-015643,S0034287,2025FA,2025-26,1,1,7395,1,5500
AID2025-015644,S0033344,2025FA,2025-26,1,1,7395,0,0
AID2025-015645,S0007253,2025FA,2025-26,0,0,0,0,0
AID2025-015646,S0018698,2025FA,2025-26,0,0,0,1,5500
AID2025-015647,S0026780,2025FA,2025-26,1,1,7395,0,0
AID2025-015648,S0014790,2025FA,2025-26,0,0,0,0,0
AID2025-015649,S0032919,2025FA,2025-26,0,0,0,1,5500
AID2025-015650,S0038735,2025FA,2025-26,0,0,0,0,0
AID2025-015651,S0038077,2025FA,2025-26,0,0,0,0,0
AID2025-015652,S0024302,2025FA,2025-26,0,0,0,1,5500
AID2025-015653,S0038572,2025FA,2025-26,1,1,7395,0,0
AID2025-015654,S0030698,2025FA,2025-26,1,1,7395,0,0
AID2025-015655,S0030470,2025FA,2025-26,0,0,0,1,5500
AID2025-015656,S0035262,2025FA,2025-26,1,1,7395,0,0
AID2025-015657,S0014395,2025FA,2025-26,0,0,0,0,0
AID2025-015658,S0031603,2025FA,2025-26,0,0,0,1,5500
AID2025-015659,S0017907,2025FA,2025-26,0,0,0,0,0
AID2025-015660,S0032909,2025FA,2025-26,0,0,0,0,0
AID2025-015661,S0001680,2025FA,2025-26,0,0,0,1,5500
AID2025-015662,S0033667,2025FA,2025-26,0,0,0,0,0
AID2025-015663,S0014279,2025FA,2025-26,0,0,0,0,0
AID2025-015664,S0038239,2025FA,2025-26,0,0,0,1,5500
AID2025-015665,S0033397,2025FA,2025-26,0,0,0,0,0
AID2025-015666,S0036740,2025FA,2025-26,0,0,0,0,0
AID2025-015667,S0029468,2025FA,2025-26,0,0,0,1,5500
AID2025-015668,S0038482,2025FA,2025-26,1,1,7395,0,0
AID2025-015669,S0028188,2025FA,2025-26,0,0,0,0,0
AID2025-015670,S0003901,2025FA,2025-26,1,1,7395,1,5500
AID2025-015671,S0031275,2025FA,2025-26,0,0,0,0,0
AID2025-015672,S0033093,2025FA,2025-26,1,1,7395,0,0
AID2025-015673,S0039251,2025FA,2025-26,0,0,0,1,5500
AID2025-015674,S0013971,2025FA,2025-26,1,0,0,0,0
AID2025-015675,S0034314,2025FA,2025-26,0,0,0,0,0
AID2025-015676,S0031800,2025FA,2025-26,0,0,0,1,5500
AID2025-015677,S0030911,2025FA,2025-26,0,0,0,0,0
AID2025-015678,S0035708,2025FA,2025-26,1,1,7395,0,0
AID2025-015679,S0039836,2025FA,2025-26,0,0,0,1,5500
AID2025-015680,S0028363,2025FA,2025-26,1,1,7395,0,0
AID2025-015681,S0024237,2025FA,2025-26,1,0,0,0,0
AID2025-015682,S0010634,2025FA,2025-26,0,0,0,1,5500
AID2025-015683,S0038200,2025FA,2025-26,1,1,7395,0,0
AID2025-015684,S0014011,2025FA,2025-26,0,0,0,0,0
AID2025-015685,S0027474,2025FA,2025-26,0,0,0,1,5500
AID2025-015686,S0035371,2025FA,2025-26,1,1,7395,0,0
AID2025-015687,S0033693,2025FA,2025-26,1,1,7395,0,0
AID2025-015688,S0038943,2025FA,2025-26,1,0,0,1,5500
AID2025-015689,S0031409,2025FA,2025-26,1,1,7395,0,0
AID2025-015690,S0032753,2025FA,2025-26,0,0,0,0,0
AID2025-015691,S0006694,2025FA,2025-26,0,0,0,1,5500
AID2025-015692,S0032197,2025FA,2025-26,1,1,7395,0,0
AID2025-015693,S0004550,2025FA,2025-26,0,0,0,0,0
AID2025-015694,S0032557,2025FA,2025-26,1,1,7395,1,5500
AID2025-015695,S0021499,2025FA,2025-26,0,0,0,0,0
AID2025-015696,S0033738,2025FA,2025-26,0,0,0,0,0
AID2025-015697,S0038248,2025FA,2025-26,0,0,0,1,5500
AID2025-015698,S0026727,2025FA,2025-26,0,0,0,0,0
AID2025-015699,S0037539,2025FA,2025-26,0,0,0,0,0
AID2025-015700,S0016661,2025FA,2025-26,0,0,0,1,5500
AID2025-015701,S0038895,2025FA,2025-26,0,0,0,0,0
AID2025-015702,S0018660,2025FA,2025-26,0,0,0,0,0
AID2025-015703,S0035526,2025FA,2025-26,0,0,0,1,5500
AID2025-015704,S0006251,2025FA,2025-26,0,0,0,0,0
AID2025-015705,S0017343,2025FA,2025-26,0,0,0,0,0
AID2025-015706,S0013044,2025FA,2025-26,0,0,0,1,5500
AID2025-015707,S0001216,2025FA,2025-26,0,0,0,0,0
AID2025-015708,S0014212,2025FA,2025-26,0,0,0,0,0
AID2025-015709,S0022032,2025FA,2025-26,1,0,0,1,5500
AID2025-015710,S0030888,2025FA,2025-26,1,1,7395,0,0
AID2025-015711,S0018874,2025FA,2025-26,1,1,7395,0,0
AID2025-015712,S0026662,2025FA,2025-26,0,0,0,1,5500
AID2025-015713,S0032085,2025FA,2025-26,1,1,7395,0,0
AID2025-015714,S0027876,2025FA,2025-26,0,0,0,0,0
AID2025-015715,S0034158,2025FA,2025-26,0,0,0,1,5500
AID2025-015716,S0010091,2025FA,2025-26,1,0,0,0,0
AID2025-015717,S0009107,2025FA,2025-26,0,0,0,0,0
AID2025-015718,S0028860,2025FA,2025-26,1,1,7395,1,5500
AID2025-015719,S0010779,2025FA,2025-26,1,1,7395,0,0
AID2025-015720,S0022657,2025FA,2025-26,0,0,0,0,0
AID2025-015721,S0004968,2025FA,2025-26,0,0,0,1,5500
AID2025-015722,S0017908,2025FA,2025-26,1,1,7395,0,0
AID2025-015723,S0037150,2025FA,2025-26,1,0,0,0,0
AID2025-015724,S0033240,2025FA,2025-26,1,1,7395,1,5500
AID2025-015725,S0028802,2025FA,2025-26,0,0,0,0,0
AID2025-015726,S0040594,2025FA,2025-26,1,1,7395,0,0
AID2025-015727,S0025662,2025FA,2025-26,0,0,0,1,5500
AID2025-015728,S0038945,2025FA,2025-26,0,0,0,0,0
AID2025-015729,S0038202,2025FA,2025-26,0,0,0,0,0
AID2025-015730,S0034012,2025FA,2025-26,0,0,0,1,5500
AID2025-015731,S0033000,2025FA,2025-26,0,0,0,0,0
AID2025-015732,S0022789,2025FA,2025-26,0,0,0,0,0
AID2025-015733,S0039236,2025FA,2025-26,0,0,0,1,5500
AID2025-015734,S0040479,2025FA,2025-26,1,1,7395,0,0
AID2025-015735,S0007990,2025FA,2025-26,1,1,7395,0,0
AID2025-015736,S0037174,2025FA,2025-26,0,0,0,1,5500
AID2025-015737,S0040628,2025FA,2025-26,0,0,0,0,0
AID2025-015738,S0038053,2025FA,2025-26,0,0,0,0,0
AID2025-015739,S0038931,2025FA,2025-26,0,0,0,1,5500
AID2025-015740,S0018529,2025FA,2025-26,0,0,0,0,0
AID2025-015741,S0018315,2025FA,2025-26,0,0,0,0,0
AID2025-015742,S0007270,2025FA,2025-26,0,0,0,1,5500
AID2025-015743,S0000822,2025FA,2025-26,0,0,0,0,0
AID2025-015744,S0031481,2025FA,2025-26,1,1,7395,0,0
AID2025-015745,S0014356,2025FA,2025-26,1,1,7395,1,5500
AID2025-015746,S0024221,2025FA,2025-26,0,0,0,0,0
AID2025-015747,S0023859,2025FA,2025-26,1,1,7395,0,0
AID2025-015748,S0006990,2025FA,2025-26,1,1,7395,1,5500
AID2025-015749,S0017880,2025FA,2025-26,0,0,0,0,0
AID2025-015750,S0014185,2025FA,2025-26,0,0,0,0,0
AID2025-015751,S0031524,2025FA,2025-26,0,0,0,1,5500
AID2025-015752,S0033721,2025FA,2025-26,0,0,0,0,0
AID2025-015753,S0009078,2025FA,2025-26,0,0,0,0,0
AID2025-015754,S0028094,2025FA,2025-26,0,0,0,1,5500
AID2025-015755,S0023413,2025FA,2025-26,0,0,0,0,0
AID2025-015756,S0022481,2025FA,2025-26,0,0,0,0,0
AID2025-015757,S0037957,2025FA,2025-26,0,0,0,1,5500
AID2025-015758,S0020945,2025FA,2025-26,1,0,0,0,0
AID2025-015759,S0039279,2025FA,2025-26,0,0,0,0,0
AID2025-015760,S0024176,2025FA,2025-26,1,1,7395,1,5500
AID2025-015761,S0027905,2025FA,2025-26,1,1,7395,0,0
AID2025-015762,S0037717,2025FA,2025-26,0,0,0,0,0
AID2025-015763,S0036429,2025FA,2025-26,0,0,0,1,5500
AID2025-015764,S0008974,2025FA,2025-26,0,0,0,0,0
AID2025-015765,S0029257,2025FA,2025-26,1,0,0,0,0
AID2025-015766,S0014256,2025FA,2025-26,0,0,0,1,5500
AID2025-015767,S0039230,2025FA,2025-26,1,1,7395,0,0
AID2025-015768,S0038627,2025FA,2025-26,0,0,0,0,0
AID2025-015769,S0030477,2025FA,2025-26,0,0,0,1,5500
AID2025-015770,S0025474,2025FA,2025-26,0,0,0,0,0
AID2025-015771,S0024268,2025FA,2025-26,0,0,0,0,0
AID2025-015772,S0008880,2025FA,2025-26,0,0,0,1,5500
AID2025-015773,S0040362,2025FA,2025-26,1,1,7395,0,0
AID2025-015774,S0007027,2025FA,2025-26,0,0,0,0,0
AID2025-015775,S0008941,2025FA,2025-26,0,0,0,1,5500
AID2025-015776,S0037366,2025FA,2025-26,0,0,0,0,0
AID2025-015777,S0016475,2025FA,2025-26,0,0,0,0,0
AID2025-015778,S0034415,2025FA,2025-26,0,0,0,1,5500
AID2025-015779,S0037677,2025FA,2025-26,1,0,0,0,0
AID2025-015780,S0031896,2025FA,2025-26,0,0,0,0,0
AID2025-015781,S0039856,2025FA,2025-26,0,0,0,1,5500
AID2025-015782,S0004357,2025FA,2025-26,0,0,0,0,0
AID2025-015783,S0001119,2025FA,2025-26,1,1,7395,0,0
AID2025-015784,S0005789,2025FA,2025-26,0,0,0,1,5500
AID2025-015785,S0015018,2025FA,2025-26,0,0,0,0,0
AID2025-015786,S0010557,2025FA,2025-26,0,0,0,0,0
AID2025-015787,S0031042,2025FA,2025-26,0,0,0,1,5500
AID2025-015788,S0032795,2025FA,2025-26,0,0,0,0,0
AID2025-015789,S0017882,2025FA,2025-26,0,0,0,0,0
AID2025-015790,S0038794,2025FA,2025-26,1,1,7395,1,5500
AID2025-015791,S0004023,2025FA,2025-26,0,0,0,0,0
AID2025-015792,S0005563,2025FA,2025-26,0,0,0,0,0
AID2025-015793,S0037169,2025FA,2025-26,0,0,0,1,5500
AID2025-015794,S0005428,2025FA,2025-26,0,0,0,0,0
AID2025-015795,S0038071,2025FA,2025-26,0,0,0,0,0
AID2025-015796,S0027438,2025FA,2025-26,0,0,0,1,5500
AID2025-015797,S0039982,2025FA,2025-26,0,0,0,0,0
AID2025-015798,S0021493,2025FA,2025-26,0,0,0,0,0
AID2025-015799,S0028807,2025FA,2025-26,0,0,0,1,5500
AID2025-015800,S0028967,2025FA,2025-26,1,0,0,0,0
AID2025-015801,S0022846,2025FA,2025-26,1,1,7395,0,0
AID2025-015802,S0023865,2025FA,2025-26,1,1,7395,1,5500
AID2025-015803,S0022685,2025FA,2025-26,0,0,0,0,0
AID2025-015804,S0015338,2025FA,2025-26,1,1,7395,0,0
AID2025-015805,S0032096,2025FA,2025-26,1,1,7395,1,5500
AID2025-015806,S0037074,2025FA,2025-26,1,1,7395,0,0
AID2025-015807,S0039432,2025FA,2025-26,0,0,0,0,0
AID2025-015808,S0025378,2025FA,2025-26,0,0,0,1,5500
AID2025-015809,S0016124,2025FA,2025-26,1,1,7395,0,0
AID2025-015810,S0040215,2025FA,2025-26,0,0,0,0,0
AID2025-015811,S0023153,2025FA,2025-26,1,1,7395,1,5500
AID2025-015812,S0028088,2025FA,2025-26,1,1,7395,0,0
AID2025-015813,S0038012,2025FA,2025-26,0,0,0,0,0
AID2025-015814,S0036626,2025FA,2025-26,1,0,0,1,5500
AID2025-015815,S0039980,2025FA,2025-26,1,1,7395,0,0
AID2025-015816,S0039787,2025FA,2025-26,0,0,0,0,0
AID2025-015817,S0023284,2025FA,2025-26,0,0,0,1,5500
AID2025-015818,S0036082,2025FA,2025-26,0,0,0,0,0
AID2025-015819,S0039855,2025FA,2025-26,0,0,0,0,0
AID2025-015820,S0003469,2025FA,2025-26,0,0,0,1,5500
AID2025-015821,S0008214,2025FA,2025-26,0,0,0,0,0
AID2025-015822,S0036504,2025FA,2025-26,0,0,0,0,0
AID2025-015823,S0038451,2025FA,2025-26,0,0,0,1,5500
AID2025-015824,S0020850,2025FA,2025-26,1,1,7395,0,0
AID2025-015825,S0019103,2025FA,2025-26,1,1,7395,0,0
AID2025-015826,S0007866,2025FA,2025-26,0,0,0,1,5500
AID2025-015827,S0017593,2025FA,2025-26,0,0,0,0,0
AID2025-015828,S0008504,2025FA,2025-26,0,0,0,0,0
AID2025-015829,S0028975,2025FA,2025-26,0,0,0,1,5500
AID2025-015830,S0036804,2025FA,2025-26,1,1,7395,0,0
AID2025-015831,S0028583,2025FA,2025-26,0,0,0,0,0
AID2025-015832,S0007977,2025FA,2025-26,0,0,0,1,5500
AID2025-015833,S0022366,2025FA,2025-26,1,1,7395,0,0
AID2025-015834,S0040573,2025FA,2025-26,0,0,0,0,0
AID2025-015835,S0025804,2025FA,2025-26,1,1,7395,1,5500
AID2025-015836,S0013074,2025FA,2025-26,0,0,0,0,0
AID2025-015837,S0023092,2025FA,2025-26,0,0,0,0,0
AID2025-015838,S0038808,2025FA,2025-26,0,0,0,1,5500
AID2025-015839,S0036336,2025FA,2025-26,0,0,0,0,0
AID2025-015840,S0020993,2025FA,2025-26,0,0,0,0,0
AID2025-015841,S0036605,2025FA,2025-26,1,1,7395,1,5500
AID2025-015842,S0027501,2025FA,2025-26,1,0,0,0,0
AID2025-015843,S0030963,2025FA,2025-26,0,0,0,0,0
AID2025-015844,S0022607,2025FA,2025-26,0,0,0,1,5500
AID2025-015845,S0027331,2025FA,2025-26,1,1,7395,0,0
AID2025-015846,S0031622,2025FA,2025-26,0,0,0,0,0
AID2025-015847,S0033824,2025FA,2025-26,0,0,0,1,5500
AID2025-015848,S0028144,2025FA,2025-26,0,0,0,0,0
AID2025-015849,S0036800,2025FA,2025-26,0,0,0,0,0
AID2025-015850,S0026422,2025FA,2025-26,0,0,0,1,5500
AID2025-015851,S0036583,2025FA,2025-26,0,0,0,0,0
AID2025-015852,S0022938,2025FA,2025-26,0,0,0,0,0
AID2025-015853,S0022702,2025FA,2025-26,0,0,0,1,5500
AID2025-015854,S0015700,2025FA,2025-26,0,0,0,0,0
AID2025-015855,S0027036,2025FA,2025-26,0,0,0,0,0
AID2025-015856,S0003310,2025FA,2025-26,1,0,0,1,5500
AID2025-015857,S0039859,2025FA,2025-26,0,0,0,0,0
AID2025-015858,S0023355,2025FA,2025-26,1,1,7395,0,0
AID2025-015859,S0023319,2025FA,2025-26,1,1,7395,1,5500
AID2025-015860,S0026527,2025FA,2025-26,0,0,0,0,0
AID2025-015861,S0034404,2025FA,2025-26,0,0,0,0,0
AID2025-015862,S0028875,2025FA,2025-26,0,0,0,1,5500
AID2025-015863,S0000352,2025FA,2025-26,0,0,0,0,0
AID2025-015864,S0012774,2025FA,2025-26,0,0,0,0,0
AID2025-015865,S0019268,2025FA,2025-26,0,0,0,1,5500
AID2025-015866,S0038293,2025FA,2025-26,0,0,0,0,0
AID2025-015867,S0034268,2025FA,2025-26,0,0,0,0,0
AID2025-015868,S0037903,2025FA,2025-26,1,1,7395,1,5500
AID2025-015869,S0032957,2025FA,2025-26,1,1,7395,0,0
AID2025-015870,S0004947,2025FA,2025-26,0,0,0,0,0
AID2025-015871,S0012389,2025FA,2025-26,0,0,0,1,5500
AID2025-015872,S0022902,2025FA,2025-26,0,0,0,0,0
AID2025-015873,S0034418,2025FA,2025-26,1,1,7395,0,0
AID2025-015874,S0036368,2025FA,2025-26,0,0,0,1,5500
AID2025-015875,S0033534,2025FA,2025-26,0,0,0,0,0
AID2025-015876,S0038170,2025FA,2025-26,0,0,0,0,0
AID2025-015877,S0005237,2025FA,2025-26,0,0,0,1,5500
AID2025-015878,S0009509,2025FA,2025-26,0,0,0,0,0
AID2025-015879,S0032256,2025FA,2025-26,1,1,7395,0,0
AID2025-015880,S0032135,2025FA,2025-26,0,0,0,1,5500
AID2025-015881,S0040527,2025FA,2025-26,0,0,0,0,0
AID2025-015882,S0032358,2025FA,2025-26,0,0,0,0,0
AID2025-015883,S0001230,2025FA,2025-26,0,0,0,1,5500
AID2025-015884,S0025750,2025FA,2025-26,0,0,0,0,0
AID2025-015885,S0019394,2025FA,2025-26,0,0,0,0,0
AID2025-015886,S0030890,2025FA,2025-26,0,0,0,1,5500
AID2025-015887,S0032155,2025FA,2025-26,0,0,0,0,0
AID2025-015888,S0028231,2025FA,2025-26,1,1,7395,0,0
AID2025-015889,S0019667,2025FA,2025-26,0,0,0,1,5500
AID2025-015890,S0038140,2025FA,2025-26,0,0,0,0,0
AID2025-015891,S0027387,2025FA,2025-26,1,0,0,0,0
AID2025-015892,S0039474,2025FA,2025-26,1,1,7395,1,5500
AID2025-015893,S0036308,2025FA,2025-26,1,1,7395,0,0
AID2025-015894,S0009279,2025FA,2025-26,0,0,0,0,0
AID2025-015895,S0035987,2025FA,2025-26,0,0,0,1,5500
AID2025-015896,S0032981,2025FA,2025-26,0,0,0,0,0
AID2025-015897,S0032220,2025FA,2025-26,1,1,7395,0,0
AID2025-015898,S0040173,2025FA,2025-26,1,0,0,1,5500
AID2025-015899,S0000525,2025FA,2025-26,0,0,0,0,0
AID2025-015900,S0034273,2025FA,2025-26,1,1,7395,0,0
AID2025-015901,S0027932,2025FA,2025-26,0,0,0,1,5500
AID2025-015902,S0034034,2025FA,2025-26,0,0,0,0,0
AID2025-015903,S0032064,2025FA,2025-26,0,0,0,0,0
AID2025-015904,S0000927,2025FA,2025-26,1,1,7395,1,5500
AID2025-015905,S0015305,2025FA,2025-26,1,0,0,0,0
AID2025-015906,S0040207,2025FA,2025-26,0,0,0,0,0
AID2025-015907,S0035363,2025FA,2025-26,0,0,0,1,5500
AID2025-015908,S0032885,2025FA,2025-26,0,0,0,0,0
AID2025-015909,S0032802,2025FA,2025-26,0,0,0,0,0
AID2025-015910,S0031545,2025FA,2025-26,1,1,7395,1,5500
AID2025-015911,S0034297,2025FA,2025-26,0,0,0,0,0
AID2025-015912,S0030306,2025FA,2025-26,0,0,0,0,0
AID2025-015913,S0037492,2025FA,2025-26,1,1,7395,1,5500
AID2025-015914,S0040371,2025FA,2025-26,0,0,0,0,0
AID2025-015915,S0026951,2025FA,2025-26,0,0,0,0,0
AID2025-015916,S0027724,2025FA,2025-26,0,0,0,1,5500
AID2025-015917,S0036551,2025FA,2025-26,1,1,7395,0,0
AID2025-015918,S0031600,2025FA,2025-26,1,1,7395,0,0
AID2025-015919,S0026299,2025FA,2025-26,1,0,0,1,5500
AID2025-015920,S0037620,2025FA,2025-26,0,0,0,0,0
AID2025-015921,S0015089,2025FA,2025-26,0,0,0,0,0
AID2025-015922,S0028693,2025FA,2025-26,1,1,7395,1,5500
AID2025-015923,S0037968,2025FA,2025-26,0,0,0,0,0
AID2025-015924,S0001288,2025FA,2025-26,0,0,0,0,0
AID2025-015925,S0026374,2025FA,2025-26,0,0,0,1,5500
AID2025-015926,S0025883,2025FA,2025-26,0,0,0,0,0
AID2025-015927,S0032292,2025FA,2025-26,1,1,7395,0,0
AID2025-015928,S0018515,2025FA,2025-26,0,0,0,1,5500
AID2025-015929,S0026151,2025FA,2025-26,0,0,0,0,0
AID2025-015930,S0028992,2025FA,2025-26,0,0,0,0,0
AID2025-015931,S0018169,2025FA,2025-26,0,0,0,1,5500
AID2025-015932,S0032143,2025FA,2025-26,1,1,7395,0,0
AID2025-015933,S0006884,2025FA,2025-26,1,0,0,0,0
AID2025-015934,S0029070,2025FA,2025-26,0,0,0,1,5500
AID2025-015935,S0040374,2025FA,2025-26,1,1,7395,0,0
AID2025-015936,S0016066,2025FA,2025-26,0,0,0,0,0
AID2025-015937,S0018404,2025FA,2025-26,0,0,0,1,5500
AID2025-015938,S0000510,2025FA,2025-26,1,1,7395,0,0
AID2025-015939,S0018236,2025FA,2025-26,1,1,7395,0,0
AID2025-015940,S0035850,2025FA,2025-26,0,0,0,1,5500
AID2025-015941,S0033190,2025FA,2025-26,0,0,0,0,0
AID2025-015942,S0003400,2025FA,2025-26,1,1,7395,0,0
AID2025-015943,S0035961,2025FA,2025-26,1,1,7395,1,5500
AID2025-015944,S0029156,2025FA,2025-26,0,0,0,0,0
AID2025-015945,S0012955,2025FA,2025-26,0,0,0,0,0
AID2025-015946,S0027430,2025FA,2025-26,1,1,7395,1,5500
AID2025-015947,S0024368,2025FA,2025-26,0,0,0,0,0
AID2025-015948,S0039827,2025FA,2025-26,0,0,0,0,0
AID2025-015949,S0027680,2025FA,2025-26,1,1,7395,1,5500
AID2025-015950,S0021369,2025FA,2025-26,0,0,0,0,0
AID2025-015951,S0033429,2025FA,2025-26,0,0,0,0,0
AID2025-015952,S0026077,2025FA,2025-26,1,1,7395,1,5500
AID2025-015953,S0036041,2025FA,2025-26,0,0,0,0,0
AID2025-015954,S0012087,2025FA,2025-26,0,0,0,0,0
AID2025-015955,S0017428,2025FA,2025-26,0,0,0,1,5500
AID2025-015956,S0022781,2025FA,2025-26,0,0,0,0,0
AID2025-015957,S0010466,2025FA,2025-26,0,0,0,0,0
AID2025-015958,S0022887,2025FA,2025-26,0,0,0,1,5500
AID2025-015959,S0013003,2025FA,2025-26,0,0,0,0,0
AID2025-015960,S0035115,2025FA,2025-26,0,0,0,0,0
AID2025-015961,S0023367,2025FA,2025-26,0,0,0,1,5500
AID2025-015962,S0035336,2025FA,2025-26,0,0,0,0,0
AID2025-015963,S0025565,2025FA,2025-26,0,0,0,0,0
AID2025-015964,S0000226,2025FA,2025-26,0,0,0,1,5500
AID2025-015965,S0040340,2025FA,2025-26,0,0,0,0,0
AID2025-015966,S0039794,2025FA,2025-26,0,0,0,0,0
AID2025-015967,S0028316,2025FA,2025-26,0,0,0,1,5500
AID2025-015968,S0024198,2025FA,2025-26,0,0,0,0,0
AID2025-015969,S0021632,2025FA,2025-26,0,0,0,0,0
AID2025-015970,S0033450,2025FA,2025-26,0,0,0,1,5500
AID2025-015971,S0017945,2025FA,2025-26,1,1,7395,0,0
AID2025-015972,S0033213,2025FA,2025-26,1,1,7395,0,0
AID2025-015973,S0006220,2025FA,2025-26,0,0,0,1,5500
AID2025-015974,S0038640,2025FA,2025-26,0,0,0,0,0
AID2025-015975,S0035591,2025FA,2025-26,1,0,0,0,0
AID2025-015976,S0003616,2025FA,2025-26,0,0,0,1,5500
AID2025-015977,S0035926,2025FA,2025-26,1,1,7395,0,0
AID2025-015978,S0021807,2025FA,2025-26,0,0,0,0,0
AID2025-015979,S0033567,2025FA,2025-26,1,1,7395,1,5500
AID2025-015980,S0032786,2025FA,2025-26,0,0,0,0,0
AID2025-015981,S0023170,2025FA,2025-26,0,0,0,0,0
AID2025-015982,S0039399,2025FA,2025-26,1,0,0,1,5500
AID2025-015983,S0001307,2025FA,2025-26,0,0,0,0,0
AID2025-015984,S0016766,2025FA,2025-26,0,0,0,0,0
AID2025-015985,S0032703,2025FA,2025-26,0,0,0,1,5500
AID2025-015986,S0033583,2025FA,2025-26,0,0,0,0,0
AID2025-015987,S0039754,2025FA,2025-26,0,0,0,0,0
AID2025-015988,S0022457,2025FA,2025-26,1,1,7395,1,5500
AID2025-015989,S0028816,2025FA,2025-26,1,0,0,0,0
AID2025-015990,S0000158,2025FA,2025-26,1,1,7395,0,0
AID2025-015991,S0038086,2025FA,2025-26,0,0,0,1,5500
AID2025-015992,S0028960,2025FA,2025-26,0,0,0,0,0
AID2025-015993,S0033151,2025FA,2025-26,0,0,0,0,0
AID2025-015994,S0031159,2025FA,2025-26,1,1,7395,1,5500
AID2025-015995,S0032618,2025FA,2025-26,0,0,0,0,0
AID2025-015996,S0032733,2025FA,2025-26,1,0,0,0,0
AID2025-015997,S0038057,2025FA,2025-26,0,0,0,1,5500
AID2025-015998,S0039960,2025FA,2025-26,1,1,7395,0,0
AID2025-015999,S0021668,2025FA,2025-26,0,0,0,0,0
AID2025-016000,S0028261,2025FA,2025-26,1,1,7395,1,5500
AID2025-016001,S0027334,2025FA,2025-26,0,0,0,0,0
AID2025-016002,S0032583,2025FA,2025-26,0,0,0,0,0
AID2025-016003,S0036681,2025FA,2025-26,0,0,0,1,5500
AID2025-016004,S0039696,2025FA,2025-26,0,0,0,0,0
AID2025-016005,S0000171,2025FA,2025-26,1,1,7395,0,0
AID2025-016006,S0036910,2025FA,2025-26,0,0,0,1,5500
AID2025-016007,S0010444,2025FA,2025-26,1,1,7395,0,0
AID2025-016008,S0012031,2025FA,2025-26,1,1,7395,0,0
AID2025-016009,S0037615,2025FA,2025-26,0,0,0,1,5500
AID2025-016010,S0028084,2025FA,2025-26,0,0,0,0,0
AID2025-016011,S0012560,2025FA,2025-26,0,0,0,0,0
AID2025-016012,S0023414,2025FA,2025-26,0,0,0,1,5500
AID2025-016013,S0027865,2025FA,2025-26,0,0,0,0,0
AID2025-016014,S0032472,2025FA,2025-26,0,0,0,0,0
AID2025-016015,S0001007,2025FA,2025-26,0,0,0,1,5500
AID2025-016016,S0032774,2025FA,2025-26,0,0,0,0,0
AID2025-016017,S0039694,2025FA,2025-26,0,0,0,0,0
AID2025-016018,S0040624,2025FA,2025-26,1,1,7395,1,5500
AID2025-016019,S0037996,2025FA,2025-26,0,0,0,0,0
AID2025-016020,S0009924,2025FA,2025-26,1,1,7395,0,0
AID2025-016021,S0033943,2025FA,2025-26,0,0,0,1,5500
AID2025-016022,S0035604,2025FA,2025-26,0,0,0,0,0
AID2025-016023,S0035730,2025FA,2025-26,0,0,0,0,0
AID2025-016024,S0028625,2025FA,2025-26,1,0,0,1,5500
AID2025-016025,S0001563,2025FA,2025-26,0,0,0,0,0
AID2025-016026,S0018481,2025FA,2025-26,0,0,0,0,0
AID2025-016027,S0039341,2025FA,2025-26,0,0,0,1,5500
AID2025-016028,S0034371,2025FA,2025-26,1,1,7395,0,0
AID2025-016029,S0001417,2025FA,2025-26,0,0,0,0,0
AID2025-016030,S0011933,2025FA,2025-26,0,0,0,1,5500
AID2025-016031,S0036008,2025FA,2025-26,0,0,0,0,0
AID2025-016032,S0033460,2025FA,2025-26,0,0,0,0,0
AID2025-016033,S0034015,2025FA,2025-26,0,0,0,1,5500
AID2025-016034,S0027323,2025FA,2025-26,1,1,7395,0,0
AID2025-016035,S0036300,2025FA,2025-26,1,1,7395,0,0
AID2025-016036,S0011150,2025FA,2025-26,1,1,7395,1,5500
AID2025-016037,S0030612,2025FA,2025-26,0,0,0,0,0
AID2025-016038,S0000370,2025FA,2025-26,0,0,0,0,0
AID2025-016039,S0004682,2025FA,2025-26,0,0,0,1,5500
AID2025-016040,S0014959,2025FA,2025-26,0,0,0,0,0
AID2025-016041,S0036671,2025FA,2025-26,0,0,0,0,0
AID2025-016042,S0029394,2025FA,2025-26,0,0,0,1,5500
AID2025-016043,S0007251,2025FA,2025-26,0,0,0,0,0
AID2025-016044,S0028928,2025FA,2025-26,1,1,7395,0,0
AID2025-016045,S0032286,2025FA,2025-26,1,0,0,1,5500
AID2025-016046,S0029210,2025FA,2025-26,0,0,0,0,0
AID2025-016047,S0037179,2025FA,2025-26,1,1,7395,0,0
AID2025-016048,S0034121,2025FA,2025-26,0,0,0,1,5500
AID2025-016049,S0030437,2025FA,2025-26,0,0,0,0,0
AID2025-016050,S0036944,2025FA,2025-26,0,0,0,0,0
AID2025-016051,S0026227,2025FA,2025-26,1,1,7395,1,5500
AID2025-016052,S0030641,2025FA,2025-26,0,0,0,0,0
AID2025-016053,S0039323,2025FA,2025-26,0,0,0,0,0
AID2025-016054,S0038340,2025FA,2025-26,0,0,0,1,5500
AID2025-016055,S0037879,2025FA,2025-26,0,0,0,0,0
AID2025-016056,S0009668,2025FA,2025-26,1,1,7395,0,0
AID2025-016057,S0011458,2025FA,2025-26,0,0,0,1,5500
AID2025-016058,S0039663,2025FA,2025-26,1,1,7395,0,0
AID2025-016059,S0001626,2025FA,2025-26,0,0,0,0,0
AID2025-016060,S0005787,2025FA,2025-26,0,0,0,1,5500
AID2025-016061,S0012724,2025FA,2025-26,1,1,7395,0,0
AID2025-016062,S0037479,2025FA,2025-26,0,0,0,0,0
AID2025-016063,S0018661,2025FA,2025-26,0,0,0,1,5500
AID2025-016064,S0010333,2025FA,2025-26,0,0,0,0,0
AID2025-016065,S0005409,2025FA,2025-26,0,0,0,0,0
AID2025-016066,S0026952,2025FA,2025-26,1,0,0,1,5500
AID2025-016067,S0033116,2025FA,2025-26,0,0,0,0,0
AID2025-016068,S0028085,2025FA,2025-26,1,1,7395,0,0
AID2025-016069,S0019709,2025FA,2025-26,0,0,0,1,5500
AID2025-016070,S0040140,2025FA,2025-26,0,0,0,0,0
AID2025-016071,S0025370,2025FA,2025-26,1,1,7395,0,0
AID2025-016072,S0038091,2025FA,2025-26,0,0,0,1,5500
AID2025-016073,S0019195,2025FA,2025-26,0,0,0,0,0
AID2025-016074,S0013936,2025FA,2025-26,0,0,0,0,0
AID2025-016075,S0023047,2025FA,2025-26,0,0,0,1,5500
AID2025-016076,S0026601,2025FA,2025-26,1,1,7395,0,0
AID2025-016077,S0032053,2025FA,2025-26,0,0,0,0,0
AID2025-016078,S0018353,2025FA,2025-26,1,1,7395,1,5500
AID2025-016079,S0036500,2025FA,2025-26,0,0,0,0,0
AID2025-016080,S0040613,2025FA,2025-26,0,0,0,0,0
AID2025-016081,S0021377,2025FA,2025-26,0,0,0,1,5500
AID2025-016082,S0034074,2025FA,2025-26,0,0,0,0,0
AID2025-016083,S0036062,2025FA,2025-26,1,1,7395,0,0
AID2025-016084,S0033367,2025FA,2025-26,1,1,7395,1,5500
AID2025-016085,S0019359,2025FA,2025-26,1,1,7395,0,0
AID2025-016086,S0038284,2025FA,2025-26,0,0,0,0,0
AID2025-016087,S0008487,2025FA,2025-26,0,0,0,1,5500
AID2025-016088,S0034263,2025FA,2025-26,0,0,0,0,0
AID2025-016089,S0003394,2025FA,2025-26,1,1,7395,0,0
AID2025-016090,S0014827,2025FA,2025-26,0,0,0,1,5500
AID2025-016091,S0023277,2025FA,2025-26,0,0,0,0,0
AID2025-016092,S0022767,2025FA,2025-26,0,0,0,0,0
AID2025-016093,S0016130,2025FA,2025-26,0,0,0,1,5500
AID2025-016094,S0017191,2025FA,2025-26,0,0,0,0,0
AID2025-016095,S0019516,2025FA,2025-26,0,0,0,0,0
AID2025-016096,S0033829,2025FA,2025-26,0,0,0,1,5500
AID2025-016097,S0040399,2025FA,2025-26,1,1,7395,0,0
AID2025-016098,S0027861,2025FA,2025-26,0,0,0,0,0
AID2025-016099,S0003749,2025FA,2025-26,0,0,0,1,5500
AID2025-016100,S0024391,2025FA,2025-26,1,1,7395,0,0
AID2025-016101,S0040272,2025FA,2025-26,0,0,0,0,0
AID2025-016102,S0004767,2025FA,2025-26,0,0,0,1,5500
AID2025-016103,S0015262,2025FA,2025-26,0,0,0,0,0
AID2025-016104,S0037139,2025FA,2025-26,0,0,0,0,0
AID2025-016105,S0033020,2025FA,2025-26,0,0,0,1,5500
AID2025-016106,S0026557,2025FA,2025-26,0,0,0,0,0
AID2025-016107,S0010284,2025FA,2025-26,1,1,7395,0,0
AID2025-016108,S0003958,2025FA,2025-26,0,0,0,1,5500
AID2025-016109,S0032712,2025FA,2025-26,0,0,0,0,0
AID2025-016110,S0007050,2025FA,2025-26,1,1,7395,0,0
AID2025-016111,S0035700,2025FA,2025-26,0,0,0,1,5500
AID2025-016112,S0024468,2025FA,2025-26,0,0,0,0,0
AID2025-016113,S0013507,2025FA,2025-26,0,0,0,0,0
AID2025-016114,S0006503,2025FA,2025-26,0,0,0,1,5500
AID2025-016115,S0029000,2025FA,2025-26,0,0,0,0,0
AID2025-016116,S0032819,2025FA,2025-26,0,0,0,0,0
AID2025-016117,S0039828,2025FA,2025-26,1,1,7395,1,5500
AID2025-016118,S0000246,2025FA,2025-26,0,0,0,0,0
AID2025-016119,S0014544,2025FA,2025-26,0,0,0,0,0
AID2025-016120,S0007099,2025FA,2025-26,1,1,7395,1,5500
AID2025-016121,S0038695,2025FA,2025-26,0,0,0,0,0
AID2025-016122,S0014462,2025FA,2025-26,0,0,0,0,0
AID2025-016123,S0000146,2025FA,2025-26,1,1,7395,1,5500
AID2025-016124,S0028605,2025FA,2025-26,0,0,0,0,0
AID2025-016125,S0004069,2025FA,2025-26,0,0,0,0,0
AID2025-016126,S0039981,2025FA,2025-26,0,0,0,1,5500
AID2025-016127,S0035821,2025FA,2025-26,0,0,0,0,0
AID2025-016128,S0040347,2025FA,2025-26,0,0,0,0,0
AID2025-016129,S0040107,2025FA,2025-26,1,0,0,1,5500
AID2025-016130,S0027436,2025FA,2025-26,1,1,7395,0,0
AID2025-016131,S0032853,2025FA,2025-26,0,0,0,0,0
AID2025-016132,S0016315,2025FA,2025-26,0,0,0,1,5500
AID2025-016133,S0039165,2025FA,2025-26,1,1,7395,0,0
AID2025-016134,S0013532,2025FA,2025-26,0,0,0,0,0
AID2025-016135,S0008399,2025FA,2025-26,0,0,0,1,5500
AID2025-016136,S0032978,2025FA,2025-26,0,0,0,0,0
AID2025-016137,S0003104,2025FA,2025-26,0,0,0,0,0
AID2025-016138,S0004169,2025FA,2025-26,0,0,0,1,5500
AID2025-016139,S0033075,2025FA,2025-26,1,1,7395,0,0
AID2025-016140,S0023100,2025FA,2025-26,0,0,0,0,0
AID2025-016141,S0017115,2025FA,2025-26,0,0,0,1,5500
AID2025-016142,S0039667,2025FA,2025-26,1,1,7395,0,0
AID2025-016143,S0017004,2025FA,2025-26,0,0,0,0,0
AID2025-016144,S0023744,2025FA,2025-26,0,0,0,1,5500
AID2025-016145,S0028745,2025FA,2025-26,0,0,0,0,0
AID2025-016146,S0015182,2025FA,2025-26,1,1,7395,0,0
AID2025-016147,S0033418,2025FA,2025-26,1,1,7395,1,5500
AID2025-016148,S0037944,2025FA,2025-26,0,0,0,0,0
AID2025-016149,S0037289,2025FA,2025-26,1,1,7395,0,0
AID2025-016150,S0024430,2025FA,2025-26,0,0,0,1,5500
AID2025-016151,S0028488,2025FA,2025-26,0,0,0,0,0
AID2025-016152,S0036450,2025FA,2025-26,0,0,0,0,0
AID2025-016153,S0040039,2025FA,2025-26,0,0,0,1,5500
AID2025-016154,S0030922,2025FA,2025-26,0,0,0,0,0
AID2025-016155,S0018906,2025FA,2025-26,0,0,0,0,0
AID2025-016156,S0036524,2025FA,2025-26,1,1,7395,1,5500
AID2025-016157,S0001353,2025FA,2025-26,0,0,0,0,0
AID2025-016158,S0037658,2025FA,2025-26,1,1,7395,0,0
AID2025-016159,S0035634,2025FA,2025-26,1,1,7395,1,5500
AID2025-016160,S0027721,2025FA,2025-26,0,0,0,0,0
AID2025-016161,S0039636,2025FA,2025-26,1,1,7395,0,0
AID2025-016162,S0001162,2025FA,2025-26,1,1,7395,1,5500
AID2025-016163,S0028317,2025FA,2025-26,0,0,0,0,0
AID2025-016164,S0009513,2025FA,2025-26,0,0,0,0,0
AID2025-016165,S0035305,2025FA,2025-26,0,0,0,1,5500
AID2025-016166,S0025500,2025FA,2025-26,0,0,0,0,0
AID2025-016167,S0017834,2025FA,2025-26,0,0,0,0,0
AID2025-016168,S0014170,2025FA,2025-26,0,0,0,1,5500
AID2025-016169,S0015127,2025FA,2025-26,0,0,0,0,0
AID2025-016170,S0040529,2025FA,2025-26,0,0,0,0,0
AID2025-016171,S0007841,2025FA,2025-26,0,0,0,1,5500
AID2025-016172,S0021200,2025FA,2025-26,0,0,0,0,0
AID2025-016173,S0010013,2025FA,2025-26,0,0,0,0,0
AID2025-016174,S0040074,2025FA,2025-26,1,1,7395,1,5500
AID2025-016175,S0011913,2025FA,2025-26,0,0,0,0,0
AID2025-016176,S0016060,2025FA,2025-26,0,0,0,0,0
AID2025-016177,S0034363,2025FA,2025-26,0,0,0,1,5500
AID2025-016178,S0025754,2025FA,2025-26,1,0,0,0,0
AID2025-016179,S0039682,2025FA,2025-26,1,1,7395,0,0
AID2025-016180,S0039898,2025FA,2025-26,1,1,7395,1,5500
AID2025-016181,S0033954,2025FA,2025-26,0,0,0,0,0
AID2025-016182,S0017869,2025FA,2025-26,0,0,0,0,0
AID2025-016183,S0034109,2025FA,2025-26,1,1,7395,1,5500
AID2025-016184,S0021810,2025FA,2025-26,1,1,7395,0,0
AID2025-016185,S0036074,2025FA,2025-26,0,0,0,0,0
AID2025-016186,S0029278,2025FA,2025-26,1,1,7395,1,5500
AID2025-016187,S0030334,2025FA,2025-26,0,0,0,0,0
AID2025-016188,S0038837,2025FA,2025-26,0,0,0,0,0
AID2025-016189,S0021130,2025FA,2025-26,1,1,7395,1,5500
AID2025-016190,S0036730,2025FA,2025-26,0,0,0,0,0
AID2025-016191,S0034195,2025FA,2025-26,0,0,0,0,0
AID2025-016192,S0023766,2025FA,2025-26,0,0,0,1,5500
AID2025-016193,S0000385,2025FA,2025-26,1,1,7395,0,0
AID2025-016194,S0035646,2025FA,2025-26,0,0,0,0,0
AID2025-016195,S0040005,2025FA,2025-26,0,0,0,1,5500
AID2025-016196,S0006018,2025FA,2025-26,1,1,7395,0,0
AID2025-016197,S0003670,2025FA,2025-26,0,0,0,0,0
AID2025-016198,S0000381,2025FA,2025-26,0,0,0,1,5500
AID2025-016199,S0015334,2025FA,2025-26,0,0,0,0,0
AID2025-016200,S0017626,2025FA,2025-26,0,0,0,0,0
AID2025-016201,S0004507,2025FA,2025-26,0,0,0,1,5500
AID2025-016202,S0005141,2025FA,2025-26,0,0,0,0,0
AID2025-016203,S0012921,2025FA,2025-26,0,0,0,0,0
AID2025-016204,S0017827,2025FA,2025-26,1,1,7395,1,5500
AID2025-016205,S0028180,2025FA,2025-26,1,1,7395,0,0
AID2025-016206,S0039902,2025FA,2025-26,0,0,0,0,0
AID2025-016207,S0015190,2025FA,2025-26,0,0,0,1,5500
AID2025-016208,S0039378,2025FA,2025-26,0,0,0,0,0
AID2025-016209,S0028926,2025FA,2025-26,0,0,0,0,0
AID2025-016210,S0037768,2025FA,2025-26,0,0,0,1,5500
AID2025-016211,S0029567,2025FA,2025-26,0,0,0,0,0
AID2025-016212,S0037047,2025FA,2025-26,1,1,7395,0,0
AID2025-016213,S0032674,2025FA,2025-26,1,0,0,1,5500
AID2025-016214,S0022683,2025FA,2025-26,0,0,0,0,0
AID2025-016215,S0030944,2025FA,2025-26,0,0,0,0,0
AID2025-016216,S0017989,2025FA,2025-26,1,1,7395,1,5500
AID2025-016217,S0019630,2025FA,2025-26,1,1,7395,0,0
AID2025-016218,S0037641,2025FA,2025-26,0,0,0,0,0
AID2025-016219,S0032963,2025FA,2025-26,0,0,0,1,5500
AID2025-016220,S0036119,2025FA,2025-26,1,0,0,0,0
AID2025-016221,S0038849,2025FA,2025-26,1,1,7395,0,0
AID2025-016222,S0025691,2025FA,2025-26,0,0,0,1,5500
AID2025-016223,S0037486,2025FA,2025-26,0,0,0,0,0
AID2025-016224,S0018119,2025FA,2025-26,0,0,0,0,0
AID2025-016225,S0011350,2025FA,2025-26,1,1,7395,1,5500
AID2025-016226,S0027887,2025FA,2025-26,0,0,0,0,0
AID2025-016227,S0032446,2025FA,2025-26,0,0,0,0,0
AID2025-016228,S0039729,2025FA,2025-26,0,0,0,1,5500
AID2025-016229,S0040391,2025FA,2025-26,0,0,0,0,0
AID2025-016230,S0031398,2025FA,2025-26,1,1,7395,0,0
AID2025-016231,S0036209,2025FA,2025-26,1,1,7395,1,5500
AID2025-016232,S0006710,2025FA,2025-26,0,0,0,0,0
AID2025-016233,S0035147,2025FA,2025-26,0,0,0,0,0
AID2025-016234,S0032967,2025FA,2025-26,1,0,0,1,5500
AID2025-016235,S0038370,2025FA,2025-26,1,1,7395,0,0
AID2025-016236,S0036371,2025FA,2025-26,0,0,0,0,0
AID2025-016237,S0028944,2025FA,2025-26,0,0,0,1,5500
AID2025-016238,S0036378,2025FA,2025-26,0,0,0,0,0
AID2025-016239,S0022050,2025FA,2025-26,0,0,0,0,0
AID2025-016240,S0023765,2025FA,2025-26,1,1,7395,1,5500
AID2025-016241,S0007908,2025FA,2025-26,0,0,0,0,0
AID2025-016242,S0021750,2025FA,2025-26,0,0,0,0,0
AID2025-016243,S0033225,2025FA,2025-26,1,1,7395,1,5500
AID2025-016244,S0004354,2025FA,2025-26,0,0,0,0,0
AID2025-016245,S0038030,2025FA,2025-26,0,0,0,0,0
AID2025-016246,S0030831,2025FA,2025-26,0,0,0,1,5500
AID2025-016247,S0030623,2025FA,2025-26,1,1,7395,0,0
AID2025-016248,S0006767,2025FA,2025-26,0,0,0,0,0
AID2025-016249,S0029098,2025FA,2025-26,1,1,7395,1,5500
AID2025-016250,S0032260,2025FA,2025-26,0,0,0,0,0
AID2025-016251,S0007705,2025FA,2025-26,1,1,7395,0,0
AID2025-016252,S0035871,2025FA,2025-26,0,0,0,1,5500
AID2025-016253,S0026075,2025FA,2025-26,0,0,0,0,0
AID2025-016254,S0005958,2025FA,2025-26,1,1,7395,0,0
AID2025-016255,S0023225,2025FA,2025-26,0,0,0,1,5500
AID2025-016256,S0033668,2025FA,2025-26,1,1,7395,0,0
AID2025-016257,S0033768,2025FA,2025-26,0,0,0,0,0
AID2025-016258,S0036446,2025FA,2025-26,0,0,0,1,5500
AID2025-016259,S0019297,2025FA,2025-26,1,1,7395,0,0
AID2025-016260,S0036985,2025FA,2025-26,1,1,7395,0,0
AID2025-016261,S0003638,2025FA,2025-26,0,0,0,1,5500
AID2025-016262,S0028990,2025FA,2025-26,0,0,0,0,0
AID2025-016263,S0007704,2025FA,2025-26,0,0,0,0,0
AID2025-016264,S0027426,2025FA,2025-26,0,0,0,1,5500
AID2025-016265,S0036990,2025FA,2025-26,1,1,7395,0,0
AID2025-016266,S0040290,2025FA,2025-26,0,0,0,0,0
AID2025-016267,S0024373,2025FA,2025-26,1,1,7395,1,5500
AID2025-016268,S0027271,2025FA,2025-26,1,1,7395,0,0
AID2025-016269,S0028068,2025FA,2025-26,0,0,0,0,0
AID2025-016270,S0032556,2025FA,2025-26,0,0,0,1,5500
AID2025-016271,S0019723,2025FA,2025-26,0,0,0,0,0
AID2025-016272,S0036152,2025FA,2025-26,0,0,0,0,0
AID2025-016273,S0033514,2025FA,2025-26,0,0,0,1,5500
AID2025-016274,S0022096,2025FA,2025-26,0,0,0,0,0
AID2025-016275,S0032837,2025FA,2025-26,0,0,0,0,0
AID2025-016276,S0036503,2025FA,2025-26,1,0,0,1,5500
AID2025-016277,S0026427,2025FA,2025-26,0,0,0,0,0
AID2025-016278,S0028454,2025FA,2025-26,0,0,0,0,0
AID2025-016279,S0039123,2025FA,2025-26,1,1,7395,1,5500
AID2025-016280,S0030839,2025FA,2025-26,0,0,0,0,0
AID2025-016281,S0015714,2025FA,2025-26,1,1,7395,0,0
AID2025-016282,S0027667,2025FA,2025-26,0,0,0,1,5500
AID2025-016283,S0021846,2025FA,2025-26,0,0,0,0,0
AID2025-016284,S0034190,2025FA,2025-26,0,0,0,0,0
AID2025-016285,S0003254,2025FA,2025-26,0,0,0,1,5500
AID2025-016286,S0033072,2025FA,2025-26,1,1,7395,0,0
AID2025-016287,S0039304,2025FA,2025-26,0,0,0,0,0
AID2025-016288,S0003960,2025FA,2025-26,0,0,0,1,5500
AID2025-016289,S0003260,2025FA,2025-26,0,0,0,0,0
AID2025-016290,S0026429,2025FA,2025-26,0,0,0,0,0
AID2025-016291,S0039278,2025FA,2025-26,0,0,0,1,5500
AID2025-016292,S0036387,2025FA,2025-26,1,1,7395,0,0
AID2025-016293,S0032857,2025FA,2025-26,0,0,0,0,0
AID2025-016294,S0018636,2025FA,2025-26,1,1,7395,1,5500
AID2025-016295,S0039770,2025FA,2025-26,0,0,0,0,0
AID2025-016296,S0003683,2025FA,2025-26,0,0,0,0,0
AID2025-016297,S0027822,2025FA,2025-26,1,0,0,1,5500
AID2025-016298,S0032770,2025FA,2025-26,0,0,0,0,0
AID2025-016299,S0031325,2025FA,2025-26,0,0,0,0,0
AID2025-016300,S0040667,2025FA,2025-26,0,0,0,1,5500
AID2025-016301,S0023470,2025FA,2025-26,1,1,7395,0,0
AID2025-016302,S0011663,2025FA,2025-26,0,0,0,0,0
AID2025-016303,S0035827,2025FA,2025-26,0,0,0,1,5500
AID2025-016304,S0038498,2025FA,2025-26,1,0,0,0,0
AID2025-016305,S0028568,2025FA,2025-26,0,0,0,0,0
AID2025-016306,S0039455,2025FA,2025-26,0,0,0,1,5500
AID2025-016307,S0003455,2025FA,2025-26,0,0,0,0,0
AID2025-016308,S0004370,2025FA,2025-26,0,0,0,0,0
AID2025-016309,S0032266,2025FA,2025-26,0,0,0,1,5500
AID2025-016310,S0031768,2025FA,2025-26,0,0,0,0,0
AID2025-016311,S0011064,2025FA,2025-26,0,0,0,0,0
AID2025-016312,S0037323,2025FA,2025-26,0,0,0,1,5500
AID2025-016313,S0023146,2025FA,2025-26,1,1,7395,0,0
AID2025-016314,S0016852,2025FA,2025-26,0,0,0,0,0
AID2025-016315,S0031998,2025FA,2025-26,0,0,0,1,5500
AID2025-016316,S0038939,2025FA,2025-26,0,0,0,0,0
AID2025-016317,S0022491,2025FA,2025-26,0,0,0,0,0
AID2025-016318,S0033830,2025FA,2025-26,0,0,0,1,5500
AID2025-016319,S0032752,2025FA,2025-26,0,0,0,0,0
AID2025-016320,S0038819,2025FA,2025-26,1,1,7395,0,0
AID2025-016321,S0019492,2025FA,2025-26,1,1,7395,1,5500
AID2025-016322,S0013659,2025FA,2025-26,0,0,0,0,0
AID2025-016323,S0035963,2025FA,2025-26,0,0,0,0,0
AID2025-016324,S0026217,2025FA,2025-26,1,1,7395,1,5500
AID2025-016325,S0033422,2025FA,2025-26,0,0,0,0,0
AID2025-016326,S0033811,2025FA,2025-26,0,0,0,0,0
AID2025-016327,S0032899,2025FA,2025-26,0,0,0,1,5500
AID2025-016328,S0027898,2025FA,2025-26,0,0,0,0,0
AID2025-016329,S0003308,2025FA,2025-26,1,1,7395,0,0
AID2025-016330,S0027352,2025FA,2025-26,0,0,0,1,5500
AID2025-016331,S0030806,2025FA,2025-26,0,0,0,0,0
AID2025-016332,S0018736,2025FA,2025-26,0,0,0,0,0
AID2025-016333,S0002095,2025FA,2025-26,0,0,0,1,5500
AID2025-016334,S0007423,2025FA,2025-26,0,0,0,0,0
AID2025-016335,S0036377,2025FA,2025-26,0,0,0,0,0
AID2025-016336,S0038982,2025FA,2025-26,1,1,7395,1,5500
AID2025-016337,S0033206,2025FA,2025-26,0,0,0,0,0
AID2025-016338,S0039228,2025FA,2025-26,0,0,0,0,0
AID2025-016339,S0038964,2025FA,2025-26,0,0,0,1,5500
AID2025-016340,S0029422,2025FA,2025-26,0,0,0,0,0
AID2025-016341,S0000843,2025FA,2025-26,0,0,0,0,0
AID2025-016342,S0017890,2025FA,2025-26,1,1,7395,1,5500
AID2025-016343,S0037237,2025FA,2025-26,1,1,7395,0,0
AID2025-016344,S0032094,2025FA,2025-26,0,0,0,0,0
AID2025-016345,S0016572,2025FA,2025-26,0,0,0,1,5500
AID2025-016346,S0038642,2025FA,2025-26,0,0,0,0,0
AID2025-016347,S0019670,2025FA,2025-26,0,0,0,0,0
AID2025-016348,S0026307,2025FA,2025-26,0,0,0,1,5500
AID2025-016349,S0003203,2025FA,2025-26,0,0,0,0,0
AID2025-016350,S0011412,2025FA,2025-26,0,0,0,0,0
AID2025-016351,S0024233,2025FA,2025-26,0,0,0,1,5500
AID2025-016352,S0023342,2025FA,2025-26,1,1,7395,0,0
AID2025-016353,S0035654,2025FA,2025-26,0,0,0,0,0
AID2025-016354,S0037024,2025FA,2025-26,0,0,0,1,5500
AID2025-016355,S0039178,2025FA,2025-26,1,1,7395,0,0
AID2025-016356,S0000144,2025FA,2025-26,0,0,0,0,0
AID2025-016357,S0033351,2025FA,2025-26,1,1,7395,1,5500
AID2025-016358,S0040051,2025FA,2025-26,0,0,0,0,0
AID2025-016359,S0032788,2025FA,2025-26,0,0,0,0,0
AID2025-016360,S0030336,2025FA,2025-26,0,0,0,1,5500
AID2025-016361,S0013596,2025FA,2025-26,0,0,0,0,0
AID2025-016362,S0035082,2025FA,2025-26,0,0,0,0,0
AID2025-016363,S0032144,2025FA,2025-26,0,0,0,1,5500
AID2025-016364,S0030781,2025FA,2025-26,0,0,0,0,0
AID2025-016365,S0017638,2025FA,2025-26,1,1,7395,0,0
AID2025-016366,S0040350,2025FA,2025-26,0,0,0,1,5500
AID2025-016367,S0038337,2025FA,2025-26,0,0,0,0,0
AID2025-016368,S0012107,2025FA,2025-26,0,0,0,0,0
AID2025-016369,S0036194,2025FA,2025-26,0,0,0,1,5500
AID2025-016370,S0010867,2025FA,2025-26,0,0,0,0,0
AID2025-016371,S0037214,2025FA,2025-26,0,0,0,0,0
AID2025-016372,S0037871,2025FA,2025-26,1,1,7395,1,5500
AID2025-016373,S0007744,2025FA,2025-26,0,0,0,0,0
AID2025-016374,S0017353,2025FA,2025-26,0,0,0,0,0
AID2025-016375,S0008038,2025FA,2025-26,0,0,0,1,5500
AID2025-016376,S0005222,2025FA,2025-26,0,0,0,0,0
AID2025-016377,S0038885,2025FA,2025-26,1,1,7395,0,0
AID2025-016378,S0006152,2025FA,2025-26,0,0,0,1,5500
AID2025-016379,S0031285,2025FA,2025-26,0,0,0,0,0
AID2025-016380,S0023434,2025FA,2025-26,0,0,0,0,0
AID2025-016381,S0012661,2025FA,2025-26,1,1,7395,1,5500
AID2025-016382,S0023690,2025FA,2025-26,1,1,7395,0,0
AID2025-016383,S0011545,2025FA,2025-26,0,0,0,0,0
AID2025-016384,S0037746,2025FA,2025-26,0,0,0,1,5500
AID2025-016385,S0008030,2025FA,2025-26,0,0,0,0,0
AID2025-016386,S0015767,2025FA,2025-26,0,0,0,0,0
AID2025-016387,S0038304,2025FA,2025-26,1,1,7395,1,5500
AID2025-016388,S0001311,2025FA,2025-26,0,0,0,0,0
AID2025-016389,S0027868,2025FA,2025-26,0,0,0,0,0
AID2025-016390,S0040209,2025FA,2025-26,0,0,0,1,5500
AID2025-016391,S0035512,2025FA,2025-26,1,1,7395,0,0
AID2025-016392,S0040179,2025FA,2025-26,1,1,7395,0,0
AID2025-016393,S0034427,2025FA,2025-26,1,1,7395,1,5500
AID2025-016394,S0019428,2025FA,2025-26,0,0,0,0,0
AID2025-016395,S0038027,2025FA,2025-26,1,0,0,0,0
AID2025-016396,S0000754,2025FA,2025-26,0,0,0,1,5500
AID2025-016397,S0027866,2025FA,2025-26,0,0,0,0,0
AID2025-016398,S0039892,2025FA,2025-26,1,1,7395,0,0
AID2025-016399,S0015847,2025FA,2025-26,1,1,7395,1,5500
AID2025-016400,S0035623,2025FA,2025-26,0,0,0,0,0
AID2025-016401,S0025856,2025FA,2025-26,1,1,7395,0,0
AID2025-016402,S0031583,2025FA,2025-26,0,0,0,1,5500
AID2025-016403,S0033478,2025FA,2025-26,0,0,0,0,0
AID2025-016404,S0022325,2025FA,2025-26,0,0,0,0,0
AID2025-016405,S0017539,2025FA,2025-26,1,1,7395,1,5500
AID2025-016406,S0030550,2025FA,2025-26,1,1,7395,0,0
AID2025-016407,S0007265,2025FA,2025-26,0,0,0,0,0
AID2025-016408,S0027723,2025FA,2025-26,0,0,0,1,5500
AID2025-016409,S0035362,2025FA,2025-26,1,0,0,0,0
AID2025-016410,S0033356,2025FA,2025-26,1,1,7395,0,0
AID2025-016411,S0022559,2025FA,2025-26,0,0,0,1,5500
AID2025-016412,S0008195,2025FA,2025-26,0,0,0,0,0
AID2025-016413,S0017383,2025FA,2025-26,0,0,0,0,0
AID2025-016414,S0022894,2025FA,2025-26,0,0,0,1,5500
AID2025-016415,S0037310,2025FA,2025-26,1,1,7395,0,0
AID2025-016416,S0033746,2025FA,2025-26,0,0,0,0,0
AID2025-016417,S0026389,2025FA,2025-26,0,0,0,1,5500
AID2025-016418,S0036783,2025FA,2025-26,1,1,7395,0,0
AID2025-016419,S0023910,2025FA,2025-26,0,0,0,0,0
AID2025-016420,S0027286,2025FA,2025-26,0,0,0,1,5500
AID2025-016421,S0037377,2025FA,2025-26,0,0,0,0,0
AID2025-016422,S0033858,2025FA,2025-26,0,0,0,0,0
AID2025-016423,S0036126,2025FA,2025-26,0,0,0,1,5500
AID2025-016424,S0019267,2025FA,2025-26,0,0,0,0,0
AID2025-016425,S0028884,2025FA,2025-26,0,0,0,0,0
AID2025-016426,S0029165,2025FA,2025-26,0,0,0,1,5500
AID2025-016427,S0028565,2025FA,2025-26,1,1,7395,0,0
AID2025-016428,S0006353,2025FA,2025-26,0,0,0,0,0
AID2025-016429,S0033819,2025FA,2025-26,1,1,7395,1,5500
AID2025-016430,S0036948,2025FA,2025-26,0,0,0,0,0
AID2025-016431,S0034365,2025FA,2025-26,0,0,0,0,0
AID2025-016432,S0011432,2025FA,2025-26,0,0,0,1,5500
AID2025-016433,S0023314,2025FA,2025-26,0,0,0,0,0
AID2025-016434,S0022405,2025FA,2025-26,0,0,0,0,0
AID2025-016435,S0031539,2025FA,2025-26,0,0,0,1,5500
AID2025-016436,S0032629,2025FA,2025-26,0,0,0,0,0
AID2025-016437,S0032552,2025FA,2025-26,0,0,0,0,0
AID2025-016438,S0007985,2025FA,2025-26,0,0,0,1,5500
AID2025-016439,S0018426,2025FA,2025-26,0,0,0,0,0
AID2025-016440,S0036869,2025FA,2025-26,1,1,7395,0,0
AID2025-016441,S0037979,2025FA,2025-26,1,1,7395,1,5500
AID2025-016442,S0035507,2025FA,2025-26,0,0,0,0,0
AID2025-016443,S0033581,2025FA,2025-26,0,0,0,0,0
AID2025-016444,S0016558,2025FA,2025-26,0,0,0,1,5500
AID2025-016445,S0037225,2025FA,2025-26,0,0,0,0,0
AID2025-016446,S0031224,2025FA,2025-26,0,0,0,0,0
AID2025-016447,S0040078,2025FA,2025-26,0,0,0,1,5500
AID2025-016448,S0023738,2025FA,2025-26,0,0,0,0,0
AID2025-016449,S0003973,2025FA,2025-26,0,0,0,0,0
AID2025-016450,S0021538,2025FA,2025-26,1,1,7395,1,5500
AID2025-016451,S0040467,2025FA,2025-26,1,0,0,0,0
AID2025-016452,S0038874,2025FA,2025-26,0,0,0,0,0
AID2025-016453,S0016934,2025FA,2025-26,0,0,0,1,5500
AID2025-016454,S0039691,2025FA,2025-26,1,1,7395,0,0
AID2025-016455,S0040294,2025FA,2025-26,0,0,0,0,0
AID2025-016456,S0025942,2025FA,2025-26,0,0,0,1,5500
AID2025-016457,S0027190,2025FA,2025-26,0,0,0,0,0
AID2025-016458,S0018201,2025FA,2025-26,0,0,0,0,0
AID2025-016459,S0025409,2025FA,2025-26,1,1,7395,1,5500
AID2025-016460,S0038162,2025FA,2025-26,0,0,0,0,0
AID2025-016461,S0009006,2025FA,2025-26,1,1,7395,0,0
AID2025-016462,S0011194,2025FA,2025-26,0,0,0,1,5500
AID2025-016463,S0039184,2025FA,2025-26,0,0,0,0,0
AID2025-016464,S0033403,2025FA,2025-26,0,0,0,0,0
AID2025-016465,S0028956,2025FA,2025-26,0,0,0,1,5500
AID2025-016466,S0032602,2025FA,2025-26,1,1,7395,0,0
AID2025-016467,S0037350,2025FA,2025-26,0,0,0,0,0
AID2025-016468,S0036349,2025FA,2025-26,0,0,0,1,5500
AID2025-016469,S0037108,2025FA,2025-26,1,1,7395,0,0
AID2025-016470,S0036713,2025FA,2025-26,1,1,7395,0,0
AID2025-016471,S0031596,2025FA,2025-26,0,0,0,1,5500
AID2025-016472,S0019004,2025FA,2025-26,0,0,0,0,0
AID2025-016473,S0014669,2025FA,2025-26,1,1,7395,0,0
AID2025-016474,S0039677,2025FA,2025-26,1,1,7395,1,5500
AID2025-016475,S0009562,2025FA,2025-26,0,0,0,0,0
AID2025-016476,S0032882,2025FA,2025-26,1,1,7395,0,0
AID2025-016477,S0017956,2025FA,2025-26,0,0,0,1,5500
AID2025-016478,S0027502,2025FA,2025-26,0,0,0,0,0
AID2025-016479,S0040507,2025FA,2025-26,0,0,0,0,0
AID2025-016480,S0002002,2025FA,2025-26,0,0,0,1,5500
AID2025-016481,S0000489,2025FA,2025-26,1,1,7395,0,0
AID2025-016482,S0032554,2025FA,2025-26,1,1,7395,0,0
AID2025-016483,S0032690,2025FA,2025-26,1,1,7395,1,5500
AID2025-016484,S0033732,2025FA,2025-26,0,0,0,0,0
AID2025-016485,S0004899,2025FA,2025-26,1,1,7395,0,0
AID2025-016486,S0000858,2025FA,2025-26,1,0,0,1,5500
AID2025-016487,S0032381,2025FA,2025-26,0,0,0,0,0
AID2025-016488,S0038472,2025FA,2025-26,1,1,7395,0,0
AID2025-016489,S0027104,2025FA,2025-26,0,0,0,1,5500
AID2025-016490,S0005995,2025FA,2025-26,0,0,0,0,0
AID2025-016491,S0023814,2025FA,2025-26,0,0,0,0,0
AID2025-016492,S0026414,2025FA,2025-26,1,1,7395,1,5500
AID2025-016493,S0013646,2025FA,2025-26,1,0,0,0,0
AID2025-016494,S0020887,2025FA,2025-26,0,0,0,0,0
AID2025-016495,S0036141,2025FA,2025-26,0,0,0,1,5500
AID2025-016496,S0037314,2025FA,2025-26,0,0,0,0,0
AID2025-016497,S0035498,2025FA,2025-26,0,0,0,0,0
AID2025-016498,S0020972,2025FA,2025-26,0,0,0,1,5500
AID2025-016499,S0003827,2025FA,2025-26,0,0,0,0,0
AID2025-016500,S0030991,2025FA,2025-26,1,0,0,0,0
AID2025-016501,S0035331,2025FA,2025-26,0,0,0,1,5500
AID2025-016502,S0040568,2025FA,2025-26,0,0,0,0,0
AID2025-016503,S0020617,2025FA,2025-26,0,0,0,0,0
AID2025-016504,S0024310,2025FA,2025-26,0,0,0,1,5500
AID2025-016505,S0037109,2025FA,2025-26,0,0,0,0,0
AID2025-016506,S0011434,2025FA,2025-26,1,1,7395,0,0
AID2025-016507,S0024240,2025FA,2025-26,0,0,0,1,5500
AID2025-016508,S0025764,2025FA,2025-26,1,1,7395,0,0
AID2025-016509,S0012045,2025FA,2025-26,0,0,0,0,0
AID2025-016510,S0023830,2025FA,2025-26,0,0,0,1,5500
AID2025-016511,S0031832,2025FA,2025-26,0,0,0,0,0
AID2025-016512,S0025686,2025FA,2025-26,1,1,7395,0,0
AID2025-016513,S0007256,2025FA,2025-26,0,0,0,1,5500
AID2025-016514,S0027979,2025FA,2025-26,0,0,0,0,0
AID2025-016515,S0027401,2025FA,2025-26,0,0,0,0,0
AID2025-016516,S0018120,2025FA,2025-26,1,1,7395,1,5500
AID2025-016517,S0032744,2025FA,2025-26,0,0,0,0,0
AID2025-016518,S0012297,2025FA,2025-26,0,0,0,0,0
AID2025-016519,S0040611,2025FA,2025-26,1,1,7395,1,5500
AID2025-016520,S0007307,2025FA,2025-26,0,0,0,0,0
AID2025-016521,S0038777,2025FA,2025-26,0,0,0,0,0
AID2025-016522,S0040019,2025FA,2025-26,1,1,7395,1,5500
AID2025-016523,S0033533,2025FA,2025-26,0,0,0,0,0
AID2025-016524,S0007009,2025FA,2025-26,1,1,7395,0,0
AID2025-016525,S0010608,2025FA,2025-26,0,0,0,1,5500
AID2025-016526,S0017788,2025FA,2025-26,0,0,0,0,0
AID2025-016527,S0015626,2025FA,2025-26,0,0,0,0,0
AID2025-016528,S0027693,2025FA,2025-26,0,0,0,1,5500
AID2025-016529,S0028055,2025FA,2025-26,0,0,0,0,0
AID2025-016530,S0038413,2025FA,2025-26,0,0,0,0,0
AID2025-016531,S0026930,2025FA,2025-26,0,0,0,1,5500
AID2025-016532,S0035461,2025FA,2025-26,0,0,0,0,0
AID2025-016533,S0028377,2025FA,2025-26,0,0,0,0,0
AID2025-016534,S0022892,2025FA,2025-26,0,0,0,1,5500
AID2025-016535,S0036124,2025FA,2025-26,0,0,0,0,0
AID2025-016536,S0022165,2025FA,2025-26,0,0,0,0,0
AID2025-016537,S0026882,2025FA,2025-26,1,1,7395,1,5500
AID2025-016538,S0035853,2025FA,2025-26,0,0,0,0,0
AID2025-016539,S0022838,2025FA,2025-26,1,1,7395,0,0
AID2025-016540,S0000357,2025FA,2025-26,0,0,0,1,5500
AID2025-016541,S0004804,2025FA,2025-26,0,0,0,0,0
AID2025-016542,S0035939,2025FA,2025-26,1,0,0,0,0
AID2025-016543,S0003628,2025FA,2025-26,1,1,7395,1,5500
AID2025-016544,S0038432,2025FA,2025-26,0,0,0,0,0
AID2025-016545,S0017716,2025FA,2025-26,0,0,0,0,0
AID2025-016546,S0027030,2025FA,2025-26,0,0,0,1,5500
AID2025-016547,S0014885,2025FA,2025-26,0,0,0,0,0
AID2025-016548,S0019537,2025FA,2025-26,0,0,0,0,0
AID2025-016549,S0005144,2025FA,2025-26,0,0,0,1,5500
AID2025-016550,S0039404,2025FA,2025-26,0,0,0,0,0
AID2025-016551,S0036241,2025FA,2025-26,1,1,7395,0,0
AID2025-016552,S0038644,2025FA,2025-26,1,1,7395,1,5500
AID2025-016553,S0025535,2025FA,2025-26,0,0,0,0,0
AID2025-016554,S0035221,2025FA,2025-26,1,1,7395,0,0
AID2025-016555,S0016453,2025FA,2025-26,0,0,0,1,5500
AID2025-016556,S0036815,2025FA,2025-26,1,0,0,0,0
AID2025-016557,S0029344,2025FA,2025-26,1,1,7395,0,0
AID2025-016558,S0003117,2025FA,2025-26,1,1,7395,1,5500
AID2025-016559,S0031647,2025FA,2025-26,0,0,0,0,0
AID2025-016560,S0028908,2025FA,2025-26,0,0,0,0,0
AID2025-016561,S0035930,2025FA,2025-26,0,0,0,1,5500
AID2025-016562,S0026635,2025FA,2025-26,0,0,0,0,0
AID2025-016563,S0034342,2025FA,2025-26,0,0,0,0,0
AID2025-016564,S0036318,2025FA,2025-26,0,0,0,1,5500
AID2025-016565,S0015017,2025FA,2025-26,1,1,7395,0,0
AID2025-016566,S0023583,2025FA,2025-26,0,0,0,0,0
AID2025-016567,S0033493,2025FA,2025-26,0,0,0,1,5500
AID2025-016568,S0021902,2025FA,2025-26,0,0,0,0,0
AID2025-016569,S0037799,2025FA,2025-26,1,1,7395,0,0
AID2025-016570,S0024229,2025FA,2025-26,0,0,0,1,5500
AID2025-016571,S0001266,2025FA,2025-26,1,1,7395,0,0
AID2025-016572,S0038889,2025FA,2025-26,0,0,0,0,0
AID2025-016573,S0000830,2025FA,2025-26,0,0,0,1,5500
AID2025-016574,S0007269,2025FA,2025-26,0,0,0,0,0
AID2025-016575,S0037753,2025FA,2025-26,0,0,0,0,0
AID2025-016576,S0004585,2025FA,2025-26,0,0,0,1,5500
AID2025-016577,S0032389,2025FA,2025-26,1,0,0,0,0
AID2025-016578,S0004941,2025FA,2025-26,0,0,0,0,0
AID2025-016579,S0035219,2025FA,2025-26,0,0,0,1,5500
AID2025-016580,S0027819,2025FA,2025-26,1,1,7395,0,0
AID2025-016581,S0014027,2025FA,2025-26,0,0,0,0,0
AID2025-016582,S0013916,2025FA,2025-26,1,1,7395,1,5500
AID2025-016583,S0035846,2025FA,2025-26,0,0,0,0,0
AID2025-016584,S0037265,2025FA,2025-26,0,0,0,0,0
AID2025-016585,S0026919,2025FA,2025-26,0,0,0,1,5500
AID2025-016586,S0027324,2025FA,2025-26,0,0,0,0,0
AID2025-016587,S0038142,2025FA,2025-26,0,0,0,0,0
AID2025-016588,S0009692,2025FA,2025-26,1,1,7395,1,5500
AID2025-016589,S0036801,2025FA,2025-26,0,0,0,0,0
AID2025-016590,S0014572,2025FA,2025-26,0,0,0,0,0
AID2025-016591,S0030655,2025FA,2025-26,0,0,0,1,5500
AID2025-016592,S0036836,2025FA,2025-26,0,0,0,0,0
AID2025-016593,S0032986,2025FA,2025-26,1,1,7395,0,0
AID2025-016594,S0035619,2025FA,2025-26,1,1,7395,1,5500
AID2025-016595,S0038243,2025FA,2025-26,0,0,0,0,0
AID2025-016596,S0038211,2025FA,2025-26,0,0,0,0,0
AID2025-016597,S0038121,2025FA,2025-26,0,0,0,1,5500
AID2025-016598,S0033071,2025FA,2025-26,0,0,0,0,0
AID2025-016599,S0037399,2025FA,2025-26,1,1,7395,0,0
AID2025-016600,S0039295,2025FA,2025-26,0,0,0,1,5500
AID2025-016601,S0039414,2025FA,2025-26,0,0,0,0,0
AID2025-016602,S0023902,2025FA,2025-26,0,0,0,0,0
AID2025-016603,S0038868,2025FA,2025-26,1,1,7395,1,5500
AID2025-016604,S0000278,2025FA,2025-26,0,0,0,0,0
AID2025-016605,S0033119,2025FA,2025-26,1,0,0,0,0
AID2025-016606,S0029409,2025FA,2025-26,0,0,0,1,5500
AID2025-016607,S0034165,2025FA,2025-26,1,1,7395,0,0
AID2025-016608,S0036937,2025FA,2025-26,0,0,0,0,0
AID2025-016609,S0024196,2025FA,2025-26,1,1,7395,1,5500
AID2025-016610,S0038583,2025FA,2025-26,0,0,0,0,0
AID2025-016611,S0039524,2025FA,2025-26,0,0,0,0,0
AID2025-016612,S0035203,2025FA,2025-26,0,0,0,1,5500
AID2025-016613,S0018023,2025FA,2025-26,0,0,0,0,0
AID2025-016614,S0027881,2025FA,2025-26,1,1,7395,0,0
AID2025-016615,S0013395,2025FA,2025-26,1,1,7395,1,5500
AID2025-016616,S0037819,2025FA,2025-26,0,0,0,0,0
AID2025-016617,S0025739,2025FA,2025-26,0,0,0,0,0
AID2025-016618,S0017832,2025FA,2025-26,0,0,0,1,5500
AID2025-016619,S0038048,2025FA,2025-26,0,0,0,0,0
AID2025-016620,S0022766,2025FA,2025-26,0,0,0,0,0
AID2025-016621,S0028038,2025FA,2025-26,0,0,0,1,5500
AID2025-016622,S0022432,2025FA,2025-26,0,0,0,0,0
AID2025-016623,S0008350,2025FA,2025-26,1,1,7395,0,0
AID2025-016624,S0015808,2025FA,2025-26,0,0,0,1,5500
AID2025-016625,S0021131,2025FA,2025-26,0,0,0,0,0
AID2025-016626,S0035574,2025FA,2025-26,0,0,0,0,0
AID2025-016627,S0017176,2025FA,2025-26,1,1,7395,1,5500
AID2025-016628,S0032475,2025FA,2025-26,1,1,7395,0,0
AID2025-016629,S0021852,2025FA,2025-26,0,0,0,0,0
AID2025-016630,S0032679,2025FA,2025-26,0,0,0,1,5500
AID2025-016631,S0038000,2025FA,2025-26,0,0,0,0,0
AID2025-016632,S0035379,2025FA,2025-26,1,1,7395,0,0
AID2025-016633,S0037777,2025FA,2025-26,0,0,0,1,5500
AID2025-016634,S0039151,2025FA,2025-26,1,1,7395,0,0
AID2025-016635,S0039344,2025FA,2025-26,1,1,7395,0,0
AID2025-016636,S0000548,2025FA,2025-26,0,0,0,1,5500
AID2025-016637,S0035709,2025FA,2025-26,0,0,0,0,0
AID2025-016638,S0029392,2025FA,2025-26,0,0,0,0,0
AID2025-016639,S0039994,2025FA,2025-26,0,0,0,1,5500
AID2025-016640,S0017935,2025FA,2025-26,0,0,0,0,0
AID2025-016641,S0039134,2025FA,2025-26,1,1,7395,0,0
AID2025-016642,S0024175,2025FA,2025-26,0,0,0,1,5500
AID2025-016643,S0040070,2025FA,2025-26,1,1,7395,0,0
AID2025-016644,S0036352,2025FA,2025-26,1,1,7395,0,0
AID2025-016645,S0016603,2025FA,2025-26,1,1,7395,1,5500
AID2025-016646,S0028208,2025FA,2025-26,0,0,0,0,0
AID2025-016647,S0017414,2025FA,2025-26,1,0,0,0,0
AID2025-016648,S0040270,2025FA,2025-26,0,0,0,1,5500
AID2025-016649,S0034331,2025FA,2025-26,0,0,0,0,0
AID2025-016650,S0037126,2025FA,2025-26,1,1,7395,0,0
AID2025-016651,S0027446,2025FA,2025-26,0,0,0,1,5500
AID2025-016652,S0039094,2025FA,2025-26,0,0,0,0,0
AID2025-016653,S0006595,2025FA,2025-26,1,1,7395,0,0
AID2025-016654,S0033462,2025FA,2025-26,0,0,0,1,5500
AID2025-016655,S0036965,2025FA,2025-26,0,0,0,0,0
AID2025-016656,S0000269,2025FA,2025-26,0,0,0,0,0
AID2025-016657,S0033694,2025FA,2025-26,0,0,0,1,5500
AID2025-016658,S0022391,2025FA,2025-26,1,1,7395,0,0
AID2025-016659,S0023017,2025FA,2025-26,0,0,0,0,0
AID2025-016660,S0014868,2025FA,2025-26,0,0,0,1,5500
AID2025-016661,S0004517,2025FA,2025-26,1,0,0,0,0
AID2025-016662,S0023799,2025FA,2025-26,0,0,0,0,0
AID2025-016663,S0040238,2025FA,2025-26,0,0,0,1,5500
AID2025-016664,S0011373,2025FA,2025-26,0,0,0,0,0
AID2025-016665,S0027617,2025FA,2025-26,1,1,7395,0,0
AID2025-016666,S0019628,2025FA,2025-26,0,0,0,1,5500
AID2025-016667,S0037563,2025FA,2025-26,0,0,0,0,0
AID2025-016668,S0034098,2025FA,2025-26,0,0,0,0,0
AID2025-016669,S0040264,2025FA,2025-26,0,0,0,1,5500
AID2025-016670,S0035772,2025FA,2025-26,0,0,0,0,0
AID2025-016671,S0001322,2025FA,2025-26,1,1,7395,0,0
AID2025-016672,S0019304,2025FA,2025-26,0,0,0,1,5500
AID2025-016673,S0023526,2025FA,2025-26,0,0,0,0,0
AID2025-016674,S0032151,2025FA,2025-26,1,1,7395,0,0
AID2025-016675,S0040668,2025FA,2025-26,0,0,0,1,5500
AID2025-016676,S0039037,2025FA,2025-26,0,0,0,0,0
AID2025-016677,S0013882,2025FA,2025-26,0,0,0,0,0
AID2025-016678,S0036619,2025FA,2025-26,1,1,7395,1,5500
AID2025-016679,S0037804,2025FA,2025-26,1,1,7395,0,0
AID2025-016680,S0031301,2025FA,2025-26,0,0,0,0,0
AID2025-016681,S0038755,2025FA,2025-26,0,0,0,1,5500
AID2025-016682,S0032413,2025FA,2025-26,0,0,0,0,0
AID2025-016683,S0039599,2025FA,2025-26,0,0,0,0,0
AID2025-016684,S0001871,2025FA,2025-26,1,1,7395,1,5500
AID2025-016685,S0032186,2025FA,2025-26,0,0,0,0,0
AID2025-016686,S0011027,2025FA,2025-26,0,0,0,0,0
AID2025-016687,S0013017,2025FA,2025-26,0,0,0,1,5500
AID2025-016688,S0033990,2025FA,2025-26,0,0,0,0,0
AID2025-016689,S0032767,2025FA,2025-26,0,0,0,0,0
AID2025-016690,S0028952,2025FA,2025-26,0,0,0,1,5500
AID2025-016691,S0001018,2025FA,2025-26,0,0,0,0,0
AID2025-016692,S0024333,2025FA,2025-26,0,0,0,0,0
AID2025-016693,S0029040,2025FA,2025-26,0,0,0,1,5500
AID2025-016694,S0005257,2025FA,2025-26,1,1,7395,0,0
AID2025-016695,S0003200,2025FA,2025-26,0,0,0,0,0
AID2025-016696,S0018206,2025FA,2025-26,0,0,0,1,5500
AID2025-016697,S0038910,2025FA,2025-26,0,0,0,0,0
AID2025-016698,S0018647,2025FA,2025-26,0,0,0,0,0
AID2025-016699,S0034058,2025FA,2025-26,0,0,0,1,5500
AID2025-016700,S0032297,2025FA,2025-26,0,0,0,0,0
AID2025-016701,S0040496,2025FA,2025-26,0,0,0,0,0
AID2025-016702,S0031461,2025FA,2025-26,0,0,0,1,5500
AID2025-016703,S0033610,2025FA,2025-26,1,0,0,0,0
AID2025-016704,S0036502,2025FA,2025-26,0,0,0,0,0
AID2025-016705,S0040417,2025FA,2025-26,1,1,7395,1,5500
AID2025-016706,S0040317,2025FA,2025-26,1,1,7395,0,0
AID2025-016707,S0014029,2025FA,2025-26,0,0,0,0,0
AID2025-016708,S0003891,2025FA,2025-26,0,0,0,1,5500
AID2025-016709,S0032577,2025FA,2025-26,1,1,7395,0,0
AID2025-016710,S0028901,2025FA,2025-26,0,0,0,0,0
AID2025-016711,S0039245,2025FA,2025-26,0,0,0,1,5500
AID2025-016712,S0037041,2025FA,2025-26,0,0,0,0,0
AID2025-016713,S0001202,2025FA,2025-26,0,0,0,0,0
AID2025-016714,S0033441,2025FA,2025-26,0,0,0,1,5500
AID2025-016715,S0031439,2025FA,2025-26,1,1,7395,0,0
AID2025-016716,S0026733,2025FA,2025-26,0,0,0,0,0
AID2025-016717,S0036424,2025FA,2025-26,1,0,0,1,5500
AID2025-016718,S0033368,2025FA,2025-26,0,0,0,0,0
AID2025-016719,S0032293,2025FA,2025-26,1,1,7395,0,0
AID2025-016720,S0026810,2025FA,2025-26,0,0,0,1,5500
AID2025-016721,S0027612,2025FA,2025-26,1,1,7395,0,0
AID2025-016722,S0037778,2025FA,2025-26,0,0,0,0,0
AID2025-016723,S0033973,2025FA,2025-26,0,0,0,1,5500
AID2025-016724,S0032257,2025FA,2025-26,0,0,0,0,0
AID2025-016725,S0039914,2025FA,2025-26,0,0,0,0,0
AID2025-016726,S0007285,2025FA,2025-26,1,1,7395,1,5500
AID2025-016727,S0028232,2025FA,2025-26,0,0,0,0,0
AID2025-016728,S0036817,2025FA,2025-26,0,0,0,0,0
AID2025-016729,S0038115,2025FA,2025-26,0,0,0,1,5500
AID2025-016730,S0034422,2025FA,2025-26,0,0,0,0,0
AID2025-016731,S0037822,2025FA,2025-26,0,0,0,0,0
AID2025-016732,S0019086,2025FA,2025-26,0,0,0,1,5500
AID2025-016733,S0003461,2025FA,2025-26,0,0,0,0,0
AID2025-016734,S0037448,2025FA,2025-26,1,1,7395,0,0
AID2025-016735,S0036059,2025FA,2025-26,1,1,7395,1,5500
AID2025-016736,S0030881,2025FA,2025-26,0,0,0,0,0
AID2025-016737,S0035849,2025FA,2025-26,1,1,7395,0,0
AID2025-016738,S0032258,2025FA,2025-26,0,0,0,1,5500
AID2025-016739,S0015957,2025FA,2025-26,0,0,0,0,0
AID2025-016740,S0032014,2025FA,2025-26,1,1,7395,0,0
AID2025-016741,S0033892,2025FA,2025-26,0,0,0,1,5500
AID2025-016742,S0029532,2025FA,2025-26,0,0,0,0,0
AID2025-016743,S0003491,2025FA,2025-26,0,0,0,0,0
AID2025-016744,S0018310,2025FA,2025-26,1,1,7395,1,5500
AID2025-016745,S0008997,2025FA,2025-26,0,0,0,0,0
AID2025-016746,S0017572,2025FA,2025-26,0,0,0,0,0
AID2025-016747,S0001000,2025FA,2025-26,1,1,7395,1,5500
AID2025-016748,S0030583,2025FA,2025-26,0,0,0,0,0
AID2025-016749,S0014115,2025FA,2025-26,0,0,0,0,0
AID2025-016750,S0036198,2025FA,2025-26,0,0,0,1,5500
AID2025-016751,S0028772,2025FA,2025-26,1,1,7395,0,0
AID2025-016752,S0005475,2025FA,2025-26,1,0,0,0,0
AID2025-016753,S0025437,2025FA,2025-26,0,0,0,1,5500
AID2025-016754,S0037333,2025FA,2025-26,0,0,0,0,0
AID2025-016755,S0015438,2025FA,2025-26,0,0,0,0,0
AID2025-016756,S0036996,2025FA,2025-26,0,0,0,1,5500
AID2025-016757,S0012499,2025FA,2025-26,0,0,0,0,0
AID2025-016758,S0032998,2025FA,2025-26,0,0,0,0,0
AID2025-016759,S0035787,2025FA,2025-26,0,0,0,1,5500
AID2025-016760,S0035499,2025FA,2025-26,0,0,0,0,0
AID2025-016761,S0018306,2025FA,2025-26,0,0,0,0,0
AID2025-016762,S0008604,2025FA,2025-26,0,0,0,1,5500
AID2025-016763,S0039498,2025FA,2025-26,0,0,0,0,0
AID2025-016764,S0030471,2025FA,2025-26,1,1,7395,0,0
AID2025-016765,S0037574,2025FA,2025-26,0,0,0,1,5500
AID2025-016766,S0028451,2025FA,2025-26,0,0,0,0,0
AID2025-016767,S0016577,2025FA,2025-26,1,1,7395,0,0
AID2025-016768,S0013050,2025FA,2025-26,0,0,0,1,5500
AID2025-016769,S0039308,2025FA,2025-26,0,0,0,0,0
AID2025-016770,S0034313,2025FA,2025-26,0,0,0,0,0
AID2025-016771,S0021403,2025FA,2025-26,1,1,7395,1,5500
AID2025-016772,S0037192,2025FA,2025-26,0,0,0,0,0
AID2025-016773,S0039747,2025FA,2025-26,0,0,0,0,0
AID2025-016774,S0016883,2025FA,2025-26,0,0,0,1,5500
AID2025-016775,S0011579,2025FA,2025-26,0,0,0,0,0
AID2025-016776,S0039347,2025FA,2025-26,0,0,0,0,0
AID2025-016777,S0007123,2025FA,2025-26,0,0,0,1,5500
AID2025-016778,S0004606,2025FA,2025-26,0,0,0,0,0
AID2025-016779,S0035338,2025FA,2025-26,0,0,0,0,0
AID2025-016780,S0031154,2025FA,2025-26,1,0,0,1,5500
AID2025-016781,S0001089,2025FA,2025-26,0,0,0,0,0
AID2025-016782,S0022018,2025FA,2025-26,0,0,0,0,0
AID2025-016783,S0018234,2025FA,2025-26,0,0,0,1,5500
AID2025-016784,S0000974,2025FA,2025-26,0,0,0,0,0
AID2025-016785,S0035122,2025FA,2025-26,0,0,0,0,0
AID2025-016786,S0032231,2025FA,2025-26,0,0,0,1,5500
AID2025-016787,S0023317,2025FA,2025-26,1,0,0,0,0
AID2025-016788,S0014598,2025FA,2025-26,0,0,0,0,0
AID2025-016789,S0039777,2025FA,2025-26,0,0,0,1,5500
AID2025-016790,S0033643,2025FA,2025-26,0,0,0,0,0
AID2025-016791,S0006915,2025FA,2025-26,1,1,7395,0,0
AID2025-016792,S0038940,2025FA,2025-26,0,0,0,1,5500
AID2025-016793,S0025724,2025FA,2025-26,1,1,7395,0,0
AID2025-016794,S0027129,2025FA,2025-26,1,0,0,0,0
AID2025-016795,S0039333,2025FA,2025-26,1,1,7395,1,5500
AID2025-016796,S0039718,2025FA,2025-26,0,0,0,0,0
AID2025-016797,S0028307,2025FA,2025-26,0,0,0,0,0
AID2025-016798,S0036766,2025FA,2025-26,0,0,0,1,5500
AID2025-016799,S0033805,2025FA,2025-26,1,1,7395,0,0
AID2025-016800,S0018814,2025FA,2025-26,0,0,0,0,0
AID2025-016801,S0013773,2025FA,2025-26,1,0,0,1,5500
AID2025-016802,S0035193,2025FA,2025-26,0,0,0,0,0
AID2025-016803,S0031655,2025FA,2025-26,0,0,0,0,0
AID2025-016804,S0021944,2025FA,2025-26,1,1,7395,1,5500
AID2025-016805,S0039162,2025FA,2025-26,0,0,0,0,0
AID2025-016806,S0006977,2025FA,2025-26,0,0,0,0,0
AID2025-016807,S0040526,2025FA,2025-26,0,0,0,1,5500
AID2025-016808,S0022851,2025FA,2025-26,1,0,0,0,0
AID2025-016809,S0000117,2025FA,2025-26,0,0,0,0,0
AID2025-016810,S0013296,2025FA,2025-26,1,1,7395,1,5500
AID2025-016811,S0020665,2025FA,2025-26,0,0,0,0,0
AID2025-016812,S0038184,2025FA,2025-26,0,0,0,0,0
AID2025-016813,S0027633,2025FA,2025-26,0,0,0,1,5500
AID2025-016814,S0023039,2025FA,2025-26,0,0,0,0,0
AID2025-016815,S0037259,2025FA,2025-26,0,0,0,0,0
AID2025-016816,S0038318,2025FA,2025-26,1,1,7395,1,5500
AID2025-016817,S0035168,2025FA,2025-26,1,1,7395,0,0
AID2025-016818,S0036213,2025FA,2025-26,0,0,0,0,0
AID2025-016819,S0022470,2025FA,2025-26,0,0,0,1,5500
AID2025-016820,S0005289,2025FA,2025-26,1,1,7395,0,0
AID2025-016821,S0012735,2025FA,2025-26,1,1,7395,0,0
AID2025-016822,S0009512,2025FA,2025-26,1,0,0,1,5500
AID2025-016823,S0039272,2025FA,2025-26,0,0,0,0,0
AID2025-016824,S0018098,2025FA,2025-26,0,0,0,0,0
AID2025-016825,S0032644,2025FA,2025-26,1,1,7395,1,5500
AID2025-016826,S0031149,2025FA,2025-26,0,0,0,0,0
AID2025-016827,S0011092,2025FA,2025-26,0,0,0,0,0
AID2025-016828,S0030430,2025FA,2025-26,0,0,0,1,5500
AID2025-016829,S0037152,2025FA,2025-26,0,0,0,0,0
AID2025-016830,S0021146,2025FA,2025-26,0,0,0,0,0
AID2025-016831,S0028284,2025FA,2025-26,1,1,7395,1,5500
AID2025-016832,S0028349,2025FA,2025-26,1,1,7395,0,0
AID2025-016833,S0037887,2025FA,2025-26,1,1,7395,0,0
AID2025-016834,S0036118,2025FA,2025-26,0,0,0,1,5500
AID2025-016835,S0038095,2025FA,2025-26,1,1,7395,0,0
AID2025-016836,S0001455,2025FA,2025-26,0,0,0,0,0
AID2025-016837,S0017252,2025FA,2025-26,0,0,0,1,5500
AID2025-016838,S0027580,2025FA,2025-26,0,0,0,0,0
AID2025-016839,S0035979,2025FA,2025-26,1,1,7395,0,0
AID2025-016840,S0040269,2025FA,2025-26,0,0,0,1,5500
AID2025-016841,S0039516,2025FA,2025-26,0,0,0,0,0
AID2025-016842,S0037622,2025FA,2025-26,0,0,0,0,0
AID2025-016843,S0038452,2025FA,2025-26,0,0,0,1,5500
AID2025-016844,S0034264,2025FA,2025-26,0,0,0,0,0
AID2025-016845,S0032901,2025FA,2025-26,0,0,0,0,0
AID2025-016846,S0037830,2025FA,2025-26,0,0,0,1,5500
AID2025-016847,S0022197,2025FA,2025-26,1,1,7395,0,0
AID2025-016848,S0004695,2025FA,2025-26,1,1,7395,0,0
AID2025-016849,S0001842,2025FA,2025-26,1,1,7395,1,5500
AID2025-016850,S0018550,2025FA,2025-26,0,0,0,0,0
AID2025-016851,S0018222,2025FA,2025-26,0,0,0,0,0
AID2025-016852,S0039090,2025FA,2025-26,0,0,0,1,5500
AID2025-016853,S0036461,2025FA,2025-26,0,0,0,0,0
AID2025-016854,S0025669,2025FA,2025-26,0,0,0,0,0
AID2025-016855,S0014293,2025FA,2025-26,0,0,0,1,5500
AID2025-016856,S0035372,2025FA,2025-26,1,1,7395,0,0
AID2025-016857,S0003480,2025FA,2025-26,0,0,0,0,0
AID2025-016858,S0027903,2025FA,2025-26,1,1,7395,1,5500
AID2025-016859,S0015094,2025FA,2025-26,0,0,0,0,0
AID2025-016860,S0033134,2025FA,2025-26,1,1,7395,0,0
AID2025-016861,S0031453,2025FA,2025-26,0,0,0,1,5500
AID2025-016862,S0029424,2025FA,2025-26,1,1,7395,0,0
AID2025-016863,S0011790,2025FA,2025-26,1,1,7395,0,0
AID2025-016864,S0020800,2025FA,2025-26,0,0,0,1,5500
AID2025-016865,S0035135,2025FA,2025-26,0,0,0,0,0
AID2025-016866,S0040389,2025FA,2025-26,0,0,0,0,0
AID2025-016867,S0035299,2025FA,2025-26,0,0,0,1,5500
AID2025-016868,S0032535,2025FA,2025-26,0,0,0,0,0
AID2025-016869,S0007188,2025FA,2025-26,1,1,7395,0,0
AID2025-016870,S0037621,2025FA,2025-26,0,0,0,1,5500
AID2025-016871,S0014882,2025FA,2025-26,0,0,0,0,0
AID2025-016872,S0018291,2025FA,2025-26,0,0,0,0,0
AID2025-016873,S0010069,2025FA,2025-26,0,0,0,1,5500
AID2025-016874,S0040251,2025FA,2025-26,0,0,0,0,0
AID2025-016875,S0036958,2025FA,2025-26,0,0,0,0,0
AID2025-016876,S0013932,2025FA,2025-26,0,0,0,1,5500
AID2025-016877,S0039883,2025FA,2025-26,0,0,0,0,0
AID2025-016878,S0027411,2025FA,2025-26,1,0,0,0,0
AID2025-016879,S0026942,2025FA,2025-26,1,1,7395,1,5500
AID2025-016880,S0037856,2025FA,2025-26,0,0,0,0,0
AID2025-016881,S0013624,2025FA,2025-26,1,1,7395,0,0
AID2025-016882,S0013332,2025FA,2025-26,0,0,0,1,5500
AID2025-016883,S0038817,2025FA,2025-26,0,0,0,0,0
AID2025-016884,S0039929,2025FA,2025-26,0,0,0,0,0
AID2025-016885,S0032544,2025FA,2025-26,0,0,0,1,5500
AID2025-016886,S0033231,2025FA,2025-26,0,0,0,0,0
AID2025-016887,S0016538,2025FA,2025-26,0,0,0,0,0
AID2025-016888,S0039849,2025FA,2025-26,0,0,0,1,5500
AID2025-016889,S0020618,2025FA,2025-26,1,1,7395,0,0
AID2025-016890,S0031437,2025FA,2025-26,0,0,0,0,0
AID2025-016891,S0030405,2025FA,2025-26,0,0,0,1,5500
AID2025-016892,S0038323,2025FA,2025-26,0,0,0,0,0
AID2025-016893,S0024260,2025FA,2025-26,0,0,0,0,0
AID2025-016894,S0018411,2025FA,2025-26,0,0,0,1,5500
AID2025-016895,S0031867,2025FA,2025-26,0,0,0,0,0
AID2025-016896,S0038348,2025FA,2025-26,1,1,7395,0,0
AID2025-016897,S0005201,2025FA,2025-26,0,0,0,1,5500
AID2025-016898,S0016281,2025FA,2025-26,0,0,0,0,0
AID2025-016899,S0018948,2025FA,2025-26,1,0,0,0,0
AID2025-016900,S0029361,2025FA,2025-26,0,0,0,1,5500
AID2025-016901,S0026375,2025FA,2025-26,0,0,0,0,0
AID2025-016902,S0038333,2025FA,2025-26,0,0,0,0,0
AID2025-016903,S0039946,2025FA,2025-26,0,0,0,1,5500
AID2025-016904,S0021163,2025FA,2025-26,0,0,0,0,0
AID2025-016905,S0026981,2025FA,2025-26,0,0,0,0,0
AID2025-016906,S0030395,2025FA,2025-26,0,0,0,1,5500
AID2025-016907,S0036623,2025FA,2025-26,0,0,0,0,0
AID2025-016908,S0033060,2025FA,2025-26,0,0,0,0,0
AID2025-016909,S0033931,2025FA,2025-26,1,1,7395,1,5500
AID2025-016910,S0035133,2025FA,2025-26,1,1,7395,0,0
AID2025-016911,S0038282,2025FA,2025-26,1,1,7395,0,0
AID2025-016912,S0032174,2025FA,2025-26,0,0,0,1,5500
AID2025-016913,S0012144,2025FA,2025-26,0,0,0,0,0
AID2025-016914,S0015770,2025FA,2025-26,1,1,7395,0,0
AID2025-016915,S0018729,2025FA,2025-26,0,0,0,1,5500
AID2025-016916,S0023075,2025FA,2025-26,0,0,0,0,0
AID2025-016917,S0030635,2025FA,2025-26,0,0,0,0,0
AID2025-016918,S0026725,2025FA,2025-26,1,1,7395,1,5500
AID2025-016919,S0039504,2025FA,2025-26,0,0,0,0,0
AID2025-016920,S0033081,2025FA,2025-26,1,0,0,0,0
AID2025-016921,S0038848,2025FA,2025-26,0,0,0,1,5500
AID2025-016922,S0032814,2025FA,2025-26,0,0,0,0,0
AID2025-016923,S0039095,2025FA,2025-26,0,0,0,0,0
AID2025-016924,S0035701,2025FA,2025-26,0,0,0,1,5500
AID2025-016925,S0040367,2025FA,2025-26,1,1,7395,0,0
AID2025-016926,S0021958,2025FA,2025-26,0,0,0,0,0
AID2025-016927,S0038087,2025FA,2025-26,1,1,7395,1,5500
AID2025-016928,S0028406,2025FA,2025-26,1,1,7395,0,0
AID2025-016929,S0004773,2025FA,2025-26,1,1,7395,0,0
AID2025-016930,S0025994,2025FA,2025-26,0,0,0,1,5500
AID2025-016931,S0039392,2025FA,2025-26,0,0,0,0,0
AID2025-016932,S0027613,2025FA,2025-26,0,0,0,0,0
AID2025-016933,S0033340,2025FA,2025-26,0,0,0,1,5500
AID2025-016934,S0028360,2025FA,2025-26,0,0,0,0,0
AID2025-016935,S0039071,2025FA,2025-26,0,0,0,0,0
AID2025-016936,S0035570,2025FA,2025-26,0,0,0,1,5500
AID2025-016937,S0037659,2025FA,2025-26,0,0,0,0,0
AID2025-016938,S0037673,2025FA,2025-26,1,1,7395,0,0
AID2025-016939,S0033122,2025FA,2025-26,0,0,0,1,5500
AID2025-016940,S0029033,2025FA,2025-26,0,0,0,0,0
AID2025-016941,S0005696,2025FA,2025-26,0,0,0,0,0
AID2025-016942,S0019330,2025FA,2025-26,0,0,0,1,5500
AID2025-016943,S0019553,2025FA,2025-26,0,0,0,0,0
AID2025-016944,S0028310,2025FA,2025-26,0,0,0,0,0
AID2025-016945,S0001091,2025FA,2025-26,1,1,7395,1,5500
AID2025-016946,S0035399,2025FA,2025-26,0,0,0,0,0
AID2025-016947,S0032659,2025FA,2025-26,0,0,0,0,0
AID2025-016948,S0015059,2025FA,2025-26,1,0,0,1,5500
AID2025-016949,S0015265,2025FA,2025-26,0,0,0,0,0
AID2025-016950,S0036662,2025FA,2025-26,1,1,7395,0,0
AID2025-016951,S0009602,2025FA,2025-26,0,0,0,1,5500
AID2025-016952,S0017801,2025FA,2025-26,1,1,7395,0,0
AID2025-016953,S0038237,2025FA,2025-26,1,1,7395,0,0
AID2025-016954,S0014624,2025FA,2025-26,0,0,0,1,5500
AID2025-016955,S0008962,2025FA,2025-26,0,0,0,0,0
AID2025-016956,S0036401,2025FA,2025-26,1,1,7395,0,0
AID2025-016957,S0024321,2025FA,2025-26,0,0,0,1,5500
AID2025-016958,S0033032,2025FA,2025-26,0,0,0,0,0
AID2025-016959,S0028608,2025FA,2025-26,1,1,7395,0,0
AID2025-016960,S0038937,2025FA,2025-26,0,0,0,1,5500
AID2025-016961,S0012164,2025FA,2025-26,0,0,0,0,0
AID2025-016962,S0028056,2025FA,2025-26,1,0,0,0,0
AID2025-016963,S0028187,2025FA,2025-26,0,0,0,1,5500
AID2025-016964,S0003504,2025FA,2025-26,1,1,7395,0,0
AID2025-016965,S0022901,2025FA,2025-26,0,0,0,0,0
AID2025-016966,S0030638,2025FA,2025-26,0,0,0,1,5500
AID2025-016967,S0003478,2025FA,2025-26,0,0,0,0,0
AID2025-016968,S0035166,2025FA,2025-26,0,0,0,0,0
AID2025-016969,S0032943,2025FA,2025-26,0,0,0,1,5500
AID2025-016970,S0028388,2025FA,2025-26,0,0,0,0,0
AID2025-016971,S0018854,2025FA,2025-26,0,0,0,0,0
AID2025-016972,S0021514,2025FA,2025-26,0,0,0,1,5500
AID2025-016973,S0032868,2025FA,2025-26,0,0,0,0,0
AID2025-016974,S0039291,2025FA,2025-26,0,0,0,0,0
AID2025-016975,S0031360,2025FA,2025-26,0,0,0,1,5500
AID2025-016976,S0010537,2025FA,2025-26,1,0,0,0,0
AID2025-016977,S0035188,2025FA,2025-26,0,0,0,0,0
AID2025-016978,S0035455,2025FA,2025-26,0,0,0,1,5500
AID2025-016979,S0015187,2025FA,2025-26,0,0,0,0,0
AID2025-016980,S0028495,2025FA,2025-26,0,0,0,0,0
AID2025-016981,S0039379,2025FA,2025-26,1,1,7395,1,5500
AID2025-016982,S0028895,2025FA,2025-26,0,0,0,0,0
AID2025-016983,S0032279,2025FA,2025-26,0,0,0,0,0
AID2025-016984,S0023641,2025FA,2025-26,0,0,0,1,5500
AID2025-016985,S0032290,2025FA,2025-26,0,0,0,0,0
AID2025-016986,S0040612,2025FA,2025-26,0,0,0,0,0
AID2025-016987,S0017566,2025FA,2025-26,1,1,7395,1,5500
AID2025-016988,S0021504,2025FA,2025-26,0,0,0,0,0
AID2025-016989,S0033056,2025FA,2025-26,0,0,0,0,0
AID2025-016990,S0040565,2025FA,2025-26,0,0,0,1,5500
AID2025-016991,S0018317,2025FA,2025-26,1,1,7395,0,0
AID2025-016992,S0039647,2025FA,2025-26,0,0,0,0,0
AID2025-016993,S0010458,2025FA,2025-26,1,1,7395,1,5500
AID2025-016994,S0028167,2025FA,2025-26,0,0,0,0,0
AID2025-016995,S0040320,2025FA,2025-26,1,1,7395,0,0
AID2025-016996,S0032725,2025FA,2025-26,0,0,0,1,5500
AID2025-016997,S0038713,2025FA,2025-26,1,0,0,0,0
AID2025-016998,S0036680,2025FA,2025-26,0,0,0,0,0
AID2025-016999,S0038610,2025FA,2025-26,0,0,0,1,5500
AID2025-017000,S0033993,2025FA,2025-26,0,0,0,0,0
AID2025-017001,S0027208,2025FA,2025-26,0,0,0,0,0
AID2025-017002,S0015511,2025FA,2025-26,1,1,7395,1,5500
AID2025-017003,S0033780,2025FA,2025-26,1,1,7395,0,0
AID2025-017004,S0015020,2025FA,2025-26,0,0,0,0,0
AID2025-017005,S0030805,2025FA,2025-26,0,0,0,1,5500
AID2025-017006,S0024146,2025FA,2025-26,0,0,0,0,0
AID2025-017007,S0038394,2025FA,2025-26,0,0,0,0,0
AID2025-017008,S0030506,2025FA,2025-26,0,0,0,1,5500
AID2025-017009,S0029568,2025FA,2025-26,0,0,0,0,0
AID2025-017010,S0031877,2025FA,2025-26,1,1,7395,0,0
AID2025-017011,S0016127,2025FA,2025-26,1,0,0,1,5500
AID2025-017012,S0032269,2025FA,2025-26,0,0,0,0,0
AID2025-017013,S0028557,2025FA,2025-26,1,1,7395,0,0
AID2025-017014,S0038295,2025FA,2025-26,0,0,0,1,5500
AID2025-017015,S0004679,2025FA,2025-26,1,1,7395,0,0
AID2025-017016,S0036350,2025FA,2025-26,1,1,7395,0,0
AID2025-017017,S0028685,2025FA,2025-26,1,1,7395,1,5500
AID2025-017018,S0036864,2025FA,2025-26,0,0,0,0,0
AID2025-017019,S0035325,2025FA,2025-26,0,0,0,0,0
AID2025-017020,S0012125,2025FA,2025-26,0,0,0,1,5500
AID2025-017021,S0028491,2025FA,2025-26,0,0,0,0,0
AID2025-017022,S0033051,2025FA,2025-26,1,1,7395,0,0
AID2025-017023,S0028066,2025FA,2025-26,0,0,0,1,5500
AID2025-017024,S0023783,2025FA,2025-26,1,1,7395,0,0
AID2025-017025,S0011157,2025FA,2025-26,0,0,0,0,0
AID2025-017026,S0037827,2025FA,2025-26,1,1,7395,1,5500
AID2025-017027,S0032578,2025FA,2025-26,1,1,7395,0,0
AID2025-017028,S0035326,2025FA,2025-26,0,0,0,0,0
AID2025-017029,S0032176,2025FA,2025-26,0,0,0,1,5500
AID2025-017030,S0037273,2025FA,2025-26,0,0,0,0,0
AID2025-017031,S0024184,2025FA,2025-26,0,0,0,0,0
AID2025-017032,S0040284,2025FA,2025-26,1,0,0,1,5500
AID2025-017033,S0039676,2025FA,2025-26,0,0,0,0,0
AID2025-017034,S0009075,2025FA,2025-26,0,0,0,0,0
AID2025-017035,S0017855,2025FA,2025-26,0,0,0,1,5500
AID2025-017036,S0003022,2025FA,2025-26,0,0,0,0,0
AID2025-017037,S0017224,2025FA,2025-26,0,0,0,0,0
AID2025-017038,S0032165,2025FA,2025-26,0,0,0,1,5500
AID2025-017039,S0034414,2025FA,2025-26,0,0,0,0,0
AID2025-017040,S0032271,2025FA,2025-26,0,0,0,0,0
AID2025-017041,S0026484,2025FA,2025-26,0,0,0,1,5500
AID2025-017042,S0022632,2025FA,2025-26,0,0,0,0,0
AID2025-017043,S0040306,2025FA,2025-26,1,1,7395,0,0
AID2025-017044,S0029454,2025FA,2025-26,0,0,0,1,5500
AID2025-017045,S0021765,2025FA,2025-26,1,1,7395,0,0
AID2025-017046,S0021053,2025FA,2025-26,0,0,0,0,0
AID2025-017047,S0036249,2025FA,2025-26,0,0,0,1,5500
AID2025-017048,S0015093,2025FA,2025-26,1,1,7395,0,0
AID2025-017049,S0028702,2025FA,2025-26,0,0,0,0,0
AID2025-017050,S0036130,2025FA,2025-26,0,0,0,1,5500
AID2025-017051,S0003158,2025FA,2025-26,0,0,0,0,0
AID2025-017052,S0024077,2025FA,2025-26,1,1,7395,0,0
AID2025-017053,S0018972,2025FA,2025-26,0,0,0,1,5500
AID2025-017054,S0036383,2025FA,2025-26,0,0,0,0,0
AID2025-017055,S0034324,2025FA,2025-26,0,0,0,0,0
AID2025-017056,S0038802,2025FA,2025-26,0,0,0,1,5500
AID2025-017057,S0028450,2025FA,2025-26,0,0,0,0,0
AID2025-017058,S0027263,2025FA,2025-26,0,0,0,0,0
AID2025-017059,S0038314,2025FA,2025-26,0,0,0,1,5500
AID2025-017060,S0039085,2025FA,2025-26,1,0,0,0,0
AID2025-017061,S0008208,2025FA,2025-26,0,0,0,0,0
AID2025-017062,S0029127,2025FA,2025-26,0,0,0,1,5500
AID2025-017063,S0000746,2025FA,2025-26,0,0,0,0,0
AID2025-017064,S0023926,2025FA,2025-26,0,0,0,0,0
AID2025-017065,S0040212,2025FA,2025-26,0,0,0,1,5500
AID2025-017066,S0029373,2025FA,2025-26,1,1,7395,0,0
AID2025-017067,S0003819,2025FA,2025-26,0,0,0,0,0
AID2025-017068,S0032120,2025FA,2025-26,0,0,0,1,5500
AID2025-017069,S0040554,2025FA,2025-26,1,1,7395,0,0
AID2025-017070,S0005419,2025FA,2025-26,0,0,0,0,0
AID2025-017071,S0023565,2025FA,2025-26,0,0,0,1,5500
AID2025-017072,S0037951,2025FA,2025-26,0,0,0,0,0
AID2025-017073,S0000693,2025FA,2025-26,0,0,0,0,0
AID2025-017074,S0037412,2025FA,2025-26,0,0,0,1,5500
AID2025-017075,S0031563,2025FA,2025-26,0,0,0,0,0
AID2025-017076,S0040089,2025FA,2025-26,0,0,0,0,0
AID2025-017077,S0028266,2025FA,2025-26,0,0,0,1,5500
AID2025-017078,S0022985,2025FA,2025-26,0,0,0,0,0
AID2025-017079,S0017071,2025FA,2025-26,1,1,7395,0,0
AID2025-017080,S0033181,2025FA,2025-26,0,0,0,1,5500
AID2025-017081,S0031034,2025FA,2025-26,0,0,0,0,0
AID2025-017082,S0001676,2025FA,2025-26,1,1,7395,0,0
AID2025-017083,S0034239,2025FA,2025-26,0,0,0,1,5500
AID2025-017084,S0017546,2025FA,2025-26,1,1,7395,0,0
AID2025-017085,S0015877,2025FA,2025-26,0,0,0,0,0
AID2025-017086,S0028173,2025FA,2025-26,1,1,7395,1,5500
AID2025-017087,S0013723,2025FA,2025-26,0,0,0,0,0
AID2025-017088,S0039338,2025FA,2025-26,0,0,0,0,0
AID2025-017089,S0027443,2025FA,2025-26,1,1,7395,1,5500
AID2025-017090,S0002034,2025FA,2025-26,1,1,7395,0,0
AID2025-017091,S0037346,2025FA,2025-26,0,0,0,0,0
AID2025-017092,S0037925,2025FA,2025-26,1,1,7395,1,5500
AID2025-017093,S0027382,2025FA,2025-26,0,0,0,0,0
AID2025-017094,S0017782,2025FA,2025-26,0,0,0,0,0
AID2025-017095,S0032277,2025FA,2025-26,0,0,0,1,5500
AID2025-017096,S0001062,2025FA,2025-26,0,0,0,0,0
AID2025-017097,S0032022,2025FA,2025-26,0,0,0,0,0
AID2025-017098,S0012616,2025FA,2025-26,1,1,7395,1,5500
AID2025-017099,S0014105,2025FA,2025-26,0,0,0,0,0
AID2025-017100,S0034027,2025FA,2025-26,0,0,0,0,0
AID2025-017101,S0018686,2025FA,2025-26,0,0,0,1,5500
AID2025-017102,S0039985,2025FA,2025-26,0,0,0,0,0
AID2025-017103,S0039364,2025FA,2025-26,0,0,0,0,0
AID2025-017104,S0003690,2025FA,2025-26,1,1,7395,1,5500
AID2025-017105,S0025457,2025FA,2025-26,0,0,0,0,0
AID2025-017106,S0030314,2025FA,2025-26,0,0,0,0,0
AID2025-017107,S0012370,2025FA,2025-26,0,0,0,1,5500
AID2025-017108,S0032392,2025FA,2025-26,0,0,0,0,0
AID2025-017109,S0032551,2025FA,2025-26,0,0,0,0,0
AID2025-017110,S0001982,2025FA,2025-26,0,0,0,1,5500
AID2025-017111,S0032362,2025FA,2025-26,0,0,0,0,0
AID2025-017112,S0027900,2025FA,2025-26,0,0,0,0,0
AID2025-017113,S0013104,2025FA,2025-26,0,0,0,1,5500
AID2025-017114,S0038315,2025FA,2025-26,1,1,7395,0,0
AID2025-017115,S0008438,2025FA,2025-26,1,1,7395,0,0
AID2025-017116,S0025970,2025FA,2025-26,0,0,0,1,5500
AID2025-017117,S0019318,2025FA,2025-26,1,1,7395,0,0
AID2025-017118,S0036433,2025FA,2025-26,0,0,0,0,0
AID2025-017119,S0036290,2025FA,2025-26,1,1,7395,1,5500
AID2025-017120,S0016063,2025FA,2025-26,0,0,0,0,0
AID2025-017121,S0036286,2025FA,2025-26,1,1,7395,0,0
AID2025-017122,S0038433,2025FA,2025-26,0,0,0,1,5500
AID2025-017123,S0022917,2025FA,2025-26,0,0,0,0,0
AID2025-017124,S0011360,2025FA,2025-26,0,0,0,0,0
AID2025-017125,S0031741,2025FA,2025-26,1,1,7395,1,5500
AID2025-017126,S0009003,2025FA,2025-26,0,0,0,0,0
AID2025-017127,S0009014,2025FA,2025-26,1,1,7395,0,0
AID2025-017128,S0023322,2025FA,2025-26,0,0,0,1,5500
AID2025-017129,S0027906,2025FA,2025-26,0,0,0,0,0
AID2025-017130,S0029554,2025FA,2025-26,0,0,0,0,0
AID2025-017131,S0026354,2025FA,2025-26,1,1,7395,1,5500
AID2025-017132,S0023794,2025FA,2025-26,1,1,7395,0,0
AID2025-017133,S0027448,2025FA,2025-26,0,0,0,0,0
AID2025-017134,S0038203,2025FA,2025-26,0,0,0,1,5500
AID2025-017135,S0033642,2025FA,2025-26,0,0,0,0,0
AID2025-017136,S0040076,2025FA,2025-26,1,1,7395,0,0
AID2025-017137,S0006117,2025FA,2025-26,1,0,0,1,5500
AID2025-017138,S0032842,2025FA,2025-26,0,0,0,0,0
AID2025-017139,S0027396,2025FA,2025-26,0,0,0,0,0
AID2025-017140,S0020676,2025FA,2025-26,1,1,7395,1,5500
AID2025-017141,S0031729,2025FA,2025-26,1,1,7395,0,0
AID2025-017142,S0027850,2025FA,2025-26,0,0,0,0,0
AID2025-017143,S0030549,2025FA,2025-26,0,0,0,1,5500
AID2025-017144,S0002078,2025FA,2025-26,0,0,0,0,0
AID2025-017145,S0028369,2025FA,2025-26,1,1,7395,0,0
AID2025-017146,S0029315,2025FA,2025-26,0,0,0,1,5500
AID2025-017147,S0008222,2025FA,2025-26,0,0,0,0,0
AID2025-017148,S0023969,2025FA,2025-26,0,0,0,0,0
AID2025-017149,S0040239,2025FA,2025-26,0,0,0,1,5500
AID2025-017150,S0038503,2025FA,2025-26,1,1,7395,0,0
AID2025-017151,S0007689,2025FA,2025-26,1,0,0,0,0
AID2025-017152,S0030941,2025FA,2025-26,1,1,7395,1,5500
AID2025-017153,S0034042,2025FA,2025-26,0,0,0,0,0
AID2025-017154,S0024362,2025FA,2025-26,1,1,7395,0,0
AID2025-017155,S0008016,2025FA,2025-26,1,1,7395,1,5500
AID2025-017156,S0037495,2025FA,2025-26,1,1,7395,0,0
AID2025-017157,S0005868,2025FA,2025-26,0,0,0,0,0
AID2025-017158,S0030466,2025FA,2025-26,0,0,0,1,5500
AID2025-017159,S0028361,2025FA,2025-26,0,0,0,0,0
AID2025-017160,S0036372,2025FA,2025-26,0,0,0,0,0
AID2025-017161,S0023196,2025FA,2025-26,0,0,0,1,5500
AID2025-017162,S0026261,2025FA,2025-26,1,1,7395,0,0
AID2025-017163,S0037689,2025FA,2025-26,0,0,0,0,0
AID2025-017164,S0023962,2025FA,2025-26,0,0,0,1,5500
AID2025-017165,S0011810,2025FA,2025-26,0,0,0,0,0
AID2025-017166,S0005191,2025FA,2025-26,0,0,0,0,0
AID2025-017167,S0035182,2025FA,2025-26,0,0,0,1,5500
AID2025-017168,S0022904,2025FA,2025-26,1,1,7395,0,0
AID2025-017169,S0024272,2025FA,2025-26,0,0,0,0,0
AID2025-017170,S0010442,2025FA,2025-26,1,1,7395,1,5500
AID2025-017171,S0024179,2025FA,2025-26,0,0,0,0,0
AID2025-017172,S0032229,2025FA,2025-26,1,0,0,0,0
AID2025-017173,S0039448,2025FA,2025-26,0,0,0,1,5500
AID2025-017174,S0010641,2025FA,2025-26,0,0,0,0,0
AID2025-017175,S0017575,2025FA,2025-26,1,1,7395,0,0
AID2025-017176,S0008850,2025FA,2025-26,0,0,0,1,5500
AID2025-017177,S0039225,2025FA,2025-26,0,0,0,0,0
AID2025-017178,S0011855,2025FA,2025-26,0,0,0,0,0
AID2025-017179,S0000438,2025FA,2025-26,1,0,0,1,5500
AID2025-017180,S0036642,2025FA,2025-26,0,0,0,0,0
AID2025-017181,S0033690,2025FA,2025-26,0,0,0,0,0
AID2025-017182,S0021874,2025FA,2025-26,0,0,0,1,5500
AID2025-017183,S0001169,2025FA,2025-26,0,0,0,0,0
AID2025-017184,S0039433,2025FA,2025-26,0,0,0,0,0
AID2025-017185,S0034115,2025FA,2025-26,0,0,0,1,5500
AID2025-017186,S0010580,2025FA,2025-26,0,0,0,0,0
AID2025-017187,S0017759,2025FA,2025-26,1,1,7395,0,0
AID2025-017188,S0038262,2025FA,2025-26,1,1,7395,1,5500
AID2025-017189,S0027213,2025FA,2025-26,0,0,0,0,0
AID2025-017190,S0026812,2025FA,2025-26,0,0,0,0,0
AID2025-017191,S0014553,2025FA,2025-26,0,0,0,1,5500
AID2025-017192,S0036343,2025FA,2025-26,0,0,0,0,0
AID2025-017193,S0023829,2025FA,2025-26,0,0,0,0,0
AID2025-017194,S0036923,2025FA,2025-26,0,0,0,1,5500
AID2025-017195,S0030571,2025FA,2025-26,0,0,0,0,0
AID2025-017196,S0017206,2025FA,2025-26,0,0,0,0,0
AID2025-017197,S0033176,2025FA,2025-26,0,0,0,1,5500
AID2025-017198,S0005288,2025FA,2025-26,0,0,0,0,0
AID2025-017199,S0032300,2025FA,2025-26,0,0,0,0,0
AID2025-017200,S0037762,2025FA,2025-26,0,0,0,1,5500
AID2025-017201,S0040525,2025FA,2025-26,0,0,0,0,0
AID2025-017202,S0022086,2025FA,2025-26,1,1,7395,0,0
AID2025-017203,S0035402,2025FA,2025-26,0,0,0,1,5500
AID2025-017204,S0029108,2025FA,2025-26,0,0,0,0,0
AID2025-017205,S0032127,2025FA,2025-26,0,0,0,0,0
AID2025-017206,S0034022,2025FA,2025-26,1,1,7395,1,5500
AID2025-017207,S0000775,2025FA,2025-26,0,0,0,0,0
AID2025-017208,S0036320,2025FA,2025-26,0,0,0,0,0
AID2025-017209,S0039112,2025FA,2025-26,1,1,7395,1,5500
AID2025-017210,S0031550,2025FA,2025-26,0,0,0,0,0
AID2025-017211,S0020613,2025FA,2025-26,0,0,0,0,0
AID2025-017212,S0030721,2025FA,2025-26,0,0,0,1,5500
AID2025-017213,S0027241,2025FA,2025-26,0,0,0,0,0
AID2025-017214,S0034102,2025FA,2025-26,0,0,0,0,0
AID2025-017215,S0022613,2025FA,2025-26,0,0,0,1,5500
AID2025-017216,S0022550,2025FA,2025-26,1,1,7395,0,0
AID2025-017217,S0032106,2025FA,2025-26,1,1,7395,0,0
AID2025-017218,S0033874,2025FA,2025-26,1,1,7395,1,5500
AID2025-017219,S0017038,2025FA,2025-26,0,0,0,0,0
AID2025-017220,S0027968,2025FA,2025-26,0,0,0,0,0
AID2025-017221,S0018435,2025FA,2025-26,0,0,0,1,5500
AID2025-017222,S0039491,2025FA,2025-26,0,0,0,0,0
AID2025-017223,S0033362,2025FA,2025-26,1,1,7395,0,0
AID2025-017224,S0012221,2025FA,2025-26,0,0,0,1,5500
AID2025-017225,S0036771,2025FA,2025-26,1,1,7395,0,0
AID2025-017226,S0039293,2025FA,2025-26,0,0,0,0,0
AID2025-017227,S0034170,2025FA,2025-26,0,0,0,1,5500
AID2025-017228,S0027539,2025FA,2025-26,1,0,0,0,0
AID2025-017229,S0009364,2025FA,2025-26,1,1,7395,0,0
AID2025-017230,S0016960,2025FA,2025-26,0,0,0,1,5500
AID2025-017231,S0030516,2025FA,2025-26,0,0,0,0,0
AID2025-017232,S0023238,2025FA,2025-26,0,0,0,0,0
AID2025-017233,S0038608,2025FA,2025-26,0,0,0,1,5500
AID2025-017234,S0038504,2025FA,2025-26,1,1,7395,0,0
AID2025-017235,S0038652,2025FA,2025-26,0,0,0,0,0
AID2025-017236,S0028250,2025FA,2025-26,1,1,7395,1,5500
AID2025-017237,S0023542,2025FA,2025-26,1,1,7395,0,0
AID2025-017238,S0005088,2025FA,2025-26,0,0,0,0,0
AID2025-017239,S0035897,2025FA,2025-26,0,0,0,1,5500
AID2025-017240,S0013293,2025FA,2025-26,0,0,0,0,0
AID2025-017241,S0001102,2025FA,2025-26,0,0,0,0,0
AID2025-017242,S0031985,2025FA,2025-26,0,0,0,1,5500
AID2025-017243,S0009392,2025FA,2025-26,1,1,7395,0,0
AID2025-017244,S0006842,2025FA,2025-26,1,1,7395,0,0
AID2025-017245,S0032424,2025FA,2025-26,0,0,0,1,5500
AID2025-017246,S0016480,2025FA,2025-26,1,1,7395,0,0
AID2025-017247,S0013549,2025FA,2025-26,1,1,7395,0,0
AID2025-017248,S0038768,2025FA,2025-26,1,1,7395,1,5500
AID2025-017249,S0035112,2025FA,2025-26,0,0,0,0,0
AID2025-017250,S0035754,2025FA,2025-26,1,1,7395,0,0
AID2025-017251,S0026055,2025FA,2025-26,1,1,7395,1,5500
AID2025-017252,S0038483,2025FA,2025-26,0,0,0,0,0
AID2025-017253,S0019049,2025FA,2025-26,0,0,0,0,0
AID2025-017254,S0028112,2025FA,2025-26,1,1,7395,1,5500
AID2025-017255,S0018330,2025FA,2025-26,1,1,7395,0,0
AID2025-017256,S0039648,2025FA,2025-26,0,0,0,0,0
AID2025-017257,S0021896,2025FA,2025-26,0,0,0,1,5500
AID2025-017258,S0037284,2025FA,2025-26,0,0,0,0,0
AID2025-017259,S0037707,2025FA,2025-26,0,0,0,0,0
AID2025-017260,S0009161,2025FA,2025-26,0,0,0,1,5500
AID2025-017261,S0038893,2025FA,2025-26,0,0,0,0,0
AID2025-017262,S0000404,2025FA,2025-26,0,0,0,0,0
AID2025-017263,S0028701,2025FA,2025-26,0,0,0,1,5500
AID2025-017264,S0038214,2025FA,2025-26,0,0,0,0,0
AID2025-017265,S0038825,2025FA,2025-26,0,0,0,0,0
AID2025-017266,S0025553,2025FA,2025-26,1,1,7395,1,5500
AID2025-017267,S0023481,2025FA,2025-26,1,1,7395,0,0
AID2025-017268,S0028890,2025FA,2025-26,0,0,0,0,0
AID2025-017269,S0037794,2025FA,2025-26,0,0,0,1,5500
AID2025-017270,S0025778,2025FA,2025-26,0,0,0,0,0
AID2025-017271,S0009734,2025FA,2025-26,0,0,0,0,0
AID2025-017272,S0040625,2025FA,2025-26,0,0,0,1,5500
AID2025-017273,S0039016,2025FA,2025-26,0,0,0,0,0
AID2025-017274,S0032765,2025FA,2025-26,0,0,0,0,0
AID2025-017275,S0029181,2025FA,2025-26,0,0,0,1,5500
AID2025-017276,S0033191,2025FA,2025-26,1,1,7395,0,0
AID2025-017277,S0011344,2025FA,2025-26,0,0,0,0,0
AID2025-017278,S0014001,2025FA,2025-26,0,0,0,1,5500
AID2025-017279,S0029234,2025FA,2025-26,0,0,0,0,0
AID2025-017280,S0036812,2025FA,2025-26,0,0,0,0,0
AID2025-017281,S0025532,2025FA,2025-26,0,0,0,1,5500
AID2025-017282,S0018757,2025FA,2025-26,0,0,0,0,0
AID2025-017283,S0024154,2025FA,2025-26,1,1,7395,0,0
AID2025-017284,S0036157,2025FA,2025-26,0,0,0,1,5500
AID2025-017285,S0032794,2025FA,2025-26,0,0,0,0,0
AID2025-017286,S0038960,2025FA,2025-26,0,0,0,0,0
AID2025-017287,S0035672,2025FA,2025-26,0,0,0,1,5500
AID2025-017288,S0032993,2025FA,2025-26,1,1,7395,0,0
AID2025-017289,S0028045,2025FA,2025-26,1,1,7395,0,0
AID2025-017290,S0027226,2025FA,2025-26,0,0,0,1,5500
AID2025-017291,S0013222,2025FA,2025-26,1,1,7395,0,0
AID2025-017292,S0028749,2025FA,2025-26,1,1,7395,0,0
AID2025-017293,S0024411,2025FA,2025-26,0,0,0,1,5500
AID2025-017294,S0018792,2025FA,2025-26,1,1,7395,0,0
AID2025-017295,S0004106,2025FA,2025-26,0,0,0,0,0
AID2025-017296,S0038411,2025FA,2025-26,0,0,0,1,5500
AID2025-017297,S0031370,2025FA,2025-26,0,0,0,0,0
AID2025-017298,S0031095,2025FA,2025-26,0,0,0,0,0
AID2025-017299,S0008140,2025FA,2025-26,1,1,7395,1,5500
AID2025-017300,S0015600,2025FA,2025-26,0,0,0,0,0
AID2025-017301,S0000950,2025FA,2025-26,0,0,0,0,0
AID2025-017302,S0026452,2025FA,2025-26,0,0,0,1,5500
AID2025-017303,S0035352,2025FA,2025-26,0,0,0,0,0
AID2025-017304,S0010477,2025FA,2025-26,0,0,0,0,0
AID2025-017305,S0035629,2025FA,2025-26,0,0,0,1,5500
AID2025-017306,S0032956,2025FA,2025-26,0,0,0,0,0
AID2025-017307,S0033208,2025FA,2025-26,0,0,0,0,0
AID2025-017308,S0034101,2025FA,2025-26,0,0,0,1,5500
AID2025-017309,S0005679,2025FA,2025-26,1,1,7395,0,0
AID2025-017310,S0039203,2025FA,2025-26,0,0,0,0,0
AID2025-017311,S0038754,2025FA,2025-26,0,0,0,1,5500
AID2025-017312,S0025393,2025FA,2025-26,0,0,0,0,0
AID2025-017313,S0035300,2025FA,2025-26,1,1,7395,0,0
AID2025-017314,S0031215,2025FA,2025-26,0,0,0,1,5500
AID2025-017315,S0029012,2025FA,2025-26,0,0,0,0,0
AID2025-017316,S0026420,2025FA,2025-26,1,1,7395,0,0
AID2025-017317,S0036299,2025FA,2025-26,1,1,7395,1,5500
AID2025-017318,S0008870,2025FA,2025-26,0,0,0,0,0
AID2025-017319,S0011722,2025FA,2025-26,0,0,0,0,0
AID2025-017320,S0001439,2025FA,2025-26,0,0,0,1,5500
AID2025-017321,S0007424,2025FA,2025-26,0,0,0,0,0
AID2025-017322,S0036280,2025FA,2025-26,0,0,0,0,0
AID2025-017323,S0007022,2025FA,2025-26,0,0,0,1,5500
AID2025-017324,S0033171,2025FA,2025-26,0,0,0,0,0
AID2025-017325,S0018251,2025FA,2025-26,0,0,0,0,0
AID2025-017326,S0022601,2025FA,2025-26,0,0,0,1,5500
AID2025-017327,S0024046,2025FA,2025-26,1,1,7395,0,0
AID2025-017328,S0034229,2025FA,2025-26,0,0,0,0,0
AID2025-017329,S0039238,2025FA,2025-26,0,0,0,1,5500
AID2025-017330,S0036972,2025FA,2025-26,1,1,7395,0,0
AID2025-017331,S0010292,2025FA,2025-26,0,0,0,0,0
AID2025-017332,S0027997,2025FA,2025-26,0,0,0,1,5500
AID2025-017333,S0016652,2025FA,2025-26,1,0,0,0,0
AID2025-017334,S0031458,2025FA,2025-26,0,0,0,0,0
AID2025-017335,S0032314,2025FA,2025-26,1,1,7395,1,5500
AID2025-017336,S0005508,2025FA,2025-26,1,1,7395,0,0
AID2025-017337,S0037917,2025FA,2025-26,0,0,0,0,0
AID2025-017338,S0035891,2025FA,2025-26,0,0,0,1,5500
AID2025-017339,S0025801,2025FA,2025-26,0,0,0,0,0
AID2025-017340,S0034247,2025FA,2025-26,0,0,0,0,0
AID2025-017341,S0026315,2025FA,2025-26,0,0,0,1,5500
AID2025-017342,S0039191,2025FA,2025-26,0,0,0,0,0
AID2025-017343,S0004146,2025FA,2025-26,0,0,0,0,0
AID2025-017344,S0001052,2025FA,2025-26,1,1,7395,1,5500
AID2025-017345,S0033369,2025FA,2025-26,1,1,7395,0,0
AID2025-017346,S0007378,2025FA,2025-26,0,0,0,0,0
AID2025-017347,S0034330,2025FA,2025-26,0,0,0,1,5500
AID2025-017348,S0024336,2025FA,2025-26,1,1,7395,0,0
AID2025-017349,S0035375,2025FA,2025-26,1,1,7395,0,0
AID2025-017350,S0035414,2025FA,2025-26,0,0,0,1,5500
AID2025-017351,S0037209,2025FA,2025-26,0,0,0,0,0
AID2025-017352,S0006924,2025FA,2025-26,0,0,0,0,0
AID2025-017353,S0028765,2025FA,2025-26,1,1,7395,1,5500
AID2025-017354,S0036991,2025FA,2025-26,0,0,0,0,0
AID2025-017355,S0022949,2025FA,2025-26,0,0,0,0,0
AID2025-017356,S0038024,2025FA,2025-26,1,1,7395,1,5500
AID2025-017357,S0010375,2025FA,2025-26,1,1,7395,0,0
AID2025-017358,S0035941,2025FA,2025-26,0,0,0,0,0
AID2025-017359,S0005614,2025FA,2025-26,0,0,0,1,5500
AID2025-017360,S0012746,2025FA,2025-26,1,1,7395,0,0
AID2025-017361,S0033890,2025FA,2025-26,0,0,0,0,0
AID2025-017362,S0026529,2025FA,2025-26,0,0,0,1,5500
AID2025-017363,S0031291,2025FA,2025-26,0,0,0,0,0
AID2025-017364,S0040379,2025FA,2025-26,1,1,7395,0,0
AID2025-017365,S0028019,2025FA,2025-26,0,0,0,1,5500
AID2025-017366,S0017253,2025FA,2025-26,0,0,0,0,0
AID2025-017367,S0031527,2025FA,2025-26,1,1,7395,0,0
AID2025-017368,S0036431,2025FA,2025-26,1,0,0,1,5500
AID2025-017369,S0036557,2025FA,2025-26,0,0,0,0,0
AID2025-017370,S0037551,2025FA,2025-26,1,1,7395,0,0
AID2025-017371,S0033536,2025FA,2025-26,1,1,7395,1,5500
AID2025-017372,S0015727,2025FA,2025-26,0,0,0,0,0
AID2025-017373,S0040313,2025FA,2025-26,0,0,0,0,0
AID2025-017374,S0035196,2025FA,2025-26,0,0,0,1,5500
AID2025-017375,S0039717,2025FA,2025-26,0,0,0,0,0
AID2025-017376,S0031769,2025FA,2025-26,1,1,7395,0,0
AID2025-017377,S0014852,2025FA,2025-26,0,0,0,1,5500
AID2025-017378,S0029469,2025FA,2025-26,0,0,0,0,0
AID2025-017379,S0034155,2025FA,2025-26,1,1,7395,0,0
AID2025-017380,S0038632,2025FA,2025-26,0,0,0,1,5500
AID2025-017381,S0039438,2025FA,2025-26,1,1,7395,0,0
AID2025-017382,S0037452,2025FA,2025-26,0,0,0,0,0
AID2025-017383,S0007314,2025FA,2025-26,1,1,7395,1,5500
AID2025-017384,S0035292,2025FA,2025-26,1,1,7395,0,0
AID2025-017385,S0007197,2025FA,2025-26,1,1,7395,0,0
AID2025-017386,S0005412,2025FA,2025-26,0,0,0,1,5500
AID2025-017387,S0036635,2025FA,2025-26,0,0,0,0,0
AID2025-017388,S0032989,2025FA,2025-26,1,1,7395,0,0
AID2025-017389,S0040098,2025FA,2025-26,0,0,0,1,5500
AID2025-017390,S0035200,2025FA,2025-26,0,0,0,0,0
AID2025-017391,S0015240,2025FA,2025-26,0,0,0,0,0
AID2025-017392,S0038381,2025FA,2025-26,0,0,0,1,5500
AID2025-017393,S0006777,2025FA,2025-26,1,1,7395,0,0
AID2025-017394,S0014836,2025FA,2025-26,0,0,0,0,0
AID2025-017395,S0024462,2025FA,2025-26,0,0,0,1,5500
AID2025-017396,S0014316,2025FA,2025-26,0,0,0,0,0
AID2025-017397,S0010193,2025FA,2025-26,1,1,7395,0,0
AID2025-017398,S0004616,2025FA,2025-26,0,0,0,1,5500
AID2025-017399,S0019354,2025FA,2025-26,0,0,0,0,0
AID2025-017400,S0027354,2025FA,2025-26,1,1,7395,0,0
AID2025-017401,S0026554,2025FA,2025-26,1,1,7395,1,5500
AID2025-017402,S0004581,2025FA,2025-26,1,1,7395,0,0
AID2025-017403,S0031653,2025FA,2025-26,0,0,0,0,0
AID2025-017404,S0038224,2025FA,2025-26,0,0,0,1,5500
AID2025-017405,S0040585,2025FA,2025-26,1,1,7395,0,0
AID2025-017406,S0011457,2025FA,2025-26,1,1,7395,0,0
AID2025-017407,S0027115,2025FA,2025-26,0,0,0,1,5500
AID2025-017408,S0039065,2025FA,2025-26,0,0,0,0,0
AID2025-017409,S0012642,2025FA,2025-26,0,0,0,0,0
AID2025-017410,S0029521,2025FA,2025-26,0,0,0,1,5500
AID2025-017411,S0020699,2025FA,2025-26,0,0,0,0,0
AID2025-017412,S0036638,2025FA,2025-26,0,0,0,0,0
AID2025-017413,S0032592,2025FA,2025-26,0,0,0,1,5500
AID2025-017414,S0037137,2025FA,2025-26,0,0,0,0,0
AID2025-017415,S0035139,2025FA,2025-26,0,0,0,0,0
AID2025-017416,S0040501,2025FA,2025-26,0,0,0,1,5500
AID2025-017417,S0038793,2025FA,2025-26,0,0,0,0,0
AID2025-017418,S0040314,2025FA,2025-26,0,0,0,0,0
AID2025-017419,S0038189,2025FA,2025-26,0,0,0,1,5500
AID2025-017420,S0000074,2025FA,2025-26,0,0,0,0,0
AID2025-017421,S0037696,2025FA,2025-26,1,1,7395,0,0
AID2025-017422,S0036019,2025FA,2025-26,1,1,7395,1,5500
AID2025-017423,S0026392,2025FA,2025-26,1,1,7395,0,0
AID2025-017424,S0005839,2025FA,2025-26,1,0,0,0,0
AID2025-017425,S0023009,2025FA,2025-26,1,1,7395,1,5500
AID2025-017426,S0003744,2025FA,2025-26,1,1,7395,0,0
AID2025-017427,S0029309,2025FA,2025-26,0,0,0,0,0
AID2025-017428,S0039563,2025FA,2025-26,0,0,0,1,5500
AID2025-017429,S0026069,2025FA,2025-26,0,0,0,0,0
AID2025-017430,S0029238,2025FA,2025-26,1,1,7395,0,0
AID2025-017431,S0006741,2025FA,2025-26,0,0,0,1,5500
AID2025-017432,S0000267,2025FA,2025-26,0,0,0,0,0
AID2025-017433,S0037525,2025FA,2025-26,0,0,0,0,0
AID2025-017434,S0022975,2025FA,2025-26,1,1,7395,1,5500
AID2025-017435,S0006789,2025FA,2025-26,0,0,0,0,0
AID2025-017436,S0032247,2025FA,2025-26,1,1,7395,0,0
AID2025-017437,S0038933,2025FA,2025-26,0,0,0,1,5500
AID2025-017438,S0037245,2025FA,2025-26,0,0,0,0,0
AID2025-017439,S0036853,2025FA,2025-26,0,0,0,0,0
AID2025-017440,S0040571,2025FA,2025-26,1,1,7395,1,5500
AID2025-017441,S0022787,2025FA,2025-26,0,0,0,0,0
AID2025-017442,S0017009,2025FA,2025-26,0,0,0,0,0
AID2025-017443,S0027299,2025FA,2025-26,1,1,7395,1,5500
AID2025-017444,S0024034,2025FA,2025-26,0,0,0,0,0
AID2025-017445,S0032147,2025FA,2025-26,1,0,0,0,0
AID2025-017446,S0039446,2025FA,2025-26,1,1,7395,1,5500
AID2025-017447,S0038545,2025FA,2025-26,0,0,0,0,0
AID2025-017448,S0037408,2025FA,2025-26,1,1,7395,0,0
AID2025-017449,S0018790,2025FA,2025-26,0,0,0,1,5500
AID2025-017450,S0029214,2025FA,2025-26,0,0,0,0,0
AID2025-017451,S0016743,2025FA,2025-26,0,0,0,0,0
AID2025-017452,S0039389,2025FA,2025-26,0,0,0,1,5500
AID2025-017453,S0035921,2025FA,2025-26,1,1,7395,0,0
AID2025-017454,S0032504,2025FA,2025-26,0,0,0,0,0
AID2025-017455,S0039653,2025FA,2025-26,0,0,0,1,5500
AID2025-017456,S0032344,2025FA,2025-26,0,0,0,0,0
AID2025-017457,S0034318,2025FA,2025-26,1,1,7395,0,0
AID2025-017458,S0027447,2025FA,2025-26,0,0,0,1,5500
AID2025-017459,S0018332,2025FA,2025-26,0,0,0,0,0
AID2025-017460,S0000160,2025FA,2025-26,0,0,0,0,0
AID2025-017461,S0022617,2025FA,2025-26,0,0,0,1,5500
AID2025-017462,S0014935,2025FA,2025-26,0,0,0,0,0
AID2025-017463,S0032980,2025FA,2025-26,0,0,0,0,0
AID2025-017464,S0000465,2025FA,2025-26,0,0,0,1,5500
AID2025-017465,S0030403,2025FA,2025-26,0,0,0,0,0
AID2025-017466,S0016653,2025FA,2025-26,1,0,0,0,0
AID2025-017467,S0038970,2025FA,2025-26,0,0,0,1,5500
AID2025-017468,S0027268,2025FA,2025-26,0,0,0,0,0
AID2025-017469,S0014414,2025FA,2025-26,0,0,0,0,0
AID2025-017470,S0030669,2025FA,2025-26,0,0,0,1,5500
AID2025-017471,S0024145,2025FA,2025-26,1,1,7395,0,0
AID2025-017472,S0040335,2025FA,2025-26,1,1,7395,0,0
AID2025-017473,S0005092,2025FA,2025-26,0,0,0,1,5500
AID2025-017474,S0001532,2025FA,2025-26,0,0,0,0,0
AID2025-017475,S0022935,2025FA,2025-26,1,1,7395,0,0
AID2025-017476,S0038921,2025FA,2025-26,0,0,0,1,5500
AID2025-017477,S0026619,2025FA,2025-26,0,0,0,0,0
AID2025-017478,S0033438,2025FA,2025-26,0,0,0,0,0
AID2025-017479,S0026629,2025FA,2025-26,0,0,0,1,5500
AID2025-017480,S0033777,2025FA,2025-26,0,0,0,0,0
AID2025-017481,S0038322,2025FA,2025-26,1,1,7395,0,0
AID2025-017482,S0021149,2025FA,2025-26,1,1,7395,1,5500
AID2025-017483,S0022525,2025FA,2025-26,1,1,7395,0,0
AID2025-017484,S0039689,2025FA,2025-26,0,0,0,0,0
AID2025-017485,S0038672,2025FA,2025-26,1,1,7395,1,5500
AID2025-017486,S0030656,2025FA,2025-26,1,1,7395,0,0
AID2025-017487,S0033555,2025FA,2025-26,1,0,0,0,0
AID2025-017488,S0022875,2025FA,2025-26,0,0,0,1,5500
AID2025-017489,S0016421,2025FA,2025-26,1,1,7395,0,0
AID2025-017490,S0038609,2025FA,2025-26,0,0,0,0,0
AID2025-017491,S0039211,2025FA,2025-26,1,1,7395,1,5500
AID2025-017492,S0029059,2025FA,2025-26,0,0,0,0,0
AID2025-017493,S0017859,2025FA,2025-26,0,0,0,0,0
AID2025-017494,S0012635,2025FA,2025-26,1,0,0,1,5500
AID2025-017495,S0019063,2025FA,2025-26,0,0,0,0,0
AID2025-017496,S0033734,2025FA,2025-26,0,0,0,0,0
AID2025-017497,S0036148,2025FA,2025-26,0,0,0,1,5500
AID2025-017498,S0037148,2025FA,2025-26,0,0,0,0,0
AID2025-017499,S0030539,2025FA,2025-26,1,1,7395,0,0
AID2025-017500,S0038042,2025FA,2025-26,0,0,0,1,5500
AID2025-017501,S0014877,2025FA,2025-26,0,0,0,0,0
AID2025-017502,S0010804,2025FA,2025-26,0,0,0,0,0
AID2025-017503,S0033254,2025FA,2025-26,1,1,7395,1,5500
AID2025-017504,S0003586,2025FA,2025-26,0,0,0,0,0
AID2025-017505,S0036136,2025FA,2025-26,0,0,0,0,0
AID2025-017506,S0001911,2025FA,2025-26,0,0,0,1,5500
AID2025-017507,S0038557,2025FA,2025-26,0,0,0,0,0
AID2025-017508,S0018890,2025FA,2025-26,0,0,0,0,0
AID2025-017509,S0010541,2025FA,2025-26,0,0,0,1,5500
AID2025-017510,S0038990,2025FA,2025-26,0,0,0,0,0
AID2025-017511,S0040248,2025FA,2025-26,1,1,7395,0,0
AID2025-017512,S0027671,2025FA,2025-26,1,1,7395,1,5500
AID2025-017513,S0018055,2025FA,2025-26,1,1,7395,0,0
AID2025-017514,S0038290,2025FA,2025-26,1,1,7395,0,0
AID2025-017515,S0037737,2025FA,2025-26,0,0,0,1,5500
AID2025-017516,S0030707,2025FA,2025-26,0,0,0,0,0
AID2025-017517,S0006181,2025FA,2025-26,0,0,0,0,0
AID2025-017518,S0028683,2025FA,2025-26,1,1,7395,1,5500
AID2025-017519,S0023173,2025FA,2025-26,1,1,7395,0,0
AID2025-017520,S0036323,2025FA,2025-26,0,0,0,0,0
AID2025-017521,S0038320,2025FA,2025-26,1,1,7395,1,5500
AID2025-017522,S0017742,2025FA,2025-26,0,0,0,0,0
AID2025-017523,S0022146,2025FA,2025-26,0,0,0,0,0
AID2025-017524,S0018950,2025FA,2025-26,0,0,0,1,5500
AID2025-017525,S0037832,2025FA,2025-26,0,0,0,0,0
AID2025-017526,S0018987,2025FA,2025-26,1,1,7395,0,0
AID2025-017527,S0024249,2025FA,2025-26,0,0,0,1,5500
AID2025-017528,S0032685,2025FA,2025-26,1,1,7395,0,0
AID2025-017529,S0021857,2025FA,2025-26,1,0,0,0,0
AID2025-017530,S0033219,2025FA,2025-26,0,0,0,1,5500
AID2025-017531,S0006486,2025FA,2025-26,0,0,0,0,0
AID2025-017532,S0037228,2025FA,2025-26,0,0,0,0,0
AID2025-017533,S0015648,2025FA,2025-26,0,0,0,1,5500
AID2025-017534,S0027421,2025FA,2025-26,1,1,7395,0,0
AID2025-017535,S0037092,2025FA,2025-26,0,0,0,0,0
AID2025-017536,S0033275,2025FA,2025-26,0,0,0,1,5500
AID2025-017537,S0039048,2025FA,2025-26,0,0,0,0,0
AID2025-017538,S0016690,2025FA,2025-26,0,0,0,0,0
AID2025-017539,S0037549,2025FA,2025-26,1,1,7395,1,5500
AID2025-017540,S0033951,2025FA,2025-26,0,0,0,0,0
AID2025-017541,S0032587,2025FA,2025-26,0,0,0,0,0
AID2025-017542,S0018656,2025FA,2025-26,1,1,7395,1,5500
AID2025-017543,S0005914,2025FA,2025-26,0,0,0,0,0
AID2025-017544,S0032236,2025FA,2025-26,1,1,7395,0,0
AID2025-017545,S0037892,2025FA,2025-26,0,0,0,1,5500
AID2025-017546,S0032437,2025FA,2025-26,0,0,0,0,0
AID2025-017547,S0034347,2025FA,2025-26,0,0,0,0,0
AID2025-017548,S0024073,2025FA,2025-26,0,0,0,1,5500
AID2025-017549,S0017207,2025FA,2025-26,0,0,0,0,0
AID2025-017550,S0011332,2025FA,2025-26,0,0,0,0,0
AID2025-017551,S0038726,2025FA,2025-26,0,0,0,1,5500
AID2025-017552,S0035294,2025FA,2025-26,0,0,0,0,0
AID2025-017553,S0037897,2025FA,2025-26,0,0,0,0,0
AID2025-017554,S0031938,2025FA,2025-26,1,1,7395,1,5500
AID2025-017555,S0006833,2025FA,2025-26,0,0,0,0,0
AID2025-017556,S0022150,2025FA,2025-26,0,0,0,0,0
AID2025-017557,S0027517,2025FA,2025-26,0,0,0,1,5500
AID2025-017558,S0038732,2025FA,2025-26,1,1,7395,0,0
AID2025-017559,S0039336,2025FA,2025-26,1,1,7395,0,0
AID2025-017560,S0030509,2025FA,2025-26,0,0,0,1,5500
AID2025-017561,S0028829,2025FA,2025-26,0,0,0,0,0
AID2025-017562,S0028857,2025FA,2025-26,0,0,0,0,0
AID2025-017563,S0034284,2025FA,2025-26,1,1,7395,1,5500
AID2025-017564,S0031315,2025FA,2025-26,0,0,0,0,0
AID2025-017565,S0024454,2025FA,2025-26,0,0,0,0,0
AID2025-017566,S0009484,2025FA,2025-26,0,0,0,1,5500
AID2025-017567,S0007864,2025FA,2025-26,0,0,0,0,0
AID2025-017568,S0030533,2025FA,2025-26,0,0,0,0,0
AID2025-017569,S0030789,2025FA,2025-26,0,0,0,1,5500
AID2025-017570,S0013844,2025FA,2025-26,1,1,7395,0,0
AID2025-017571,S0028020,2025FA,2025-26,0,0,0,0,0
AID2025-017572,S0034373,2025FA,2025-26,0,0,0,1,5500
AID2025-017573,S0028199,2025FA,2025-26,0,0,0,0,0
AID2025-017574,S0006969,2025FA,2025-26,1,1,7395,0,0
AID2025-017575,S0032955,2025FA,2025-26,0,0,0,1,5500
AID2025-017576,S0000032,2025FA,2025-26,0,0,0,0,0
AID2025-017577,S0008948,2025FA,2025-26,0,0,0,0,0
AID2025-017578,S0036749,2025FA,2025-26,1,0,0,1,5500
AID2025-017579,S0029374,2025FA,2025-26,0,0,0,0,0
AID2025-017580,S0029110,2025FA,2025-26,0,0,0,0,0
AID2025-017581,S0040516,2025FA,2025-26,0,0,0,1,5500
AID2025-017582,S0035534,2025FA,2025-26,0,0,0,0,0
AID2025-017583,S0017618,2025FA,2025-26,1,1,7395,0,0
AID2025-017584,S0032173,2025FA,2025-26,0,0,0,1,5500
AID2025-017585,S0010628,2025FA,2025-26,0,0,0,0,0
AID2025-017586,S0025922,2025FA,2025-26,0,0,0,0,0
AID2025-017587,S0036838,2025FA,2025-26,0,0,0,1,5500
AID2025-017588,S0004495,2025FA,2025-26,1,1,7395,0,0
AID2025-017589,S0005610,2025FA,2025-26,1,1,7395,0,0
AID2025-017590,S0020996,2025FA,2025-26,0,0,0,1,5500
AID2025-017591,S0028615,2025FA,2025-26,0,0,0,0,0
AID2025-017592,S0022536,2025FA,2025-26,0,0,0,0,0
AID2025-017593,S0033045,2025FA,2025-26,1,1,7395,1,5500
AID2025-017594,S0033879,2025FA,2025-26,0,0,0,0,0
AID2025-017595,S0035860,2025FA,2025-26,1,1,7395,0,0
AID2025-017596,S0030648,2025FA,2025-26,0,0,0,1,5500
AID2025-017597,S0033028,2025FA,2025-26,1,1,7395,0,0
AID2025-017598,S0038803,2025FA,2025-26,0,0,0,0,0
AID2025-017599,S0012235,2025FA,2025-26,1,0,0,1,5500
AID2025-017600,S0037499,2025FA,2025-26,0,0,0,0,0
AID2025-017601,S0021937,2025FA,2025-26,0,0,0,0,0
AID2025-017602,S0011266,2025FA,2025-26,0,0,0,1,5500
AID2025-017603,S0023012,2025FA,2025-26,0,0,0,0,0
AID2025-017604,S0033926,2025FA,2025-26,0,0,0,0,0
AID2025-017605,S0040509,2025FA,2025-26,1,1,7395,1,5500
AID2025-017606,S0018389,2025FA,2025-26,0,0,0,0,0
AID2025-017607,S0039111,2025FA,2025-26,0,0,0,0,0
AID2025-017608,S0037476,2025FA,2025-26,0,0,0,1,5500
AID2025-017609,S0015880,2025FA,2025-26,0,0,0,0,0
AID2025-017610,S0028994,2025FA,2025-26,1,1,7395,0,0
AID2025-017611,S0038565,2025FA,2025-26,1,1,7395,1,5500
AID2025-017612,S0039031,2025FA,2025-26,0,0,0,0,0
AID2025-017613,S0032179,2025FA,2025-26,1,0,0,0,0
AID2025-017614,S0028031,2025FA,2025-26,1,1,7395,1,5500
AID2025-017615,S0001195,2025FA,2025-26,0,0,0,0,0
AID2025-017616,S0030739,2025FA,2025-26,0,0,0,0,0
AID2025-017617,S0012454,2025FA,2025-26,1,1,7395,1,5500
AID2025-017618,S0032533,2025FA,2025-26,0,0,0,0,0
AID2025-017619,S0035195,2025FA,2025-26,1,1,7395,0,0
AID2025-017620,S0018633,2025FA,2025-26,0,0,0,1,5500
AID2025-017621,S0028941,2025FA,2025-26,0,0,0,0,0
AID2025-017622,S0032033,2025FA,2025-26,0,0,0,0,0
AID2025-017623,S0028170,2025FA,2025-26,0,0,0,1,5500
AID2025-017624,S0039904,2025FA,2025-26,0,0,0,0,0
AID2025-017625,S0038335,2025FA,2025-26,1,1,7395,0,0
AID2025-017626,S0018537,2025FA,2025-26,0,0,0,1,5500
AID2025-017627,S0009774,2025FA,2025-26,1,0,0,0,0
AID2025-017628,S0023548,2025FA,2025-26,0,0,0,0,0
AID2025-017629,S0023131,2025FA,2025-26,1,1,7395,1,5500
AID2025-017630,S0023076,2025FA,2025-26,0,0,0,0,0
AID2025-017631,S0033524,2025FA,2025-26,0,0,0,0,0
AID2025-017632,S0031223,2025FA,2025-26,0,0,0,1,5500
AID2025-017633,S0003391,2025FA,2025-26,1,1,7395,0,0
AID2025-017634,S0014815,2025FA,2025-26,0,0,0,0,0
AID2025-017635,S0004923,2025FA,2025-26,1,1,7395,1,5500
AID2025-017636,S0028072,2025FA,2025-26,0,0,0,0,0
AID2025-017637,S0012139,2025FA,2025-26,0,0,0,0,0
AID2025-017638,S0031671,2025FA,2025-26,0,0,0,1,5500
AID2025-017639,S0030876,2025FA,2025-26,0,0,0,0,0
AID2025-017640,S0028750,2025FA,2025-26,0,0,0,0,0
AID2025-017641,S0040227,2025FA,2025-26,0,0,0,1,5500
AID2025-017642,S0038283,2025FA,2025-26,1,1,7395,0,0
AID2025-017643,S0040368,2025FA,2025-26,1,1,7395,0,0
AID2025-017644,S0022545,2025FA,2025-26,1,1,7395,1,5500
AID2025-017645,S0038669,2025FA,2025-26,0,0,0,0,0
AID2025-017646,S0023627,2025FA,2025-26,0,0,0,0,0
AID2025-017647,S0007532,2025FA,2025-26,0,0,0,1,5500
AID2025-017648,S0029291,2025FA,2025-26,1,0,0,0,0
AID2025-017649,S0039144,2025FA,2025-26,0,0,0,0,0
AID2025-017650,S0037814,2025FA,2025-26,1,1,7395,1,5500
AID2025-017651,S0040386,2025FA,2025-26,1,1,7395,0,0
AID2025-017652,S0040605,2025FA,2025-26,0,0,0,0,0
AID2025-017653,S0021063,2025FA,2025-26,0,0,0,1,5500
AID2025-017654,S0004660,2025FA,2025-26,1,1,7395,0,0
AID2025-017655,S0028399,2025FA,2025-26,1,1,7395,0,0
AID2025-017656,S0015247,2025FA,2025-26,0,0,0,1,5500
AID2025-017657,S0035290,2025FA,2025-26,1,1,7395,0,0
AID2025-017658,S0000479,2025FA,2025-26,0,0,0,0,0
AID2025-017659,S0028062,2025FA,2025-26,0,0,0,1,5500
AID2025-017660,S0005584,2025FA,2025-26,0,0,0,0,0
AID2025-017661,S0032289,2025FA,2025-26,0,0,0,0,0
AID2025-017662,S0032365,2025FA,2025-26,1,0,0,1,5500
AID2025-017663,S0004390,2025FA,2025-26,0,0,0,0,0
AID2025-017664,S0033296,2025FA,2025-26,0,0,0,0,0
AID2025-017665,S0032617,2025FA,2025-26,1,1,7395,1,5500
AID2025-017666,S0000918,2025FA,2025-26,0,0,0,0,0
AID2025-017667,S0017236,2025FA,2025-26,0,0,0,0,0
AID2025-017668,S0011346,2025FA,2025-26,0,0,0,1,5500
AID2025-017669,S0006592,2025FA,2025-26,1,0,0,0,0
AID2025-017670,S0031947,2025FA,2025-26,0,0,0,0,0
AID2025-017671,S0034133,2025FA,2025-26,0,0,0,1,5500
AID2025-017672,S0038820,2025FA,2025-26,0,0,0,0,0
AID2025-017673,S0015465,2025FA,2025-26,1,1,7395,0,0
AID2025-017674,S0012489,2025FA,2025-26,1,1,7395,1,5500
AID2025-017675,S0028538,2025FA,2025-26,0,0,0,0,0
AID2025-017676,S0034419,2025FA,2025-26,1,0,0,0,0
AID2025-017677,S0023197,2025FA,2025-26,1,1,7395,1,5500
AID2025-017678,S0014607,2025FA,2025-26,0,0,0,0,0
AID2025-017679,S0033515,2025FA,2025-26,0,0,0,0,0
AID2025-017680,S0032893,2025FA,2025-26,0,0,0,1,5500
AID2025-017681,S0029274,2025FA,2025-26,0,0,0,0,0
AID2025-017682,S0032303,2025FA,2025-26,1,1,7395,0,0
AID2025-017683,S0040586,2025FA,2025-26,0,0,0,1,5500
AID2025-017684,S0038942,2025FA,2025-26,1,1,7395,0,0
AID2025-017685,S0040283,2025FA,2025-26,0,0,0,0,0
AID2025-017686,S0021822,2025FA,2025-26,0,0,0,1,5500
AID2025-017687,S0010618,2025FA,2025-26,0,0,0,0,0
AID2025-017688,S0038963,2025FA,2025-26,0,0,0,0,0
AID2025-017689,S0036974,2025FA,2025-26,0,0,0,1,5500
AID2025-017690,S0033248,2025FA,2025-26,0,0,0,0,0
AID2025-017691,S0000451,2025FA,2025-26,0,0,0,0,0
AID2025-017692,S0005227,2025FA,2025-26,0,0,0,1,5500
AID2025-017693,S0022038,2025FA,2025-26,1,1,7395,0,0
AID2025-017694,S0004274,2025FA,2025-26,0,0,0,0,0
AID2025-017695,S0006432,2025FA,2025-26,0,0,0,1,5500
AID2025-017696,S0035913,2025FA,2025-26,0,0,0,0,0
AID2025-017697,S0035934,2025FA,2025-26,0,0,0,0,0
AID2025-017698,S0039692,2025FA,2025-26,0,0,0,1,5500
AID2025-017699,S0037519,2025FA,2025-26,0,0,0,0,0
AID2025-017700,S0037000,2025FA,2025-26,0,0,0,0,0
AID2025-017701,S0037353,2025FA,2025-26,0,0,0,1,5500
AID2025-017702,S0040602,2025FA,2025-26,0,0,0,0,0
AID2025-017703,S0003263,2025FA,2025-26,0,0,0,0,0
AID2025-017704,S0039954,2025FA,2025-26,0,0,0,1,5500
AID2025-017705,S0032531,2025FA,2025-26,0,0,0,0,0
AID2025-017706,S0030324,2025FA,2025-26,0,0,0,0,0
AID2025-017707,S0028899,2025FA,2025-26,1,1,7395,1,5500
AID2025-017708,S0034258,2025FA,2025-26,0,0,0,0,0
AID2025-017709,S0032897,2025FA,2025-26,1,1,7395,0,0
AID2025-017710,S0026262,2025FA,2025-26,1,1,7395,1,5500
AID2025-017711,S0039503,2025FA,2025-26,0,0,0,0,0
AID2025-017712,S0036832,2025FA,2025-26,0,0,0,0,0
AID2025-017713,S0003519,2025FA,2025-26,1,1,7395,1,5500
AID2025-017714,S0039109,2025FA,2025-26,0,0,0,0,0
AID2025-017715,S0000263,2025FA,2025-26,1,1,7395,0,0
AID2025-017716,S0003105,2025FA,2025-26,0,0,0,1,5500
AID2025-017717,S0033079,2025FA,2025-26,0,0,0,0,0
AID2025-017718,S0021801,2025FA,2025-26,1,0,0,0,0
AID2025-017719,S0034250,2025FA,2025-26,0,0,0,1,5500
AID2025-017720,S0035536,2025FA,2025-26,0,0,0,0,0
AID2025-017721,S0033474,2025FA,2025-26,1,1,7395,0,0
AID2025-017722,S0009653,2025FA,2025-26,0,0,0,1,5500
AID2025-017723,S0034116,2025FA,2025-26,1,1,7395,0,0
AID2025-017724,S0028306,2025FA,2025-26,0,0,0,0,0
AID2025-017725,S0031883,2025FA,2025-26,0,0,0,1,5500
AID2025-017726,S0014276,2025FA,2025-26,0,0,0,0,0
AID2025-017727,S0013424,2025FA,2025-26,1,1,7395,0,0
AID2025-017728,S0038475,2025FA,2025-26,0,0,0,1,5500
AID2025-017729,S0006035,2025FA,2025-26,0,0,0,0,0
AID2025-017730,S0040567,2025FA,2025-26,0,0,0,0,0
AID2025-017731,S0007904,2025FA,2025-26,0,0,0,1,5500
AID2025-017732,S0038481,2025FA,2025-26,0,0,0,0,0
AID2025-017733,S0018304,2025FA,2025-26,0,0,0,0,0
AID2025-017734,S0016615,2025FA,2025-26,1,1,7395,1,5500
AID2025-017735,S0038865,2025FA,2025-26,1,1,7395,0,0
AID2025-017736,S0035815,2025FA,2025-26,1,1,7395,0,0
AID2025-017737,S0015979,2025FA,2025-26,0,0,0,1,5500
AID2025-017738,S0036861,2025FA,2025-26,0,0,0,0,0
AID2025-017739,S0035518,2025FA,2025-26,1,0,0,0,0
AID2025-017740,S0033500,2025FA,2025-26,0,0,0,1,5500
AID2025-017741,S0039199,2025FA,2025-26,1,1,7395,0,0
AID2025-017742,S0038870,2025FA,2025-26,0,0,0,0,0
AID2025-017743,S0032347,2025FA,2025-26,0,0,0,1,5500
AID2025-017744,S0021629,2025FA,2025-26,0,0,0,0,0
AID2025-017745,S0000645,2025FA,2025-26,0,0,0,0,0
AID2025-017746,S0029545,2025FA,2025-26,0,0,0,1,5500
AID2025-017747,S0035603,2025FA,2025-26,0,0,0,0,0
AID2025-017748,S0037378,2025FA,2025-26,1,1,7395,0,0
AID2025-017749,S0015519,2025FA,2025-26,0,0,0,1,5500
AID2025-017750,S0033633,2025FA,2025-26,1,1,7395,0,0
AID2025-017751,S0039038,2025FA,2025-26,0,0,0,0,0
AID2025-017752,S0022271,2025FA,2025-26,0,0,0,1,5500
AID2025-017753,S0038105,2025FA,2025-26,1,0,0,0,0
AID2025-017754,S0028012,2025FA,2025-26,1,1,7395,0,0
AID2025-017755,S0028407,2025FA,2025-26,0,0,0,1,5500
AID2025-017756,S0026336,2025FA,2025-26,0,0,0,0,0
AID2025-017757,S0023576,2025FA,2025-26,0,0,0,0,0
AID2025-017758,S0039579,2025FA,2025-26,0,0,0,1,5500
AID2025-017759,S0038791,2025FA,2025-26,1,1,7395,0,0
AID2025-017760,S0036166,2025FA,2025-26,1,0,0,0,0
AID2025-017761,S0033542,2025FA,2025-26,0,0,0,1,5500
AID2025-017762,S0037909,2025FA,2025-26,1,1,7395,0,0
AID2025-017763,S0011992,2025FA,2025-26,0,0,0,0,0
AID2025-017764,S0005447,2025FA,2025-26,0,0,0,1,5500
AID2025-017765,S0025516,2025FA,2025-26,0,0,0,0,0
AID2025-017766,S0040161,2025FA,2025-26,0,0,0,0,0
AID2025-017767,S0039420,2025FA,2025-26,1,0,0,1,5500
AID2025-017768,S0033069,2025FA,2025-26,1,1,7395,0,0
AID2025-017769,S0038769,2025FA,2025-26,0,0,0,0,0
AID2025-017770,S0037741,2025FA,2025-26,0,0,0,1,5500
AID2025-017771,S0006304,2025FA,2025-26,0,0,0,0,0
AID2025-017772,S0026037,2025FA,2025-26,0,0,0,0,0
AID2025-017773,S0018951,2025FA,2025-26,0,0,0,1,5500
AID2025-017774,S0015448,2025FA,2025-26,0,0,0,0,0
AID2025-017775,S0009760,2025FA,2025-26,1,1,7395,0,0
AID2025-017776,S0039307,2025FA,2025-26,0,0,0,1,5500
AID2025-017777,S0036840,2025FA,2025-26,1,1,7395,0,0
AID2025-017778,S0031728,2025FA,2025-26,1,1,7395,0,0
AID2025-017779,S0002057,2025FA,2025-26,1,1,7395,1,5500
AID2025-017780,S0031304,2025FA,2025-26,1,1,7395,0,0
AID2025-017781,S0028054,2025FA,2025-26,0,0,0,0,0
AID2025-017782,S0037460,2025FA,2025-26,0,0,0,1,5500
AID2025-017783,S0032242,2025FA,2025-26,0,0,0,0,0
AID2025-017784,S0039678,2025FA,2025-26,0,0,0,0,0
AID2025-017785,S0035175,2025FA,2025-26,0,0,0,1,5500
AID2025-017786,S0037765,2025FA,2025-26,0,0,0,0,0
AID2025-017787,S0032403,2025FA,2025-26,1,1,7395,0,0
AID2025-017788,S0021075,2025FA,2025-26,1,0,0,1,5500
AID2025-017789,S0012497,2025FA,2025-26,0,0,0,0,0
AID2025-017790,S0019140,2025FA,2025-26,0,0,0,0,0
AID2025-017791,S0037978,2025FA,2025-26,1,1,7395,1,5500
AID2025-017792,S0038222,2025FA,2025-26,1,1,7395,0,0
AID2025-017793,S0038473,2025FA,2025-26,0,0,0,0,0
AID2025-017794,S0003620,2025FA,2025-26,1,1,7395,1,5500
AID2025-017795,S0017391,2025FA,2025-26,1,0,0,0,0
AID2025-017796,S0039899,2025FA,2025-26,0,0,0,0,0
AID2025-017797,S0035710,2025FA,2025-26,1,1,7395,1,5500
AID2025-017798,S0000682,2025FA,2025-26,0,0,0,0,0
AID2025-017799,S0039383,2025FA,2025-26,0,0,0,0,0
AID2025-017800,S0033396,2025FA,2025-26,0,0,0,1,5500
AID2025-017801,S0040403,2025FA,2025-26,0,0,0,0,0
AID2025-017802,S0004904,2025FA,2025-26,1,0,0,0,0
AID2025-017803,S0024116,2025FA,2025-26,1,1,7395,1,5500
AID2025-017804,S0037097,2025FA,2025-26,1,1,7395,0,0
AID2025-017805,S0032984,2025FA,2025-26,0,0,0,0,0
AID2025-017806,S0034041,2025FA,2025-26,0,0,0,1,5500
AID2025-017807,S0024103,2025FA,2025-26,1,1,7395,0,0
AID2025-017808,S0030309,2025FA,2025-26,1,1,7395,0,0
AID2025-017809,S0008975,2025FA,2025-26,1,0,0,1,5500
AID2025-017810,S0039328,2025FA,2025-26,0,0,0,0,0
AID2025-017811,S0023543,2025FA,2025-26,0,0,0,0,0
AID2025-017812,S0007692,2025FA,2025-26,0,0,0,1,5500
AID2025-017813,S0019674,2025FA,2025-26,0,0,0,0,0
AID2025-017814,S0027189,2025FA,2025-26,0,0,0,0,0
AID2025-017815,S0001237,2025FA,2025-26,0,0,0,1,5500
AID2025-017816,S0036160,2025FA,2025-26,0,0,0,0,0
AID2025-017817,S0033549,2025FA,2025-26,1,1,7395,0,0
AID2025-017818,S0005717,2025FA,2025-26,0,0,0,1,5500
AID2025-017819,S0001546,2025FA,2025-26,0,0,0,0,0
AID2025-017820,S0016600,2025FA,2025-26,0,0,0,0,0
AID2025-017821,S0031521,2025FA,2025-26,0,0,0,1,5500
AID2025-017822,S0032115,2025FA,2025-26,0,0,0,0,0
AID2025-017823,S0012338,2025FA,2025-26,0,0,0,0,0
AID2025-017824,S0014004,2025FA,2025-26,1,1,7395,1,5500
AID2025-017825,S0034048,2025FA,2025-26,1,1,7395,0,0
AID2025-017826,S0023777,2025FA,2025-26,0,0,0,0,0
AID2025-017827,S0022731,2025FA,2025-26,0,0,0,1,5500
AID2025-017828,S0029019,2025FA,2025-26,0,0,0,0,0
AID2025-017829,S0009280,2025FA,2025-26,0,0,0,0,0
AID2025-017830,S0038798,2025FA,2025-26,1,0,0,1,5500
AID2025-017831,S0022909,2025FA,2025-26,0,0,0,0,0
AID2025-017832,S0014255,2025FA,2025-26,1,1,7395,0,0
AID2025-017833,S0037268,2025FA,2025-26,0,0,0,1,5500
AID2025-017834,S0023364,2025FA,2025-26,0,0,0,0,0
AID2025-017835,S0030726,2025FA,2025-26,0,0,0,0,0
AID2025-017836,S0039250,2025FA,2025-26,1,1,7395,1,5500
AID2025-017837,S0023412,2025FA,2025-26,1,1,7395,0,0
AID2025-017838,S0009081,2025FA,2025-26,0,0,0,0,0
AID2025-017839,S0028457,2025FA,2025-26,0,0,0,1,5500
AID2025-017840,S0032105,2025FA,2025-26,0,0,0,0,0
AID2025-017841,S0001013,2025FA,2025-26,0,0,0,0,0
AID2025-017842,S0012435,2025FA,2025-26,0,0,0,1,5500
AID2025-017843,S0038298,2025FA,2025-26,0,0,0,0,0
AID2025-017844,S0038246,2025FA,2025-26,1,0,0,0,0
AID2025-017845,S0025534,2025FA,2025-26,1,1,7395,1,5500
AID2025-017846,S0034282,2025FA,2025-26,0,0,0,0,0
AID2025-017847,S0037008,2025FA,2025-26,0,0,0,0,0
AID2025-017848,S0036276,2025FA,2025-26,1,1,7395,1,5500
AID2025-017849,S0028626,2025FA,2025-26,0,0,0,0,0
AID2025-017850,S0003124,2025FA,2025-26,0,0,0,0,0
AID2025-017851,S0033102,2025FA,2025-26,0,0,0,1,5500
AID2025-017852,S0027359,2025FA,2025-26,0,0,0,0,0
AID2025-017853,S0027795,2025FA,2025-26,0,0,0,0,0
AID2025-017854,S0011115,2025FA,2025-26,0,0,0,1,5500
AID2025-017855,S0028629,2025FA,2025-26,1,1,7395,0,0
AID2025-017856,S0023451,2025FA,2025-26,1,1,7395,0,0
AID2025-017857,S0014910,2025FA,2025-26,0,0,0,1,5500
AID2025-017858,S0015855,2025FA,2025-26,0,0,0,0,0
AID2025-017859,S0022582,2025FA,2025-26,1,1,7395,0,0
AID2025-017860,S0024276,2025FA,2025-26,1,1,7395,1,5500
AID2025-017861,S0035628,2025FA,2025-26,1,1,7395,0,0
AID2025-017862,S0003930,2025FA,2025-26,0,0,0,0,0
AID2025-017863,S0039845,2025FA,2025-26,0,0,0,1,5500
AID2025-017864,S0038892,2025FA,2025-26,1,1,7395,0,0
AID2025-017865,S0040445,2025FA,2025-26,0,0,0,0,0
AID2025-017866,S0021653,2025FA,2025-26,0,0,0,1,5500
AID2025-017867,S0037567,2025FA,2025-26,0,0,0,0,0
AID2025-017868,S0040502,2025FA,2025-26,0,0,0,0,0
AID2025-017869,S0030328,2025FA,2025-26,1,1,7395,1,5500
AID2025-017870,S0032048,2025FA,2025-26,0,0,0,0,0
AID2025-017871,S0025415,2025FA,2025-26,0,0,0,0,0
AID2025-017872,S0036637,2025FA,2025-26,1,0,0,1,5500
AID2025-017873,S0028472,2025FA,2025-26,1,1,7395,0,0
AID2025-017874,S0033946,2025FA,2025-26,0,0,0,0,0
AID2025-017875,S0037732,2025FA,2025-26,0,0,0,1,5500
AID2025-017876,S0021064,2025FA,2025-26,0,0,0,0,0
AID2025-017877,S0028537,2025FA,2025-26,0,0,0,0,0
AID2025-017878,S0034202,2025FA,2025-26,0,0,0,1,5500
AID2025-017879,S0027547,2025FA,2025-26,0,0,0,0,0
AID2025-017880,S0028787,2025FA,2025-26,0,0,0,0,0
AID2025-017881,S0022224,2025FA,2025-26,0,0,0,1,5500
AID2025-017882,S0027854,2025FA,2025-26,1,1,7395,0,0
AID2025-017883,S0018652,2025FA,2025-26,1,1,7395,0,0
AID2025-017884,S0033930,2025FA,2025-26,0,0,0,1,5500
AID2025-017885,S0008884,2025FA,2025-26,1,1,7395,0,0
AID2025-017886,S0009685,2025FA,2025-26,1,0,0,0,0
AID2025-017887,S0023760,2025FA,2025-26,1,1,7395,1,5500
AID2025-017888,S0037125,2025FA,2025-26,1,1,7395,0,0
AID2025-017889,S0029580,2025FA,2025-26,0,0,0,0,0
AID2025-017890,S0003195,2025FA,2025-26,0,0,0,1,5500
AID2025-017891,S0027449,2025FA,2025-26,0,0,0,0,0
AID2025-017892,S0038209,2025FA,2025-26,1,1,7395,0,0
AID2025-017893,S0029306,2025FA,2025-26,0,0,0,1,5500
AID2025-017894,S0038227,2025FA,2025-26,1,1,7395,0,0
AID2025-017895,S0010027,2025FA,2025-26,0,0,0,0,0
AID2025-017896,S0033686,2025FA,2025-26,0,0,0,1,5500
AID2025-017897,S0035647,2025FA,2025-26,0,0,0,0,0
AID2025-017898,S0011437,2025FA,2025-26,0,0,0,0,0
AID2025-017899,S0032890,2025FA,2025-26,0,0,0,1,5500
AID2025-017900,S0032722,2025FA,2025-26,0,0,0,0,0
AID2025-017901,S0040280,2025FA,2025-26,1,1,7395,0,0
AID2025-017902,S0003951,2025FA,2025-26,0,0,0,1,5500
AID2025-017903,S0003950,2025FA,2025-26,0,0,0,0,0
AID2025-017904,S0033467,2025FA,2025-26,1,1,7395,0,0
AID2025-017905,S0028070,2025FA,2025-26,0,0,0,1,5500
AID2025-017906,S0032235,2025FA,2025-26,1,1,7395,0,0
AID2025-017907,S0001715,2025FA,2025-26,0,0,0,0,0
AID2025-017908,S0033753,2025FA,2025-26,1,1,7395,1,5500
AID2025-017909,S0007804,2025FA,2025-26,0,0,0,0,0
AID2025-017910,S0032886,2025FA,2025-26,0,0,0,0,0
AID2025-017911,S0030709,2025FA,2025-26,0,0,0,1,5500
AID2025-017912,S0025390,2025FA,2025-26,1,1,7395,0,0
AID2025-017913,S0022335,2025FA,2025-26,0,0,0,0,0
AID2025-017914,S0009736,2025FA,2025-26,1,0,0,1,5500
AID2025-017915,S0006941,2025FA,2025-26,1,1,7395,0,0
AID2025-017916,S0003517,2025FA,2025-26,0,0,0,0,0
AID2025-017917,S0005107,2025FA,2025-26,0,0,0,1,5500
AID2025-017918,S0029408,2025FA,2025-26,0,0,0,0,0
AID2025-017919,S0033628,2025FA,2025-26,0,0,0,0,0
AID2025-017920,S0026418,2025FA,2025-26,0,0,0,1,5500
AID2025-017921,S0019295,2025FA,2025-26,0,0,0,0,0
AID2025-017922,S0035702,2025FA,2025-26,0,0,0,0,0
AID2025-017923,S0025431,2025FA,2025-26,1,1,7395,1,5500
AID2025-017924,S0032455,2025FA,2025-26,1,1,7395,0,0
AID2025-017925,S0037130,2025FA,2025-26,0,0,0,0,0
AID2025-017926,S0031094,2025FA,2025-26,1,1,7395,1,5500
AID2025-017927,S0032914,2025FA,2025-26,0,0,0,0,0
AID2025-017928,S0004343,2025FA,2025-26,0,0,0,0,0
AID2025-017929,S0033288,2025FA,2025-26,1,1,7395,1,5500
AID2025-017930,S0030604,2025FA,2025-26,0,0,0,0,0
AID2025-017931,S0034340,2025FA,2025-26,0,0,0,0,0
AID2025-017932,S0027538,2025FA,2025-26,0,0,0,1,5500
AID2025-017933,S0026081,2025FA,2025-26,1,1,7395,0,0
AID2025-017934,S0001863,2025FA,2025-26,0,0,0,0,0
AID2025-017935,S0031001,2025FA,2025-26,0,0,0,1,5500
AID2025-017936,S0000490,2025FA,2025-26,0,0,0,0,0
AID2025-017937,S0013416,2025FA,2025-26,0,0,0,0,0
AID2025-017938,S0038471,2025FA,2025-26,1,1,7395,1,5500
AID2025-017939,S0035798,2025FA,2025-26,0,0,0,0,0
AID2025-017940,S0022627,2025FA,2025-26,0,0,0,0,0
AID2025-017941,S0036079,2025FA,2025-26,0,0,0,1,5500
AID2025-017942,S0023083,2025FA,2025-26,0,0,0,0,0
AID2025-017943,S0031179,2025FA,2025-26,1,1,7395,0,0
AID2025-017944,S0036386,2025FA,2025-26,0,0,0,1,5500
AID2025-017945,S0032879,2025FA,2025-26,0,0,0,0,0
AID2025-017946,S0001359,2025FA,2025-26,0,0,0,0,0
AID2025-017947,S0040279,2025FA,2025-26,1,1,7395,1,5500
AID2025-017948,S0017085,2025FA,2025-26,0,0,0,0,0
AID2025-017949,S0035275,2025FA,2025-26,1,0,0,0,0
AID2025-017950,S0030290,2025FA,2025-26,0,0,0,1,5500
AID2025-017951,S0037798,2025FA,2025-26,1,1,7395,0,0
AID2025-017952,S0020925,2025FA,2025-26,0,0,0,0,0
AID2025-017953,S0029276,2025FA,2025-26,0,0,0,1,5500
AID2025-017954,S0039189,2025FA,2025-26,0,0,0,0,0
AID2025-017955,S0008183,2025FA,2025-26,0,0,0,0,0
AID2025-017956,S0003622,2025FA,2025-26,0,0,0,1,5500
AID2025-017957,S0012077,2025FA,2025-26,0,0,0,0,0
AID2025-017958,S0023393,2025FA,2025-26,0,0,0,0,0
AID2025-017959,S0038120,2025FA,2025-26,0,0,0,1,5500
AID2025-017960,S0021544,2025FA,2025-26,0,0,0,0,0
AID2025-017961,S0027919,2025FA,2025-26,0,0,0,0,0
AID2025-017962,S0002035,2025FA,2025-26,0,0,0,1,5500
AID2025-017963,S0027006,2025FA,2025-26,1,0,0,0,0
AID2025-017964,S0023205,2025FA,2025-26,0,0,0,0,0
AID2025-017965,S0015914,2025FA,2025-26,1,1,7395,1,5500
AID2025-017966,S0033264,2025FA,2025-26,0,0,0,0,0
AID2025-017967,S0021044,2025FA,2025-26,0,0,0,0,0
AID2025-017968,S0037817,2025FA,2025-26,1,1,7395,1,5500
AID2025-017969,S0036227,2025FA,2025-26,1,1,7395,0,0
AID2025-017970,S0036275,2025FA,2025-26,0,0,0,0,0
AID2025-017971,S0006871,2025FA,2025-26,1,1,7395,1,5500
AID2025-017972,S0031554,2025FA,2025-26,1,1,7395,0,0
AID2025-017973,S0027981,2025FA,2025-26,1,1,7395,0,0
AID2025-017974,S0037593,2025FA,2025-26,0,0,0,1,5500
AID2025-017975,S0025882,2025FA,2025-26,1,1,7395,0,0
AID2025-017976,S0028079,2025FA,2025-26,0,0,0,0,0
AID2025-017977,S0021411,2025FA,2025-26,0,0,0,1,5500
AID2025-017978,S0023567,2025FA,2025-26,0,0,0,0,0
AID2025-017979,S0012288,2025FA,2025-26,1,1,7395,0,0
AID2025-017980,S0018496,2025FA,2025-26,0,0,0,1,5500
AID2025-017981,S0019418,2025FA,2025-26,0,0,0,0,0
AID2025-017982,S0003419,2025FA,2025-26,0,0,0,0,0
AID2025-017983,S0034140,2025FA,2025-26,1,1,7395,1,5500
AID2025-017984,S0022245,2025FA,2025-26,1,0,0,0,0
AID2025-017985,S0039933,2025FA,2025-26,0,0,0,0,0
AID2025-017986,S0033898,2025FA,2025-26,1,1,7395,1,5500
AID2025-017987,S0022383,2025FA,2025-26,0,0,0,0,0
AID2025-017988,S0008268,2025FA,2025-26,0,0,0,0,0
AID2025-017989,S0033250,2025FA,2025-26,0,0,0,1,5500
AID2025-017990,S0033835,2025FA,2025-26,0,0,0,0,0
AID2025-017991,S0000576,2025FA,2025-26,1,0,0,0,0
AID2025-017992,S0011772,2025FA,2025-26,0,0,0,1,5500
AID2025-017993,S0039372,2025FA,2025-26,0,0,0,0,0
AID2025-017994,S0033109,2025FA,2025-26,0,0,0,0,0
AID2025-017995,S0008803,2025FA,2025-26,0,0,0,1,5500
AID2025-017996,S0033289,2025FA,2025-26,0,0,0,0,0
AID2025-017997,S0028249,2025FA,2025-26,1,1,7395,0,0
AID2025-017998,S0040447,2025FA,2025-26,0,0,0,1,5500
AID2025-017999,S0019357,2025FA,2025-26,0,0,0,0,0
AID2025-018000,S0016881,2025FA,2025-26,0,0,0,0,0
AID2025-018001,S0027767,2025FA,2025-26,1,1,7395,1,5500
AID2025-018002,S0014203,2025FA,2025-26,0,0,0,0,0
AID2025-018003,S0001745,2025FA,2025-26,0,0,0,0,0
AID2025-018004,S0019201,2025FA,2025-26,1,1,7395,1,5500
AID2025-018005,S0033897,2025FA,2025-26,0,0,0,0,0
AID2025-018006,S0028140,2025FA,2025-26,1,1,7395,0,0
AID2025-018007,S0028259,2025FA,2025-26,0,0,0,1,5500
AID2025-018008,S0036497,2025FA,2025-26,0,0,0,0,0
AID2025-018009,S0032841,2025FA,2025-26,0,0,0,0,0
AID2025-018010,S0038109,2025FA,2025-26,1,1,7395,1,5500
AID2025-018011,S0004189,2025FA,2025-26,0,0,0,0,0
AID2025-018012,S0001249,2025FA,2025-26,0,0,0,0,0
AID2025-018013,S0032184,2025FA,2025-26,1,1,7395,1,5500
AID2025-018014,S0032944,2025FA,2025-26,0,0,0,0,0
AID2025-018015,S0011541,2025FA,2025-26,1,1,7395,0,0
AID2025-018016,S0034410,2025FA,2025-26,1,1,7395,1,5500
AID2025-018017,S0040415,2025FA,2025-26,0,0,0,0,0
AID2025-018018,S0023605,2025FA,2025-26,0,0,0,0,0
AID2025-018019,S0018861,2025FA,2025-26,0,0,0,1,5500
AID2025-018020,S0027376,2025FA,2025-26,1,1,7395,0,0
AID2025-018021,S0028278,2025FA,2025-26,0,0,0,0,0
AID2025-018022,S0019327,2025FA,2025-26,0,0,0,1,5500
AID2025-018023,S0039210,2025FA,2025-26,1,1,7395,0,0
AID2025-018024,S0027983,2025FA,2025-26,0,0,0,0,0
AID2025-018025,S0035488,2025FA,2025-26,0,0,0,1,5500
AID2025-018026,S0024379,2025FA,2025-26,0,0,0,0,0
AID2025-018027,S0028156,2025FA,2025-26,0,0,0,0,0
AID2025-018028,S0037571,2025FA,2025-26,0,0,0,1,5500
AID2025-018029,S0040460,2025FA,2025-26,1,1,7395,0,0
AID2025-018030,S0040387,2025FA,2025-26,1,1,7395,0,0
AID2025-018031,S0037144,2025FA,2025-26,0,0,0,1,5500
AID2025-018032,S0003752,2025FA,2025-26,1,1,7395,0,0
AID2025-018033,S0033969,2025FA,2025-26,1,0,0,0,0
AID2025-018034,S0003556,2025FA,2025-26,0,0,0,1,5500
AID2025-018035,S0023271,2025FA,2025-26,1,1,7395,0,0
AID2025-018036,S0001489,2025FA,2025-26,0,0,0,0,0
AID2025-018037,S0031549,2025FA,2025-26,0,0,0,1,5500
AID2025-018038,S0032686,2025FA,2025-26,0,0,0,0,0
AID2025-018039,S0027944,2025FA,2025-26,0,0,0,0,0
AID2025-018040,S0032219,2025FA,2025-26,0,0,0,1,5500
AID2025-018041,S0013382,2025FA,2025-26,1,1,7395,0,0
AID2025-018042,S0019375,2025FA,2025-26,0,0,0,0,0
AID2025-018043,S0033266,2025FA,2025-26,0,0,0,1,5500
AID2025-018044,S0028825,2025FA,2025-26,0,0,0,0,0
AID2025-018045,S0033669,2025FA,2025-26,0,0,0,0,0
AID2025-018046,S0028157,2025FA,2025-26,0,0,0,1,5500
AID2025-018047,S0036434,2025FA,2025-26,0,0,0,0,0
AID2025-018048,S0018235,2025FA,2025-26,0,0,0,0,0
AID2025-018049,S0023539,2025FA,2025-26,0,0,0,1,5500
AID2025-018050,S0023439,2025FA,2025-26,0,0,0,0,0
AID2025-018051,S0015355,2025FA,2025-26,1,1,7395,0,0
AID2025-018052,S0037531,2025FA,2025-26,0,0,0,1,5500
AID2025-018053,S0021502,2025FA,2025-26,1,1,7395,0,0
AID2025-018054,S0028197,2025FA,2025-26,1,0,0,0,0
AID2025-018055,S0009598,2025FA,2025-26,1,1,7395,1,5500
AID2025-018056,S0036315,2025FA,2025-26,0,0,0,0,0
AID2025-018057,S0006804,2025FA,2025-26,0,0,0,0,0
AID2025-018058,S0009040,2025FA,2025-26,0,0,0,1,5500
AID2025-018059,S0000730,2025FA,2025-26,0,0,0,0,0
AID2025-018060,S0015663,2025FA,2025-26,0,0,0,0,0
AID2025-018061,S0036527,2025FA,2025-26,0,0,0,1,5500
AID2025-018062,S0029060,2025FA,2025-26,0,0,0,0,0
AID2025-018063,S0036006,2025FA,2025-26,0,0,0,0,0
AID2025-018064,S0039242,2025FA,2025-26,1,1,7395,1,5500
AID2025-018065,S0032183,2025FA,2025-26,1,1,7395,0,0
AID2025-018066,S0003715,2025FA,2025-26,1,1,7395,0,0
AID2025-018067,S0000869,2025FA,2025-26,0,0,0,1,5500
AID2025-018068,S0040328,2025FA,2025-26,0,0,0,0,0
AID2025-018069,S0038238,2025FA,2025-26,0,0,0,0,0
AID2025-018070,S0003130,2025FA,2025-26,0,0,0,1,5500
AID2025-018071,S0037387,2025FA,2025-26,0,0,0,0,0
AID2025-018072,S0001999,2025FA,2025-26,0,0,0,0,0
AID2025-018073,S0028650,2025FA,2025-26,1,1,7395,1,5500
AID2025-018074,S0038126,2025FA,2025-26,0,0,0,0,0
AID2025-018075,S0031420,2025FA,2025-26,1,0,0,0,0
AID2025-018076,S0031798,2025FA,2025-26,0,0,0,1,5500
AID2025-018077,S0003432,2025FA,2025-26,1,1,7395,0,0
AID2025-018078,S0028638,2025FA,2025-26,0,0,0,0,0
AID2025-018079,S0033073,2025FA,2025-26,0,0,0,1,5500
AID2025-018080,S0006261,2025FA,2025-26,1,1,7395,0,0
AID2025-018081,S0039578,2025FA,2025-26,1,1,7395,0,0
AID2025-018082,S0011644,2025FA,2025-26,1,0,0,1,5500
AID2025-018083,S0025869,2025FA,2025-26,0,0,0,0,0
AID2025-018084,S0011068,2025FA,2025-26,0,0,0,0,0
AID2025-018085,S0028927,2025FA,2025-26,1,1,7395,1,5500
AID2025-018086,S0035855,2025FA,2025-26,0,0,0,0,0
AID2025-018087,S0034090,2025FA,2025-26,0,0,0,0,0
AID2025-018088,S0025744,2025FA,2025-26,0,0,0,1,5500
AID2025-018089,S0040345,2025FA,2025-26,1,0,0,0,0
AID2025-018090,S0030495,2025FA,2025-26,1,1,7395,0,0
AID2025-018091,S0021655,2025FA,2025-26,0,0,0,1,5500
AID2025-018092,S0030835,2025FA,2025-26,0,0,0,0,0
AID2025-018093,S0026114,2025FA,2025-26,0,0,0,0,0
AID2025-018094,S0010353,2025FA,2025-26,0,0,0,1,5500
AID2025-018095,S0031801,2025FA,2025-26,1,1,7395,0,0
AID2025-018096,S0021073,2025FA,2025-26,0,0,0,0,0
AID2025-018097,S0040482,2025FA,2025-26,1,1,7395,1,5500
AID2025-018098,S0036556,2025FA,2025-26,0,0,0,0,0
AID2025-018099,S0034080,2025FA,2025-26,0,0,0,0,0
AID2025-018100,S0031557,2025FA,2025-26,0,0,0,1,5500
AID2025-018101,S0027127,2025FA,2025-26,0,0,0,0,0
AID2025-018102,S0028886,2025FA,2025-26,0,0,0,0,0
AID2025-018103,S0019211,2025FA,2025-26,0,0,0,1,5500
AID2025-018104,S0028897,2025FA,2025-26,0,0,0,0,0
AID2025-018105,S0024185,2025FA,2025-26,1,1,7395,0,0
AID2025-018106,S0029589,2025FA,2025-26,0,0,0,1,5500
AID2025-018107,S0039885,2025FA,2025-26,0,0,0,0,0
AID2025-018108,S0000072,2025FA,2025-26,0,0,0,0,0
AID2025-018109,S0033883,2025FA,2025-26,0,0,0,1,5500
AID2025-018110,S0034370,2025FA,2025-26,1,1,7395,0,0
AID2025-018111,S0035187,2025FA,2025-26,0,0,0,0,0
AID2025-018112,S0024167,2025FA,2025-26,1,1,7395,1,5500
AID2025-018113,S0038790,2025FA,2025-26,0,0,0,0,0
AID2025-018114,S0014949,2025FA,2025-26,1,1,7395,0,0
AID2025-018115,S0003227,2025FA,2025-26,0,0,0,1,5500
AID2025-018116,S0037769,2025FA,2025-26,1,1,7395,0,0
AID2025-018117,S0004750,2025FA,2025-26,0,0,0,0,0
AID2025-018118,S0034181,2025FA,2025-26,0,0,0,1,5500
AID2025-018119,S0009915,2025FA,2025-26,0,0,0,0,0
AID2025-018120,S0038636,2025FA,2025-26,1,1,7395,0,0
AID2025-018121,S0029556,2025FA,2025-26,1,1,7395,1,5500
AID2025-018122,S0000395,2025FA,2025-26,1,1,7395,0,0
AID2025-018123,S0026120,2025FA,2025-26,0,0,0,0,0
AID2025-018124,S0009160,2025FA,2025-26,0,0,0,1,5500
AID2025-018125,S0015407,2025FA,2025-26,1,1,7395,0,0
AID2025-018126,S0015649,2025FA,2025-26,1,1,7395,0,0
AID2025-018127,S0039231,2025FA,2025-26,0,0,0,1,5500
AID2025-018128,S0000771,2025FA,2025-26,0,0,0,0,0
AID2025-018129,S0036177,2025FA,2025-26,0,0,0,0,0
AID2025-018130,S0029597,2025FA,2025-26,1,1,7395,1,5500
AID2025-018131,S0037436,2025FA,2025-26,0,0,0,0,0
AID2025-018132,S0029230,2025FA,2025-26,0,0,0,0,0
AID2025-018133,S0029577,2025FA,2025-26,0,0,0,1,5500
AID2025-018134,S0020987,2025FA,2025-26,1,1,7395,0,0
AID2025-018135,S0038971,2025FA,2025-26,1,1,7395,0,0
AID2025-018136,S0027545,2025FA,2025-26,0,0,0,1,5500
AID2025-018137,S0032215,2025FA,2025-26,0,0,0,0,0
AID2025-018138,S0015179,2025FA,2025-26,0,0,0,0,0
AID2025-018139,S0033992,2025FA,2025-26,0,0,0,1,5500
AID2025-018140,S0010092,2025FA,2025-26,0,0,0,0,0
AID2025-018141,S0037236,2025FA,2025-26,1,1,7395,0,0
AID2025-018142,S0035831,2025FA,2025-26,0,0,0,1,5500
AID2025-018143,S0035870,2025FA,2025-26,0,0,0,0,0
AID2025-018144,S0029497,2025FA,2025-26,0,0,0,0,0
AID2025-018145,S0000862,2025FA,2025-26,0,0,0,1,5500
AID2025-018146,S0018036,2025FA,2025-26,1,1,7395,0,0
AID2025-018147,S0026010,2025FA,2025-26,0,0,0,0,0
AID2025-018148,S0033864,2025FA,2025-26,0,0,0,1,5500
AID2025-018149,S0017396,2025FA,2025-26,1,1,7395,0,0
AID2025-018150,S0017299,2025FA,2025-26,0,0,0,0,0
AID2025-018151,S0036953,2025FA,2025-26,1,1,7395,1,5500
AID2025-018152,S0028098,2025FA,2025-26,0,0,0,0,0
AID2025-018153,S0032385,2025FA,2025-26,1,1,7395,0,0
AID2025-018154,S0018420,2025FA,2025-26,0,0,0,1,5500
AID2025-018155,S0027121,2025FA,2025-26,0,0,0,0,0
AID2025-018156,S0026282,2025FA,2025-26,0,0,0,0,0
AID2025-018157,S0001041,2025FA,2025-26,0,0,0,1,5500
AID2025-018158,S0004671,2025FA,2025-26,1,1,7395,0,0
AID2025-018159,S0027294,2025FA,2025-26,0,0,0,0,0
AID2025-018160,S0033007,2025FA,2025-26,0,0,0,1,5500
AID2025-018161,S0018568,2025FA,2025-26,0,0,0,0,0
AID2025-018162,S0037806,2025FA,2025-26,1,1,7395,0,0
AID2025-018163,S0037132,2025FA,2025-26,1,1,7395,1,5500
AID2025-018164,S0022375,2025FA,2025-26,0,0,0,0,0
AID2025-018165,S0025878,2025FA,2025-26,0,0,0,0,0
AID2025-018166,S0004178,2025FA,2025-26,0,0,0,1,5500
AID2025-018167,S0025493,2025FA,2025-26,1,1,7395,0,0
AID2025-018168,S0027054,2025FA,2025-26,0,0,0,0,0
AID2025-018169,S0003210,2025FA,2025-26,0,0,0,1,5500
AID2025-018170,S0036677,2025FA,2025-26,1,1,7395,0,0
AID2025-018171,S0000709,2025FA,2025-26,0,0,0,0,0
AID2025-018172,S0039345,2025FA,2025-26,1,1,7395,1,5500
AID2025-018173,S0020904,2025FA,2025-26,1,0,0,0,0
AID2025-018174,S0034183,2025FA,2025-26,1,1,7395,0,0
AID2025-018175,S0026647,2025FA,2025-26,0,0,0,1,5500
AID2025-018176,S0028665,2025FA,2025-26,0,0,0,0,0
AID2025-018177,S0038582,2025FA,2025-26,0,0,0,0,0
AID2025-018178,S0040376,2025FA,2025-26,0,0,0,1,5500
AID2025-018179,S0028564,2025FA,2025-26,1,1,7395,0,0
AID2025-018180,S0011326,2025FA,2025-26,0,0,0,0,0
AID2025-018181,S0004022,2025FA,2025-26,1,1,7395,1,5500
AID2025-018182,S0016756,2025FA,2025-26,1,1,7395,0,0
AID2025-018183,S0007529,2025FA,2025-26,1,1,7395,0,0
AID2025-018184,S0010539,2025FA,2025-26,1,1,7395,1,5500
AID2025-018185,S0039714,2025FA,2025-26,0,0,0,0,0
AID2025-018186,S0023193,2025FA,2025-26,0,0,0,0,0
AID2025-018187,S0006936,2025FA,2025-26,1,0,0,1,5500
AID2025-018188,S0039161,2025FA,2025-26,0,0,0,0,0
AID2025-018189,S0027510,2025FA,2025-26,0,0,0,0,0
AID2025-018190,S0031056,2025FA,2025-26,0,0,0,1,5500
AID2025-018191,S0040329,2025FA,2025-26,1,1,7395,0,0
AID2025-018192,S0037946,2025FA,2025-26,0,0,0,0,0
AID2025-018193,S0030717,2025FA,2025-26,0,0,0,1,5500
AID2025-018194,S0011915,2025FA,2025-26,0,0,0,0,0
AID2025-018195,S0003536,2025FA,2025-26,1,1,7395,0,0
AID2025-018196,S0010888,2025FA,2025-26,1,1,7395,1,5500
AID2025-018197,S0040309,2025FA,2025-26,1,1,7395,0,0
AID2025-018198,S0005604,2025FA,2025-26,0,0,0,0,0
AID2025-018199,S0036567,2025FA,2025-26,0,0,0,1,5500
AID2025-018200,S0028887,2025FA,2025-26,0,0,0,0,0
AID2025-018201,S0012094,2025FA,2025-26,0,0,0,0,0
AID2025-018202,S0004564,2025FA,2025-26,0,0,0,1,5500
AID2025-018203,S0027839,2025FA,2025-26,0,0,0,0,0
AID2025-018204,S0008185,2025FA,2025-26,0,0,0,0,0
AID2025-018205,S0027562,2025FA,2025-26,0,0,0,1,5500
AID2025-018206,S0022974,2025FA,2025-26,1,1,7395,0,0
AID2025-018207,S0001444,2025FA,2025-26,0,0,0,0,0
AID2025-018208,S0018654,2025FA,2025-26,0,0,0,1,5500
AID2025-018209,S0018349,2025FA,2025-26,0,0,0,0,0
AID2025-018210,S0000224,2025FA,2025-26,0,0,0,0,0
AID2025-018211,S0022717,2025FA,2025-26,1,1,7395,1,5500
AID2025-018212,S0039660,2025FA,2025-26,0,0,0,0,0
AID2025-018213,S0036755,2025FA,2025-26,1,1,7395,0,0
AID2025-018214,S0039879,2025FA,2025-26,1,1,7395,1,5500
AID2025-018215,S0035197,2025FA,2025-26,0,0,0,0,0
AID2025-018216,S0022507,2025FA,2025-26,0,0,0,0,0
AID2025-018217,S0003499,2025FA,2025-26,1,1,7395,1,5500
AID2025-018218,S0038517,2025FA,2025-26,0,0,0,0,0
AID2025-018219,S0027279,2025FA,2025-26,0,0,0,0,0
AID2025-018220,S0036821,2025FA,2025-26,0,0,0,1,5500
AID2025-018221,S0029025,2025FA,2025-26,0,0,0,0,0
AID2025-018222,S0023422,2025FA,2025-26,1,0,0,0,0
AID2025-018223,S0029378,2025FA,2025-26,0,0,0,1,5500
AID2025-018224,S0015298,2025FA,2025-26,0,0,0,0,0
AID2025-018225,S0020980,2025FA,2025-26,0,0,0,0,0
AID2025-018226,S0017751,2025FA,2025-26,0,0,0,1,5500
AID2025-018227,S0023516,2025FA,2025-26,0,0,0,0,0
AID2025-018228,S0033447,2025FA,2025-26,0,0,0,0,0
AID2025-018229,S0020607,2025FA,2025-26,1,0,0,1,5500
AID2025-018230,S0018732,2025FA,2025-26,0,0,0,0,0
AID2025-018231,S0019705,2025FA,2025-26,0,0,0,0,0
AID2025-018232,S0039502,2025FA,2025-26,0,0,0,1,5500
AID2025-018233,S0013025,2025FA,2025-26,0,0,0,0,0
AID2025-018234,S0028120,2025FA,2025-26,0,0,0,0,0
AID2025-018235,S0038123,2025FA,2025-26,1,1,7395,1,5500
AID2025-018236,S0005057,2025FA,2025-26,0,0,0,0,0
AID2025-018237,S0036602,2025FA,2025-26,0,0,0,0,0
AID2025-018238,S0023195,2025FA,2025-26,0,0,0,1,5500
AID2025-018239,S0023714,2025FA,2025-26,1,1,7395,0,0
AID2025-018240,S0012196,2025FA,2025-26,1,1,7395,0,0
AID2025-018241,S0010135,2025FA,2025-26,0,0,0,1,5500
AID2025-018242,S0035436,2025FA,2025-26,0,0,0,0,0
AID2025-018243,S0007817,2025FA,2025-26,0,0,0,0,0
AID2025-018244,S0037859,2025FA,2025-26,0,0,0,1,5500
AID2025-018245,S0037293,2025FA,2025-26,0,0,0,0,0
AID2025-018246,S0038193,2025FA,2025-26,0,0,0,0,0
AID2025-018247,S0038716,2025FA,2025-26,0,0,0,1,5500
AID2025-018248,S0033082,2025FA,2025-26,0,0,0,0,0
AID2025-018249,S0040457,2025FA,2025-26,0,0,0,0,0
AID2025-018250,S0033620,2025FA,2025-26,0,0,0,1,5500
AID2025-018251,S0033237,2025FA,2025-26,0,0,0,0,0
AID2025-018252,S0019455,2025FA,2025-26,0,0,0,0,0
AID2025-018253,S0033257,2025FA,2025-26,0,0,0,1,5500
AID2025-018254,S0028877,2025FA,2025-26,0,0,0,0,0
AID2025-018255,S0037976,2025FA,2025-26,0,0,0,0,0
AID2025-018256,S0004238,2025FA,2025-26,0,0,0,1,5500
AID2025-018257,S0011645,2025FA,2025-26,0,0,0,0,0
AID2025-018258,S0033945,2025FA,2025-26,0,0,0,0,0
AID2025-018259,S0018977,2025FA,2025-26,0,0,0,1,5500
AID2025-018260,S0027873,2025FA,2025-26,1,1,7395,0,0
AID2025-018261,S0014948,2025FA,2025-26,0,0,0,0,0
AID2025-018262,S0039160,2025FA,2025-26,0,0,0,1,5500
AID2025-018263,S0039286,2025FA,2025-26,0,0,0,0,0
AID2025-018264,S0030797,2025FA,2025-26,1,0,0,0,0
AID2025-018265,S0031096,2025FA,2025-26,1,1,7395,1,5500
AID2025-018266,S0027772,2025FA,2025-26,0,0,0,0,0
AID2025-018267,S0007981,2025FA,2025-26,1,1,7395,0,0
AID2025-018268,S0037430,2025FA,2025-26,1,1,7395,1,5500
AID2025-018269,S0027507,2025FA,2025-26,0,0,0,0,0
AID2025-018270,S0038991,2025FA,2025-26,0,0,0,0,0
AID2025-018271,S0000511,2025FA,2025-26,0,0,0,1,5500
AID2025-018272,S0027784,2025FA,2025-26,0,0,0,0,0
AID2025-018273,S0019679,2025FA,2025-26,0,0,0,0,0
AID2025-018274,S0034071,2025FA,2025-26,0,0,0,1,5500
AID2025-018275,S0039273,2025FA,2025-26,0,0,0,0,0
AID2025-018276,S0029440,2025FA,2025-26,0,0,0,0,0
AID2025-018277,S0005094,2025FA,2025-26,1,1,7395,1,5500
AID2025-018278,S0033537,2025FA,2025-26,1,0,0,0,0
AID2025-018279,S0018276,2025FA,2025-26,0,0,0,0,0
AID2025-018280,S0007868,2025FA,2025-26,0,0,0,1,5500
AID2025-018281,S0036364,2025FA,2025-26,0,0,0,0,0
AID2025-018282,S0024152,2025FA,2025-26,0,0,0,0,0
AID2025-018283,S0038363,2025FA,2025-26,0,0,0,1,5500
AID2025-018284,S0017439,2025FA,2025-26,0,0,0,0,0
AID2025-018285,S0035789,2025FA,2025-26,0,0,0,0,0
AID2025-018286,S0028236,2025FA,2025-26,0,0,0,1,5500
AID2025-018287,S0030877,2025FA,2025-26,1,1,7395,0,0
AID2025-018288,S0000623,2025FA,2025-26,1,1,7395,0,0
AID2025-018289,S0028007,2025FA,2025-26,0,0,0,1,5500
AID2025-018290,S0038834,2025FA,2025-26,0,0,0,0,0
AID2025-018291,S0020749,2025FA,2025-26,0,0,0,0,0
AID2025-018292,S0028440,2025FA,2025-26,0,0,0,1,5500
AID2025-018293,S0038216,2025FA,2025-26,0,0,0,0,0
AID2025-018294,S0038299,2025FA,2025-26,1,1,7395,0,0
AID2025-018295,S0026856,2025FA,2025-26,0,0,0,1,5500
AID2025-018296,S0029017,2025FA,2025-26,0,0,0,0,0
AID2025-018297,S0009515,2025FA,2025-26,0,0,0,0,0
AID2025-018298,S0031543,2025FA,2025-26,0,0,0,1,5500
AID2025-018299,S0040066,2025FA,2025-26,1,0,0,0,0
AID2025-018300,S0007351,2025FA,2025-26,0,0,0,0,0
AID2025-018301,S0038804,2025FA,2025-26,0,0,0,1,5500
AID2025-018302,S0032527,2025FA,2025-26,1,1,7395,0,0
AID2025-018303,S0011648,2025FA,2025-26,0,0,0,0,0
AID2025-018304,S0033795,2025FA,2025-26,0,0,0,1,5500
AID2025-018305,S0035401,2025FA,2025-26,0,0,0,0,0
AID2025-018306,S0007941,2025FA,2025-26,1,0,0,0,0
AID2025-018307,S0014565,2025FA,2025-26,0,0,0,1,5500
AID2025-018308,S0034063,2025FA,2025-26,1,1,7395,0,0
AID2025-018309,S0027132,2025FA,2025-26,1,1,7395,0,0
AID2025-018310,S0036922,2025FA,2025-26,0,0,0,1,5500
AID2025-018311,S0033509,2025FA,2025-26,1,1,7395,0,0
AID2025-018312,S0040639,2025FA,2025-26,1,1,7395,0,0
AID2025-018313,S0026893,2025FA,2025-26,0,0,0,1,5500
AID2025-018314,S0021570,2025FA,2025-26,1,1,7395,0,0
AID2025-018315,S0037550,2025FA,2025-26,0,0,0,0,0
AID2025-018316,S0040091,2025FA,2025-26,0,0,0,1,5500
AID2025-018317,S0012011,2025FA,2025-26,1,1,7395,0,0
AID2025-018318,S0033646,2025FA,2025-26,0,0,0,0,0
AID2025-018319,S0029376,2025FA,2025-26,0,0,0,1,5500
AID2025-018320,S0023465,2025FA,2025-26,1,0,0,0,0
AID2025-018321,S0029479,2025FA,2025-26,1,1,7395,0,0
AID2025-018322,S0031993,2025FA,2025-26,0,0,0,1,5500
AID2025-018323,S0034025,2025FA,2025-26,0,0,0,0,0
AID2025-018324,S0010934,2025FA,2025-26,0,0,0,0,0
AID2025-018325,S0016594,2025FA,2025-26,0,0,0,1,5500
AID2025-018326,S0024105,2025FA,2025-26,1,1,7395,0,0
AID2025-018327,S0035830,2025FA,2025-26,0,0,0,0,0
AID2025-018328,S0033908,2025FA,2025-26,0,0,0,1,5500
AID2025-018329,S0029400,2025FA,2025-26,0,0,0,0,0
AID2025-018330,S0014735,2025FA,2025-26,0,0,0,0,0
AID2025-018331,S0021033,2025FA,2025-26,0,0,0,1,5500
AID2025-018332,S0023353,2025FA,2025-26,0,0,0,0,0
AID2025-018333,S0022666,2025FA,2025-26,0,0,0,0,0
AID2025-018334,S0019582,2025FA,2025-26,1,0,0,1,5500
AID2025-018335,S0039207,2025FA,2025-26,1,1,7395,0,0
AID2025-018336,S0000735,2025FA,2025-26,0,0,0,0,0
AID2025-018337,S0000804,2025FA,2025-26,0,0,0,1,5500
AID2025-018338,S0033891,2025FA,2025-26,1,1,7395,0,0
AID2025-018339,S0001945,2025FA,2025-26,0,0,0,0,0
AID2025-018340,S0031753,2025FA,2025-26,0,0,0,1,5500
AID2025-018341,S0016076,2025FA,2025-26,1,0,0,0,0
AID2025-018342,S0036083,2025FA,2025-26,1,1,7395,0,0
AID2025-018343,S0032164,2025FA,2025-26,0,0,0,1,5500
AID2025-018344,S0037901,2025FA,2025-26,0,0,0,0,0
AID2025-018345,S0038827,2025FA,2025-26,1,1,7395,0,0
AID2025-018346,S0019303,2025FA,2025-26,1,1,7395,1,5500
AID2025-018347,S0040505,2025FA,2025-26,1,1,7395,0,0
AID2025-018348,S0034275,2025FA,2025-26,1,0,0,0,0
AID2025-018349,S0039173,2025FA,2025-26,1,1,7395,1,5500
AID2025-018350,S0035793,2025FA,2025-26,0,0,0,0,0
AID2025-018351,S0018199,2025FA,2025-26,0,0,0,0,0
AID2025-018352,S0033695,2025FA,2025-26,0,0,0,1,5500
AID2025-018353,S0021275,2025FA,2025-26,0,0,0,0,0
AID2025-018354,S0003746,2025FA,2025-26,0,0,0,0,0
AID2025-018355,S0029147,2025FA,2025-26,1,0,0,1,5500
AID2025-018356,S0031416,2025FA,2025-26,0,0,0,0,0
AID2025-018357,S0037666,2025FA,2025-26,0,0,0,0,0
AID2025-018358,S0038985,2025FA,2025-26,0,0,0,1,5500
AID2025-018359,S0039627,2025FA,2025-26,0,0,0,0,0
AID2025-018360,S0032707,2025FA,2025-26,1,1,7395,0,0
AID2025-018361,S0031016,2025FA,2025-26,0,0,0,1,5500
AID2025-018362,S0008130,2025FA,2025-26,1,0,0,0,0
AID2025-018363,S0017296,2025FA,2025-26,0,0,0,0,0
AID2025-018364,S0034359,2025FA,2025-26,1,1,7395,1,5500
AID2025-018365,S0033273,2025FA,2025-26,0,0,0,0,0
AID2025-018366,S0031958,2025FA,2025-26,0,0,0,0,0
AID2025-018367,S0037220,2025FA,2025-26,1,1,7395,1,5500
AID2025-018368,S0021663,2025FA,2025-26,0,0,0,0,0
AID2025-018369,S0038941,2025FA,2025-26,1,0,0,0,0
AID2025-018370,S0000063,2025FA,2025-26,0,0,0,1,5500
AID2025-018371,S0038853,2025FA,2025-26,0,0,0,0,0
AID2025-018372,S0023180,2025FA,2025-26,0,0,0,0,0
AID2025-018373,S0028381,2025FA,2025-26,0,0,0,1,5500
AID2025-018374,S0013810,2025FA,2025-26,0,0,0,0,0
AID2025-018375,S0003529,2025FA,2025-26,1,1,7395,0,0
AID2025-018376,S0025821,2025FA,2025-26,1,0,0,1,5500
AID2025-018377,S0003527,2025FA,2025-26,1,1,7395,0,0
AID2025-018378,S0019026,2025FA,2025-26,0,0,0,0,0
AID2025-018379,S0024422,2025FA,2025-26,1,1,7395,1,5500
AID2025-018380,S0039732,2025FA,2025-26,0,0,0,0,0
AID2025-018381,S0000676,2025FA,2025-26,0,0,0,0,0
AID2025-018382,S0014908,2025FA,2025-26,1,1,7395,1,5500
AID2025-018383,S0033398,2025FA,2025-26,0,0,0,0,0
AID2025-018384,S0037676,2025FA,2025-26,0,0,0,0,0
AID2025-018385,S0007873,2025FA,2025-26,0,0,0,1,5500
AID2025-018386,S0023194,2025FA,2025-26,1,1,7395,0,0
AID2025-018387,S0016619,2025FA,2025-26,1,1,7395,0,0
AID2025-018388,S0028355,2025FA,2025-26,0,0,0,1,5500
AID2025-018389,S0038602,2025FA,2025-26,0,0,0,0,0
AID2025-018390,S0040464,2025FA,2025-26,0,0,0,0,0
AID2025-018391,S0031474,2025FA,2025-26,0,0,0,1,5500
AID2025-018392,S0028780,2025FA,2025-26,0,0,0,0,0
AID2025-018393,S0026921,2025FA,2025-26,0,0,0,0,0
AID2025-018394,S0009698,2025FA,2025-26,1,1,7395,1,5500
AID2025-018395,S0008949,2025FA,2025-26,0,0,0,0,0
AID2025-018396,S0019149,2025FA,2025-26,0,0,0,0,0
AID2025-018397,S0032573,2025FA,2025-26,1,0,0,1,5500
AID2025-018398,S0007731,2025FA,2025-26,0,0,0,0,0
AID2025-018399,S0027922,2025FA,2025-26,0,0,0,0,0
AID2025-018400,S0036986,2025FA,2025-26,0,0,0,1,5500
AID2025-018401,S0033294,2025FA,2025-26,0,0,0,0,0
AID2025-018402,S0034131,2025FA,2025-26,1,1,7395,0,0
AID2025-018403,S0011762,2025FA,2025-26,0,0,0,1,5500
AID2025-018404,S0029310,2025FA,2025-26,0,0,0,0,0
AID2025-018405,S0025909,2025FA,2025-26,0,0,0,0,0
AID2025-018406,S0027945,2025FA,2025-26,0,0,0,1,5500
AID2025-018407,S0040494,2025FA,2025-26,0,0,0,0,0
AID2025-018408,S0040409,2025FA,2025-26,0,0,0,0,0
AID2025-018409,S0003533,2025FA,2025-26,1,1,7395,1,5500
AID2025-018410,S0010274,2025FA,2025-26,0,0,0,0,0
AID2025-018411,S0021998,2025FA,2025-26,1,0,0,0,0
AID2025-018412,S0031446,2025FA,2025-26,1,1,7395,1,5500
AID2025-018413,S0001678,2025FA,2025-26,0,0,0,0,0
AID2025-018414,S0031219,2025FA,2025-26,0,0,0,0,0
AID2025-018415,S0035559,2025FA,2025-26,0,0,0,1,5500
AID2025-018416,S0038336,2025FA,2025-26,0,0,0,0,0
AID2025-018417,S0038998,2025FA,2025-26,0,0,0,0,0
AID2025-018418,S0009905,2025FA,2025-26,1,0,0,1,5500
AID2025-018419,S0026753,2025FA,2025-26,0,0,0,0,0
AID2025-018420,S0035738,2025FA,2025-26,0,0,0,0,0
AID2025-018421,S0035132,2025FA,2025-26,1,1,7395,1,5500
AID2025-018422,S0016141,2025FA,2025-26,0,0,0,0,0
AID2025-018423,S0040225,2025FA,2025-26,0,0,0,0,0
AID2025-018424,S0033855,2025FA,2025-26,1,1,7395,1,5500
AID2025-018425,S0013080,2025FA,2025-26,0,0,0,0,0
AID2025-018426,S0027555,2025FA,2025-26,0,0,0,0,0
