section_id,student_id,term_id,enrollment_status,final_grade
PBA-2025FA-01,S0036326,2025FA,Enrolled,
PBA-2025FA-01,S0028540,2025FA,Enrolled,
PBA-2025FA-01,S0031440,2025FA,Enrolled,
PBA-2025FA-01,S0037958,2025FA,Enrolled,
PBA-2025FA-01,S0032581,2025FA,Enrolled,
PBA-2025FA-01,S0019060,2025FA,Enrolled,
PBA-2025FA-01,S0004650,2025FA,Enrolled,
PBA-2025FA-01,S0037020,2025FA,Enrolled,
PBA-2025FA-01,S0038412,2025FA,Enrolled,
PBA-2025FA-01,S0010379,2025FA,Enrolled,
PBA-2025FA-01,S0040082,2025FA,Enrolled,
PBA-2025FA-01,S0038857,2025FA,Enrolled,
PBA-2025FA-01,S0038722,2025FA,Enrolled,
PBA-2025FA-01,S0028537,2025FA,Enrolled,
PBA-2025FA-01,S0032374,2025FA,Enrolled,
PBA-2025FA-01,S0021118,2025FA,Enrolled,
PBA-2025FA-01,S0035410,2025FA,Enrolled,
PBA-2025FA-01,S0015482,2025FA,Enrolled,
PBA-2025FA-01,S0022477,2025FA,Enrolled,
PBA-2025FA-01,S0033854,2025FA,Enrolled,
PBA-2025FA-01,S0038761,2025FA,Enrolled,
PBA-2025FA-01,S0003916,2025FA,Enrolled,
PBA-2025FA-01,S0016741,2025FA,Enrolled,
PBA-2025FA-01,S0018008,2025FA,Enrolled,
PBA-2025FA-01,S0029110,2025FA,Enrolled,
PBA-2025FA-01,S0033326,2025FA,Enrolled,
PBA-2025FA-01,S0038853,2025FA,Enrolled,
PBA-2025FA-01,S0027719,2025FA,Enrolled,
PBA-2025FA-02,S0019538,2025FA,Enrolled,
PBA-2025FA-02,S0037566,2025FA,Enrolled,
PBA-2025FA-02,S0028206,2025FA,Enrolled,
PBA-2025FA-02,S0009434,2025FA,Enrolled,
PBA-2025FA-02,S0000507,2025FA,Enrolled,
PBA-2025FA-02,S0031796,2025FA,Enrolled,
PBA-2025FA-02,S0028518,2025FA,Enrolled,
PBA-2025FA-02,S0039066,2025FA,Enrolled,
PBA-2025FA-02,S0037893,2025FA,Enrolled,
PBA-2025FA-02,S0029547,2025FA,Enrolled,
PBA-2025FA-02,S0026301,2025FA,Enrolled,
PBA-2025FA-02,S0032926,2025FA,Enrolled,
PBA-2025FA-02,S0012601,2025FA,Enrolled,
PBA-2025FA-02,S0039081,2025FA,Enrolled,
PBA-2025FA-02,S0039955,2025FA,Enrolled,
PBA-2025FA-02,S0023240,2025FA,Enrolled,
PBA-2025FA-02,S0036532,2025FA,Enrolled,
PBA-2025FA-02,S0028094,2025FA,Enrolled,
PBA-2025FA-02,S0036908,2025FA,Enrolled,
PBA-2025FA-02,S0036982,2025FA,Enrolled,
PBA-2025FA-02,S0026846,2025FA,Enrolled,
PBA-2025FA-02,S0002066,2025FA,Enrolled,
PBA-2025FA-02,S0021813,2025FA,Enrolled,
PBA-2025FA-02,S0033237,2025FA,Enrolled,
PBA-2025FA-02,S0027603,2025FA,Enrolled,
PBA-2025FA-02,S0033545,2025FA,Enrolled,
PBA-2025FA-02,S0039564,2025FA,Enrolled,
PBA-2025FA-02,S0032055,2025FA,Enrolled,
PBA-2025FA-03,S0003389,2025FA,Enrolled,
PBA-2025FA-03,S0040515,2025FA,Enrolled,
PBA-2025FA-03,S0022722,2025FA,Enrolled,
PBA-2025FA-03,S0038637,2025FA,Enrolled,
PBA-2025FA-03,S0028594,2025FA,Enrolled,
PBA-2025FA-03,S0037922,2025FA,Enrolled,
PBA-2025FA-03,S0027819,2025FA,Enrolled,
PBA-2025FA-03,S0015122,2025FA,Enrolled,
PBA-2025FA-03,S0033285,2025FA,Enrolled,
PBA-2025FA-03,S0039717,2025FA,Enrolled,
PBA-2025FA-03,S0001297,2025FA,Enrolled,
PBA-2025FA-03,S0001692,2025FA,Enrolled,
PBA-2025FA-03,S0012031,2025FA,Enrolled,
PBA-2025FA-03,S0003084,2025FA,Enrolled,
PBA-2025FA-03,S0012763,2025FA,Enrolled,
PBA-2025FA-03,S0036052,2025FA,Enrolled,
PBA-2025FA-03,S0010576,2025FA,Enrolled,
PBA-2025FA-03,S0033522,2025FA,Enrolled,
PBA-2025FA-03,S0007302,2025FA,Enrolled,
PBA-2025FA-03,S0033282,2025FA,Enrolled,
PBA-2025FA-03,S0037693,2025FA,Enrolled,
PBA-2025FA-03,S0039211,2025FA,Enrolled,
PBA-2025FA-03,S0011913,2025FA,Enrolled,
PBA-2025FA-03,S0030621,2025FA,Enrolled,
PBA-2025FA-03,S0005907,2025FA,Enrolled,
PBA-2025FA-03,S0027918,2025FA,Enrolled,
PBA-2025FA-03,S0039768,2025FA,Enrolled,
PBA-2025FA-03,S0038244,2025FA,Enrolled,
PBA-2025FA-04,S0035282,2025FA,Enrolled,
PBA-2025FA-04,S0028810,2025FA,Enrolled,
PBA-2025FA-04,S0010283,2025FA,Enrolled,
PBA-2025FA-04,S0010510,2025FA,Enrolled,
PBA-2025FA-04,S0031665,2025FA,Enrolled,
PBA-2025FA-04,S0023542,2025FA,Enrolled,
PBA-2025FA-04,S0027901,2025FA,Enrolled,
PBA-2025FA-04,S0038443,2025FA,Enrolled,
PBA-2025FA-04,S0009547,2025FA,Enrolled,
PBA-2025FA-04,S0005249,2025FA,Enrolled,
PBA-2025FA-04,S0023781,2025FA,Enrolled,
PBA-2025FA-04,S0035805,2025FA,Enrolled,
PBA-2025FA-04,S0033398,2025FA,Enrolled,
PBA-2025FA-04,S0028208,2025FA,Enrolled,
PBA-2025FA-04,S0010819,2025FA,Enrolled,
PBA-2025FA-04,S0014285,2025FA,Enrolled,
PBA-2025FA-04,S0003136,2025FA,Enrolled,
PBA-2025FA-04,S0039914,2025FA,Enrolled,
PBA-2025FA-04,S0016773,2025FA,Enrolled,
PBA-2025FA-04,S0029357,2025FA,Enrolled,
PBA-2025FA-04,S0039606,2025FA,Enrolled,
PBA-2025FA-04,S0040051,2025FA,Enrolled,
PBA-2025FA-04,S0039763,2025FA,Enrolled,
PBA-2025FA-04,S0035857,2025FA,Enrolled,
PBA-2025FA-04,S0036701,2025FA,Enrolled,
PBA-2025FA-04,S0001384,2025FA,Enrolled,
PBA-2025FA-04,S0038135,2025FA,Enrolled,
PBA-2025FA-04,S0017391,2025FA,Enrolled,
PBA-2025FA-05,S0007493,2025FA,Enrolled,
PBA-2025FA-05,S0028334,2025FA,Enrolled,
PBA-2025FA-05,S0008568,2025FA,Enrolled,
PBA-2025FA-05,S0005313,2025FA,Enrolled,
PBA-2025FA-05,S0029543,2025FA,Enrolled,
PBA-2025FA-05,S0039180,2025FA,Enrolled,
PBA-2025FA-05,S0033307,2025FA,Enrolled,
PBA-2025FA-05,S0022719,2025FA,Enrolled,
PBA-2025FA-05,S0036409,2025FA,Enrolled,
PBA-2025FA-05,S0027925,2025FA,Enrolled,
PBA-2025FA-05,S0023320,2025FA,Enrolled,
PBA-2025FA-05,S0036505,2025FA,Enrolled,
PBA-2025FA-05,S0038158,2025FA,Enrolled,
PBA-2025FA-05,S0028082,2025FA,Enrolled,
PBA-2025FA-05,S0036421,2025FA,Enrolled,
PBA-2025FA-05,S0040648,2025FA,Enrolled,
PBA-2025FA-05,S0033780,2025FA,Enrolled,
PBA-2025FA-05,S0031832,2025FA,Enrolled,
PBA-2025FA-05,S0029325,2025FA,Enrolled,
PBA-2025FA-05,S0023658,2025FA,Enrolled,
PBA-2025FA-05,S0009790,2025FA,Enrolled,
PBA-2025FA-05,S0036757,2025FA,Enrolled,
PBA-2025FA-05,S0036208,2025FA,Enrolled,
PBA-2025FA-05,S0012488,2025FA,Enrolled,
PBA-2025FA-05,S0034316,2025FA,Enrolled,
PBA-2025FA-05,S0035681,2025FA,Enrolled,
PBA-2025FA-05,S0032329,2025FA,Enrolled,
PBA-2025FA-05,S0023194,2025FA,Enrolled,
PBA-2025FA-06,S0023543,2025FA,Enrolled,
PBA-2025FA-06,S0015367,2025FA,Enrolled,
PBA-2025FA-06,S0015918,2025FA,Enrolled,
PBA-2025FA-06,S0037633,2025FA,Enrolled,
PBA-2025FA-06,S0001625,2025FA,Enrolled,
PBA-2025FA-06,S0038873,2025FA,Enrolled,
PBA-2025FA-06,S0036130,2025FA,Enrolled,
PBA-2025FA-06,S0026886,2025FA,Enrolled,
PBA-2025FA-06,S0038793,2025FA,Enrolled,
PBA-2025FA-06,S0003490,2025FA,Enrolled,
PBA-2025FA-06,S0015603,2025FA,Enrolled,
PBA-2025FA-06,S0028641,2025FA,Enrolled,
PBA-2025FA-06,S0023977,2025FA,Enrolled,
PBA-2025FA-06,S0036160,2025FA,Enrolled,
PBA-2025FA-06,S0033417,2025FA,Enrolled,
PBA-2025FA-06,S0031230,2025FA,Enrolled,
PBA-2025FA-06,S0018284,2025FA,Enrolled,
PBA-2025FA-06,S0005072,2025FA,Enrolled,
PBA-2025FA-06,S0034146,2025FA,Enrolled,
PBA-2025FA-06,S0004534,2025FA,Enrolled,
PBA-2025FA-06,S0040434,2025FA,Enrolled,
PBA-2025FA-06,S0037479,2025FA,Enrolled,
PBA-2025FA-06,S0028172,2025FA,Enrolled,
PBA-2025FA-06,S0036084,2025FA,Enrolled,
PBA-2025FA-06,S0016181,2025FA,Enrolled,
PBA-2025FA-06,S0001937,2025FA,Enrolled,
PBA-2025FA-06,S0008575,2025FA,Enrolled,
PBA-2025FA-06,S0023395,2025FA,Enrolled,
PBA-2025FA-07,S0008704,2025FA,Enrolled,
PBA-2025FA-07,S0040176,2025FA,Enrolled,
PBA-2025FA-07,S0036636,2025FA,Enrolled,
PBA-2025FA-07,S0034290,2025FA,Enrolled,
PBA-2025FA-07,S0039135,2025FA,Enrolled,
PBA-2025FA-07,S0001202,2025FA,Enrolled,
PBA-2025FA-07,S0038014,2025FA,Enrolled,
PBA-2025FA-07,S0022497,2025FA,Enrolled,
PBA-2025FA-07,S0036477,2025FA,Enrolled,
PBA-2025FA-07,S0013518,2025FA,Enrolled,
PBA-2025FA-07,S0031649,2025FA,Enrolled,
PBA-2025FA-07,S0030781,2025FA,Enrolled,
PBA-2025FA-07,S0013606,2025FA,Enrolled,
PBA-2025FA-07,S0014506,2025FA,Enrolled,
PBA-2025FA-07,S0009452,2025FA,Enrolled,
PBA-2025FA-07,S0036525,2025FA,Enrolled,
PBA-2025FA-07,S0035551,2025FA,Enrolled,
PBA-2025FA-07,S0034009,2025FA,Enrolled,
PBA-2025FA-07,S0031906,2025FA,Enrolled,
PBA-2025FA-07,S0027464,2025FA,Enrolled,
PBA-2025FA-07,S0040246,2025FA,Enrolled,
PBA-2025FA-07,S0003670,2025FA,Enrolled,
PBA-2025FA-07,S0030782,2025FA,Enrolled,
PBA-2025FA-07,S0035146,2025FA,Enrolled,
PBA-2025FA-07,S0030322,2025FA,Enrolled,
PBA-2025FA-07,S0011064,2025FA,Enrolled,
PBA-2025FA-07,S0002085,2025FA,Enrolled,
PBA-2025FA-07,S0012686,2025FA,Enrolled,
PBA-2025FA-08,S0033340,2025FA,Enrolled,
PBA-2025FA-08,S0030811,2025FA,Enrolled,
PBA-2025FA-08,S0038048,2025FA,Enrolled,
PBA-2025FA-08,S0030947,2025FA,Enrolled,
PBA-2025FA-08,S0001017,2025FA,Enrolled,
PBA-2025FA-08,S0035220,2025FA,Enrolled,
PBA-2025FA-08,S0018812,2025FA,Enrolled,
PBA-2025FA-08,S0040318,2025FA,Enrolled,
PBA-2025FA-08,S0038387,2025FA,Enrolled,
PBA-2025FA-08,S0027919,2025FA,Enrolled,
PBA-2025FA-08,S0026276,2025FA,Enrolled,
PBA-2025FA-08,S0001074,2025FA,Enrolled,
PBA-2025FA-08,S0022969,2025FA,Enrolled,
PBA-2025FA-08,S0036875,2025FA,Enrolled,
PBA-2025FA-08,S0027120,2025FA,Enrolled,
PBA-2025FA-08,S0033013,2025FA,Enrolled,
PBA-2025FA-08,S0009280,2025FA,Enrolled,
PBA-2025FA-08,S0030712,2025FA,Enrolled,
PBA-2025FA-08,S0024229,2025FA,Enrolled,
PBA-2025FA-08,S0014724,2025FA,Enrolled,
PBA-2025FA-08,S0032324,2025FA,Enrolled,
PBA-2025FA-08,S0007544,2025FA,Enrolled,
PBA-2025FA-08,S0022945,2025FA,Enrolled,
PBA-2025FA-08,S0022163,2025FA,Enrolled,
PBA-2025FA-08,S0039980,2025FA,Enrolled,
PBA-2025FA-08,S0037714,2025FA,Enrolled,
PBA-2025FA-08,S0005897,2025FA,Enrolled,
PBA-2025FA-08,S0033754,2025FA,Enrolled,
PBA-2025FA-09,S0036915,2025FA,Enrolled,
PBA-2025FA-09,S0026703,2025FA,Enrolled,
PBA-2025FA-09,S0026471,2025FA,Enrolled,
PBA-2025FA-09,S0037912,2025FA,Enrolled,
PBA-2025FA-09,S0028530,2025FA,Enrolled,
PBA-2025FA-09,S0039707,2025FA,Enrolled,
PBA-2025FA-09,S0002052,2025FA,Enrolled,
PBA-2025FA-09,S0032474,2025FA,Enrolled,
PBA-2025FA-09,S0014620,2025FA,Enrolled,
PBA-2025FA-09,S0040229,2025FA,Enrolled,
PBA-2025FA-09,S0034412,2025FA,Enrolled,
PBA-2025FA-09,S0016317,2025FA,Enrolled,
PBA-2025FA-09,S0028646,2025FA,Enrolled,
PBA-2025FA-09,S0037173,2025FA,Enrolled,
PBA-2025FA-09,S0017289,2025FA,Enrolled,
PBA-2025FA-09,S0033263,2025FA,Enrolled,
PBA-2025FA-09,S0027222,2025FA,Enrolled,
PBA-2025FA-09,S0038415,2025FA,Enrolled,
PBA-2025FA-09,S0027592,2025FA,Enrolled,
PBA-2025FA-09,S0030827,2025FA,Enrolled,
PBA-2025FA-09,S0038301,2025FA,Enrolled,
PBA-2025FA-09,S0019318,2025FA,Enrolled,
PBA-2025FA-09,S0033530,2025FA,Enrolled,
PBA-2025FA-09,S0034300,2025FA,Enrolled,
PBA-2025FA-09,S0029554,2025FA,Enrolled,
PBA-2025FA-09,S0037341,2025FA,Enrolled,
PBA-2025FA-09,S0023957,2025FA,Enrolled,
PBA-2025FA-09,S0035931,2025FA,Enrolled,
PBA-2025FA-10,S0006762,2025FA,Enrolled,
PBA-2025FA-10,S0040303,2025FA,Enrolled,
PBA-2025FA-10,S0012021,2025FA,Enrolled,
PBA-2025FA-10,S0040080,2025FA,Enrolled,
PBA-2025FA-10,S0037511,2025FA,Enrolled,
PBA-2025FA-10,S0024438,2025FA,Enrolled,
PBA-2025FA-10,S0018520,2025FA,Enrolled,
PBA-2025FA-10,S0019431,2025FA,Enrolled,
PBA-2025FA-10,S0033610,2025FA,Enrolled,
PBA-2025FA-10,S0026272,2025FA,Enrolled,
PBA-2025FA-10,S0033061,2025FA,Enrolled,
PBA-2025FA-10,S0006994,2025FA,Enrolled,
PBA-2025FA-10,S0036467,2025FA,Enrolled,
PBA-2025FA-10,S0026271,2025FA,Enrolled,
PBA-2025FA-10,S0033279,2025FA,Enrolled,
PBA-2025FA-10,S0021688,2025FA,Enrolled,
PBA-2025FA-10,S0026862,2025FA,Enrolled,
PBA-2025FA-10,S0023787,2025FA,Enrolled,
PBA-2025FA-10,S0003497,2025FA,Enrolled,
PBA-2025FA-10,S0000387,2025FA,Enrolled,
PBA-2025FA-10,S0033512,2025FA,Enrolled,
PBA-2025FA-10,S0011816,2025FA,Enrolled,
PBA-2025FA-10,S0037749,2025FA,Enrolled,
PBA-2025FA-10,S0022836,2025FA,Enrolled,
PBA-2025FA-10,S0037401,2025FA,Enrolled,
PBA-2025FA-10,S0021249,2025FA,Enrolled,
PBA-2025FA-10,S0037795,2025FA,Enrolled,
PBA-2025FA-10,S0034167,2025FA,Enrolled,
PBA-2025FA-11,S0023458,2025FA,Enrolled,
PBA-2025FA-11,S0023872,2025FA,Enrolled,
PBA-2025FA-11,S0024328,2025FA,Enrolled,
PBA-2025FA-11,S0035552,2025FA,Enrolled,
PBA-2025FA-11,S0032267,2025FA,Enrolled,
PBA-2025FA-11,S0033139,2025FA,Enrolled,
PBA-2025FA-11,S0005842,2025FA,Enrolled,
PBA-2025FA-11,S0027226,2025FA,Enrolled,
PBA-2025FA-11,S0023297,2025FA,Enrolled,
PBA-2025FA-11,S0024072,2025FA,Enrolled,
PBA-2025FA-11,S0038882,2025FA,Enrolled,
PBA-2025FA-11,S0001357,2025FA,Enrolled,
PBA-2025FA-11,S0035801,2025FA,Enrolled,
PBA-2025FA-11,S0028448,2025FA,Enrolled,
PBA-2025FA-11,S0032757,2025FA,Enrolled,
PBA-2025FA-11,S0028057,2025FA,Enrolled,
PBA-2025FA-11,S0035287,2025FA,Enrolled,
PBA-2025FA-11,S0040314,2025FA,Enrolled,
PBA-2025FA-11,S0021173,2025FA,Enrolled,
PBA-2025FA-11,S0027381,2025FA,Enrolled,
PBA-2025FA-11,S0020788,2025FA,Enrolled,
PBA-2025FA-11,S0000398,2025FA,Enrolled,
PBA-2025FA-11,S0035529,2025FA,Enrolled,
PBA-2025FA-11,S0039549,2025FA,Enrolled,
PBA-2025FA-11,S0036317,2025FA,Enrolled,
PBA-2025FA-11,S0033859,2025FA,Enrolled,
PBA-2025FA-11,S0037954,2025FA,Enrolled,
PBA-2025FA-11,S0021082,2025FA,Enrolled,
PBA-2025FA-12,S0000034,2025FA,Enrolled,
PBA-2025FA-12,S0028083,2025FA,Enrolled,
PBA-2025FA-12,S0032662,2025FA,Enrolled,
PBA-2025FA-12,S0029495,2025FA,Enrolled,
PBA-2025FA-12,S0015981,2025FA,Enrolled,
PBA-2025FA-12,S0039186,2025FA,Enrolled,
PBA-2025FA-12,S0036837,2025FA,Enrolled,
PBA-2025FA-12,S0030670,2025FA,Enrolled,
PBA-2025FA-12,S0004659,2025FA,Enrolled,
PBA-2025FA-12,S0036514,2025FA,Enrolled,
PBA-2025FA-12,S0040524,2025FA,Enrolled,
PBA-2025FA-12,S0005593,2025FA,Enrolled,
PBA-2025FA-12,S0036496,2025FA,Enrolled,
PBA-2025FA-12,S0036556,2025FA,Enrolled,
PBA-2025FA-12,S0022479,2025FA,Enrolled,
PBA-2025FA-12,S0008693,2025FA,Enrolled,
PBA-2025FA-12,S0036051,2025FA,Enrolled,
PBA-2025FA-12,S0011140,2025FA,Enrolled,
PBA-2025FA-12,S0033862,2025FA,Enrolled,
PBA-2025FA-12,S0025739,2025FA,Enrolled,
PBA-2025FA-12,S0026039,2025FA,Enrolled,
PBA-2025FA-12,S0005477,2025FA,Enrolled,
PBA-2025FA-12,S0033429,2025FA,Enrolled,
PBA-2025FA-12,S0034395,2025FA,Enrolled,
PBA-2025FA-12,S0027469,2025FA,Enrolled,
PBA-2025FA-12,S0018201,2025FA,Enrolled,
PBA-2025FA-12,S0033043,2025FA,Enrolled,
PBA-2025FA-12,S0022074,2025FA,Enrolled,
PBA-2025FA-13,S0035624,2025FA,Enrolled,
PBA-2025FA-13,S0038185,2025FA,Enrolled,
PBA-2025FA-13,S0017889,2025FA,Enrolled,
PBA-2025FA-13,S0026583,2025FA,Enrolled,
PBA-2025FA-13,S0031399,2025FA,Enrolled,
PBA-2025FA-13,S0015061,2025FA,Enrolled,
PBA-2025FA-13,S0013258,2025FA,Enrolled,
PBA-2025FA-13,S0039623,2025FA,Enrolled,
PBA-2025FA-13,S0022018,2025FA,Enrolled,
PBA-2025FA-13,S0036053,2025FA,Enrolled,
PBA-2025FA-13,S0031498,2025FA,Enrolled,
PBA-2025FA-13,S0032919,2025FA,Enrolled,
PBA-2025FA-13,S0021261,2025FA,Enrolled,
PBA-2025FA-13,S0037880,2025FA,Enrolled,
PBA-2025FA-13,S0020947,2025FA,Enrolled,
PBA-2025FA-13,S0015062,2025FA,Enrolled,
PBA-2025FA-13,S0025539,2025FA,Enrolled,
PBA-2025FA-13,S0024181,2025FA,Enrolled,
PBA-2025FA-13,S0040483,2025FA,Enrolled,
PBA-2025FA-13,S0018235,2025FA,Enrolled,
PBA-2025FA-13,S0018986,2025FA,Enrolled,
PBA-2025FA-13,S0028096,2025FA,Enrolled,
PBA-2025FA-13,S0038484,2025FA,Enrolled,
PBA-2025FA-13,S0031177,2025FA,Enrolled,
PBA-2025FA-13,S0003918,2025FA,Enrolled,
PBA-2025FA-13,S0039100,2025FA,Enrolled,
PBA-2025FA-13,S0010092,2025FA,Enrolled,
PBA-2025FA-13,S0032148,2025FA,Enrolled,
PBA-2025FA-14,S0032916,2025FA,Enrolled,
PBA-2025FA-14,S0035603,2025FA,Enrolled,
PBA-2025FA-14,S0033583,2025FA,Enrolled,
PBA-2025FA-14,S0033684,2025FA,Enrolled,
PBA-2025FA-14,S0006992,2025FA,Enrolled,
PBA-2025FA-14,S0037098,2025FA,Enrolled,
PBA-2025FA-14,S0029611,2025FA,Enrolled,
PBA-2025FA-14,S0018108,2025FA,Enrolled,
PBA-2025FA-14,S0017557,2025FA,Enrolled,
PBA-2025FA-14,S0033509,2025FA,Enrolled,
PBA-2025FA-14,S0040201,2025FA,Enrolled,
PBA-2025FA-14,S0040543,2025FA,Enrolled,
PBA-2025FA-14,S0030873,2025FA,Enrolled,
PBA-2025FA-14,S0027274,2025FA,Enrolled,
PBA-2025FA-14,S0037874,2025FA,Enrolled,
PBA-2025FA-14,S0010117,2025FA,Enrolled,
PBA-2025FA-14,S0027696,2025FA,Enrolled,
PBA-2025FA-14,S0001803,2025FA,Enrolled,
PBA-2025FA-14,S0032566,2025FA,Enrolled,
PBA-2025FA-14,S0038432,2025FA,Enrolled,
PBA-2025FA-14,S0028565,2025FA,Enrolled,
PBA-2025FA-14,S0025854,2025FA,Enrolled,
PBA-2025FA-14,S0037476,2025FA,Enrolled,
PBA-2025FA-14,S0032416,2025FA,Enrolled,
PBA-2025FA-14,S0024021,2025FA,Enrolled,
PBA-2025FA-14,S0020833,2025FA,Enrolled,
PBA-2025FA-14,S0023063,2025FA,Enrolled,
PBA-2025FA-14,S0034034,2025FA,Enrolled,
PBA-2025FA-15,S0008994,2025FA,Enrolled,
PBA-2025FA-15,S0011914,2025FA,Enrolled,
PBA-2025FA-15,S0040067,2025FA,Enrolled,
PBA-2025FA-15,S0021624,2025FA,Enrolled,
PBA-2025FA-15,S0021931,2025FA,Enrolled,
PBA-2025FA-15,S0035563,2025FA,Enrolled,
PBA-2025FA-15,S0007786,2025FA,Enrolled,
PBA-2025FA-15,S0011682,2025FA,Enrolled,
PBA-2025FA-15,S0002042,2025FA,Enrolled,
PBA-2025FA-15,S0006012,2025FA,Enrolled,
PBA-2025FA-15,S0013646,2025FA,Enrolled,
PBA-2025FA-15,S0033959,2025FA,Enrolled,
PBA-2025FA-15,S0026600,2025FA,Enrolled,
PBA-2025FA-15,S0017697,2025FA,Enrolled,
PBA-2025FA-15,S0034381,2025FA,Enrolled,
PBA-2025FA-15,S0038308,2025FA,Enrolled,
PBA-2025FA-15,S0038554,2025FA,Enrolled,
PBA-2025FA-15,S0023322,2025FA,Enrolled,
PBA-2025FA-15,S0039358,2025FA,Enrolled,
PBA-2025FA-15,S0036659,2025FA,Enrolled,
PBA-2025FA-15,S0032309,2025FA,Enrolled,
PBA-2025FA-15,S0035534,2025FA,Enrolled,
PBA-2025FA-15,S0037525,2025FA,Enrolled,
PBA-2025FA-15,S0030958,2025FA,Enrolled,
PBA-2025FA-15,S0023454,2025FA,Enrolled,
PBA-2025FA-15,S0040094,2025FA,Enrolled,
PBA-2025FA-15,S0021128,2025FA,Enrolled,
PBA-2025FA-15,S0006757,2025FA,Enrolled,
PBA-2025FA-16,S0038459,2025FA,Enrolled,
PBA-2025FA-16,S0026051,2025FA,Enrolled,
PBA-2025FA-16,S0011659,2025FA,Enrolled,
PBA-2025FA-16,S0037474,2025FA,Enrolled,
PBA-2025FA-16,S0035241,2025FA,Enrolled,
PBA-2025FA-16,S0039421,2025FA,Enrolled,
PBA-2025FA-16,S0036705,2025FA,Enrolled,
PBA-2025FA-16,S0039360,2025FA,Enrolled,
PBA-2025FA-16,S0010420,2025FA,Enrolled,
PBA-2025FA-16,S0034108,2025FA,Enrolled,
PBA-2025FA-16,S0005152,2025FA,Enrolled,
PBA-2025FA-16,S0037683,2025FA,Enrolled,
PBA-2025FA-16,S0028755,2025FA,Enrolled,
PBA-2025FA-16,S0027554,2025FA,Enrolled,
PBA-2025FA-16,S0037845,2025FA,Enrolled,
PBA-2025FA-16,S0013550,2025FA,Enrolled,
PBA-2025FA-16,S0009366,2025FA,Enrolled,
PBA-2025FA-16,S0015873,2025FA,Enrolled,
PBA-2025FA-16,S0008721,2025FA,Enrolled,
PBA-2025FA-16,S0017786,2025FA,Enrolled,
PBA-2025FA-16,S0007004,2025FA,Enrolled,
PBA-2025FA-16,S0026946,2025FA,Enrolled,
PBA-2025FA-16,S0030364,2025FA,Enrolled,
PBA-2025FA-16,S0030430,2025FA,Enrolled,
PBA-2025FA-16,S0023203,2025FA,Enrolled,
PBA-2025FA-16,S0005671,2025FA,Enrolled,
PBA-2025FA-16,S0024247,2025FA,Enrolled,
PBA-2025FA-16,S0039481,2025FA,Enrolled,
PBA-2025FA-17,S0030619,2025FA,Enrolled,
PBA-2025FA-17,S0036899,2025FA,Enrolled,
PBA-2025FA-17,S0040410,2025FA,Enrolled,
PBA-2025FA-17,S0035083,2025FA,Enrolled,
PBA-2025FA-17,S0029052,2025FA,Enrolled,
PBA-2025FA-17,S0032284,2025FA,Enrolled,
PBA-2025FA-17,S0040370,2025FA,Enrolled,
PBA-2025FA-17,S0035997,2025FA,Enrolled,
PBA-2025FA-17,S0036067,2025FA,Enrolled,
PBA-2025FA-17,S0023329,2025FA,Enrolled,
PBA-2025FA-17,S0011516,2025FA,Enrolled,
PBA-2025FA-17,S0036334,2025FA,Enrolled,
PBA-2025FA-17,S0000096,2025FA,Enrolled,
PBA-2025FA-17,S0040300,2025FA,Enrolled,
PBA-2025FA-17,S0029526,2025FA,Enrolled,
PBA-2025FA-17,S0037084,2025FA,Enrolled,
PBA-2025FA-17,S0039303,2025FA,Enrolled,
PBA-2025FA-17,S0031274,2025FA,Enrolled,
PBA-2025FA-17,S0033974,2025FA,Enrolled,
PBA-2025FA-17,S0032257,2025FA,Enrolled,
PBA-2025FA-17,S0030815,2025FA,Enrolled,
PBA-2025FA-17,S0015344,2025FA,Enrolled,
PBA-2025FA-17,S0033639,2025FA,Enrolled,
PBA-2025FA-17,S0037442,2025FA,Enrolled,
PBA-2025FA-17,S0009250,2025FA,Enrolled,
PBA-2025FA-17,S0023644,2025FA,Enrolled,
PBA-2025FA-17,S0040480,2025FA,Enrolled,
PBA-2025FA-17,S0006840,2025FA,Enrolled,
PBA-2025FA-18,S0033053,2025FA,Enrolled,
PBA-2025FA-18,S0029499,2025FA,Enrolled,
PBA-2025FA-18,S0019179,2025FA,Enrolled,
PBA-2025FA-18,S0011089,2025FA,Enrolled,
PBA-2025FA-18,S0036068,2025FA,Enrolled,
PBA-2025FA-18,S0029066,2025FA,Enrolled,
PBA-2025FA-18,S0017578,2025FA,Enrolled,
PBA-2025FA-18,S0032697,2025FA,Enrolled,
PBA-2025FA-18,S0023706,2025FA,Enrolled,
PBA-2025FA-18,S0031429,2025FA,Enrolled,
PBA-2025FA-18,S0028361,2025FA,Enrolled,
PBA-2025FA-18,S0024295,2025FA,Enrolled,
PBA-2025FA-18,S0019291,2025FA,Enrolled,
PBA-2025FA-18,S0036428,2025FA,Enrolled,
PBA-2025FA-18,S0004564,2025FA,Enrolled,
PBA-2025FA-18,S0037609,2025FA,Enrolled,
PBA-2025FA-18,S0038719,2025FA,Enrolled,
PBA-2025FA-18,S0018414,2025FA,Enrolled,
PBA-2025FA-18,S0033600,2025FA,Enrolled,
PBA-2025FA-18,S0003370,2025FA,Enrolled,
PBA-2025FA-18,S0026227,2025FA,Enrolled,
PBA-2025FA-18,S0001263,2025FA,Enrolled,
PBA-2025FA-18,S0008563,2025FA,Enrolled,
PBA-2025FA-18,S0039920,2025FA,Enrolled,
PBA-2025FA-18,S0023653,2025FA,Enrolled,
PBA-2025FA-18,S0028311,2025FA,Enrolled,
PBA-2025FA-18,S0037761,2025FA,Enrolled,
PBA-2025FA-18,S0029228,2025FA,Enrolled,
PBA-2025FA-19,S0007058,2025FA,Enrolled,
PBA-2025FA-19,S0028981,2025FA,Enrolled,
PBA-2025FA-19,S0037595,2025FA,Enrolled,
PBA-2025FA-19,S0039450,2025FA,Enrolled,
PBA-2025FA-19,S0037376,2025FA,Enrolled,
PBA-2025FA-19,S0033431,2025FA,Enrolled,
PBA-2025FA-19,S0014669,2025FA,Enrolled,
PBA-2025FA-19,S0025393,2025FA,Enrolled,
PBA-2025FA-19,S0000955,2025FA,Enrolled,
PBA-2025FA-19,S0028850,2025FA,Enrolled,
PBA-2025FA-19,S0035198,2025FA,Enrolled,
PBA-2025FA-19,S0038550,2025FA,Enrolled,
PBA-2025FA-19,S0022437,2025FA,Enrolled,
PBA-2025FA-19,S0038504,2025FA,Enrolled,
PBA-2025FA-19,S0025996,2025FA,Enrolled,
PBA-2025FA-19,S0036065,2025FA,Enrolled,
PBA-2025FA-19,S0007985,2025FA,Enrolled,
PBA-2025FA-19,S0017801,2025FA,Enrolled,
PBA-2025FA-19,S0035376,2025FA,Enrolled,
PBA-2025FA-19,S0040594,2025FA,Enrolled,
PBA-2025FA-19,S0034331,2025FA,Enrolled,
PBA-2025FA-19,S0015406,2025FA,Enrolled,
PBA-2025FA-19,S0032144,2025FA,Enrolled,
PBA-2025FA-19,S0036924,2025FA,Enrolled,
PBA-2025FA-19,S0029307,2025FA,Enrolled,
PBA-2025FA-19,S0027653,2025FA,Enrolled,
PBA-2025FA-19,S0039494,2025FA,Enrolled,
PBA-2025FA-19,S0011645,2025FA,Enrolled,
PBA-2025FA-20,S0038627,2025FA,Enrolled,
PBA-2025FA-20,S0032039,2025FA,Enrolled,
PBA-2025FA-20,S0025593,2025FA,Enrolled,
PBA-2025FA-20,S0036479,2025FA,Enrolled,
PBA-2025FA-20,S0039315,2025FA,Enrolled,
PBA-2025FA-20,S0022939,2025FA,Enrolled,
PBA-2025FA-20,S0037642,2025FA,Enrolled,
PBA-2025FA-20,S0021065,2025FA,Enrolled,
PBA-2025FA-20,S0013449,2025FA,Enrolled,
PBA-2025FA-20,S0027597,2025FA,Enrolled,
PBA-2025FA-20,S0039861,2025FA,Enrolled,
PBA-2025FA-20,S0036642,2025FA,Enrolled,
PBA-2025FA-20,S0020983,2025FA,Enrolled,
PBA-2025FA-20,S0039787,2025FA,Enrolled,
PBA-2025FA-20,S0023677,2025FA,Enrolled,
PBA-2025FA-20,S0006946,2025FA,Enrolled,
PBA-2025FA-20,S0031865,2025FA,Enrolled,
PBA-2025FA-20,S0037344,2025FA,Enrolled,
PBA-2025FA-20,S0010583,2025FA,Enrolled,
PBA-2025FA-20,S0035910,2025FA,Enrolled,
PBA-2025FA-20,S0006035,2025FA,Enrolled,
PBA-2025FA-20,S0033748,2025FA,Enrolled,
PBA-2025FA-20,S0032010,2025FA,Enrolled,
PBA-2025FA-20,S0001602,2025FA,Enrolled,
PBA-2025FA-20,S0013608,2025FA,Enrolled,
PBA-2025FA-20,S0009010,2025FA,Enrolled,
PBA-2025FA-20,S0004479,2025FA,Enrolled,
PBA-2025FA-20,S0014269,2025FA,Enrolled,
PBA-2025FA-21,S0031624,2025FA,Enrolled,
PBA-2025FA-21,S0032519,2025FA,Enrolled,
PBA-2025FA-21,S0036315,2025FA,Enrolled,
PBA-2025FA-21,S0030717,2025FA,Enrolled,
PBA-2025FA-21,S0031841,2025FA,Enrolled,
PBA-2025FA-21,S0032492,2025FA,Enrolled,
PBA-2025FA-21,S0036595,2025FA,Enrolled,
PBA-2025FA-21,S0040420,2025FA,Enrolled,
PBA-2025FA-21,S0040584,2025FA,Enrolled,
PBA-2025FA-21,S0036100,2025FA,Enrolled,
PBA-2025FA-21,S0027599,2025FA,Enrolled,
PBA-2025FA-21,S0035086,2025FA,Enrolled,
PBA-2025FA-21,S0032030,2025FA,Enrolled,
PBA-2025FA-21,S0031798,2025FA,Enrolled,
PBA-2025FA-21,S0021801,2025FA,Enrolled,
PBA-2025FA-21,S0021171,2025FA,Enrolled,
PBA-2025FA-21,S0033838,2025FA,Enrolled,
PBA-2025FA-21,S0028575,2025FA,Enrolled,
PBA-2025FA-21,S0004395,2025FA,Enrolled,
PBA-2025FA-21,S0038724,2025FA,Enrolled,
PBA-2025FA-21,S0040039,2025FA,Enrolled,
PBA-2025FA-21,S0031600,2025FA,Enrolled,
PBA-2025FA-21,S0017404,2025FA,Enrolled,
PBA-2025FA-21,S0038926,2025FA,Enrolled,
PBA-2025FA-21,S0039075,2025FA,Enrolled,
PBA-2025FA-21,S0036326,2025FA,Enrolled,
PBA-2025FA-21,S0028540,2025FA,Enrolled,
PBA-2025FA-21,S0031440,2025FA,Enrolled,
PBA-2025FA-22,S0037958,2025FA,Enrolled,
PBA-2025FA-22,S0032581,2025FA,Enrolled,
PBA-2025FA-22,S0019060,2025FA,Enrolled,
PBA-2025FA-22,S0004650,2025FA,Enrolled,
PBA-2025FA-22,S0037020,2025FA,Enrolled,
PBA-2025FA-22,S0038412,2025FA,Enrolled,
PBA-2025FA-22,S0010379,2025FA,Enrolled,
PBA-2025FA-22,S0040082,2025FA,Enrolled,
PBA-2025FA-22,S0038857,2025FA,Enrolled,
PBA-2025FA-22,S0038722,2025FA,Enrolled,
PBA-2025FA-22,S0028537,2025FA,Enrolled,
PBA-2025FA-22,S0032374,2025FA,Enrolled,
PBA-2025FA-22,S0021118,2025FA,Enrolled,
PBA-2025FA-22,S0035410,2025FA,Enrolled,
PBA-2025FA-22,S0015482,2025FA,Enrolled,
PBA-2025FA-22,S0022477,2025FA,Enrolled,
PBA-2025FA-22,S0033854,2025FA,Enrolled,
PBA-2025FA-22,S0038761,2025FA,Enrolled,
PBA-2025FA-22,S0003916,2025FA,Enrolled,
PBA-2025FA-22,S0016741,2025FA,Enrolled,
PBA-2025FA-22,S0018008,2025FA,Enrolled,
PBA-2025FA-22,S0029110,2025FA,Enrolled,
PBA-2025FA-22,S0033326,2025FA,Enrolled,
PBA-2025FA-22,S0038853,2025FA,Enrolled,
PBA-2025FA-22,S0027719,2025FA,Enrolled,
PBA-2025FA-22,S0019538,2025FA,Enrolled,
PBA-2025FA-22,S0037566,2025FA,Enrolled,
PBA-2025FA-22,S0028206,2025FA,Enrolled,
PBA-2025FA-23,S0009434,2025FA,Enrolled,
PBA-2025FA-23,S0000507,2025FA,Enrolled,
PBA-2025FA-23,S0031796,2025FA,Enrolled,
PBA-2025FA-23,S0028518,2025FA,Enrolled,
PBA-2025FA-23,S0039066,2025FA,Enrolled,
PBA-2025FA-23,S0037893,2025FA,Enrolled,
PBA-2025FA-23,S0029547,2025FA,Enrolled,
PBA-2025FA-23,S0026301,2025FA,Enrolled,
PBA-2025FA-23,S0032926,2025FA,Enrolled,
PBA-2025FA-23,S0012601,2025FA,Enrolled,
PBA-2025FA-23,S0039081,2025FA,Enrolled,
PBA-2025FA-23,S0039955,2025FA,Enrolled,
PBA-2025FA-23,S0023240,2025FA,Enrolled,
PBA-2025FA-23,S0036532,2025FA,Enrolled,
PBA-2025FA-23,S0028094,2025FA,Enrolled,
PBA-2025FA-23,S0036908,2025FA,Enrolled,
PBA-2025FA-23,S0036982,2025FA,Enrolled,
PBA-2025FA-23,S0026846,2025FA,Enrolled,
PBA-2025FA-23,S0002066,2025FA,Enrolled,
PBA-2025FA-23,S0021813,2025FA,Enrolled,
PBA-2025FA-23,S0033237,2025FA,Enrolled,
PBA-2025FA-23,S0027603,2025FA,Enrolled,
PBA-2025FA-23,S0033545,2025FA,Enrolled,
PBA-2025FA-23,S0039564,2025FA,Enrolled,
PBA-2025FA-23,S0032055,2025FA,Enrolled,
PBA-2025FA-23,S0003389,2025FA,Enrolled,
PBA-2025FA-23,S0040515,2025FA,Enrolled,
PBA-2025FA-23,S0022722,2025FA,Enrolled,
PBA-2025FA-24,S0038637,2025FA,Enrolled,
PBA-2025FA-24,S0028594,2025FA,Enrolled,
PBA-2025FA-24,S0037922,2025FA,Enrolled,
PBA-2025FA-24,S0027819,2025FA,Enrolled,
PBA-2025FA-24,S0015122,2025FA,Enrolled,
PBA-2025FA-24,S0033285,2025FA,Enrolled,
PBA-2025FA-24,S0039717,2025FA,Enrolled,
PBA-2025FA-24,S0001297,2025FA,Enrolled,
PBA-2025FA-24,S0001692,2025FA,Enrolled,
PBA-2025FA-24,S0012031,2025FA,Enrolled,
PBA-2025FA-24,S0003084,2025FA,Enrolled,
PBA-2025FA-24,S0012763,2025FA,Enrolled,
PBA-2025FA-24,S0036052,2025FA,Enrolled,
PBA-2025FA-24,S0010576,2025FA,Enrolled,
PBA-2025FA-24,S0033522,2025FA,Enrolled,
PBA-2025FA-24,S0007302,2025FA,Enrolled,
PBA-2025FA-24,S0033282,2025FA,Enrolled,
PBA-2025FA-24,S0037693,2025FA,Enrolled,
PBA-2025FA-24,S0039211,2025FA,Enrolled,
PBA-2025FA-24,S0011913,2025FA,Enrolled,
PBA-2025FA-24,S0030621,2025FA,Enrolled,
PBA-2025FA-24,S0005907,2025FA,Enrolled,
PBA-2025FA-24,S0027918,2025FA,Enrolled,
PBA-2025FA-24,S0039768,2025FA,Enrolled,
PBA-2025FA-24,S0038244,2025FA,Enrolled,
PBA-2025FA-24,S0035282,2025FA,Enrolled,
PBA-2025FA-24,S0028810,2025FA,Enrolled,
PBA-2025FA-24,S0010283,2025FA,Enrolled,
PBA-2025FA-25,S0010510,2025FA,Enrolled,
PBA-2025FA-25,S0031665,2025FA,Enrolled,
PBA-2025FA-25,S0023542,2025FA,Enrolled,
PBA-2025FA-25,S0027901,2025FA,Enrolled,
PBA-2025FA-25,S0038443,2025FA,Enrolled,
PBA-2025FA-25,S0009547,2025FA,Enrolled,
PBA-2025FA-25,S0005249,2025FA,Enrolled,
PBA-2025FA-25,S0023781,2025FA,Enrolled,
PBA-2025FA-25,S0035805,2025FA,Enrolled,
PBA-2025FA-25,S0033398,2025FA,Enrolled,
PBA-2025FA-25,S0028208,2025FA,Enrolled,
PBA-2025FA-25,S0010819,2025FA,Enrolled,
PBA-2025FA-25,S0014285,2025FA,Enrolled,
PBA-2025FA-25,S0003136,2025FA,Enrolled,
PBA-2025FA-25,S0039914,2025FA,Enrolled,
PBA-2025FA-25,S0016773,2025FA,Enrolled,
PBA-2025FA-25,S0029357,2025FA,Enrolled,
PBA-2025FA-25,S0039606,2025FA,Enrolled,
PBA-2025FA-25,S0040051,2025FA,Enrolled,
PBA-2025FA-25,S0039763,2025FA,Enrolled,
PBA-2025FA-25,S0035857,2025FA,Enrolled,
PBA-2025FA-25,S0036701,2025FA,Enrolled,
PBA-2025FA-25,S0001384,2025FA,Enrolled,
PBA-2025FA-25,S0038135,2025FA,Enrolled,
PBA-2025FA-25,S0017391,2025FA,Enrolled,
PBA-2025FA-25,S0007493,2025FA,Enrolled,
PBA-2025FA-25,S0028334,2025FA,Enrolled,
PBA-2025FA-25,S0008568,2025FA,Enrolled,
PBA-2025FA-26,S0005313,2025FA,Enrolled,
PBA-2025FA-26,S0029543,2025FA,Enrolled,
PBA-2025FA-26,S0039180,2025FA,Enrolled,
PBA-2025FA-26,S0033307,2025FA,Enrolled,
PBA-2025FA-26,S0022719,2025FA,Enrolled,
PBA-2025FA-26,S0036409,2025FA,Enrolled,
PBA-2025FA-26,S0027925,2025FA,Enrolled,
PBA-2025FA-26,S0023320,2025FA,Enrolled,
PBA-2025FA-26,S0036505,2025FA,Enrolled,
PBA-2025FA-26,S0038158,2025FA,Enrolled,
PBA-2025FA-26,S0028082,2025FA,Enrolled,
PBA-2025FA-26,S0036421,2025FA,Enrolled,
PBA-2025FA-26,S0040648,2025FA,Enrolled,
PBA-2025FA-26,S0033780,2025FA,Enrolled,
PBA-2025FA-26,S0031832,2025FA,Enrolled,
PBA-2025FA-26,S0029325,2025FA,Enrolled,
PBA-2025FA-26,S0023658,2025FA,Enrolled,
PBA-2025FA-26,S0009790,2025FA,Enrolled,
PBA-2025FA-26,S0036757,2025FA,Enrolled,
PBA-2025FA-26,S0036208,2025FA,Enrolled,
PBA-2025FA-26,S0012488,2025FA,Enrolled,
PBA-2025FA-26,S0034316,2025FA,Enrolled,
PBA-2025FA-26,S0035681,2025FA,Enrolled,
PBA-2025FA-26,S0032329,2025FA,Enrolled,
PBA-2025FA-26,S0023194,2025FA,Enrolled,
PBA-2025FA-26,S0023543,2025FA,Enrolled,
PBA-2025FA-26,S0015367,2025FA,Enrolled,
PBA-2025FA-26,S0015918,2025FA,Enrolled,
PBA-2025FA-27,S0037633,2025FA,Enrolled,
PBA-2025FA-27,S0001625,2025FA,Enrolled,
PBA-2025FA-27,S0038873,2025FA,Enrolled,
PBA-2025FA-27,S0036130,2025FA,Enrolled,
PBA-2025FA-27,S0026886,2025FA,Enrolled,
PBA-2025FA-27,S0038793,2025FA,Enrolled,
PBA-2025FA-27,S0003490,2025FA,Enrolled,
PBA-2025FA-27,S0015603,2025FA,Enrolled,
PBA-2025FA-27,S0028641,2025FA,Enrolled,
PBA-2025FA-27,S0023977,2025FA,Enrolled,
PBA-2025FA-27,S0036160,2025FA,Enrolled,
PBA-2025FA-27,S0033417,2025FA,Enrolled,
PBA-2025FA-27,S0031230,2025FA,Enrolled,
PBA-2025FA-27,S0018284,2025FA,Enrolled,
PBA-2025FA-27,S0005072,2025FA,Enrolled,
PBA-2025FA-27,S0034146,2025FA,Enrolled,
PBA-2025FA-27,S0004534,2025FA,Enrolled,
PBA-2025FA-27,S0040434,2025FA,Enrolled,
PBA-2025FA-27,S0037479,2025FA,Enrolled,
PBA-2025FA-27,S0028172,2025FA,Enrolled,
PBA-2025FA-27,S0036084,2025FA,Enrolled,
PBA-2025FA-27,S0016181,2025FA,Enrolled,
PBA-2025FA-27,S0001937,2025FA,Enrolled,
PBA-2025FA-27,S0008575,2025FA,Enrolled,
PBA-2025FA-27,S0023395,2025FA,Enrolled,
PBA-2025FA-27,S0008704,2025FA,Enrolled,
PBA-2025FA-27,S0040176,2025FA,Enrolled,
PBA-2025FA-27,S0036636,2025FA,Enrolled,
PBA-2025FA-28,S0034290,2025FA,Enrolled,
PBA-2025FA-28,S0039135,2025FA,Enrolled,
PBA-2025FA-28,S0001202,2025FA,Enrolled,
PBA-2025FA-28,S0038014,2025FA,Enrolled,
PBA-2025FA-28,S0022497,2025FA,Enrolled,
PBA-2025FA-28,S0036477,2025FA,Enrolled,
PBA-2025FA-28,S0013518,2025FA,Enrolled,
PBA-2025FA-28,S0031649,2025FA,Enrolled,
PBA-2025FA-28,S0030781,2025FA,Enrolled,
PBA-2025FA-28,S0013606,2025FA,Enrolled,
PBA-2025FA-28,S0014506,2025FA,Enrolled,
PBA-2025FA-28,S0009452,2025FA,Enrolled,
PBA-2025FA-28,S0036525,2025FA,Enrolled,
PBA-2025FA-28,S0035551,2025FA,Enrolled,
PBA-2025FA-28,S0034009,2025FA,Enrolled,
PBA-2025FA-28,S0031906,2025FA,Enrolled,
PBA-2025FA-28,S0027464,2025FA,Enrolled,
PBA-2025FA-28,S0040246,2025FA,Enrolled,
PBA-2025FA-28,S0003670,2025FA,Enrolled,
PBA-2025FA-28,S0030782,2025FA,Enrolled,
PBA-2025FA-28,S0035146,2025FA,Enrolled,
PBA-2025FA-28,S0030322,2025FA,Enrolled,
PBA-2025FA-28,S0011064,2025FA,Enrolled,
PBA-2025FA-28,S0002085,2025FA,Enrolled,
PBA-2025FA-28,S0012686,2025FA,Enrolled,
PBA-2025FA-28,S0033340,2025FA,Enrolled,
PBA-2025FA-28,S0030811,2025FA,Enrolled,
PBA-2025FA-28,S0038048,2025FA,Enrolled,
PBA-2025FA-29,S0030947,2025FA,Enrolled,
PBA-2025FA-29,S0001017,2025FA,Enrolled,
PBA-2025FA-29,S0035220,2025FA,Enrolled,
PBA-2025FA-29,S0018812,2025FA,Enrolled,
PBA-2025FA-29,S0040318,2025FA,Enrolled,
PBA-2025FA-29,S0038387,2025FA,Enrolled,
PBA-2025FA-29,S0027919,2025FA,Enrolled,
PBA-2025FA-29,S0026276,2025FA,Enrolled,
PBA-2025FA-29,S0001074,2025FA,Enrolled,
PBA-2025FA-29,S0022969,2025FA,Enrolled,
PBA-2025FA-29,S0036875,2025FA,Enrolled,
PBA-2025FA-29,S0027120,2025FA,Enrolled,
PBA-2025FA-29,S0033013,2025FA,Enrolled,
PBA-2025FA-29,S0009280,2025FA,Enrolled,
PBA-2025FA-29,S0030712,2025FA,Enrolled,
PBA-2025FA-29,S0024229,2025FA,Enrolled,
PBA-2025FA-29,S0014724,2025FA,Enrolled,
PBA-2025FA-29,S0032324,2025FA,Enrolled,
PBA-2025FA-29,S0007544,2025FA,Enrolled,
PBA-2025FA-29,S0022945,2025FA,Enrolled,
PBA-2025FA-29,S0022163,2025FA,Enrolled,
PBA-2025FA-29,S0039980,2025FA,Enrolled,
PBA-2025FA-29,S0037714,2025FA,Enrolled,
PBA-2025FA-29,S0005897,2025FA,Enrolled,
PBA-2025FA-29,S0033754,2025FA,Enrolled,
PBA-2025FA-29,S0036915,2025FA,Enrolled,
PBA-2025FA-29,S0026703,2025FA,Enrolled,
PBA-2025FA-29,S0026471,2025FA,Enrolled,
PBA-2025FA-30,S0037912,2025FA,Enrolled,
PBA-2025FA-30,S0028530,2025FA,Enrolled,
PBA-2025FA-30,S0039707,2025FA,Enrolled,
PBA-2025FA-30,S0002052,2025FA,Enrolled,
PBA-2025FA-30,S0032474,2025FA,Enrolled,
PBA-2025FA-30,S0014620,2025FA,Enrolled,
PBA-2025FA-30,S0040229,2025FA,Enrolled,
PBA-2025FA-30,S0034412,2025FA,Enrolled,
PBA-2025FA-30,S0016317,2025FA,Enrolled,
PBA-2025FA-30,S0028646,2025FA,Enrolled,
PBA-2025FA-30,S0037173,2025FA,Enrolled,
PBA-2025FA-30,S0017289,2025FA,Enrolled,
PBA-2025FA-30,S0033263,2025FA,Enrolled,
PBA-2025FA-30,S0027222,2025FA,Enrolled,
PBA-2025FA-30,S0038415,2025FA,Enrolled,
PBA-2025FA-30,S0027592,2025FA,Enrolled,
PBA-2025FA-30,S0030827,2025FA,Enrolled,
PBA-2025FA-30,S0038301,2025FA,Enrolled,
PBA-2025FA-30,S0019318,2025FA,Enrolled,
PBA-2025FA-30,S0033530,2025FA,Enrolled,
PBA-2025FA-30,S0034300,2025FA,Enrolled,
PBA-2025FA-30,S0029554,2025FA,Enrolled,
PBA-2025FA-30,S0037341,2025FA,Enrolled,
PBA-2025FA-30,S0023957,2025FA,Enrolled,
PBA-2025FA-30,S0035931,2025FA,Enrolled,
PBA-2025FA-30,S0006762,2025FA,Enrolled,
PBA-2025FA-30,S0040303,2025FA,Enrolled,
PBA-2025FA-30,S0012021,2025FA,Enrolled,
PBA-2025FA-31,S0040080,2025FA,Enrolled,
PBA-2025FA-31,S0037511,2025FA,Enrolled,
PBA-2025FA-31,S0024438,2025FA,Enrolled,
PBA-2025FA-31,S0018520,2025FA,Enrolled,
PBA-2025FA-31,S0019431,2025FA,Enrolled,
PBA-2025FA-31,S0033610,2025FA,Enrolled,
PBA-2025FA-31,S0026272,2025FA,Enrolled,
PBA-2025FA-31,S0033061,2025FA,Enrolled,
PBA-2025FA-31,S0006994,2025FA,Enrolled,
PBA-2025FA-31,S0036467,2025FA,Enrolled,
PBA-2025FA-31,S0026271,2025FA,Enrolled,
PBA-2025FA-31,S0033279,2025FA,Enrolled,
PBA-2025FA-31,S0021688,2025FA,Enrolled,
PBA-2025FA-31,S0026862,2025FA,Enrolled,
PBA-2025FA-31,S0023787,2025FA,Enrolled,
PBA-2025FA-31,S0003497,2025FA,Enrolled,
PBA-2025FA-31,S0000387,2025FA,Enrolled,
PBA-2025FA-31,S0033512,2025FA,Enrolled,
PBA-2025FA-31,S0011816,2025FA,Enrolled,
PBA-2025FA-31,S0037749,2025FA,Enrolled,
PBA-2025FA-31,S0022836,2025FA,Enrolled,
PBA-2025FA-31,S0037401,2025FA,Enrolled,
PBA-2025FA-31,S0021249,2025FA,Enrolled,
PBA-2025FA-31,S0037795,2025FA,Enrolled,
PBA-2025FA-31,S0034167,2025FA,Enrolled,
PBA-2025FA-31,S0023458,2025FA,Enrolled,
PBA-2025FA-31,S0023872,2025FA,Enrolled,
PBA-2025FA-31,S0024328,2025FA,Enrolled,
PBA-2025FA-32,S0035552,2025FA,Enrolled,
PBA-2025FA-32,S0032267,2025FA,Enrolled,
PBA-2025FA-32,S0033139,2025FA,Enrolled,
PBA-2025FA-32,S0005842,2025FA,Enrolled,
PBA-2025FA-32,S0027226,2025FA,Enrolled,
PBA-2025FA-32,S0023297,2025FA,Enrolled,
PBA-2025FA-32,S0024072,2025FA,Enrolled,
PBA-2025FA-32,S0038882,2025FA,Enrolled,
PBA-2025FA-32,S0001357,2025FA,Enrolled,
PBA-2025FA-32,S0035801,2025FA,Enrolled,
PBA-2025FA-32,S0028448,2025FA,Enrolled,
PBA-2025FA-32,S0032757,2025FA,Enrolled,
PBA-2025FA-32,S0028057,2025FA,Enrolled,
PBA-2025FA-32,S0035287,2025FA,Enrolled,
PBA-2025FA-32,S0040314,2025FA,Enrolled,
PBA-2025FA-32,S0021173,2025FA,Enrolled,
PBA-2025FA-32,S0027381,2025FA,Enrolled,
PBA-2025FA-32,S0020788,2025FA,Enrolled,
PBA-2025FA-32,S0000398,2025FA,Enrolled,
PBA-2025FA-32,S0035529,2025FA,Enrolled,
PBA-2025FA-32,S0039549,2025FA,Enrolled,
PBA-2025FA-32,S0036317,2025FA,Enrolled,
PBA-2025FA-32,S0033859,2025FA,Enrolled,
PBA-2025FA-32,S0037954,2025FA,Enrolled,
PBA-2025FA-32,S0021082,2025FA,Enrolled,
PBA-2025FA-32,S0000034,2025FA,Enrolled,
PBA-2025FA-32,S0028083,2025FA,Enrolled,
PBA-2025FA-32,S0032662,2025FA,Enrolled,
PBA-2025FA-33,S0029495,2025FA,Enrolled,
PBA-2025FA-33,S0015981,2025FA,Enrolled,
PBA-2025FA-33,S0039186,2025FA,Enrolled,
PBA-2025FA-33,S0036837,2025FA,Enrolled,
PBA-2025FA-33,S0030670,2025FA,Enrolled,
PBA-2025FA-33,S0004659,2025FA,Enrolled,
PBA-2025FA-33,S0036514,2025FA,Enrolled,
PBA-2025FA-33,S0040524,2025FA,Enrolled,
PBA-2025FA-33,S0005593,2025FA,Enrolled,
PBA-2025FA-33,S0036496,2025FA,Enrolled,
PBA-2025FA-33,S0036556,2025FA,Enrolled,
PBA-2025FA-33,S0022479,2025FA,Enrolled,
PBA-2025FA-33,S0008693,2025FA,Enrolled,
PBA-2025FA-33,S0036051,2025FA,Enrolled,
PBA-2025FA-33,S0011140,2025FA,Enrolled,
PBA-2025FA-33,S0033862,2025FA,Enrolled,
PBA-2025FA-33,S0025739,2025FA,Enrolled,
PBA-2025FA-33,S0026039,2025FA,Enrolled,
PBA-2025FA-33,S0005477,2025FA,Enrolled,
PBA-2025FA-33,S0033429,2025FA,Enrolled,
PBA-2025FA-33,S0034395,2025FA,Enrolled,
PBA-2025FA-33,S0027469,2025FA,Enrolled,
PBA-2025FA-33,S0018201,2025FA,Enrolled,
PBA-2025FA-33,S0033043,2025FA,Enrolled,
PBA-2025FA-33,S0022074,2025FA,Enrolled,
PBA-2025FA-33,S0035624,2025FA,Enrolled,
PBA-2025FA-33,S0038185,2025FA,Enrolled,
PBA-2025FA-33,S0017889,2025FA,Enrolled,
PBA-2025FA-34,S0026583,2025FA,Enrolled,
PBA-2025FA-34,S0031399,2025FA,Enrolled,
PBA-2025FA-34,S0015061,2025FA,Enrolled,
PBA-2025FA-34,S0013258,2025FA,Enrolled,
PBA-2025FA-34,S0039623,2025FA,Enrolled,
PBA-2025FA-34,S0022018,2025FA,Enrolled,
PBA-2025FA-34,S0036053,2025FA,Enrolled,
PBA-2025FA-34,S0031498,2025FA,Enrolled,
PBA-2025FA-34,S0032919,2025FA,Enrolled,
PBA-2025FA-34,S0021261,2025FA,Enrolled,
PBA-2025FA-34,S0037880,2025FA,Enrolled,
PBA-2025FA-34,S0020947,2025FA,Enrolled,
PBA-2025FA-34,S0015062,2025FA,Enrolled,
PBA-2025FA-34,S0025539,2025FA,Enrolled,
PBA-2025FA-34,S0024181,2025FA,Enrolled,
PBA-2025FA-34,S0040483,2025FA,Enrolled,
PBA-2025FA-34,S0018235,2025FA,Enrolled,
PBA-2025FA-34,S0018986,2025FA,Enrolled,
PBA-2025FA-34,S0028096,2025FA,Enrolled,
PBA-2025FA-34,S0038484,2025FA,Enrolled,
PBA-2025FA-34,S0031177,2025FA,Enrolled,
PBA-2025FA-34,S0003918,2025FA,Enrolled,
PBA-2025FA-34,S0039100,2025FA,Enrolled,
PBA-2025FA-34,S0010092,2025FA,Enrolled,
PBA-2025FA-34,S0032148,2025FA,Enrolled,
PBA-2025FA-34,S0032916,2025FA,Enrolled,
PBA-2025FA-34,S0035603,2025FA,Enrolled,
PBA-2025FA-34,S0033583,2025FA,Enrolled,
PBA-2025FA-35,S0033684,2025FA,Enrolled,
PBA-2025FA-35,S0006992,2025FA,Enrolled,
PBA-2025FA-35,S0037098,2025FA,Enrolled,
PBA-2025FA-35,S0029611,2025FA,Enrolled,
PBA-2025FA-35,S0018108,2025FA,Enrolled,
PBA-2025FA-35,S0017557,2025FA,Enrolled,
PBA-2025FA-35,S0033509,2025FA,Enrolled,
PBA-2025FA-35,S0040201,2025FA,Enrolled,
PBA-2025FA-35,S0040543,2025FA,Enrolled,
PBA-2025FA-35,S0030873,2025FA,Enrolled,
PBA-2025FA-35,S0027274,2025FA,Enrolled,
PBA-2025FA-35,S0037874,2025FA,Enrolled,
PBA-2025FA-35,S0010117,2025FA,Enrolled,
PBA-2025FA-35,S0027696,2025FA,Enrolled,
PBA-2025FA-35,S0001803,2025FA,Enrolled,
PBA-2025FA-35,S0032566,2025FA,Enrolled,
PBA-2025FA-35,S0038432,2025FA,Enrolled,
PBA-2025FA-35,S0028565,2025FA,Enrolled,
PBA-2025FA-35,S0025854,2025FA,Enrolled,
PBA-2025FA-35,S0037476,2025FA,Enrolled,
PBA-2025FA-35,S0032416,2025FA,Enrolled,
PBA-2025FA-35,S0024021,2025FA,Enrolled,
PBA-2025FA-35,S0020833,2025FA,Enrolled,
PBA-2025FA-35,S0023063,2025FA,Enrolled,
PBA-2025FA-35,S0034034,2025FA,Enrolled,
PBA-2025FA-35,S0008994,2025FA,Enrolled,
PBA-2025FA-35,S0011914,2025FA,Enrolled,
PBA-2025FA-35,S0040067,2025FA,Enrolled,
PBA-2025FA-36,S0021624,2025FA,Enrolled,
PBA-2025FA-36,S0021931,2025FA,Enrolled,
PBA-2025FA-36,S0035563,2025FA,Enrolled,
PBA-2025FA-36,S0007786,2025FA,Enrolled,
PBA-2025FA-36,S0011682,2025FA,Enrolled,
PBA-2025FA-36,S0002042,2025FA,Enrolled,
PBA-2025FA-36,S0006012,2025FA,Enrolled,
PBA-2025FA-36,S0013646,2025FA,Enrolled,
PBA-2025FA-36,S0033959,2025FA,Enrolled,
PBA-2025FA-36,S0026600,2025FA,Enrolled,
PBA-2025FA-36,S0017697,2025FA,Enrolled,
PBA-2025FA-36,S0034381,2025FA,Enrolled,
PBA-2025FA-36,S0038308,2025FA,Enrolled,
PBA-2025FA-36,S0038554,2025FA,Enrolled,
PBA-2025FA-36,S0023322,2025FA,Enrolled,
PBA-2025FA-36,S0039358,2025FA,Enrolled,
PBA-2025FA-36,S0036659,2025FA,Enrolled,
PBA-2025FA-36,S0032309,2025FA,Enrolled,
PBA-2025FA-36,S0035534,2025FA,Enrolled,
PBA-2025FA-36,S0037525,2025FA,Enrolled,
PBA-2025FA-36,S0030958,2025FA,Enrolled,
PBA-2025FA-36,S0023454,2025FA,Enrolled,
PBA-2025FA-36,S0040094,2025FA,Enrolled,
PBA-2025FA-36,S0021128,2025FA,Enrolled,
PBA-2025FA-36,S0006757,2025FA,Enrolled,
PBA-2025FA-36,S0038459,2025FA,Enrolled,
PBA-2025FA-36,S0026051,2025FA,Enrolled,
PBA-2025FA-36,S0011659,2025FA,Enrolled,
PBA-2025FA-37,S0037474,2025FA,Enrolled,
PBA-2025FA-37,S0035241,2025FA,Enrolled,
PBA-2025FA-37,S0039421,2025FA,Enrolled,
PBA-2025FA-37,S0036705,2025FA,Enrolled,
PBA-2025FA-37,S0039360,2025FA,Enrolled,
PBA-2025FA-37,S0010420,2025FA,Enrolled,
PBA-2025FA-37,S0034108,2025FA,Enrolled,
PBA-2025FA-37,S0005152,2025FA,Enrolled,
PBA-2025FA-37,S0037683,2025FA,Enrolled,
PBA-2025FA-37,S0028755,2025FA,Enrolled,
PBA-2025FA-37,S0027554,2025FA,Enrolled,
PBA-2025FA-37,S0037845,2025FA,Enrolled,
PBA-2025FA-37,S0013550,2025FA,Enrolled,
PBA-2025FA-37,S0009366,2025FA,Enrolled,
PBA-2025FA-37,S0015873,2025FA,Enrolled,
PBA-2025FA-37,S0008721,2025FA,Enrolled,
PBA-2025FA-37,S0017786,2025FA,Enrolled,
PBA-2025FA-37,S0007004,2025FA,Enrolled,
PBA-2025FA-37,S0026946,2025FA,Enrolled,
PBA-2025FA-37,S0030364,2025FA,Enrolled,
PBA-2025FA-37,S0030430,2025FA,Enrolled,
PBA-2025FA-37,S0023203,2025FA,Enrolled,
PBA-2025FA-37,S0005671,2025FA,Enrolled,
PBA-2025FA-37,S0024247,2025FA,Enrolled,
PBA-2025FA-37,S0039481,2025FA,Enrolled,
PBA-2025FA-37,S0030619,2025FA,Enrolled,
PBA-2025FA-37,S0036899,2025FA,Enrolled,
PBA-2025FA-37,S0040410,2025FA,Enrolled,
PBA-2025FA-38,S0035083,2025FA,Enrolled,
PBA-2025FA-38,S0029052,2025FA,Enrolled,
PBA-2025FA-38,S0032284,2025FA,Enrolled,
PBA-2025FA-38,S0040370,2025FA,Enrolled,
PBA-2025FA-38,S0035997,2025FA,Enrolled,
PBA-2025FA-38,S0036067,2025FA,Enrolled,
PBA-2025FA-38,S0023329,2025FA,Enrolled,
PBA-2025FA-38,S0011516,2025FA,Enrolled,
PBA-2025FA-38,S0036334,2025FA,Enrolled,
PBA-2025FA-38,S0000096,2025FA,Enrolled,
PBA-2025FA-38,S0040300,2025FA,Enrolled,
PBA-2025FA-38,S0029526,2025FA,Enrolled,
PBA-2025FA-38,S0037084,2025FA,Enrolled,
PBA-2025FA-38,S0039303,2025FA,Enrolled,
PBA-2025FA-38,S0031274,2025FA,Enrolled,
PBA-2025FA-38,S0033974,2025FA,Enrolled,
PBA-2025FA-38,S0032257,2025FA,Enrolled,
PBA-2025FA-38,S0030815,2025FA,Enrolled,
PBA-2025FA-38,S0015344,2025FA,Enrolled,
PBA-2025FA-38,S0033639,2025FA,Enrolled,
PBA-2025FA-38,S0037442,2025FA,Enrolled,
PBA-2025FA-38,S0009250,2025FA,Enrolled,
PBA-2025FA-38,S0023644,2025FA,Enrolled,
PBA-2025FA-38,S0040480,2025FA,Enrolled,
PBA-2025FA-38,S0006840,2025FA,Enrolled,
PBA-2025FA-38,S0033053,2025FA,Enrolled,
PBA-2025FA-38,S0029499,2025FA,Enrolled,
PBA-2025FA-38,S0019179,2025FA,Enrolled,
PBA-2025FA-39,S0011089,2025FA,Enrolled,
PBA-2025FA-39,S0036068,2025FA,Enrolled,
PBA-2025FA-39,S0029066,2025FA,Enrolled,
PBA-2025FA-39,S0017578,2025FA,Enrolled,
PBA-2025FA-39,S0032697,2025FA,Enrolled,
PBA-2025FA-39,S0023706,2025FA,Enrolled,
PBA-2025FA-39,S0031429,2025FA,Enrolled,
PBA-2025FA-39,S0028361,2025FA,Enrolled,
PBA-2025FA-39,S0024295,2025FA,Enrolled,
PBA-2025FA-39,S0019291,2025FA,Enrolled,
PBA-2025FA-39,S0036428,2025FA,Enrolled,
PBA-2025FA-39,S0004564,2025FA,Enrolled,
PBA-2025FA-39,S0037609,2025FA,Enrolled,
PBA-2025FA-39,S0038719,2025FA,Enrolled,
PBA-2025FA-39,S0018414,2025FA,Enrolled,
PBA-2025FA-39,S0033600,2025FA,Enrolled,
PBA-2025FA-39,S0003370,2025FA,Enrolled,
PBA-2025FA-39,S0026227,2025FA,Enrolled,
PBA-2025FA-39,S0001263,2025FA,Enrolled,
PBA-2025FA-39,S0008563,2025FA,Enrolled,
PBA-2025FA-39,S0039920,2025FA,Enrolled,
PBA-2025FA-39,S0023653,2025FA,Enrolled,
PBA-2025FA-39,S0028311,2025FA,Enrolled,
PBA-2025FA-39,S0037761,2025FA,Enrolled,
PBA-2025FA-39,S0029228,2025FA,Enrolled,
PBA-2025FA-39,S0007058,2025FA,Enrolled,
PBA-2025FA-39,S0028981,2025FA,Enrolled,
PBA-2025FA-39,S0037595,2025FA,Enrolled,
PBA-2025FA-40,S0039450,2025FA,Enrolled,
PBA-2025FA-40,S0037376,2025FA,Enrolled,
PBA-2025FA-40,S0033431,2025FA,Enrolled,
PBA-2025FA-40,S0014669,2025FA,Enrolled,
PBA-2025FA-40,S0025393,2025FA,Enrolled,
PBA-2025FA-40,S0000955,2025FA,Enrolled,
PBA-2025FA-40,S0028850,2025FA,Enrolled,
PBA-2025FA-40,S0035198,2025FA,Enrolled,
PBA-2025FA-40,S0038550,2025FA,Enrolled,
PBA-2025FA-40,S0022437,2025FA,Enrolled,
PBA-2025FA-40,S0038504,2025FA,Enrolled,
PBA-2025FA-40,S0025996,2025FA,Enrolled,
PBA-2025FA-40,S0036065,2025FA,Enrolled,
PBA-2025FA-40,S0007985,2025FA,Enrolled,
PBA-2025FA-40,S0017801,2025FA,Enrolled,
PBA-2025FA-40,S0035376,2025FA,Enrolled,
PBA-2025FA-40,S0040594,2025FA,Enrolled,
PBA-2025FA-40,S0034331,2025FA,Enrolled,
PBA-2025FA-40,S0015406,2025FA,Enrolled,
PBA-2025FA-40,S0032144,2025FA,Enrolled,
PBA-2025FA-40,S0036924,2025FA,Enrolled,
PBA-2025FA-40,S0029307,2025FA,Enrolled,
PBA-2025FA-40,S0027653,2025FA,Enrolled,
PBA-2025FA-40,S0039494,2025FA,Enrolled,
PBA-2025FA-40,S0011645,2025FA,Enrolled,
PBA-2025FA-40,S0038627,2025FA,Enrolled,
PBA-2025FA-40,S0032039,2025FA,Enrolled,
PBA-2025FA-40,S0025593,2025FA,Enrolled,
PBA-2025FA-41,S0036479,2025FA,Enrolled,
PBA-2025FA-41,S0039315,2025FA,Enrolled,
PBA-2025FA-41,S0022939,2025FA,Enrolled,
PBA-2025FA-41,S0037642,2025FA,Enrolled,
PBA-2025FA-41,S0021065,2025FA,Enrolled,
PBA-2025FA-41,S0013449,2025FA,Enrolled,
PBA-2025FA-41,S0027597,2025FA,Enrolled,
PBA-2025FA-41,S0039861,2025FA,Enrolled,
PBA-2025FA-41,S0036642,2025FA,Enrolled,
PBA-2025FA-41,S0020983,2025FA,Enrolled,
PBA-2025FA-41,S0039787,2025FA,Enrolled,
PBA-2025FA-41,S0023677,2025FA,Enrolled,
PBA-2025FA-41,S0006946,2025FA,Enrolled,
PBA-2025FA-41,S0031865,2025FA,Enrolled,
PBA-2025FA-41,S0037344,2025FA,Enrolled,
PBA-2025FA-41,S0010583,2025FA,Enrolled,
PBA-2025FA-41,S0035910,2025FA,Enrolled,
PBA-2025FA-41,S0006035,2025FA,Enrolled,
PBA-2025FA-41,S0033748,2025FA,Enrolled,
PBA-2025FA-41,S0032010,2025FA,Enrolled,
PBA-2025FA-41,S0001602,2025FA,Enrolled,
PBA-2025FA-41,S0013608,2025FA,Enrolled,
PBA-2025FA-41,S0009010,2025FA,Enrolled,
PBA-2025FA-41,S0004479,2025FA,Enrolled,
PBA-2025FA-41,S0014269,2025FA,Enrolled,
PBA-2025FA-41,S0031624,2025FA,Enrolled,
PBA-2025FA-41,S0032519,2025FA,Enrolled,
PBA-2025FA-41,S0036315,2025FA,Enrolled,
PBA-2025FA-42,S0030717,2025FA,Enrolled,
PBA-2025FA-42,S0031841,2025FA,Enrolled,
PBA-2025FA-42,S0032492,2025FA,Enrolled,
PBA-2025FA-42,S0036595,2025FA,Enrolled,
PBA-2025FA-42,S0040420,2025FA,Enrolled,
PBA-2025FA-42,S0040584,2025FA,Enrolled,
PBA-2025FA-42,S0036100,2025FA,Enrolled,
PBA-2025FA-42,S0027599,2025FA,Enrolled,
PBA-2025FA-42,S0035086,2025FA,Enrolled,
PBA-2025FA-42,S0032030,2025FA,Enrolled,
PBA-2025FA-42,S0031798,2025FA,Enrolled,
PBA-2025FA-42,S0021801,2025FA,Enrolled,
PBA-2025FA-42,S0021171,2025FA,Enrolled,
PBA-2025FA-42,S0033838,2025FA,Enrolled,
PBA-2025FA-42,S0028575,2025FA,Enrolled,
PBA-2025FA-42,S0004395,2025FA,Enrolled,
PBA-2025FA-42,S0038724,2025FA,Enrolled,
PBA-2025FA-42,S0040039,2025FA,Enrolled,
PBA-2025FA-42,S0031600,2025FA,Enrolled,
PBA-2025FA-42,S0017404,2025FA,Enrolled,
PBA-2025FA-42,S0038926,2025FA,Enrolled,
PBA-2025FA-42,S0039075,2025FA,Enrolled,
PBA-2025FA-42,S0036326,2025FA,Enrolled,
PBA-2025FA-42,S0028540,2025FA,Enrolled,
PBA-2025FA-42,S0031440,2025FA,Enrolled,
PBA-2025FA-42,S0037958,2025FA,Enrolled,
PBA-2025FA-42,S0032581,2025FA,Enrolled,
PBA-2025FA-42,S0019060,2025FA,Enrolled,
PBA-2025FA-43,S0004650,2025FA,Enrolled,
PBA-2025FA-43,S0037020,2025FA,Enrolled,
PBA-2025FA-43,S0038412,2025FA,Enrolled,
PBA-2025FA-43,S0010379,2025FA,Enrolled,
PBA-2025FA-43,S0040082,2025FA,Enrolled,
PBA-2025FA-43,S0038857,2025FA,Enrolled,
PBA-2025FA-43,S0038722,2025FA,Enrolled,
PBA-2025FA-43,S0028537,2025FA,Enrolled,
PBA-2025FA-43,S0032374,2025FA,Enrolled,
PBA-2025FA-43,S0021118,2025FA,Enrolled,
PBA-2025FA-43,S0035410,2025FA,Enrolled,
PBA-2025FA-43,S0015482,2025FA,Enrolled,
PBA-2025FA-43,S0022477,2025FA,Enrolled,
PBA-2025FA-43,S0033854,2025FA,Enrolled,
PBA-2025FA-43,S0038761,2025FA,Enrolled,
PBA-2025FA-43,S0003916,2025FA,Enrolled,
PBA-2025FA-43,S0016741,2025FA,Enrolled,
PBA-2025FA-43,S0018008,2025FA,Enrolled,
PBA-2025FA-43,S0029110,2025FA,Enrolled,
PBA-2025FA-43,S0033326,2025FA,Enrolled,
PBA-2025FA-43,S0038853,2025FA,Enrolled,
PBA-2025FA-43,S0027719,2025FA,Enrolled,
PBA-2025FA-43,S0019538,2025FA,Enrolled,
PBA-2025FA-43,S0037566,2025FA,Enrolled,
PBA-2025FA-43,S0028206,2025FA,Enrolled,
PBA-2025FA-43,S0009434,2025FA,Enrolled,
PBA-2025FA-43,S0000507,2025FA,Enrolled,
PBA-2025FA-43,S0031796,2025FA,Enrolled,
PBA-2025FA-44,S0028518,2025FA,Enrolled,
PBA-2025FA-44,S0039066,2025FA,Enrolled,
PBA-2025FA-44,S0037893,2025FA,Enrolled,
PBA-2025FA-44,S0029547,2025FA,Enrolled,
PBA-2025FA-44,S0026301,2025FA,Enrolled,
PBA-2025FA-44,S0032926,2025FA,Enrolled,
PBA-2025FA-44,S0012601,2025FA,Enrolled,
PBA-2025FA-44,S0039081,2025FA,Enrolled,
PBA-2025FA-44,S0039955,2025FA,Enrolled,
PBA-2025FA-44,S0023240,2025FA,Enrolled,
PBA-2025FA-44,S0036532,2025FA,Enrolled,
PBA-2025FA-44,S0028094,2025FA,Enrolled,
PBA-2025FA-44,S0036908,2025FA,Enrolled,
PBA-2025FA-44,S0036982,2025FA,Enrolled,
PBA-2025FA-44,S0026846,2025FA,Enrolled,
PBA-2025FA-44,S0002066,2025FA,Enrolled,
PBA-2025FA-44,S0021813,2025FA,Enrolled,
PBA-2025FA-44,S0033237,2025FA,Enrolled,
PBA-2025FA-44,S0027603,2025FA,Enrolled,
PBA-2025FA-44,S0033545,2025FA,Enrolled,
PBA-2025FA-44,S0039564,2025FA,Enrolled,
PBA-2025FA-44,S0032055,2025FA,Enrolled,
PBA-2025FA-44,S0003389,2025FA,Enrolled,
PBA-2025FA-44,S0040515,2025FA,Enrolled,
PBA-2025FA-44,S0022722,2025FA,Enrolled,
PBA-2025FA-44,S0038637,2025FA,Enrolled,
PBA-2025FA-44,S0028594,2025FA,Enrolled,
PBA-2025FA-44,S0037922,2025FA,Enrolled,
PBA-2025FA-45,S0027819,2025FA,Enrolled,
PBA-2025FA-45,S0015122,2025FA,Enrolled,
PBA-2025FA-45,S0033285,2025FA,Enrolled,
PBA-2025FA-45,S0039717,2025FA,Enrolled,
PBA-2025FA-45,S0001297,2025FA,Enrolled,
PBA-2025FA-45,S0001692,2025FA,Enrolled,
PBA-2025FA-45,S0012031,2025FA,Enrolled,
PBA-2025FA-45,S0003084,2025FA,Enrolled,
PBA-2025FA-45,S0012763,2025FA,Enrolled,
PBA-2025FA-45,S0036052,2025FA,Enrolled,
PBA-2025FA-45,S0010576,2025FA,Enrolled,
PBA-2025FA-45,S0033522,2025FA,Enrolled,
PBA-2025FA-45,S0007302,2025FA,Enrolled,
PBA-2025FA-45,S0033282,2025FA,Enrolled,
PBA-2025FA-45,S0037693,2025FA,Enrolled,
PBA-2025FA-45,S0039211,2025FA,Enrolled,
PBA-2025FA-45,S0011913,2025FA,Enrolled,
PBA-2025FA-45,S0030621,2025FA,Enrolled,
PBA-2025FA-45,S0005907,2025FA,Enrolled,
PBA-2025FA-45,S0027918,2025FA,Enrolled,
PBA-2025FA-45,S0039768,2025FA,Enrolled,
PBA-2025FA-45,S0038244,2025FA,Enrolled,
PBA-2025FA-45,S0035282,2025FA,Enrolled,
PBA-2025FA-45,S0028810,2025FA,Enrolled,
PBA-2025FA-45,S0010283,2025FA,Enrolled,
PBA-2025FA-45,S0010510,2025FA,Enrolled,
PBA-2025FA-45,S0031665,2025FA,Enrolled,
PBA-2025FA-45,S0023542,2025FA,Enrolled,
PBA-2025FA-46,S0027901,2025FA,Enrolled,
PBA-2025FA-46,S0038443,2025FA,Enrolled,
PBA-2025FA-46,S0009547,2025FA,Enrolled,
PBA-2025FA-46,S0005249,2025FA,Enrolled,
PBA-2025FA-46,S0023781,2025FA,Enrolled,
PBA-2025FA-46,S0035805,2025FA,Enrolled,
PBA-2025FA-46,S0033398,2025FA,Enrolled,
PBA-2025FA-46,S0028208,2025FA,Enrolled,
PBA-2025FA-46,S0010819,2025FA,Enrolled,
PBA-2025FA-46,S0014285,2025FA,Enrolled,
PBA-2025FA-46,S0003136,2025FA,Enrolled,
PBA-2025FA-46,S0039914,2025FA,Enrolled,
PBA-2025FA-46,S0016773,2025FA,Enrolled,
PBA-2025FA-46,S0029357,2025FA,Enrolled,
PBA-2025FA-46,S0039606,2025FA,Enrolled,
PBA-2025FA-46,S0040051,2025FA,Enrolled,
PBA-2025FA-46,S0039763,2025FA,Enrolled,
PBA-2025FA-46,S0035857,2025FA,Enrolled,
PBA-2025FA-46,S0036701,2025FA,Enrolled,
PBA-2025FA-46,S0001384,2025FA,Enrolled,
PBA-2025FA-46,S0038135,2025FA,Enrolled,
PBA-2025FA-46,S0017391,2025FA,Enrolled,
PBA-2025FA-46,S0007493,2025FA,Enrolled,
PBA-2025FA-46,S0028334,2025FA,Enrolled,
PBA-2025FA-46,S0008568,2025FA,Enrolled,
PBA-2025FA-46,S0005313,2025FA,Enrolled,
PBA-2025FA-46,S0029543,2025FA,Enrolled,
PBA-2025FA-47,S0039180,2025FA,Enrolled,
PBA-2025FA-47,S0033307,2025FA,Enrolled,
PBA-2025FA-47,S0022719,2025FA,Enrolled,
PBA-2025FA-47,S0036409,2025FA,Enrolled,
PBA-2025FA-47,S0027925,2025FA,Enrolled,
PBA-2025FA-47,S0023320,2025FA,Enrolled,
PBA-2025FA-47,S0036505,2025FA,Enrolled,
PBA-2025FA-47,S0038158,2025FA,Enrolled,
PBA-2025FA-47,S0028082,2025FA,Enrolled,
PBA-2025FA-47,S0036421,2025FA,Enrolled,
PBA-2025FA-47,S0040648,2025FA,Enrolled,
PBA-2025FA-47,S0033780,2025FA,Enrolled,
PBA-2025FA-47,S0031832,2025FA,Enrolled,
PBA-2025FA-47,S0029325,2025FA,Enrolled,
PBA-2025FA-47,S0023658,2025FA,Enrolled,
PBA-2025FA-47,S0009790,2025FA,Enrolled,
PBA-2025FA-47,S0036757,2025FA,Enrolled,
PBA-2025FA-47,S0036208,2025FA,Enrolled,
PBA-2025FA-47,S0012488,2025FA,Enrolled,
PBA-2025FA-47,S0034316,2025FA,Enrolled,
PBA-2025FA-47,S0035681,2025FA,Enrolled,
PBA-2025FA-47,S0032329,2025FA,Enrolled,
PBA-2025FA-47,S0023194,2025FA,Enrolled,
PBA-2025FA-47,S0023543,2025FA,Enrolled,
PBA-2025FA-47,S0015367,2025FA,Enrolled,
PBA-2025FA-47,S0015918,2025FA,Enrolled,
PBA-2025FA-47,S0037633,2025FA,Enrolled,
PBA-2025FA-48,S0001625,2025FA,Enrolled,
PBA-2025FA-48,S0038873,2025FA,Enrolled,
PBA-2025FA-48,S0036130,2025FA,Enrolled,
PBA-2025FA-48,S0026886,2025FA,Enrolled,
PBA-2025FA-48,S0038793,2025FA,Enrolled,
PBA-2025FA-48,S0003490,2025FA,Enrolled,
PBA-2025FA-48,S0015603,2025FA,Enrolled,
PBA-2025FA-48,S0028641,2025FA,Enrolled,
PBA-2025FA-48,S0023977,2025FA,Enrolled,
PBA-2025FA-48,S0036160,2025FA,Enrolled,
PBA-2025FA-48,S0033417,2025FA,Enrolled,
PBA-2025FA-48,S0031230,2025FA,Enrolled,
PBA-2025FA-48,S0018284,2025FA,Enrolled,
PBA-2025FA-48,S0005072,2025FA,Enrolled,
PBA-2025FA-48,S0034146,2025FA,Enrolled,
PBA-2025FA-48,S0004534,2025FA,Enrolled,
PBA-2025FA-48,S0040434,2025FA,Enrolled,
PBA-2025FA-48,S0037479,2025FA,Enrolled,
PBA-2025FA-48,S0028172,2025FA,Enrolled,
PBA-2025FA-48,S0036084,2025FA,Enrolled,
PBA-2025FA-48,S0016181,2025FA,Enrolled,
PBA-2025FA-48,S0001937,2025FA,Enrolled,
PBA-2025FA-48,S0008575,2025FA,Enrolled,
PBA-2025FA-48,S0023395,2025FA,Enrolled,
PBA-2025FA-48,S0008704,2025FA,Enrolled,
PBA-2025FA-48,S0040176,2025FA,Enrolled,
PBA-2025FA-48,S0036636,2025FA,Enrolled,
PBA-2025FA-49,S0034290,2025FA,Enrolled,
PBA-2025FA-49,S0039135,2025FA,Enrolled,
PBA-2025FA-49,S0001202,2025FA,Enrolled,
PBA-2025FA-49,S0038014,2025FA,Enrolled,
PBA-2025FA-49,S0022497,2025FA,Enrolled,
PBA-2025FA-49,S0036477,2025FA,Enrolled,
PBA-2025FA-49,S0013518,2025FA,Enrolled,
PBA-2025FA-49,S0031649,2025FA,Enrolled,
PBA-2025FA-49,S0030781,2025FA,Enrolled,
PBA-2025FA-49,S0013606,2025FA,Enrolled,
PBA-2025FA-49,S0014506,2025FA,Enrolled,
PBA-2025FA-49,S0009452,2025FA,Enrolled,
PBA-2025FA-49,S0036525,2025FA,Enrolled,
PBA-2025FA-49,S0035551,2025FA,Enrolled,
PBA-2025FA-49,S0034009,2025FA,Enrolled,
PBA-2025FA-49,S0031906,2025FA,Enrolled,
PBA-2025FA-49,S0027464,2025FA,Enrolled,
PBA-2025FA-49,S0040246,2025FA,Enrolled,
PBA-2025FA-49,S0003670,2025FA,Enrolled,
PBA-2025FA-49,S0030782,2025FA,Enrolled,
PBA-2025FA-49,S0035146,2025FA,Enrolled,
PBA-2025FA-49,S0030322,2025FA,Enrolled,
PBA-2025FA-49,S0011064,2025FA,Enrolled,
PBA-2025FA-49,S0002085,2025FA,Enrolled,
PBA-2025FA-49,S0012686,2025FA,Enrolled,
PBA-2025FA-49,S0033340,2025FA,Enrolled,
PBA-2025FA-49,S0030811,2025FA,Enrolled,
PBA-2025FA-50,S0038048,2025FA,Enrolled,
PBA-2025FA-50,S0030947,2025FA,Enrolled,
PBA-2025FA-50,S0001017,2025FA,Enrolled,
PBA-2025FA-50,S0035220,2025FA,Enrolled,
PBA-2025FA-50,S0018812,2025FA,Enrolled,
PBA-2025FA-50,S0040318,2025FA,Enrolled,
PBA-2025FA-50,S0038387,2025FA,Enrolled,
PBA-2025FA-50,S0027919,2025FA,Enrolled,
PBA-2025FA-50,S0026276,2025FA,Enrolled,
PBA-2025FA-50,S0001074,2025FA,Enrolled,
PBA-2025FA-50,S0022969,2025FA,Enrolled,
PBA-2025FA-50,S0036875,2025FA,Enrolled,
PBA-2025FA-50,S0027120,2025FA,Enrolled,
PBA-2025FA-50,S0033013,2025FA,Enrolled,
PBA-2025FA-50,S0009280,2025FA,Enrolled,
PBA-2025FA-50,S0030712,2025FA,Enrolled,
PBA-2025FA-50,S0024229,2025FA,Enrolled,
PBA-2025FA-50,S0014724,2025FA,Enrolled,
PBA-2025FA-50,S0032324,2025FA,Enrolled,
PBA-2025FA-50,S0007544,2025FA,Enrolled,
PBA-2025FA-50,S0022945,2025FA,Enrolled,
PBA-2025FA-50,S0022163,2025FA,Enrolled,
PBA-2025FA-50,S0039980,2025FA,Enrolled,
PBA-2025FA-50,S0037714,2025FA,Enrolled,
PBA-2025FA-50,S0005897,2025FA,Enrolled,
PBA-2025FA-50,S0033754,2025FA,Enrolled,
PBA-2025FA-50,S0036915,2025FA,Enrolled,
PBA-2025FA-51,S0026703,2025FA,Enrolled,
PBA-2025FA-51,S0026471,2025FA,Enrolled,
PBA-2025FA-51,S0037912,2025FA,Enrolled,
PBA-2025FA-51,S0028530,2025FA,Enrolled,
PBA-2025FA-51,S0039707,2025FA,Enrolled,
PBA-2025FA-51,S0002052,2025FA,Enrolled,
PBA-2025FA-51,S0032474,2025FA,Enrolled,
PBA-2025FA-51,S0014620,2025FA,Enrolled,
PBA-2025FA-51,S0040229,2025FA,Enrolled,
PBA-2025FA-51,S0034412,2025FA,Enrolled,
PBA-2025FA-51,S0016317,2025FA,Enrolled,
PBA-2025FA-51,S0028646,2025FA,Enrolled,
PBA-2025FA-51,S0037173,2025FA,Enrolled,
PBA-2025FA-51,S0017289,2025FA,Enrolled,
PBA-2025FA-51,S0033263,2025FA,Enrolled,
PBA-2025FA-51,S0027222,2025FA,Enrolled,
PBA-2025FA-51,S0038415,2025FA,Enrolled,
PBA-2025FA-51,S0027592,2025FA,Enrolled,
PBA-2025FA-51,S0030827,2025FA,Enrolled,
PBA-2025FA-51,S0038301,2025FA,Enrolled,
PBA-2025FA-51,S0019318,2025FA,Enrolled,
PBA-2025FA-51,S0033530,2025FA,Enrolled,
PBA-2025FA-51,S0034300,2025FA,Enrolled,
PBA-2025FA-51,S0029554,2025FA,Enrolled,
PBA-2025FA-51,S0037341,2025FA,Enrolled,
PBA-2025FA-51,S0023957,2025FA,Enrolled,
PBA-2025FA-51,S0035931,2025FA,Enrolled,
PBA-2025FA-52,S0006762,2025FA,Enrolled,
PBA-2025FA-52,S0040303,2025FA,Enrolled,
PBA-2025FA-52,S0012021,2025FA,Enrolled,
PBA-2025FA-52,S0040080,2025FA,Enrolled,
PBA-2025FA-52,S0037511,2025FA,Enrolled,
PBA-2025FA-52,S0024438,2025FA,Enrolled,
PBA-2025FA-52,S0018520,2025FA,Enrolled,
PBA-2025FA-52,S0019431,2025FA,Enrolled,
PBA-2025FA-52,S0033610,2025FA,Enrolled,
PBA-2025FA-52,S0026272,2025FA,Enrolled,
PBA-2025FA-52,S0033061,2025FA,Enrolled,
PBA-2025FA-52,S0006994,2025FA,Enrolled,
PBA-2025FA-52,S0036467,2025FA,Enrolled,
PBA-2025FA-52,S0026271,2025FA,Enrolled,
PBA-2025FA-52,S0033279,2025FA,Enrolled,
PBA-2025FA-52,S0021688,2025FA,Enrolled,
PBA-2025FA-52,S0026862,2025FA,Enrolled,
PBA-2025FA-52,S0023787,2025FA,Enrolled,
PBA-2025FA-52,S0003497,2025FA,Enrolled,
PBA-2025FA-52,S0000387,2025FA,Enrolled,
PBA-2025FA-52,S0033512,2025FA,Enrolled,
PBA-2025FA-52,S0011816,2025FA,Enrolled,
PBA-2025FA-52,S0037749,2025FA,Enrolled,
PBA-2025FA-52,S0022836,2025FA,Enrolled,
PBA-2025FA-52,S0037401,2025FA,Enrolled,
PBA-2025FA-52,S0021249,2025FA,Enrolled,
PBA-2025FA-52,S0037795,2025FA,Enrolled,
PBA-2025FA-53,S0034167,2025FA,Enrolled,
PBA-2025FA-53,S0023458,2025FA,Enrolled,
PBA-2025FA-53,S0023872,2025FA,Enrolled,
PBA-2025FA-53,S0024328,2025FA,Enrolled,
PBA-2025FA-53,S0035552,2025FA,Enrolled,
PBA-2025FA-53,S0032267,2025FA,Enrolled,
PBA-2025FA-53,S0033139,2025FA,Enrolled,
PBA-2025FA-53,S0005842,2025FA,Enrolled,
PBA-2025FA-53,S0027226,2025FA,Enrolled,
PBA-2025FA-53,S0023297,2025FA,Enrolled,
PBA-2025FA-53,S0024072,2025FA,Enrolled,
PBA-2025FA-53,S0038882,2025FA,Enrolled,
PBA-2025FA-53,S0001357,2025FA,Enrolled,
PBA-2025FA-53,S0035801,2025FA,Enrolled,
PBA-2025FA-53,S0028448,2025FA,Enrolled,
PBA-2025FA-53,S0032757,2025FA,Enrolled,
PBA-2025FA-53,S0028057,2025FA,Enrolled,
PBA-2025FA-53,S0035287,2025FA,Enrolled,
PBA-2025FA-53,S0040314,2025FA,Enrolled,
PBA-2025FA-53,S0021173,2025FA,Enrolled,
PBA-2025FA-53,S0027381,2025FA,Enrolled,
PBA-2025FA-53,S0020788,2025FA,Enrolled,
PBA-2025FA-53,S0000398,2025FA,Enrolled,
PBA-2025FA-53,S0035529,2025FA,Enrolled,
PBA-2025FA-53,S0039549,2025FA,Enrolled,
PBA-2025FA-53,S0036317,2025FA,Enrolled,
PBA-2025FA-53,S0033859,2025FA,Enrolled,
PBA-2025FA-54,S0037954,2025FA,Enrolled,
PBA-2025FA-54,S0021082,2025FA,Enrolled,
PBA-2025FA-54,S0000034,2025FA,Enrolled,
PBA-2025FA-54,S0028083,2025FA,Enrolled,
PBA-2025FA-54,S0032662,2025FA,Enrolled,
PBA-2025FA-54,S0029495,2025FA,Enrolled,
PBA-2025FA-54,S0015981,2025FA,Enrolled,
PBA-2025FA-54,S0039186,2025FA,Enrolled,
PBA-2025FA-54,S0036837,2025FA,Enrolled,
PBA-2025FA-54,S0030670,2025FA,Enrolled,
PBA-2025FA-54,S0004659,2025FA,Enrolled,
PBA-2025FA-54,S0036514,2025FA,Enrolled,
PBA-2025FA-54,S0040524,2025FA,Enrolled,
PBA-2025FA-54,S0005593,2025FA,Enrolled,
PBA-2025FA-54,S0036496,2025FA,Enrolled,
PBA-2025FA-54,S0036556,2025FA,Enrolled,
PBA-2025FA-54,S0022479,2025FA,Enrolled,
PBA-2025FA-54,S0008693,2025FA,Enrolled,
PBA-2025FA-54,S0036051,2025FA,Enrolled,
PBA-2025FA-54,S0011140,2025FA,Enrolled,
PBA-2025FA-54,S0033862,2025FA,Enrolled,
PBA-2025FA-54,S0025739,2025FA,Enrolled,
PBA-2025FA-54,S0026039,2025FA,Enrolled,
PBA-2025FA-54,S0005477,2025FA,Enrolled,
PBA-2025FA-54,S0033429,2025FA,Enrolled,
PBA-2025FA-54,S0034395,2025FA,Enrolled,
PBA-2025FA-54,S0027469,2025FA,Enrolled,
PBA-2025FA-55,S0018201,2025FA,Enrolled,
PBA-2025FA-55,S0033043,2025FA,Enrolled,
PBA-2025FA-55,S0022074,2025FA,Enrolled,
PBA-2025FA-55,S0035624,2025FA,Enrolled,
PBA-2025FA-55,S0038185,2025FA,Enrolled,
PBA-2025FA-55,S0017889,2025FA,Enrolled,
PBA-2025FA-55,S0026583,2025FA,Enrolled,
PBA-2025FA-55,S0031399,2025FA,Enrolled,
PBA-2025FA-55,S0015061,2025FA,Enrolled,
PBA-2025FA-55,S0013258,2025FA,Enrolled,
PBA-2025FA-55,S0039623,2025FA,Enrolled,
PBA-2025FA-55,S0022018,2025FA,Enrolled,
PBA-2025FA-55,S0036053,2025FA,Enrolled,
PBA-2025FA-55,S0031498,2025FA,Enrolled,
PBA-2025FA-55,S0032919,2025FA,Enrolled,
PBA-2025FA-55,S0021261,2025FA,Enrolled,
PBA-2025FA-55,S0037880,2025FA,Enrolled,
PBA-2025FA-55,S0020947,2025FA,Enrolled,
PBA-2025FA-55,S0015062,2025FA,Enrolled,
PBA-2025FA-55,S0025539,2025FA,Enrolled,
PBA-2025FA-55,S0024181,2025FA,Enrolled,
PBA-2025FA-55,S0040483,2025FA,Enrolled,
PBA-2025FA-55,S0018235,2025FA,Enrolled,
PBA-2025FA-55,S0018986,2025FA,Enrolled,
PBA-2025FA-55,S0028096,2025FA,Enrolled,
PBA-2025FA-55,S0038484,2025FA,Enrolled,
PBA-2025FA-55,S0031177,2025FA,Enrolled,
PBA-2025FA-56,S0003918,2025FA,Enrolled,
PBA-2025FA-56,S0039100,2025FA,Enrolled,
PBA-2025FA-56,S0010092,2025FA,Enrolled,
PBA-2025FA-56,S0032148,2025FA,Enrolled,
PBA-2025FA-56,S0032916,2025FA,Enrolled,
PBA-2025FA-56,S0035603,2025FA,Enrolled,
PBA-2025FA-56,S0033583,2025FA,Enrolled,
PBA-2025FA-56,S0033684,2025FA,Enrolled,
PBA-2025FA-56,S0006992,2025FA,Enrolled,
PBA-2025FA-56,S0037098,2025FA,Enrolled,
PBA-2025FA-56,S0029611,2025FA,Enrolled,
PBA-2025FA-56,S0018108,2025FA,Enrolled,
PBA-2025FA-56,S0017557,2025FA,Enrolled,
PBA-2025FA-56,S0033509,2025FA,Enrolled,
PBA-2025FA-56,S0040201,2025FA,Enrolled,
PBA-2025FA-56,S0040543,2025FA,Enrolled,
PBA-2025FA-56,S0030873,2025FA,Enrolled,
PBA-2025FA-56,S0027274,2025FA,Enrolled,
PBA-2025FA-56,S0037874,2025FA,Enrolled,
PBA-2025FA-56,S0010117,2025FA,Enrolled,
PBA-2025FA-56,S0027696,2025FA,Enrolled,
PBA-2025FA-56,S0001803,2025FA,Enrolled,
PBA-2025FA-56,S0032566,2025FA,Enrolled,
PBA-2025FA-56,S0038432,2025FA,Enrolled,
PBA-2025FA-56,S0028565,2025FA,Enrolled,
PBA-2025FA-56,S0025854,2025FA,Enrolled,
PBA-2025FA-56,S0037476,2025FA,Enrolled,
PBA-2025FA-57,S0032416,2025FA,Enrolled,
PBA-2025FA-57,S0024021,2025FA,Enrolled,
PBA-2025FA-57,S0020833,2025FA,Enrolled,
PBA-2025FA-57,S0023063,2025FA,Enrolled,
PBA-2025FA-57,S0034034,2025FA,Enrolled,
PBA-2025FA-57,S0008994,2025FA,Enrolled,
PBA-2025FA-57,S0011914,2025FA,Enrolled,
PBA-2025FA-57,S0040067,2025FA,Enrolled,
PBA-2025FA-57,S0021624,2025FA,Enrolled,
PBA-2025FA-57,S0021931,2025FA,Enrolled,
PBA-2025FA-57,S0035563,2025FA,Enrolled,
PBA-2025FA-57,S0007786,2025FA,Enrolled,
PBA-2025FA-57,S0011682,2025FA,Enrolled,
PBA-2025FA-57,S0002042,2025FA,Enrolled,
PBA-2025FA-57,S0006012,2025FA,Enrolled,
PBA-2025FA-57,S0013646,2025FA,Enrolled,
PBA-2025FA-57,S0033959,2025FA,Enrolled,
PBA-2025FA-57,S0026600,2025FA,Enrolled,
PBA-2025FA-57,S0017697,2025FA,Enrolled,
PBA-2025FA-57,S0034381,2025FA,Enrolled,
PBA-2025FA-57,S0038308,2025FA,Enrolled,
PBA-2025FA-57,S0038554,2025FA,Enrolled,
PBA-2025FA-57,S0023322,2025FA,Enrolled,
PBA-2025FA-57,S0039358,2025FA,Enrolled,
PBA-2025FA-57,S0036659,2025FA,Enrolled,
PBA-2025FA-57,S0032309,2025FA,Enrolled,
PBA-2025FA-57,S0035534,2025FA,Enrolled,
PBA-2025FA-58,S0037525,2025FA,Enrolled,
PBA-2025FA-58,S0030958,2025FA,Enrolled,
PBA-2025FA-58,S0023454,2025FA,Enrolled,
PBA-2025FA-58,S0040094,2025FA,Enrolled,
PBA-2025FA-58,S0021128,2025FA,Enrolled,
PBA-2025FA-58,S0006757,2025FA,Enrolled,
PBA-2025FA-58,S0038459,2025FA,Enrolled,
PBA-2025FA-58,S0026051,2025FA,Enrolled,
PBA-2025FA-58,S0011659,2025FA,Enrolled,
PBA-2025FA-58,S0037474,2025FA,Enrolled,
PBA-2025FA-58,S0035241,2025FA,Enrolled,
PBA-2025FA-58,S0039421,2025FA,Enrolled,
PBA-2025FA-58,S0036705,2025FA,Enrolled,
PBA-2025FA-58,S0039360,2025FA,Enrolled,
PBA-2025FA-58,S0010420,2025FA,Enrolled,
PBA-2025FA-58,S0034108,2025FA,Enrolled,
PBA-2025FA-58,S0005152,2025FA,Enrolled,
PBA-2025FA-58,S0037683,2025FA,Enrolled,
PBA-2025FA-58,S0028755,2025FA,Enrolled,
PBA-2025FA-58,S0027554,2025FA,Enrolled,
PBA-2025FA-58,S0037845,2025FA,Enrolled,
PBA-2025FA-58,S0013550,2025FA,Enrolled,
PBA-2025FA-58,S0009366,2025FA,Enrolled,
PBA-2025FA-58,S0015873,2025FA,Enrolled,
PBA-2025FA-58,S0008721,2025FA,Enrolled,
PBA-2025FA-58,S0017786,2025FA,Enrolled,
PBA-2025FA-58,S0007004,2025FA,Enrolled,
PBA-2025FA-59,S0026946,2025FA,Enrolled,
PBA-2025FA-59,S0030364,2025FA,Enrolled,
PBA-2025FA-59,S0030430,2025FA,Enrolled,
PBA-2025FA-59,S0023203,2025FA,Enrolled,
PBA-2025FA-59,S0005671,2025FA,Enrolled,
PBA-2025FA-59,S0024247,2025FA,Enrolled,
PBA-2025FA-59,S0039481,2025FA,Enrolled,
PBA-2025FA-59,S0030619,2025FA,Enrolled,
PBA-2025FA-59,S0036899,2025FA,Enrolled,
PBA-2025FA-59,S0040410,2025FA,Enrolled,
PBA-2025FA-59,S0035083,2025FA,Enrolled,
PBA-2025FA-59,S0029052,2025FA,Enrolled,
PBA-2025FA-59,S0032284,2025FA,Enrolled,
PBA-2025FA-59,S0040370,2025FA,Enrolled,
PBA-2025FA-59,S0035997,2025FA,Enrolled,
PBA-2025FA-59,S0036067,2025FA,Enrolled,
PBA-2025FA-59,S0023329,2025FA,Enrolled,
PBA-2025FA-59,S0011516,2025FA,Enrolled,
PBA-2025FA-59,S0036334,2025FA,Enrolled,
PBA-2025FA-59,S0000096,2025FA,Enrolled,
PBA-2025FA-59,S0040300,2025FA,Enrolled,
PBA-2025FA-59,S0029526,2025FA,Enrolled,
PBA-2025FA-59,S0037084,2025FA,Enrolled,
PBA-2025FA-59,S0039303,2025FA,Enrolled,
PBA-2025FA-59,S0031274,2025FA,Enrolled,
PBA-2025FA-59,S0033974,2025FA,Enrolled,
PBA-2025FA-59,S0032257,2025FA,Enrolled,
PBA-2025FA-60,S0030815,2025FA,Enrolled,
PBA-2025FA-60,S0015344,2025FA,Enrolled,
PBA-2025FA-60,S0033639,2025FA,Enrolled,
PBA-2025FA-60,S0037442,2025FA,Enrolled,
PBA-2025FA-60,S0009250,2025FA,Enrolled,
PBA-2025FA-60,S0023644,2025FA,Enrolled,
PBA-2025FA-60,S0040480,2025FA,Enrolled,
PBA-2025FA-60,S0006840,2025FA,Enrolled,
PBA-2025FA-60,S0033053,2025FA,Enrolled,
PBA-2025FA-60,S0029499,2025FA,Enrolled,
PBA-2025FA-60,S0019179,2025FA,Enrolled,
PBA-2025FA-60,S0011089,2025FA,Enrolled,
PBA-2025FA-60,S0036068,2025FA,Enrolled,
PBA-2025FA-60,S0029066,2025FA,Enrolled,
PBA-2025FA-60,S0017578,2025FA,Enrolled,
PBA-2025FA-60,S0032697,2025FA,Enrolled,
PBA-2025FA-60,S0023706,2025FA,Enrolled,
PBA-2025FA-60,S0031429,2025FA,Enrolled,
PBA-2025FA-60,S0028361,2025FA,Enrolled,
PBA-2025FA-60,S0024295,2025FA,Enrolled,
PBA-2025FA-60,S0019291,2025FA,Enrolled,
PBA-2025FA-60,S0036428,2025FA,Enrolled,
PBA-2025FA-60,S0004564,2025FA,Enrolled,
PBA-2025FA-60,S0037609,2025FA,Enrolled,
PBA-2025FA-60,S0038719,2025FA,Enrolled,
PBA-2025FA-60,S0018414,2025FA,Enrolled,
PBA-2025FA-60,S0033600,2025FA,Enrolled,
PBA-2025FA-61,S0003370,2025FA,Enrolled,
PBA-2025FA-61,S0026227,2025FA,Enrolled,
PBA-2025FA-61,S0001263,2025FA,Enrolled,
PBA-2025FA-61,S0008563,2025FA,Enrolled,
PBA-2025FA-61,S0039920,2025FA,Enrolled,
PBA-2025FA-61,S0023653,2025FA,Enrolled,
PBA-2025FA-61,S0028311,2025FA,Enrolled,
PBA-2025FA-61,S0037761,2025FA,Enrolled,
PBA-2025FA-61,S0029228,2025FA,Enrolled,
PBA-2025FA-61,S0007058,2025FA,Enrolled,
PBA-2025FA-61,S0028981,2025FA,Enrolled,
PBA-2025FA-61,S0037595,2025FA,Enrolled,
PBA-2025FA-61,S0039450,2025FA,Enrolled,
PBA-2025FA-61,S0037376,2025FA,Enrolled,
PBA-2025FA-61,S0033431,2025FA,Enrolled,
PBA-2025FA-61,S0014669,2025FA,Enrolled,
PBA-2025FA-61,S0025393,2025FA,Enrolled,
PBA-2025FA-61,S0000955,2025FA,Enrolled,
PBA-2025FA-61,S0028850,2025FA,Enrolled,
PBA-2025FA-61,S0035198,2025FA,Enrolled,
PBA-2025FA-61,S0038550,2025FA,Enrolled,
PBA-2025FA-61,S0022437,2025FA,Enrolled,
PBA-2025FA-61,S0038504,2025FA,Enrolled,
PBA-2025FA-61,S0025996,2025FA,Enrolled,
PBA-2025FA-61,S0036065,2025FA,Enrolled,
PBA-2025FA-61,S0007985,2025FA,Enrolled,
PBA-2025FA-61,S0017801,2025FA,Enrolled,
PBA-2025FA-62,S0035376,2025FA,Enrolled,
PBA-2025FA-62,S0040594,2025FA,Enrolled,
PBA-2025FA-62,S0034331,2025FA,Enrolled,
PBA-2025FA-62,S0015406,2025FA,Enrolled,
PBA-2025FA-62,S0032144,2025FA,Enrolled,
PBA-2025FA-62,S0036924,2025FA,Enrolled,
PBA-2025FA-62,S0029307,2025FA,Enrolled,
PBA-2025FA-62,S0027653,2025FA,Enrolled,
PBA-2025FA-62,S0039494,2025FA,Enrolled,
PBA-2025FA-62,S0011645,2025FA,Enrolled,
PBA-2025FA-62,S0038627,2025FA,Enrolled,
PBA-2025FA-62,S0032039,2025FA,Enrolled,
PBA-2025FA-62,S0025593,2025FA,Enrolled,
PBA-2025FA-62,S0036479,2025FA,Enrolled,
PBA-2025FA-62,S0039315,2025FA,Enrolled,
PBA-2025FA-62,S0022939,2025FA,Enrolled,
PBA-2025FA-62,S0037642,2025FA,Enrolled,
PBA-2025FA-62,S0021065,2025FA,Enrolled,
PBA-2025FA-62,S0013449,2025FA,Enrolled,
PBA-2025FA-62,S0027597,2025FA,Enrolled,
PBA-2025FA-62,S0039861,2025FA,Enrolled,
PBA-2025FA-62,S0036642,2025FA,Enrolled,
PBA-2025FA-62,S0020983,2025FA,Enrolled,
PBA-2025FA-62,S0039787,2025FA,Enrolled,
PBA-2025FA-62,S0023677,2025FA,Enrolled,
PBA-2025FA-62,S0006946,2025FA,Enrolled,
PBA-2025FA-62,S0031865,2025FA,Enrolled,
PBA-2025FA-63,S0037344,2025FA,Enrolled,
PBA-2025FA-63,S0010583,2025FA,Enrolled,
PBA-2025FA-63,S0035910,2025FA,Enrolled,
PBA-2025FA-63,S0006035,2025FA,Enrolled,
PBA-2025FA-63,S0033748,2025FA,Enrolled,
PBA-2025FA-63,S0032010,2025FA,Enrolled,
PBA-2025FA-63,S0001602,2025FA,Enrolled,
PBA-2025FA-63,S0013608,2025FA,Enrolled,
PBA-2025FA-63,S0009010,2025FA,Enrolled,
PBA-2025FA-63,S0004479,2025FA,Enrolled,
PBA-2025FA-63,S0014269,2025FA,Enrolled,
PBA-2025FA-63,S0031624,2025FA,Enrolled,
PBA-2025FA-63,S0032519,2025FA,Enrolled,
PBA-2025FA-63,S0036315,2025FA,Enrolled,
PBA-2025FA-63,S0030717,2025FA,Enrolled,
PBA-2025FA-63,S0031841,2025FA,Enrolled,
PBA-2025FA-63,S0032492,2025FA,Enrolled,
PBA-2025FA-63,S0036595,2025FA,Enrolled,
PBA-2025FA-63,S0040420,2025FA,Enrolled,
PBA-2025FA-63,S0040584,2025FA,Enrolled,
PBA-2025FA-63,S0036100,2025FA,Enrolled,
PBA-2025FA-63,S0027599,2025FA,Enrolled,
PBA-2025FA-63,S0035086,2025FA,Enrolled,
PBA-2025FA-63,S0032030,2025FA,Enrolled,
PBA-2025FA-63,S0031798,2025FA,Enrolled,
PBA-2025FA-63,S0021801,2025FA,Enrolled,
PBA-2025FA-63,S0021171,2025FA,Enrolled,
PBA-2025FA-64,S0033838,2025FA,Enrolled,
PBA-2025FA-64,S0028575,2025FA,Enrolled,
PBA-2025FA-64,S0004395,2025FA,Enrolled,
PBA-2025FA-64,S0038724,2025FA,Enrolled,
PBA-2025FA-64,S0040039,2025FA,Enrolled,
PBA-2025FA-64,S0031600,2025FA,Enrolled,
PBA-2025FA-64,S0017404,2025FA,Enrolled,
PBA-2025FA-64,S0038926,2025FA,Enrolled,
PBA-2025FA-64,S0039075,2025FA,Enrolled,
PBA-2025FA-64,S0036326,2025FA,Enrolled,
PBA-2025FA-64,S0028540,2025FA,Enrolled,
PBA-2025FA-64,S0031440,2025FA,Enrolled,
PBA-2025FA-64,S0037958,2025FA,Enrolled,
PBA-2025FA-64,S0032581,2025FA,Enrolled,
PBA-2025FA-64,S0019060,2025FA,Enrolled,
PBA-2025FA-64,S0004650,2025FA,Enrolled,
PBA-2025FA-64,S0037020,2025FA,Enrolled,
PBA-2025FA-64,S0038412,2025FA,Enrolled,
PBA-2025FA-64,S0010379,2025FA,Enrolled,
PBA-2025FA-64,S0040082,2025FA,Enrolled,
PBA-2025FA-64,S0038857,2025FA,Enrolled,
PBA-2025FA-64,S0038722,2025FA,Enrolled,
PBA-2025FA-64,S0028537,2025FA,Enrolled,
PBA-2025FA-64,S0032374,2025FA,Enrolled,
PBA-2025FA-64,S0021118,2025FA,Enrolled,
PBA-2025FA-64,S0035410,2025FA,Enrolled,
PBA-2025FA-64,S0015482,2025FA,Enrolled,
PBA-2025FA-65,S0022477,2025FA,Enrolled,
PBA-2025FA-65,S0033854,2025FA,Enrolled,
PBA-2025FA-65,S0038761,2025FA,Enrolled,
PBA-2025FA-65,S0003916,2025FA,Enrolled,
PBA-2025FA-65,S0016741,2025FA,Enrolled,
PBA-2025FA-65,S0018008,2025FA,Enrolled,
PBA-2025FA-65,S0029110,2025FA,Enrolled,
PBA-2025FA-65,S0033326,2025FA,Enrolled,
PBA-2025FA-65,S0038853,2025FA,Enrolled,
PBA-2025FA-65,S0027719,2025FA,Enrolled,
PBA-2025FA-65,S0019538,2025FA,Enrolled,
PBA-2025FA-65,S0037566,2025FA,Enrolled,
PBA-2025FA-65,S0028206,2025FA,Enrolled,
PBA-2025FA-65,S0009434,2025FA,Enrolled,
PBA-2025FA-65,S0000507,2025FA,Enrolled,
PBA-2025FA-65,S0031796,2025FA,Enrolled,
PBA-2025FA-65,S0028518,2025FA,Enrolled,
PBA-2025FA-65,S0039066,2025FA,Enrolled,
PBA-2025FA-65,S0037893,2025FA,Enrolled,
PBA-2025FA-65,S0029547,2025FA,Enrolled,
PBA-2025FA-65,S0026301,2025FA,Enrolled,
PBA-2025FA-65,S0032926,2025FA,Enrolled,
PBA-2025FA-65,S0012601,2025FA,Enrolled,
PBA-2025FA-65,S0039081,2025FA,Enrolled,
PBA-2025FA-65,S0039955,2025FA,Enrolled,
PBA-2025FA-65,S0023240,2025FA,Enrolled,
PBA-2025FA-65,S0036532,2025FA,Enrolled,
PBA-2025FA-66,S0028094,2025FA,Enrolled,
PBA-2025FA-66,S0036908,2025FA,Enrolled,
PBA-2025FA-66,S0036982,2025FA,Enrolled,
PBA-2025FA-66,S0026846,2025FA,Enrolled,
PBA-2025FA-66,S0002066,2025FA,Enrolled,
PBA-2025FA-66,S0021813,2025FA,Enrolled,
PBA-2025FA-66,S0033237,2025FA,Enrolled,
PBA-2025FA-66,S0027603,2025FA,Enrolled,
PBA-2025FA-66,S0033545,2025FA,Enrolled,
PBA-2025FA-66,S0039564,2025FA,Enrolled,
PBA-2025FA-66,S0032055,2025FA,Enrolled,
PBA-2025FA-66,S0003389,2025FA,Enrolled,
PBA-2025FA-66,S0040515,2025FA,Enrolled,
PBA-2025FA-66,S0022722,2025FA,Enrolled,
PBA-2025FA-66,S0038637,2025FA,Enrolled,
PBA-2025FA-66,S0028594,2025FA,Enrolled,
PBA-2025FA-66,S0037922,2025FA,Enrolled,
PBA-2025FA-66,S0027819,2025FA,Enrolled,
PBA-2025FA-66,S0015122,2025FA,Enrolled,
PBA-2025FA-66,S0033285,2025FA,Enrolled,
PBA-2025FA-66,S0039717,2025FA,Enrolled,
PBA-2025FA-66,S0001297,2025FA,Enrolled,
PBA-2025FA-66,S0001692,2025FA,Enrolled,
PBA-2025FA-66,S0012031,2025FA,Enrolled,
PBA-2025FA-66,S0003084,2025FA,Enrolled,
PBA-2025FA-66,S0012763,2025FA,Enrolled,
PBA-2025FA-66,S0036052,2025FA,Enrolled,
PBA-2025FA-67,S0010576,2025FA,Enrolled,
PBA-2025FA-67,S0033522,2025FA,Enrolled,
PBA-2025FA-67,S0007302,2025FA,Enrolled,
PBA-2025FA-67,S0033282,2025FA,Enrolled,
PBA-2025FA-67,S0037693,2025FA,Enrolled,
PBA-2025FA-67,S0039211,2025FA,Enrolled,
PBA-2025FA-67,S0011913,2025FA,Enrolled,
PBA-2025FA-67,S0030621,2025FA,Enrolled,
PBA-2025FA-67,S0005907,2025FA,Enrolled,
PBA-2025FA-67,S0027918,2025FA,Enrolled,
PBA-2025FA-67,S0039768,2025FA,Enrolled,
PBA-2025FA-67,S0038244,2025FA,Enrolled,
PBA-2025FA-67,S0035282,2025FA,Enrolled,
PBA-2025FA-67,S0028810,2025FA,Enrolled,
PBA-2025FA-67,S0010283,2025FA,Enrolled,
PBA-2025FA-67,S0010510,2025FA,Enrolled,
PBA-2025FA-67,S0031665,2025FA,Enrolled,
PBA-2025FA-67,S0023542,2025FA,Enrolled,
PBA-2025FA-67,S0027901,2025FA,Enrolled,
PBA-2025FA-67,S0038443,2025FA,Enrolled,
PBA-2025FA-67,S0009547,2025FA,Enrolled,
PBA-2025FA-67,S0005249,2025FA,Enrolled,
PBA-2025FA-67,S0023781,2025FA,Enrolled,
PBA-2025FA-67,S0035805,2025FA,Enrolled,
PBA-2025FA-67,S0033398,2025FA,Enrolled,
PBA-2025FA-67,S0028208,2025FA,Enrolled,
PBA-2025FA-67,S0010819,2025FA,Enrolled,
PBA-2025FA-68,S0014285,2025FA,Enrolled,
PBA-2025FA-68,S0003136,2025FA,Enrolled,
PBA-2025FA-68,S0039914,2025FA,Enrolled,
PBA-2025FA-68,S0016773,2025FA,Enrolled,
PBA-2025FA-68,S0029357,2025FA,Enrolled,
PBA-2025FA-68,S0039606,2025FA,Enrolled,
PBA-2025FA-68,S0040051,2025FA,Enrolled,
PBA-2025FA-68,S0039763,2025FA,Enrolled,
PBA-2025FA-68,S0035857,2025FA,Enrolled,
PBA-2025FA-68,S0036701,2025FA,Enrolled,
PBA-2025FA-68,S0001384,2025FA,Enrolled,
PBA-2025FA-68,S0038135,2025FA,Enrolled,
PBA-2025FA-68,S0017391,2025FA,Enrolled,
PBA-2025FA-68,S0007493,2025FA,Enrolled,
PBA-2025FA-68,S0028334,2025FA,Enrolled,
PBA-2025FA-68,S0008568,2025FA,Enrolled,
PBA-2025FA-68,S0005313,2025FA,Enrolled,
PBA-2025FA-68,S0029543,2025FA,Enrolled,
PBA-2025FA-68,S0039180,2025FA,Enrolled,
PBA-2025FA-68,S0033307,2025FA,Enrolled,
PBA-2025FA-68,S0022719,2025FA,Enrolled,
PBA-2025FA-68,S0036409,2025FA,Enrolled,
PBA-2025FA-68,S0027925,2025FA,Enrolled,
PBA-2025FA-68,S0023320,2025FA,Enrolled,
PBA-2025FA-68,S0036505,2025FA,Enrolled,
PBA-2025FA-68,S0038158,2025FA,Enrolled,
PBA-2025FA-68,S0028082,2025FA,Enrolled,
PBA-2025FA-69,S0036421,2025FA,Enrolled,
PBA-2025FA-69,S0040648,2025FA,Enrolled,
PBA-2025FA-69,S0033780,2025FA,Enrolled,
PBA-2025FA-69,S0031832,2025FA,Enrolled,
PBA-2025FA-69,S0029325,2025FA,Enrolled,
PBA-2025FA-69,S0023658,2025FA,Enrolled,
PBA-2025FA-69,S0009790,2025FA,Enrolled,
PBA-2025FA-69,S0036757,2025FA,Enrolled,
PBA-2025FA-69,S0036208,2025FA,Enrolled,
PBA-2025FA-69,S0012488,2025FA,Enrolled,
PBA-2025FA-69,S0034316,2025FA,Enrolled,
PBA-2025FA-69,S0035681,2025FA,Enrolled,
PBA-2025FA-69,S0032329,2025FA,Enrolled,
PBA-2025FA-69,S0023194,2025FA,Enrolled,
PBA-2025FA-69,S0023543,2025FA,Enrolled,
PBA-2025FA-69,S0015367,2025FA,Enrolled,
PBA-2025FA-69,S0015918,2025FA,Enrolled,
PBA-2025FA-69,S0037633,2025FA,Enrolled,
PBA-2025FA-69,S0001625,2025FA,Enrolled,
PBA-2025FA-69,S0038873,2025FA,Enrolled,
PBA-2025FA-69,S0036130,2025FA,Enrolled,
PBA-2025FA-69,S0026886,2025FA,Enrolled,
PBA-2025FA-69,S0038793,2025FA,Enrolled,
PBA-2025FA-69,S0003490,2025FA,Enrolled,
PBA-2025FA-69,S0015603,2025FA,Enrolled,
PBA-2025FA-69,S0028641,2025FA,Enrolled,
PBA-2025FA-69,S0023977,2025FA,Enrolled,
PBA-2025FA-70,S0036160,2025FA,Enrolled,
PBA-2025FA-70,S0033417,2025FA,Enrolled,
PBA-2025FA-70,S0031230,2025FA,Enrolled,
PBA-2025FA-70,S0018284,2025FA,Enrolled,
PBA-2025FA-70,S0005072,2025FA,Enrolled,
PBA-2025FA-70,S0034146,2025FA,Enrolled,
PBA-2025FA-70,S0004534,2025FA,Enrolled,
PBA-2025FA-70,S0040434,2025FA,Enrolled,
PBA-2025FA-70,S0037479,2025FA,Enrolled,
PBA-2025FA-70,S0028172,2025FA,Enrolled,
PBA-2025FA-70,S0036084,2025FA,Enrolled,
PBA-2025FA-70,S0016181,2025FA,Enrolled,
PBA-2025FA-70,S0001937,2025FA,Enrolled,
PBA-2025FA-70,S0008575,2025FA,Enrolled,
PBA-2025FA-70,S0023395,2025FA,Enrolled,
PBA-2025FA-70,S0008704,2025FA,Enrolled,
PBA-2025FA-70,S0040176,2025FA,Enrolled,
PBA-2025FA-70,S0036636,2025FA,Enrolled,
PBA-2025FA-70,S0034290,2025FA,Enrolled,
PBA-2025FA-70,S0039135,2025FA,Enrolled,
PBA-2025FA-70,S0001202,2025FA,Enrolled,
PBA-2025FA-70,S0038014,2025FA,Enrolled,
PBA-2025FA-70,S0022497,2025FA,Enrolled,
PBA-2025FA-70,S0036477,2025FA,Enrolled,
PBA-2025FA-70,S0013518,2025FA,Enrolled,
PBA-2025FA-70,S0031649,2025FA,Enrolled,
PBA-2025FA-70,S0030781,2025FA,Enrolled,
PBA-2025FA-71,S0013606,2025FA,Enrolled,
PBA-2025FA-71,S0014506,2025FA,Enrolled,
PBA-2025FA-71,S0009452,2025FA,Enrolled,
PBA-2025FA-71,S0036525,2025FA,Enrolled,
PBA-2025FA-71,S0035551,2025FA,Enrolled,
PBA-2025FA-71,S0034009,2025FA,Enrolled,
PBA-2025FA-71,S0031906,2025FA,Enrolled,
PBA-2025FA-71,S0027464,2025FA,Enrolled,
PBA-2025FA-71,S0040246,2025FA,Enrolled,
PBA-2025FA-71,S0003670,2025FA,Enrolled,
PBA-2025FA-71,S0030782,2025FA,Enrolled,
PBA-2025FA-71,S0035146,2025FA,Enrolled,
PBA-2025FA-71,S0030322,2025FA,Enrolled,
PBA-2025FA-71,S0011064,2025FA,Enrolled,
PBA-2025FA-71,S0002085,2025FA,Enrolled,
PBA-2025FA-71,S0012686,2025FA,Enrolled,
PBA-2025FA-71,S0033340,2025FA,Enrolled,
PBA-2025FA-71,S0030811,2025FA,Enrolled,
PBA-2025FA-71,S0038048,2025FA,Enrolled,
PBA-2025FA-71,S0030947,2025FA,Enrolled,
PBA-2025FA-71,S0001017,2025FA,Enrolled,
PBA-2025FA-71,S0035220,2025FA,Enrolled,
PBA-2025FA-71,S0018812,2025FA,Enrolled,
PBA-2025FA-71,S0040318,2025FA,Enrolled,
PBA-2025FA-71,S0038387,2025FA,Enrolled,
PBA-2025FA-71,S0027919,2025FA,Enrolled,
PBA-2025FA-71,S0026276,2025FA,Enrolled,
PBA-2025FA-72,S0001074,2025FA,Enrolled,
PBA-2025FA-72,S0022969,2025FA,Enrolled,
PBA-2025FA-72,S0036875,2025FA,Enrolled,
PBA-2025FA-72,S0027120,2025FA,Enrolled,
PBA-2025FA-72,S0033013,2025FA,Enrolled,
PBA-2025FA-72,S0009280,2025FA,Enrolled,
PBA-2025FA-72,S0030712,2025FA,Enrolled,
PBA-2025FA-72,S0024229,2025FA,Enrolled,
PBA-2025FA-72,S0014724,2025FA,Enrolled,
PBA-2025FA-72,S0032324,2025FA,Enrolled,
PBA-2025FA-72,S0007544,2025FA,Enrolled,
PBA-2025FA-72,S0022945,2025FA,Enrolled,
PBA-2025FA-72,S0022163,2025FA,Enrolled,
PBA-2025FA-72,S0039980,2025FA,Enrolled,
PBA-2025FA-72,S0037714,2025FA,Enrolled,
PBA-2025FA-72,S0005897,2025FA,Enrolled,
PBA-2025FA-72,S0033754,2025FA,Enrolled,
PBA-2025FA-72,S0036915,2025FA,Enrolled,
PBA-2025FA-72,S0026703,2025FA,Enrolled,
PBA-2025FA-72,S0026471,2025FA,Enrolled,
PBA-2025FA-72,S0037912,2025FA,Enrolled,
PBA-2025FA-72,S0028530,2025FA,Enrolled,
PBA-2025FA-72,S0039707,2025FA,Enrolled,
PBA-2025FA-72,S0002052,2025FA,Enrolled,
PBA-2025FA-72,S0032474,2025FA,Enrolled,
PBA-2025FA-72,S0014620,2025FA,Enrolled,
PBA-2025FA-72,S0040229,2025FA,Enrolled,
PCS-2025FA-01,S0025665,2025FA,Enrolled,
PCS-2025FA-01,S0040247,2025FA,Enrolled,
PCS-2025FA-01,S0023768,2025FA,Enrolled,
PCS-2025FA-01,S0021062,2025FA,Enrolled,
PCS-2025FA-01,S0035979,2025FA,Enrolled,
PCS-2025FA-01,S0030823,2025FA,Enrolled,
PCS-2025FA-01,S0022947,2025FA,Enrolled,
PCS-2025FA-01,S0020980,2025FA,Enrolled,
PCS-2025FA-01,S0035205,2025FA,Enrolled,
PCS-2025FA-01,S0007353,2025FA,Enrolled,
PCS-2025FA-01,S0030850,2025FA,Enrolled,
PCS-2025FA-01,S0021393,2025FA,Enrolled,
PCS-2025FA-01,S0033113,2025FA,Enrolled,
PCS-2025FA-01,S0026136,2025FA,Enrolled,
PCS-2025FA-01,S0026679,2025FA,Enrolled,
PCS-2025FA-01,S0019167,2025FA,Enrolled,
PCS-2025FA-01,S0009448,2025FA,Enrolled,
PCS-2025FA-01,S0036446,2025FA,Enrolled,
PCS-2025FA-01,S0023503,2025FA,Enrolled,
PCS-2025FA-01,S0021899,2025FA,Enrolled,
PCS-2025FA-01,S0023602,2025FA,Enrolled,
PCS-2025FA-01,S0037722,2025FA,Enrolled,
PCS-2025FA-01,S0029135,2025FA,Enrolled,
PCS-2025FA-01,S0000995,2025FA,Enrolled,
PCS-2025FA-01,S0004899,2025FA,Enrolled,
PCS-2025FA-01,S0019379,2025FA,Enrolled,
PCS-2025FA-01,S0013771,2025FA,Enrolled,
PCS-2025FA-01,S0038279,2025FA,Enrolled,
PCS-2025FA-01,S0040250,2025FA,Enrolled,
PCS-2025FA-01,S0037167,2025FA,Enrolled,
PCS-2025FA-01,S0040346,2025FA,Enrolled,
PCS-2025FA-01,S0033596,2025FA,Enrolled,
PCS-2025FA-01,S0025411,2025FA,Enrolled,
PCS-2025FA-01,S0015881,2025FA,Enrolled,
PCS-2025FA-02,S0022138,2025FA,Enrolled,
PCS-2025FA-02,S0037606,2025FA,Enrolled,
PCS-2025FA-02,S0003203,2025FA,Enrolled,
PCS-2025FA-02,S0010979,2025FA,Enrolled,
PCS-2025FA-02,S0026666,2025FA,Enrolled,
PCS-2025FA-02,S0034198,2025FA,Enrolled,
PCS-2025FA-02,S0008195,2025FA,Enrolled,
PCS-2025FA-02,S0015562,2025FA,Enrolled,
PCS-2025FA-02,S0009924,2025FA,Enrolled,
PCS-2025FA-02,S0037872,2025FA,Enrolled,
PCS-2025FA-02,S0022740,2025FA,Enrolled,
PCS-2025FA-02,S0018526,2025FA,Enrolled,
PCS-2025FA-02,S0003564,2025FA,Enrolled,
PCS-2025FA-02,S0032419,2025FA,Enrolled,
PCS-2025FA-02,S0033075,2025FA,Enrolled,
PCS-2025FA-02,S0030545,2025FA,Enrolled,
PCS-2025FA-02,S0008860,2025FA,Enrolled,
PCS-2025FA-02,S0040121,2025FA,Enrolled,
PCS-2025FA-02,S0031721,2025FA,Enrolled,
PCS-2025FA-02,S0040294,2025FA,Enrolled,
PCS-2025FA-02,S0037698,2025FA,Enrolled,
PCS-2025FA-02,S0039505,2025FA,Enrolled,
PCS-2025FA-02,S0028827,2025FA,Enrolled,
PCS-2025FA-02,S0010176,2025FA,Enrolled,
PCS-2025FA-02,S0037061,2025FA,Enrolled,
PCS-2025FA-02,S0038887,2025FA,Enrolled,
PCS-2025FA-02,S0037833,2025FA,Enrolled,
PCS-2025FA-02,S0031078,2025FA,Enrolled,
PCS-2025FA-02,S0026240,2025FA,Enrolled,
PCS-2025FA-02,S0026018,2025FA,Enrolled,
PCS-2025FA-02,S0001786,2025FA,Enrolled,
PCS-2025FA-02,S0028160,2025FA,Enrolled,
PCS-2025FA-02,S0040158,2025FA,Enrolled,
PCS-2025FA-02,S0008216,2025FA,Enrolled,
PCS-2025FA-03,S0003108,2025FA,Enrolled,
PCS-2025FA-03,S0038290,2025FA,Enrolled,
PCS-2025FA-03,S0031172,2025FA,Enrolled,
PCS-2025FA-03,S0033365,2025FA,Enrolled,
PCS-2025FA-03,S0034137,2025FA,Enrolled,
PCS-2025FA-03,S0032158,2025FA,Enrolled,
PCS-2025FA-03,S0028342,2025FA,Enrolled,
PCS-2025FA-03,S0035762,2025FA,Enrolled,
PCS-2025FA-03,S0030749,2025FA,Enrolled,
PCS-2025FA-03,S0037699,2025FA,Enrolled,
PCS-2025FA-03,S0035396,2025FA,Enrolled,
PCS-2025FA-03,S0019679,2025FA,Enrolled,
PCS-2025FA-03,S0030954,2025FA,Enrolled,
PCS-2025FA-03,S0010516,2025FA,Enrolled,
PCS-2025FA-03,S0026495,2025FA,Enrolled,
PCS-2025FA-03,S0018105,2025FA,Enrolled,
PCS-2025FA-03,S0039698,2025FA,Enrolled,
PCS-2025FA-03,S0018106,2025FA,Enrolled,
PCS-2025FA-03,S0031262,2025FA,Enrolled,
PCS-2025FA-03,S0037868,2025FA,Enrolled,
PCS-2025FA-03,S0032728,2025FA,Enrolled,
PCS-2025FA-03,S0039654,2025FA,Enrolled,
PCS-2025FA-03,S0033965,2025FA,Enrolled,
PCS-2025FA-03,S0006978,2025FA,Enrolled,
PCS-2025FA-03,S0001560,2025FA,Enrolled,
PCS-2025FA-03,S0018531,2025FA,Enrolled,
PCS-2025FA-03,S0038832,2025FA,Enrolled,
PCS-2025FA-03,S0037465,2025FA,Enrolled,
PCS-2025FA-03,S0012735,2025FA,Enrolled,
PCS-2025FA-03,S0034074,2025FA,Enrolled,
PCS-2025FA-03,S0037532,2025FA,Enrolled,
PCS-2025FA-03,S0029002,2025FA,Enrolled,
PCS-2025FA-03,S0038796,2025FA,Enrolled,
PCS-2025FA-03,S0010337,2025FA,Enrolled,
PCS-2025FA-04,S0035797,2025FA,Enrolled,
PCS-2025FA-04,S0023254,2025FA,Enrolled,
PCS-2025FA-04,S0000730,2025FA,Enrolled,
PCS-2025FA-04,S0030707,2025FA,Enrolled,
PCS-2025FA-04,S0039239,2025FA,Enrolled,
PCS-2025FA-04,S0033683,2025FA,Enrolled,
PCS-2025FA-04,S0039381,2025FA,Enrolled,
PCS-2025FA-04,S0017832,2025FA,Enrolled,
PCS-2025FA-04,S0038281,2025FA,Enrolled,
PCS-2025FA-04,S0022168,2025FA,Enrolled,
PCS-2025FA-04,S0016374,2025FA,Enrolled,
PCS-2025FA-04,S0036381,2025FA,Enrolled,
PCS-2025FA-04,S0032400,2025FA,Enrolled,
PCS-2025FA-04,S0036177,2025FA,Enrolled,
PCS-2025FA-04,S0036570,2025FA,Enrolled,
PCS-2025FA-04,S0027474,2025FA,Enrolled,
PCS-2025FA-04,S0039818,2025FA,Enrolled,
PCS-2025FA-04,S0035236,2025FA,Enrolled,
PCS-2025FA-04,S0015157,2025FA,Enrolled,
PCS-2025FA-04,S0022580,2025FA,Enrolled,
PCS-2025FA-04,S0036069,2025FA,Enrolled,
PCS-2025FA-04,S0033055,2025FA,Enrolled,
PCS-2025FA-04,S0040006,2025FA,Enrolled,
PCS-2025FA-04,S0003561,2025FA,Enrolled,
PCS-2025FA-04,S0037597,2025FA,Enrolled,
PCS-2025FA-04,S0010451,2025FA,Enrolled,
PCS-2025FA-04,S0039736,2025FA,Enrolled,
PCS-2025FA-04,S0035462,2025FA,Enrolled,
PCS-2025FA-04,S0007623,2025FA,Enrolled,
PCS-2025FA-04,S0033143,2025FA,Enrolled,
PCS-2025FA-04,S0032229,2025FA,Enrolled,
PCS-2025FA-04,S0026857,2025FA,Enrolled,
PCS-2025FA-04,S0019210,2025FA,Enrolled,
PCS-2025FA-04,S0029463,2025FA,Enrolled,
PCS-2025FA-05,S0012875,2025FA,Enrolled,
PCS-2025FA-05,S0016974,2025FA,Enrolled,
PCS-2025FA-05,S0009018,2025FA,Enrolled,
PCS-2025FA-05,S0003950,2025FA,Enrolled,
PCS-2025FA-05,S0033656,2025FA,Enrolled,
PCS-2025FA-05,S0035838,2025FA,Enrolled,
PCS-2025FA-05,S0032999,2025FA,Enrolled,
PCS-2025FA-05,S0021037,2025FA,Enrolled,
PCS-2025FA-05,S0038661,2025FA,Enrolled,
PCS-2025FA-05,S0018261,2025FA,Enrolled,
PCS-2025FA-05,S0038703,2025FA,Enrolled,
PCS-2025FA-05,S0014279,2025FA,Enrolled,
PCS-2025FA-05,S0033818,2025FA,Enrolled,
PCS-2025FA-05,S0036371,2025FA,Enrolled,
PCS-2025FA-05,S0031311,2025FA,Enrolled,
PCS-2025FA-05,S0003332,2025FA,Enrolled,
PCS-2025FA-05,S0032846,2025FA,Enrolled,
PCS-2025FA-05,S0017444,2025FA,Enrolled,
PCS-2025FA-05,S0033560,2025FA,Enrolled,
PCS-2025FA-05,S0023476,2025FA,Enrolled,
PCS-2025FA-05,S0034095,2025FA,Enrolled,
PCS-2025FA-05,S0033321,2025FA,Enrolled,
PCS-2025FA-05,S0006847,2025FA,Enrolled,
PCS-2025FA-05,S0035900,2025FA,Enrolled,
PCS-2025FA-05,S0036699,2025FA,Enrolled,
PCS-2025FA-05,S0032960,2025FA,Enrolled,
PCS-2025FA-05,S0033587,2025FA,Enrolled,
PCS-2025FA-05,S0032439,2025FA,Enrolled,
PCS-2025FA-05,S0022679,2025FA,Enrolled,
PCS-2025FA-05,S0028995,2025FA,Enrolled,
PCS-2025FA-05,S0039380,2025FA,Enrolled,
PCS-2025FA-05,S0039222,2025FA,Enrolled,
PCS-2025FA-05,S0039182,2025FA,Enrolled,
PCS-2025FA-05,S0027548,2025FA,Enrolled,
PCS-2025FA-06,S0036506,2025FA,Enrolled,
PCS-2025FA-06,S0028223,2025FA,Enrolled,
PCS-2025FA-06,S0023478,2025FA,Enrolled,
PCS-2025FA-06,S0037273,2025FA,Enrolled,
PCS-2025FA-06,S0032501,2025FA,Enrolled,
PCS-2025FA-06,S0017261,2025FA,Enrolled,
PCS-2025FA-06,S0031596,2025FA,Enrolled,
PCS-2025FA-06,S0034056,2025FA,Enrolled,
PCS-2025FA-06,S0035113,2025FA,Enrolled,
PCS-2025FA-06,S0005614,2025FA,Enrolled,
PCS-2025FA-06,S0014580,2025FA,Enrolled,
PCS-2025FA-06,S0028782,2025FA,Enrolled,
PCS-2025FA-06,S0036979,2025FA,Enrolled,
PCS-2025FA-06,S0028517,2025FA,Enrolled,
PCS-2025FA-06,S0040212,2025FA,Enrolled,
PCS-2025FA-06,S0000460,2025FA,Enrolled,
PCS-2025FA-06,S0036873,2025FA,Enrolled,
PCS-2025FA-06,S0017001,2025FA,Enrolled,
PCS-2025FA-06,S0004444,2025FA,Enrolled,
PCS-2025FA-06,S0019529,2025FA,Enrolled,
PCS-2025FA-06,S0007356,2025FA,Enrolled,
PCS-2025FA-06,S0025885,2025FA,Enrolled,
PCS-2025FA-06,S0025894,2025FA,Enrolled,
PCS-2025FA-06,S0038475,2025FA,Enrolled,
PCS-2025FA-06,S0015528,2025FA,Enrolled,
PCS-2025FA-06,S0032484,2025FA,Enrolled,
PCS-2025FA-06,S0023703,2025FA,Enrolled,
PCS-2025FA-06,S0024202,2025FA,Enrolled,
PCS-2025FA-06,S0020607,2025FA,Enrolled,
PCS-2025FA-06,S0028563,2025FA,Enrolled,
PCS-2025FA-06,S0006596,2025FA,Enrolled,
PCS-2025FA-06,S0033018,2025FA,Enrolled,
PCS-2025FA-06,S0007234,2025FA,Enrolled,
PCS-2025FA-06,S0026662,2025FA,Enrolled,
PCS-2025FA-07,S0036916,2025FA,Enrolled,
PCS-2025FA-07,S0040092,2025FA,Enrolled,
PCS-2025FA-07,S0040665,2025FA,Enrolled,
PCS-2025FA-07,S0040355,2025FA,Enrolled,
PCS-2025FA-07,S0027313,2025FA,Enrolled,
PCS-2025FA-07,S0038341,2025FA,Enrolled,
PCS-2025FA-07,S0032112,2025FA,Enrolled,
PCS-2025FA-07,S0022757,2025FA,Enrolled,
PCS-2025FA-07,S0035604,2025FA,Enrolled,
PCS-2025FA-07,S0029534,2025FA,Enrolled,
PCS-2025FA-07,S0037406,2025FA,Enrolled,
PCS-2025FA-07,S0031687,2025FA,Enrolled,
PCS-2025FA-07,S0022922,2025FA,Enrolled,
PCS-2025FA-07,S0028975,2025FA,Enrolled,
PCS-2025FA-07,S0037047,2025FA,Enrolled,
PCS-2025FA-07,S0006020,2025FA,Enrolled,
PCS-2025FA-07,S0026340,2025FA,Enrolled,
PCS-2025FA-07,S0038166,2025FA,Enrolled,
PCS-2025FA-07,S0026332,2025FA,Enrolled,
PCS-2025FA-07,S0038603,2025FA,Enrolled,
PCS-2025FA-07,S0013309,2025FA,Enrolled,
PCS-2025FA-07,S0035878,2025FA,Enrolled,
PCS-2025FA-07,S0014238,2025FA,Enrolled,
PCS-2025FA-07,S0003284,2025FA,Enrolled,
PCS-2025FA-07,S0039674,2025FA,Enrolled,
PCS-2025FA-07,S0033947,2025FA,Enrolled,
PCS-2025FA-07,S0039993,2025FA,Enrolled,
PCS-2025FA-07,S0036190,2025FA,Enrolled,
PCS-2025FA-07,S0038436,2025FA,Enrolled,
PCS-2025FA-07,S0027689,2025FA,Enrolled,
PCS-2025FA-07,S0030960,2025FA,Enrolled,
PCS-2025FA-07,S0013808,2025FA,Enrolled,
PCS-2025FA-07,S0035576,2025FA,Enrolled,
PCS-2025FA-07,S0027926,2025FA,Enrolled,
PCS-2025FA-08,S0024175,2025FA,Enrolled,
PCS-2025FA-08,S0032932,2025FA,Enrolled,
PCS-2025FA-08,S0027369,2025FA,Enrolled,
PCS-2025FA-08,S0019480,2025FA,Enrolled,
PCS-2025FA-08,S0008277,2025FA,Enrolled,
PCS-2025FA-08,S0022487,2025FA,Enrolled,
PCS-2025FA-08,S0037485,2025FA,Enrolled,
PCS-2025FA-08,S0032131,2025FA,Enrolled,
PCS-2025FA-08,S0012777,2025FA,Enrolled,
PCS-2025FA-08,S0004238,2025FA,Enrolled,
PCS-2025FA-08,S0040593,2025FA,Enrolled,
PCS-2025FA-08,S0028132,2025FA,Enrolled,
PCS-2025FA-08,S0022889,2025FA,Enrolled,
PCS-2025FA-08,S0024037,2025FA,Enrolled,
PCS-2025FA-08,S0016997,2025FA,Enrolled,
PCS-2025FA-08,S0033464,2025FA,Enrolled,
PCS-2025FA-08,S0038217,2025FA,Enrolled,
PCS-2025FA-08,S0038868,2025FA,Enrolled,
PCS-2025FA-08,S0034085,2025FA,Enrolled,
PCS-2025FA-08,S0014448,2025FA,Enrolled,
PCS-2025FA-08,S0029267,2025FA,Enrolled,
PCS-2025FA-08,S0037418,2025FA,Enrolled,
PCS-2025FA-08,S0038124,2025FA,Enrolled,
PCS-2025FA-08,S0010466,2025FA,Enrolled,
PCS-2025FA-08,S0007911,2025FA,Enrolled,
PCS-2025FA-08,S0038086,2025FA,Enrolled,
PCS-2025FA-08,S0014406,2025FA,Enrolled,
PCS-2025FA-08,S0009975,2025FA,Enrolled,
PCS-2025FA-08,S0033554,2025FA,Enrolled,
PCS-2025FA-08,S0037118,2025FA,Enrolled,
PCS-2025FA-08,S0039495,2025FA,Enrolled,
PCS-2025FA-08,S0000481,2025FA,Enrolled,
PCS-2025FA-08,S0038487,2025FA,Enrolled,
PCS-2025FA-08,S0022541,2025FA,Enrolled,
PCS-2025FA-09,S0022470,2025FA,Enrolled,
PCS-2025FA-09,S0031221,2025FA,Enrolled,
PCS-2025FA-09,S0037731,2025FA,Enrolled,
PCS-2025FA-09,S0033156,2025FA,Enrolled,
PCS-2025FA-09,S0038409,2025FA,Enrolled,
PCS-2025FA-09,S0012245,2025FA,Enrolled,
PCS-2025FA-09,S0033622,2025FA,Enrolled,
PCS-2025FA-09,S0022763,2025FA,Enrolled,
PCS-2025FA-09,S0028067,2025FA,Enrolled,
PCS-2025FA-09,S0036552,2025FA,Enrolled,
PCS-2025FA-09,S0029293,2025FA,Enrolled,
PCS-2025FA-09,S0029250,2025FA,Enrolled,
PCS-2025FA-09,S0031967,2025FA,Enrolled,
PCS-2025FA-09,S0026983,2025FA,Enrolled,
PCS-2025FA-09,S0021718,2025FA,Enrolled,
PCS-2025FA-09,S0022285,2025FA,Enrolled,
PCS-2025FA-09,S0006140,2025FA,Enrolled,
PCS-2025FA-09,S0010929,2025FA,Enrolled,
PCS-2025FA-09,S0023332,2025FA,Enrolled,
PCS-2025FA-09,S0028626,2025FA,Enrolled,
PCS-2025FA-09,S0033262,2025FA,Enrolled,
PCS-2025FA-09,S0015144,2025FA,Enrolled,
PCS-2025FA-09,S0033585,2025FA,Enrolled,
PCS-2025FA-09,S0038115,2025FA,Enrolled,
PCS-2025FA-09,S0022641,2025FA,Enrolled,
PCS-2025FA-09,S0036197,2025FA,Enrolled,
PCS-2025FA-09,S0031820,2025FA,Enrolled,
PCS-2025FA-09,S0010327,2025FA,Enrolled,
PCS-2025FA-09,S0022840,2025FA,Enrolled,
PCS-2025FA-09,S0031170,2025FA,Enrolled,
PCS-2025FA-09,S0037321,2025FA,Enrolled,
PCS-2025FA-09,S0034327,2025FA,Enrolled,
PCS-2025FA-09,S0012915,2025FA,Enrolled,
PCS-2025FA-09,S0018315,2025FA,Enrolled,
PCS-2025FA-10,S0026536,2025FA,Enrolled,
PCS-2025FA-10,S0003301,2025FA,Enrolled,
PCS-2025FA-10,S0040336,2025FA,Enrolled,
PCS-2025FA-10,S0028568,2025FA,Enrolled,
PCS-2025FA-10,S0003156,2025FA,Enrolled,
PCS-2025FA-10,S0000358,2025FA,Enrolled,
PCS-2025FA-10,S0037333,2025FA,Enrolled,
PCS-2025FA-10,S0015032,2025FA,Enrolled,
PCS-2025FA-10,S0008495,2025FA,Enrolled,
PCS-2025FA-10,S0033559,2025FA,Enrolled,
PCS-2025FA-10,S0027734,2025FA,Enrolled,
PCS-2025FA-10,S0022120,2025FA,Enrolled,
PCS-2025FA-10,S0009522,2025FA,Enrolled,
PCS-2025FA-10,S0036145,2025FA,Enrolled,
PCS-2025FA-10,S0000020,2025FA,Enrolled,
PCS-2025FA-10,S0040098,2025FA,Enrolled,
PCS-2025FA-10,S0033739,2025FA,Enrolled,
PCS-2025FA-10,S0035510,2025FA,Enrolled,
PCS-2025FA-10,S0031588,2025FA,Enrolled,
PCS-2025FA-10,S0017394,2025FA,Enrolled,
PCS-2025FA-10,S0028308,2025FA,Enrolled,
PCS-2025FA-10,S0010801,2025FA,Enrolled,
PCS-2025FA-10,S0024017,2025FA,Enrolled,
PCS-2025FA-10,S0021923,2025FA,Enrolled,
PCS-2025FA-10,S0032975,2025FA,Enrolled,
PCS-2025FA-10,S0024451,2025FA,Enrolled,
PCS-2025FA-10,S0007815,2025FA,Enrolled,
PCS-2025FA-10,S0028708,2025FA,Enrolled,
PCS-2025FA-10,S0027394,2025FA,Enrolled,
PCS-2025FA-10,S0037775,2025FA,Enrolled,
PCS-2025FA-10,S0030939,2025FA,Enrolled,
PCS-2025FA-10,S0034362,2025FA,Enrolled,
PCS-2025FA-10,S0031156,2025FA,Enrolled,
PCS-2025FA-10,S0005267,2025FA,Enrolled,
PCS-2025FA-11,S0027647,2025FA,Enrolled,
PCS-2025FA-11,S0037894,2025FA,Enrolled,
PCS-2025FA-11,S0026293,2025FA,Enrolled,
PCS-2025FA-11,S0038782,2025FA,Enrolled,
PCS-2025FA-11,S0033961,2025FA,Enrolled,
PCS-2025FA-11,S0010007,2025FA,Enrolled,
PCS-2025FA-11,S0035484,2025FA,Enrolled,
PCS-2025FA-11,S0000979,2025FA,Enrolled,
PCS-2025FA-11,S0017816,2025FA,Enrolled,
PCS-2025FA-11,S0000980,2025FA,Enrolled,
PCS-2025FA-11,S0033999,2025FA,Enrolled,
PCS-2025FA-11,S0019112,2025FA,Enrolled,
PCS-2025FA-11,S0039136,2025FA,Enrolled,
PCS-2025FA-11,S0030846,2025FA,Enrolled,
PCS-2025FA-11,S0000326,2025FA,Enrolled,
PCS-2025FA-11,S0038717,2025FA,Enrolled,
PCS-2025FA-11,S0022433,2025FA,Enrolled,
PCS-2025FA-11,S0013513,2025FA,Enrolled,
PCS-2025FA-11,S0012536,2025FA,Enrolled,
PCS-2025FA-11,S0025634,2025FA,Enrolled,
PCS-2025FA-11,S0038973,2025FA,Enrolled,
PCS-2025FA-11,S0037389,2025FA,Enrolled,
PCS-2025FA-11,S0037924,2025FA,Enrolled,
PCS-2025FA-11,S0032542,2025FA,Enrolled,
PCS-2025FA-11,S0028772,2025FA,Enrolled,
PCS-2025FA-11,S0021854,2025FA,Enrolled,
PCS-2025FA-11,S0027617,2025FA,Enrolled,
PCS-2025FA-11,S0010873,2025FA,Enrolled,
PCS-2025FA-11,S0037948,2025FA,Enrolled,
PCS-2025FA-11,S0036713,2025FA,Enrolled,
PCS-2025FA-11,S0033169,2025FA,Enrolled,
PCS-2025FA-11,S0001517,2025FA,Enrolled,
PCS-2025FA-11,S0027320,2025FA,Enrolled,
PCS-2025FA-11,S0032387,2025FA,Enrolled,
PCS-2025FA-12,S0038951,2025FA,Enrolled,
PCS-2025FA-12,S0014607,2025FA,Enrolled,
PCS-2025FA-12,S0001245,2025FA,Enrolled,
PCS-2025FA-12,S0020807,2025FA,Enrolled,
PCS-2025FA-12,S0021068,2025FA,Enrolled,
PCS-2025FA-12,S0016433,2025FA,Enrolled,
PCS-2025FA-12,S0035213,2025FA,Enrolled,
PCS-2025FA-12,S0026215,2025FA,Enrolled,
PCS-2025FA-12,S0039799,2025FA,Enrolled,
PCS-2025FA-12,S0033824,2025FA,Enrolled,
PCS-2025FA-12,S0027744,2025FA,Enrolled,
PCS-2025FA-12,S0028052,2025FA,Enrolled,
PCS-2025FA-12,S0032918,2025FA,Enrolled,
PCS-2025FA-12,S0040339,2025FA,Enrolled,
PCS-2025FA-12,S0032498,2025FA,Enrolled,
PCS-2025FA-12,S0038611,2025FA,Enrolled,
PCS-2025FA-12,S0027499,2025FA,Enrolled,
PCS-2025FA-12,S0039828,2025FA,Enrolled,
PCS-2025FA-12,S0023723,2025FA,Enrolled,
PCS-2025FA-12,S0036959,2025FA,Enrolled,
PCS-2025FA-12,S0023432,2025FA,Enrolled,
PCS-2025FA-12,S0011326,2025FA,Enrolled,
PCS-2025FA-12,S0032616,2025FA,Enrolled,
PCS-2025FA-12,S0036841,2025FA,Enrolled,
PCS-2025FA-12,S0038213,2025FA,Enrolled,
PCS-2025FA-12,S0024177,2025FA,Enrolled,
PCS-2025FA-12,S0001383,2025FA,Enrolled,
PCS-2025FA-12,S0009000,2025FA,Enrolled,
PCS-2025FA-12,S0032648,2025FA,Enrolled,
PCS-2025FA-12,S0030686,2025FA,Enrolled,
PCS-2025FA-12,S0028016,2025FA,Enrolled,
PCS-2025FA-12,S0036082,2025FA,Enrolled,
PCS-2025FA-12,S0006720,2025FA,Enrolled,
PCS-2025FA-12,S0023726,2025FA,Enrolled,
PCS-2025FA-13,S0006538,2025FA,Enrolled,
PCS-2025FA-13,S0028385,2025FA,Enrolled,
PCS-2025FA-13,S0027720,2025FA,Enrolled,
PCS-2025FA-13,S0011583,2025FA,Enrolled,
PCS-2025FA-13,S0035155,2025FA,Enrolled,
PCS-2025FA-13,S0035930,2025FA,Enrolled,
PCS-2025FA-13,S0017293,2025FA,Enrolled,
PCS-2025FA-13,S0033872,2025FA,Enrolled,
PCS-2025FA-13,S0030928,2025FA,Enrolled,
PCS-2025FA-13,S0033379,2025FA,Enrolled,
PCS-2025FA-13,S0036112,2025FA,Enrolled,
PCS-2025FA-13,S0004480,2025FA,Enrolled,
PCS-2025FA-13,S0010715,2025FA,Enrolled,
PCS-2025FA-13,S0001113,2025FA,Enrolled,
PCS-2025FA-13,S0034379,2025FA,Enrolled,
PCS-2025FA-13,S0028651,2025FA,Enrolled,
PCS-2025FA-13,S0003254,2025FA,Enrolled,
PCS-2025FA-13,S0033983,2025FA,Enrolled,
PCS-2025FA-13,S0028085,2025FA,Enrolled,
PCS-2025FA-13,S0038712,2025FA,Enrolled,
PCS-2025FA-13,S0038045,2025FA,Enrolled,
PCS-2025FA-13,S0028906,2025FA,Enrolled,
PCS-2025FA-13,S0023041,2025FA,Enrolled,
PCS-2025FA-13,S0038630,2025FA,Enrolled,
PCS-2025FA-13,S0025662,2025FA,Enrolled,
PCS-2025FA-13,S0032538,2025FA,Enrolled,
PCS-2025FA-13,S0037582,2025FA,Enrolled,
PCS-2025FA-13,S0037204,2025FA,Enrolled,
PCS-2025FA-13,S0001588,2025FA,Enrolled,
PCS-2025FA-13,S0032791,2025FA,Enrolled,
PCS-2025FA-13,S0001243,2025FA,Enrolled,
PCS-2025FA-13,S0038878,2025FA,Enrolled,
PCS-2025FA-13,S0023598,2025FA,Enrolled,
PCS-2025FA-13,S0038433,2025FA,Enrolled,
PCS-2025FA-14,S0029332,2025FA,Enrolled,
PCS-2025FA-14,S0033743,2025FA,Enrolled,
PCS-2025FA-14,S0000603,2025FA,Enrolled,
PCS-2025FA-14,S0038252,2025FA,Enrolled,
PCS-2025FA-14,S0027234,2025FA,Enrolled,
PCS-2025FA-14,S0023221,2025FA,Enrolled,
PCS-2025FA-14,S0015084,2025FA,Enrolled,
PCS-2025FA-14,S0036156,2025FA,Enrolled,
PCS-2025FA-14,S0040069,2025FA,Enrolled,
PCS-2025FA-14,S0035446,2025FA,Enrolled,
PCS-2025FA-14,S0030453,2025FA,Enrolled,
PCS-2025FA-14,S0026178,2025FA,Enrolled,
PCS-2025FA-14,S0000167,2025FA,Enrolled,
PCS-2025FA-14,S0038418,2025FA,Enrolled,
PCS-2025FA-14,S0033783,2025FA,Enrolled,
PCS-2025FA-14,S0040484,2025FA,Enrolled,
PCS-2025FA-14,S0027931,2025FA,Enrolled,
PCS-2025FA-14,S0023014,2025FA,Enrolled,
PCS-2025FA-14,S0026828,2025FA,Enrolled,
PCS-2025FA-14,S0016253,2025FA,Enrolled,
PCS-2025FA-14,S0036438,2025FA,Enrolled,
PCS-2025FA-14,S0014004,2025FA,Enrolled,
PCS-2025FA-14,S0026064,2025FA,Enrolled,
PCS-2025FA-14,S0016339,2025FA,Enrolled,
PCS-2025FA-14,S0032899,2025FA,Enrolled,
PCS-2025FA-14,S0029156,2025FA,Enrolled,
PCS-2025FA-14,S0028553,2025FA,Enrolled,
PCS-2025FA-14,S0023918,2025FA,Enrolled,
PCS-2025FA-14,S0003077,2025FA,Enrolled,
PCS-2025FA-14,S0038336,2025FA,Enrolled,
PCS-2025FA-14,S0011287,2025FA,Enrolled,
PCS-2025FA-14,S0027814,2025FA,Enrolled,
PCS-2025FA-14,S0037370,2025FA,Enrolled,
PCS-2025FA-14,S0017756,2025FA,Enrolled,
PCS-2025FA-15,S0037820,2025FA,Enrolled,
PCS-2025FA-15,S0031996,2025FA,Enrolled,
PCS-2025FA-15,S0004499,2025FA,Enrolled,
PCS-2025FA-15,S0038738,2025FA,Enrolled,
PCS-2025FA-15,S0009042,2025FA,Enrolled,
PCS-2025FA-15,S0030476,2025FA,Enrolled,
PCS-2025FA-15,S0028737,2025FA,Enrolled,
PCS-2025FA-15,S0031123,2025FA,Enrolled,
PCS-2025FA-15,S0036142,2025FA,Enrolled,
PCS-2025FA-15,S0037417,2025FA,Enrolled,
PCS-2025FA-15,S0001968,2025FA,Enrolled,
PCS-2025FA-15,S0028962,2025FA,Enrolled,
PCS-2025FA-15,S0022380,2025FA,Enrolled,
PCS-2025FA-15,S0028992,2025FA,Enrolled,
PCS-2025FA-15,S0033436,2025FA,Enrolled,
PCS-2025FA-15,S0040169,2025FA,Enrolled,
PCS-2025FA-15,S0000548,2025FA,Enrolled,
PCS-2025FA-15,S0033673,2025FA,Enrolled,
PCS-2025FA-15,S0026190,2025FA,Enrolled,
PCS-2025FA-15,S0009005,2025FA,Enrolled,
PCS-2025FA-15,S0023431,2025FA,Enrolled,
PCS-2025FA-15,S0026390,2025FA,Enrolled,
PCS-2025FA-15,S0000385,2025FA,Enrolled,
PCS-2025FA-15,S0002059,2025FA,Enrolled,
PCS-2025FA-15,S0014027,2025FA,Enrolled,
PCS-2025FA-15,S0028141,2025FA,Enrolled,
PCS-2025FA-15,S0033469,2025FA,Enrolled,
PCS-2025FA-15,S0034083,2025FA,Enrolled,
PCS-2025FA-15,S0025776,2025FA,Enrolled,
PCS-2025FA-15,S0038208,2025FA,Enrolled,
PCS-2025FA-15,S0029279,2025FA,Enrolled,
PCS-2025FA-15,S0039534,2025FA,Enrolled,
PCS-2025FA-15,S0039025,2025FA,Enrolled,
PCS-2025FA-15,S0036851,2025FA,Enrolled,
PCS-2025FA-16,S0027376,2025FA,Enrolled,
PCS-2025FA-16,S0036877,2025FA,Enrolled,
PCS-2025FA-16,S0039964,2025FA,Enrolled,
PCS-2025FA-16,S0040379,2025FA,Enrolled,
PCS-2025FA-16,S0036333,2025FA,Enrolled,
PCS-2025FA-16,S0040248,2025FA,Enrolled,
PCS-2025FA-16,S0012339,2025FA,Enrolled,
PCS-2025FA-16,S0024308,2025FA,Enrolled,
PCS-2025FA-16,S0039561,2025FA,Enrolled,
PCS-2025FA-16,S0019475,2025FA,Enrolled,
PCS-2025FA-16,S0006599,2025FA,Enrolled,
PCS-2025FA-16,S0023103,2025FA,Enrolled,
PCS-2025FA-16,S0032530,2025FA,Enrolled,
PCS-2025FA-16,S0032399,2025FA,Enrolled,
PCS-2025FA-16,S0036937,2025FA,Enrolled,
PCS-2025FA-16,S0018955,2025FA,Enrolled,
PCS-2025FA-16,S0038090,2025FA,Enrolled,
PCS-2025FA-16,S0007173,2025FA,Enrolled,
PCS-2025FA-16,S0036192,2025FA,Enrolled,
PCS-2025FA-16,S0012501,2025FA,Enrolled,
PCS-2025FA-16,S0015271,2025FA,Enrolled,
PCS-2025FA-16,S0040187,2025FA,Enrolled,
PCS-2025FA-16,S0013336,2025FA,Enrolled,
PCS-2025FA-16,S0023532,2025FA,Enrolled,
PCS-2025FA-16,S0003849,2025FA,Enrolled,
PCS-2025FA-16,S0035503,2025FA,Enrolled,
PCS-2025FA-16,S0001153,2025FA,Enrolled,
PCS-2025FA-16,S0033444,2025FA,Enrolled,
PCS-2025FA-16,S0000522,2025FA,Enrolled,
PCS-2025FA-16,S0032930,2025FA,Enrolled,
PCS-2025FA-16,S0019638,2025FA,Enrolled,
PCS-2025FA-16,S0013389,2025FA,Enrolled,
PCS-2025FA-16,S0031805,2025FA,Enrolled,
PCS-2025FA-16,S0012774,2025FA,Enrolled,
PCS-2025FA-17,S0032658,2025FA,Enrolled,
PCS-2025FA-17,S0029057,2025FA,Enrolled,
PCS-2025FA-17,S0009792,2025FA,Enrolled,
PCS-2025FA-17,S0026880,2025FA,Enrolled,
PCS-2025FA-17,S0023521,2025FA,Enrolled,
PCS-2025FA-17,S0005329,2025FA,Enrolled,
PCS-2025FA-17,S0033258,2025FA,Enrolled,
PCS-2025FA-17,S0037506,2025FA,Enrolled,
PCS-2025FA-17,S0018024,2025FA,Enrolled,
PCS-2025FA-17,S0009776,2025FA,Enrolled,
PCS-2025FA-17,S0016787,2025FA,Enrolled,
PCS-2025FA-17,S0032669,2025FA,Enrolled,
PCS-2025FA-17,S0035429,2025FA,Enrolled,
PCS-2025FA-17,S0034003,2025FA,Enrolled,
PCS-2025FA-17,S0024143,2025FA,Enrolled,
PCS-2025FA-17,S0020904,2025FA,Enrolled,
PCS-2025FA-17,S0038024,2025FA,Enrolled,
PCS-2025FA-17,S0029371,2025FA,Enrolled,
PCS-2025FA-17,S0038150,2025FA,Enrolled,
PCS-2025FA-17,S0032619,2025FA,Enrolled,
PCS-2025FA-17,S0012927,2025FA,Enrolled,
PCS-2025FA-17,S0040281,2025FA,Enrolled,
PCS-2025FA-17,S0005867,2025FA,Enrolled,
PCS-2025FA-17,S0028621,2025FA,Enrolled,
PCS-2025FA-17,S0030575,2025FA,Enrolled,
PCS-2025FA-17,S0039593,2025FA,Enrolled,
PCS-2025FA-17,S0013167,2025FA,Enrolled,
PCS-2025FA-17,S0039672,2025FA,Enrolled,
PCS-2025FA-17,S0023916,2025FA,Enrolled,
PCS-2025FA-17,S0039892,2025FA,Enrolled,
PCS-2025FA-17,S0002094,2025FA,Enrolled,
PCS-2025FA-17,S0019641,2025FA,Enrolled,
PCS-2025FA-17,S0039104,2025FA,Enrolled,
PCS-2025FA-17,S0022361,2025FA,Enrolled,
PCS-2025FA-18,S0036041,2025FA,Enrolled,
PCS-2025FA-18,S0015597,2025FA,Enrolled,
PCS-2025FA-18,S0019095,2025FA,Enrolled,
PCS-2025FA-18,S0016182,2025FA,Enrolled,
PCS-2025FA-18,S0026864,2025FA,Enrolled,
PCS-2025FA-18,S0030620,2025FA,Enrolled,
PCS-2025FA-18,S0036967,2025FA,Enrolled,
PCS-2025FA-18,S0038235,2025FA,Enrolled,
PCS-2025FA-18,S0038952,2025FA,Enrolled,
PCS-2025FA-18,S0029553,2025FA,Enrolled,
PCS-2025FA-18,S0032462,2025FA,Enrolled,
PCS-2025FA-18,S0007321,2025FA,Enrolled,
PCS-2025FA-18,S0038577,2025FA,Enrolled,
PCS-2025FA-18,S0027408,2025FA,Enrolled,
PCS-2025FA-18,S0038258,2025FA,Enrolled,
PCS-2025FA-18,S0024319,2025FA,Enrolled,
PCS-2025FA-18,S0036903,2025FA,Enrolled,
PCS-2025FA-18,S0038843,2025FA,Enrolled,
PCS-2025FA-18,S0011854,2025FA,Enrolled,
PCS-2025FA-18,S0023627,2025FA,Enrolled,
PCS-2025FA-18,S0038972,2025FA,Enrolled,
PCS-2025FA-18,S0029525,2025FA,Enrolled,
PCS-2025FA-18,S0028532,2025FA,Enrolled,
PCS-2025FA-18,S0036462,2025FA,Enrolled,
PCS-2025FA-18,S0033998,2025FA,Enrolled,
PCS-2025FA-18,S0028462,2025FA,Enrolled,
PCS-2025FA-18,S0014444,2025FA,Enrolled,
PCS-2025FA-18,S0035372,2025FA,Enrolled,
PCS-2025FA-18,S0020689,2025FA,Enrolled,
PCS-2025FA-18,S0012262,2025FA,Enrolled,
PCS-2025FA-18,S0015715,2025FA,Enrolled,
PCS-2025FA-18,S0030604,2025FA,Enrolled,
PCS-2025FA-18,S0001000,2025FA,Enrolled,
PCS-2025FA-18,S0036339,2025FA,Enrolled,
PCS-2025FA-19,S0010626,2025FA,Enrolled,
PCS-2025FA-19,S0036868,2025FA,Enrolled,
PCS-2025FA-19,S0032872,2025FA,Enrolled,
PCS-2025FA-19,S0039328,2025FA,Enrolled,
PCS-2025FA-19,S0017159,2025FA,Enrolled,
PCS-2025FA-19,S0001038,2025FA,Enrolled,
PCS-2025FA-19,S0038446,2025FA,Enrolled,
PCS-2025FA-19,S0006027,2025FA,Enrolled,
PCS-2025FA-19,S0023841,2025FA,Enrolled,
PCS-2025FA-19,S0004884,2025FA,Enrolled,
PCS-2025FA-19,S0031448,2025FA,Enrolled,
PCS-2025FA-19,S0001679,2025FA,Enrolled,
PCS-2025FA-19,S0037858,2025FA,Enrolled,
PCS-2025FA-19,S0010272,2025FA,Enrolled,
PCS-2025FA-19,S0027543,2025FA,Enrolled,
PCS-2025FA-19,S0008319,2025FA,Enrolled,
PCS-2025FA-19,S0012630,2025FA,Enrolled,
PCS-2025FA-19,S0008966,2025FA,Enrolled,
PCS-2025FA-19,S0028221,2025FA,Enrolled,
PCS-2025FA-19,S0021025,2025FA,Enrolled,
PCS-2025FA-19,S0024090,2025FA,Enrolled,
PCS-2025FA-19,S0039518,2025FA,Enrolled,
PCS-2025FA-19,S0000951,2025FA,Enrolled,
PCS-2025FA-19,S0022166,2025FA,Enrolled,
PCS-2025FA-19,S0040091,2025FA,Enrolled,
PCS-2025FA-19,S0022406,2025FA,Enrolled,
PCS-2025FA-19,S0035698,2025FA,Enrolled,
PCS-2025FA-19,S0012438,2025FA,Enrolled,
PCS-2025FA-19,S0014134,2025FA,Enrolled,
PCS-2025FA-19,S0015997,2025FA,Enrolled,
PCS-2025FA-19,S0004357,2025FA,Enrolled,
PCS-2025FA-19,S0037528,2025FA,Enrolled,
PCS-2025FA-19,S0027353,2025FA,Enrolled,
PCS-2025FA-19,S0031164,2025FA,Enrolled,
PCS-2025FA-20,S0007692,2025FA,Enrolled,
PCS-2025FA-20,S0038296,2025FA,Enrolled,
PCS-2025FA-20,S0028915,2025FA,Enrolled,
PCS-2025FA-20,S0003224,2025FA,Enrolled,
PCS-2025FA-20,S0021506,2025FA,Enrolled,
PCS-2025FA-20,S0039268,2025FA,Enrolled,
PCS-2025FA-20,S0027472,2025FA,Enrolled,
PCS-2025FA-20,S0003491,2025FA,Enrolled,
PCS-2025FA-20,S0022632,2025FA,Enrolled,
PCS-2025FA-20,S0039006,2025FA,Enrolled,
PCS-2025FA-20,S0039881,2025FA,Enrolled,
PCS-2025FA-20,S0015507,2025FA,Enrolled,
PCS-2025FA-20,S0012133,2025FA,Enrolled,
PCS-2025FA-20,S0005094,2025FA,Enrolled,
PCS-2025FA-20,S0038464,2025FA,Enrolled,
PCS-2025FA-20,S0011331,2025FA,Enrolled,
PCS-2025FA-20,S0004608,2025FA,Enrolled,
PCS-2025FA-20,S0038069,2025FA,Enrolled,
PCS-2025FA-20,S0037256,2025FA,Enrolled,
PCS-2025FA-20,S0012668,2025FA,Enrolled,
PCS-2025FA-20,S0023719,2025FA,Enrolled,
PCS-2025FA-20,S0035401,2025FA,Enrolled,
PCS-2025FA-20,S0025742,2025FA,Enrolled,
PCS-2025FA-20,S0029050,2025FA,Enrolled,
PCS-2025FA-20,S0001537,2025FA,Enrolled,
PCS-2025FA-20,S0034425,2025FA,Enrolled,
PCS-2025FA-20,S0031405,2025FA,Enrolled,
PCS-2025FA-20,S0020713,2025FA,Enrolled,
PCS-2025FA-20,S0038262,2025FA,Enrolled,
PCS-2025FA-20,S0036300,2025FA,Enrolled,
PCS-2025FA-20,S0033640,2025FA,Enrolled,
PCS-2025FA-20,S0018244,2025FA,Enrolled,
PCS-2025FA-20,S0025665,2025FA,Enrolled,
PCS-2025FA-20,S0040247,2025FA,Enrolled,
PCS-2025FA-21,S0023768,2025FA,Enrolled,
PCS-2025FA-21,S0021062,2025FA,Enrolled,
PCS-2025FA-21,S0035979,2025FA,Enrolled,
PCS-2025FA-21,S0030823,2025FA,Enrolled,
PCS-2025FA-21,S0022947,2025FA,Enrolled,
PCS-2025FA-21,S0020980,2025FA,Enrolled,
PCS-2025FA-21,S0035205,2025FA,Enrolled,
PCS-2025FA-21,S0007353,2025FA,Enrolled,
PCS-2025FA-21,S0030850,2025FA,Enrolled,
PCS-2025FA-21,S0021393,2025FA,Enrolled,
PCS-2025FA-21,S0033113,2025FA,Enrolled,
PCS-2025FA-21,S0026136,2025FA,Enrolled,
PCS-2025FA-21,S0026679,2025FA,Enrolled,
PCS-2025FA-21,S0019167,2025FA,Enrolled,
PCS-2025FA-21,S0009448,2025FA,Enrolled,
PCS-2025FA-21,S0036446,2025FA,Enrolled,
PCS-2025FA-21,S0023503,2025FA,Enrolled,
PCS-2025FA-21,S0021899,2025FA,Enrolled,
PCS-2025FA-21,S0023602,2025FA,Enrolled,
PCS-2025FA-21,S0037722,2025FA,Enrolled,
PCS-2025FA-21,S0029135,2025FA,Enrolled,
PCS-2025FA-21,S0000995,2025FA,Enrolled,
PCS-2025FA-21,S0004899,2025FA,Enrolled,
PCS-2025FA-21,S0019379,2025FA,Enrolled,
PCS-2025FA-21,S0013771,2025FA,Enrolled,
PCS-2025FA-21,S0038279,2025FA,Enrolled,
PCS-2025FA-21,S0040250,2025FA,Enrolled,
PCS-2025FA-21,S0037167,2025FA,Enrolled,
PCS-2025FA-21,S0040346,2025FA,Enrolled,
PCS-2025FA-21,S0033596,2025FA,Enrolled,
PCS-2025FA-21,S0025411,2025FA,Enrolled,
PCS-2025FA-21,S0015881,2025FA,Enrolled,
PCS-2025FA-21,S0022138,2025FA,Enrolled,
PCS-2025FA-21,S0037606,2025FA,Enrolled,
PCS-2025FA-22,S0003203,2025FA,Enrolled,
PCS-2025FA-22,S0010979,2025FA,Enrolled,
PCS-2025FA-22,S0026666,2025FA,Enrolled,
PCS-2025FA-22,S0034198,2025FA,Enrolled,
PCS-2025FA-22,S0008195,2025FA,Enrolled,
PCS-2025FA-22,S0015562,2025FA,Enrolled,
PCS-2025FA-22,S0009924,2025FA,Enrolled,
PCS-2025FA-22,S0037872,2025FA,Enrolled,
PCS-2025FA-22,S0022740,2025FA,Enrolled,
PCS-2025FA-22,S0018526,2025FA,Enrolled,
PCS-2025FA-22,S0003564,2025FA,Enrolled,
PCS-2025FA-22,S0032419,2025FA,Enrolled,
PCS-2025FA-22,S0033075,2025FA,Enrolled,
PCS-2025FA-22,S0030545,2025FA,Enrolled,
PCS-2025FA-22,S0008860,2025FA,Enrolled,
PCS-2025FA-22,S0040121,2025FA,Enrolled,
PCS-2025FA-22,S0031721,2025FA,Enrolled,
PCS-2025FA-22,S0040294,2025FA,Enrolled,
PCS-2025FA-22,S0037698,2025FA,Enrolled,
PCS-2025FA-22,S0039505,2025FA,Enrolled,
PCS-2025FA-22,S0028827,2025FA,Enrolled,
PCS-2025FA-22,S0010176,2025FA,Enrolled,
PCS-2025FA-22,S0037061,2025FA,Enrolled,
PCS-2025FA-22,S0038887,2025FA,Enrolled,
PCS-2025FA-22,S0037833,2025FA,Enrolled,
PCS-2025FA-22,S0031078,2025FA,Enrolled,
PCS-2025FA-22,S0026240,2025FA,Enrolled,
PCS-2025FA-22,S0026018,2025FA,Enrolled,
PCS-2025FA-22,S0001786,2025FA,Enrolled,
PCS-2025FA-22,S0028160,2025FA,Enrolled,
PCS-2025FA-22,S0040158,2025FA,Enrolled,
PCS-2025FA-22,S0008216,2025FA,Enrolled,
PCS-2025FA-22,S0003108,2025FA,Enrolled,
PCS-2025FA-22,S0038290,2025FA,Enrolled,
PCS-2025FA-23,S0031172,2025FA,Enrolled,
PCS-2025FA-23,S0033365,2025FA,Enrolled,
PCS-2025FA-23,S0034137,2025FA,Enrolled,
PCS-2025FA-23,S0032158,2025FA,Enrolled,
PCS-2025FA-23,S0028342,2025FA,Enrolled,
PCS-2025FA-23,S0035762,2025FA,Enrolled,
PCS-2025FA-23,S0030749,2025FA,Enrolled,
PCS-2025FA-23,S0037699,2025FA,Enrolled,
PCS-2025FA-23,S0035396,2025FA,Enrolled,
PCS-2025FA-23,S0019679,2025FA,Enrolled,
PCS-2025FA-23,S0030954,2025FA,Enrolled,
PCS-2025FA-23,S0010516,2025FA,Enrolled,
PCS-2025FA-23,S0026495,2025FA,Enrolled,
PCS-2025FA-23,S0018105,2025FA,Enrolled,
PCS-2025FA-23,S0039698,2025FA,Enrolled,
PCS-2025FA-23,S0018106,2025FA,Enrolled,
PCS-2025FA-23,S0031262,2025FA,Enrolled,
PCS-2025FA-23,S0037868,2025FA,Enrolled,
PCS-2025FA-23,S0032728,2025FA,Enrolled,
PCS-2025FA-23,S0039654,2025FA,Enrolled,
PCS-2025FA-23,S0033965,2025FA,Enrolled,
PCS-2025FA-23,S0006978,2025FA,Enrolled,
PCS-2025FA-23,S0001560,2025FA,Enrolled,
PCS-2025FA-23,S0018531,2025FA,Enrolled,
PCS-2025FA-23,S0038832,2025FA,Enrolled,
PCS-2025FA-23,S0037465,2025FA,Enrolled,
PCS-2025FA-23,S0012735,2025FA,Enrolled,
PCS-2025FA-23,S0034074,2025FA,Enrolled,
PCS-2025FA-23,S0037532,2025FA,Enrolled,
PCS-2025FA-23,S0029002,2025FA,Enrolled,
PCS-2025FA-23,S0038796,2025FA,Enrolled,
PCS-2025FA-23,S0010337,2025FA,Enrolled,
PCS-2025FA-23,S0035797,2025FA,Enrolled,
PCS-2025FA-23,S0023254,2025FA,Enrolled,
PCS-2025FA-24,S0000730,2025FA,Enrolled,
PCS-2025FA-24,S0030707,2025FA,Enrolled,
PCS-2025FA-24,S0039239,2025FA,Enrolled,
PCS-2025FA-24,S0033683,2025FA,Enrolled,
PCS-2025FA-24,S0039381,2025FA,Enrolled,
PCS-2025FA-24,S0017832,2025FA,Enrolled,
PCS-2025FA-24,S0038281,2025FA,Enrolled,
PCS-2025FA-24,S0022168,2025FA,Enrolled,
PCS-2025FA-24,S0016374,2025FA,Enrolled,
PCS-2025FA-24,S0036381,2025FA,Enrolled,
PCS-2025FA-24,S0032400,2025FA,Enrolled,
PCS-2025FA-24,S0036177,2025FA,Enrolled,
PCS-2025FA-24,S0036570,2025FA,Enrolled,
PCS-2025FA-24,S0027474,2025FA,Enrolled,
PCS-2025FA-24,S0039818,2025FA,Enrolled,
PCS-2025FA-24,S0035236,2025FA,Enrolled,
PCS-2025FA-24,S0015157,2025FA,Enrolled,
PCS-2025FA-24,S0022580,2025FA,Enrolled,
PCS-2025FA-24,S0036069,2025FA,Enrolled,
PCS-2025FA-24,S0033055,2025FA,Enrolled,
PCS-2025FA-24,S0040006,2025FA,Enrolled,
PCS-2025FA-24,S0003561,2025FA,Enrolled,
PCS-2025FA-24,S0037597,2025FA,Enrolled,
PCS-2025FA-24,S0010451,2025FA,Enrolled,
PCS-2025FA-24,S0039736,2025FA,Enrolled,
PCS-2025FA-24,S0035462,2025FA,Enrolled,
PCS-2025FA-24,S0007623,2025FA,Enrolled,
PCS-2025FA-24,S0033143,2025FA,Enrolled,
PCS-2025FA-24,S0032229,2025FA,Enrolled,
PCS-2025FA-24,S0026857,2025FA,Enrolled,
PCS-2025FA-24,S0019210,2025FA,Enrolled,
PCS-2025FA-24,S0029463,2025FA,Enrolled,
PCS-2025FA-24,S0012875,2025FA,Enrolled,
PCS-2025FA-24,S0016974,2025FA,Enrolled,
PCS-2025FA-25,S0009018,2025FA,Enrolled,
PCS-2025FA-25,S0003950,2025FA,Enrolled,
PCS-2025FA-25,S0033656,2025FA,Enrolled,
PCS-2025FA-25,S0035838,2025FA,Enrolled,
PCS-2025FA-25,S0032999,2025FA,Enrolled,
PCS-2025FA-25,S0021037,2025FA,Enrolled,
PCS-2025FA-25,S0038661,2025FA,Enrolled,
PCS-2025FA-25,S0018261,2025FA,Enrolled,
PCS-2025FA-25,S0038703,2025FA,Enrolled,
PCS-2025FA-25,S0014279,2025FA,Enrolled,
PCS-2025FA-25,S0033818,2025FA,Enrolled,
PCS-2025FA-25,S0036371,2025FA,Enrolled,
PCS-2025FA-25,S0031311,2025FA,Enrolled,
PCS-2025FA-25,S0003332,2025FA,Enrolled,
PCS-2025FA-25,S0032846,2025FA,Enrolled,
PCS-2025FA-25,S0017444,2025FA,Enrolled,
PCS-2025FA-25,S0033560,2025FA,Enrolled,
PCS-2025FA-25,S0023476,2025FA,Enrolled,
PCS-2025FA-25,S0034095,2025FA,Enrolled,
PCS-2025FA-25,S0033321,2025FA,Enrolled,
PCS-2025FA-25,S0006847,2025FA,Enrolled,
PCS-2025FA-25,S0035900,2025FA,Enrolled,
PCS-2025FA-25,S0036699,2025FA,Enrolled,
PCS-2025FA-25,S0032960,2025FA,Enrolled,
PCS-2025FA-25,S0033587,2025FA,Enrolled,
PCS-2025FA-25,S0032439,2025FA,Enrolled,
PCS-2025FA-25,S0022679,2025FA,Enrolled,
PCS-2025FA-25,S0028995,2025FA,Enrolled,
PCS-2025FA-25,S0039380,2025FA,Enrolled,
PCS-2025FA-25,S0039222,2025FA,Enrolled,
PCS-2025FA-25,S0039182,2025FA,Enrolled,
PCS-2025FA-25,S0027548,2025FA,Enrolled,
PCS-2025FA-25,S0036506,2025FA,Enrolled,
PCS-2025FA-25,S0028223,2025FA,Enrolled,
PCS-2025FA-26,S0023478,2025FA,Enrolled,
PCS-2025FA-26,S0037273,2025FA,Enrolled,
PCS-2025FA-26,S0032501,2025FA,Enrolled,
PCS-2025FA-26,S0017261,2025FA,Enrolled,
PCS-2025FA-26,S0031596,2025FA,Enrolled,
PCS-2025FA-26,S0034056,2025FA,Enrolled,
PCS-2025FA-26,S0035113,2025FA,Enrolled,
PCS-2025FA-26,S0005614,2025FA,Enrolled,
PCS-2025FA-26,S0014580,2025FA,Enrolled,
PCS-2025FA-26,S0028782,2025FA,Enrolled,
PCS-2025FA-26,S0036979,2025FA,Enrolled,
PCS-2025FA-26,S0028517,2025FA,Enrolled,
PCS-2025FA-26,S0040212,2025FA,Enrolled,
PCS-2025FA-26,S0000460,2025FA,Enrolled,
PCS-2025FA-26,S0036873,2025FA,Enrolled,
PCS-2025FA-26,S0017001,2025FA,Enrolled,
PCS-2025FA-26,S0004444,2025FA,Enrolled,
PCS-2025FA-26,S0019529,2025FA,Enrolled,
PCS-2025FA-26,S0007356,2025FA,Enrolled,
PCS-2025FA-26,S0025885,2025FA,Enrolled,
PCS-2025FA-26,S0025894,2025FA,Enrolled,
PCS-2025FA-26,S0038475,2025FA,Enrolled,
PCS-2025FA-26,S0015528,2025FA,Enrolled,
PCS-2025FA-26,S0032484,2025FA,Enrolled,
PCS-2025FA-26,S0023703,2025FA,Enrolled,
PCS-2025FA-26,S0024202,2025FA,Enrolled,
PCS-2025FA-26,S0020607,2025FA,Enrolled,
PCS-2025FA-26,S0028563,2025FA,Enrolled,
PCS-2025FA-26,S0006596,2025FA,Enrolled,
PCS-2025FA-26,S0033018,2025FA,Enrolled,
PCS-2025FA-26,S0007234,2025FA,Enrolled,
PCS-2025FA-26,S0026662,2025FA,Enrolled,
PCS-2025FA-26,S0036916,2025FA,Enrolled,
PCS-2025FA-26,S0040092,2025FA,Enrolled,
PCS-2025FA-27,S0040665,2025FA,Enrolled,
PCS-2025FA-27,S0040355,2025FA,Enrolled,
PCS-2025FA-27,S0027313,2025FA,Enrolled,
PCS-2025FA-27,S0038341,2025FA,Enrolled,
PCS-2025FA-27,S0032112,2025FA,Enrolled,
PCS-2025FA-27,S0022757,2025FA,Enrolled,
PCS-2025FA-27,S0035604,2025FA,Enrolled,
PCS-2025FA-27,S0029534,2025FA,Enrolled,
PCS-2025FA-27,S0037406,2025FA,Enrolled,
PCS-2025FA-27,S0031687,2025FA,Enrolled,
PCS-2025FA-27,S0022922,2025FA,Enrolled,
PCS-2025FA-27,S0028975,2025FA,Enrolled,
PCS-2025FA-27,S0037047,2025FA,Enrolled,
PCS-2025FA-27,S0006020,2025FA,Enrolled,
PCS-2025FA-27,S0026340,2025FA,Enrolled,
PCS-2025FA-27,S0038166,2025FA,Enrolled,
PCS-2025FA-27,S0026332,2025FA,Enrolled,
PCS-2025FA-27,S0038603,2025FA,Enrolled,
PCS-2025FA-27,S0013309,2025FA,Enrolled,
PCS-2025FA-27,S0035878,2025FA,Enrolled,
PCS-2025FA-27,S0014238,2025FA,Enrolled,
PCS-2025FA-27,S0003284,2025FA,Enrolled,
PCS-2025FA-27,S0039674,2025FA,Enrolled,
PCS-2025FA-27,S0033947,2025FA,Enrolled,
PCS-2025FA-27,S0039993,2025FA,Enrolled,
PCS-2025FA-27,S0036190,2025FA,Enrolled,
PCS-2025FA-27,S0038436,2025FA,Enrolled,
PCS-2025FA-27,S0027689,2025FA,Enrolled,
PCS-2025FA-27,S0030960,2025FA,Enrolled,
PCS-2025FA-27,S0013808,2025FA,Enrolled,
PCS-2025FA-27,S0035576,2025FA,Enrolled,
PCS-2025FA-27,S0027926,2025FA,Enrolled,
PCS-2025FA-27,S0024175,2025FA,Enrolled,
PCS-2025FA-27,S0032932,2025FA,Enrolled,
PCS-2025FA-28,S0027369,2025FA,Enrolled,
PCS-2025FA-28,S0019480,2025FA,Enrolled,
PCS-2025FA-28,S0008277,2025FA,Enrolled,
PCS-2025FA-28,S0022487,2025FA,Enrolled,
PCS-2025FA-28,S0037485,2025FA,Enrolled,
PCS-2025FA-28,S0032131,2025FA,Enrolled,
PCS-2025FA-28,S0012777,2025FA,Enrolled,
PCS-2025FA-28,S0004238,2025FA,Enrolled,
PCS-2025FA-28,S0040593,2025FA,Enrolled,
PCS-2025FA-28,S0028132,2025FA,Enrolled,
PCS-2025FA-28,S0022889,2025FA,Enrolled,
PCS-2025FA-28,S0024037,2025FA,Enrolled,
PCS-2025FA-28,S0016997,2025FA,Enrolled,
PCS-2025FA-28,S0033464,2025FA,Enrolled,
PCS-2025FA-28,S0038217,2025FA,Enrolled,
PCS-2025FA-28,S0038868,2025FA,Enrolled,
PCS-2025FA-28,S0034085,2025FA,Enrolled,
PCS-2025FA-28,S0014448,2025FA,Enrolled,
PCS-2025FA-28,S0029267,2025FA,Enrolled,
PCS-2025FA-28,S0037418,2025FA,Enrolled,
PCS-2025FA-28,S0038124,2025FA,Enrolled,
PCS-2025FA-28,S0010466,2025FA,Enrolled,
PCS-2025FA-28,S0007911,2025FA,Enrolled,
PCS-2025FA-28,S0038086,2025FA,Enrolled,
PCS-2025FA-28,S0014406,2025FA,Enrolled,
PCS-2025FA-28,S0009975,2025FA,Enrolled,
PCS-2025FA-28,S0033554,2025FA,Enrolled,
PCS-2025FA-28,S0037118,2025FA,Enrolled,
PCS-2025FA-28,S0039495,2025FA,Enrolled,
PCS-2025FA-28,S0000481,2025FA,Enrolled,
PCS-2025FA-28,S0038487,2025FA,Enrolled,
PCS-2025FA-28,S0022541,2025FA,Enrolled,
PCS-2025FA-28,S0022470,2025FA,Enrolled,
PCS-2025FA-28,S0031221,2025FA,Enrolled,
PCS-2025FA-29,S0037731,2025FA,Enrolled,
PCS-2025FA-29,S0033156,2025FA,Enrolled,
PCS-2025FA-29,S0038409,2025FA,Enrolled,
PCS-2025FA-29,S0012245,2025FA,Enrolled,
PCS-2025FA-29,S0033622,2025FA,Enrolled,
PCS-2025FA-29,S0022763,2025FA,Enrolled,
PCS-2025FA-29,S0028067,2025FA,Enrolled,
PCS-2025FA-29,S0036552,2025FA,Enrolled,
PCS-2025FA-29,S0029293,2025FA,Enrolled,
PCS-2025FA-29,S0029250,2025FA,Enrolled,
PCS-2025FA-29,S0031967,2025FA,Enrolled,
PCS-2025FA-29,S0026983,2025FA,Enrolled,
PCS-2025FA-29,S0021718,2025FA,Enrolled,
PCS-2025FA-29,S0022285,2025FA,Enrolled,
PCS-2025FA-29,S0006140,2025FA,Enrolled,
PCS-2025FA-29,S0010929,2025FA,Enrolled,
PCS-2025FA-29,S0023332,2025FA,Enrolled,
PCS-2025FA-29,S0028626,2025FA,Enrolled,
PCS-2025FA-29,S0033262,2025FA,Enrolled,
PCS-2025FA-29,S0015144,2025FA,Enrolled,
PCS-2025FA-29,S0033585,2025FA,Enrolled,
PCS-2025FA-29,S0038115,2025FA,Enrolled,
PCS-2025FA-29,S0022641,2025FA,Enrolled,
PCS-2025FA-29,S0036197,2025FA,Enrolled,
PCS-2025FA-29,S0031820,2025FA,Enrolled,
PCS-2025FA-29,S0010327,2025FA,Enrolled,
PCS-2025FA-29,S0022840,2025FA,Enrolled,
PCS-2025FA-29,S0031170,2025FA,Enrolled,
PCS-2025FA-29,S0037321,2025FA,Enrolled,
PCS-2025FA-29,S0034327,2025FA,Enrolled,
PCS-2025FA-29,S0012915,2025FA,Enrolled,
PCS-2025FA-29,S0018315,2025FA,Enrolled,
PCS-2025FA-29,S0026536,2025FA,Enrolled,
PCS-2025FA-29,S0003301,2025FA,Enrolled,
PCS-2025FA-30,S0040336,2025FA,Enrolled,
PCS-2025FA-30,S0028568,2025FA,Enrolled,
PCS-2025FA-30,S0003156,2025FA,Enrolled,
PCS-2025FA-30,S0000358,2025FA,Enrolled,
PCS-2025FA-30,S0037333,2025FA,Enrolled,
PCS-2025FA-30,S0015032,2025FA,Enrolled,
PCS-2025FA-30,S0008495,2025FA,Enrolled,
PCS-2025FA-30,S0033559,2025FA,Enrolled,
PCS-2025FA-30,S0027734,2025FA,Enrolled,
PCS-2025FA-30,S0022120,2025FA,Enrolled,
PCS-2025FA-30,S0009522,2025FA,Enrolled,
PCS-2025FA-30,S0036145,2025FA,Enrolled,
PCS-2025FA-30,S0000020,2025FA,Enrolled,
PCS-2025FA-30,S0040098,2025FA,Enrolled,
PCS-2025FA-30,S0033739,2025FA,Enrolled,
PCS-2025FA-30,S0035510,2025FA,Enrolled,
PCS-2025FA-30,S0031588,2025FA,Enrolled,
PCS-2025FA-30,S0017394,2025FA,Enrolled,
PCS-2025FA-30,S0028308,2025FA,Enrolled,
PCS-2025FA-30,S0010801,2025FA,Enrolled,
PCS-2025FA-30,S0024017,2025FA,Enrolled,
PCS-2025FA-30,S0021923,2025FA,Enrolled,
PCS-2025FA-30,S0032975,2025FA,Enrolled,
PCS-2025FA-30,S0024451,2025FA,Enrolled,
PCS-2025FA-30,S0007815,2025FA,Enrolled,
PCS-2025FA-30,S0028708,2025FA,Enrolled,
PCS-2025FA-30,S0027394,2025FA,Enrolled,
PCS-2025FA-30,S0037775,2025FA,Enrolled,
PCS-2025FA-30,S0030939,2025FA,Enrolled,
PCS-2025FA-30,S0034362,2025FA,Enrolled,
PCS-2025FA-30,S0031156,2025FA,Enrolled,
PCS-2025FA-30,S0005267,2025FA,Enrolled,
PCS-2025FA-30,S0027647,2025FA,Enrolled,
PCS-2025FA-30,S0037894,2025FA,Enrolled,
PCS-2025FA-31,S0026293,2025FA,Enrolled,
PCS-2025FA-31,S0038782,2025FA,Enrolled,
PCS-2025FA-31,S0033961,2025FA,Enrolled,
PCS-2025FA-31,S0010007,2025FA,Enrolled,
PCS-2025FA-31,S0035484,2025FA,Enrolled,
PCS-2025FA-31,S0000979,2025FA,Enrolled,
PCS-2025FA-31,S0017816,2025FA,Enrolled,
PCS-2025FA-31,S0000980,2025FA,Enrolled,
PCS-2025FA-31,S0033999,2025FA,Enrolled,
PCS-2025FA-31,S0019112,2025FA,Enrolled,
PCS-2025FA-31,S0039136,2025FA,Enrolled,
PCS-2025FA-31,S0030846,2025FA,Enrolled,
PCS-2025FA-31,S0000326,2025FA,Enrolled,
PCS-2025FA-31,S0038717,2025FA,Enrolled,
PCS-2025FA-31,S0022433,2025FA,Enrolled,
PCS-2025FA-31,S0013513,2025FA,Enrolled,
PCS-2025FA-31,S0012536,2025FA,Enrolled,
PCS-2025FA-31,S0025634,2025FA,Enrolled,
PCS-2025FA-31,S0038973,2025FA,Enrolled,
PCS-2025FA-31,S0037389,2025FA,Enrolled,
PCS-2025FA-31,S0037924,2025FA,Enrolled,
PCS-2025FA-31,S0032542,2025FA,Enrolled,
PCS-2025FA-31,S0028772,2025FA,Enrolled,
PCS-2025FA-31,S0021854,2025FA,Enrolled,
PCS-2025FA-31,S0027617,2025FA,Enrolled,
PCS-2025FA-31,S0010873,2025FA,Enrolled,
PCS-2025FA-31,S0037948,2025FA,Enrolled,
PCS-2025FA-31,S0036713,2025FA,Enrolled,
PCS-2025FA-31,S0033169,2025FA,Enrolled,
PCS-2025FA-31,S0001517,2025FA,Enrolled,
PCS-2025FA-31,S0027320,2025FA,Enrolled,
PCS-2025FA-31,S0032387,2025FA,Enrolled,
PCS-2025FA-31,S0038951,2025FA,Enrolled,
PCS-2025FA-31,S0014607,2025FA,Enrolled,
PCS-2025FA-32,S0001245,2025FA,Enrolled,
PCS-2025FA-32,S0020807,2025FA,Enrolled,
PCS-2025FA-32,S0021068,2025FA,Enrolled,
PCS-2025FA-32,S0016433,2025FA,Enrolled,
PCS-2025FA-32,S0035213,2025FA,Enrolled,
PCS-2025FA-32,S0026215,2025FA,Enrolled,
PCS-2025FA-32,S0039799,2025FA,Enrolled,
PCS-2025FA-32,S0033824,2025FA,Enrolled,
PCS-2025FA-32,S0027744,2025FA,Enrolled,
PCS-2025FA-32,S0028052,2025FA,Enrolled,
PCS-2025FA-32,S0032918,2025FA,Enrolled,
PCS-2025FA-32,S0040339,2025FA,Enrolled,
PCS-2025FA-32,S0032498,2025FA,Enrolled,
PCS-2025FA-32,S0038611,2025FA,Enrolled,
PCS-2025FA-32,S0027499,2025FA,Enrolled,
PCS-2025FA-32,S0039828,2025FA,Enrolled,
PCS-2025FA-32,S0023723,2025FA,Enrolled,
PCS-2025FA-32,S0036959,2025FA,Enrolled,
PCS-2025FA-32,S0023432,2025FA,Enrolled,
PCS-2025FA-32,S0011326,2025FA,Enrolled,
PCS-2025FA-32,S0032616,2025FA,Enrolled,
PCS-2025FA-32,S0036841,2025FA,Enrolled,
PCS-2025FA-32,S0038213,2025FA,Enrolled,
PCS-2025FA-32,S0024177,2025FA,Enrolled,
PCS-2025FA-32,S0001383,2025FA,Enrolled,
PCS-2025FA-32,S0009000,2025FA,Enrolled,
PCS-2025FA-32,S0032648,2025FA,Enrolled,
PCS-2025FA-32,S0030686,2025FA,Enrolled,
PCS-2025FA-32,S0028016,2025FA,Enrolled,
PCS-2025FA-32,S0036082,2025FA,Enrolled,
PCS-2025FA-32,S0006720,2025FA,Enrolled,
PCS-2025FA-32,S0023726,2025FA,Enrolled,
PCS-2025FA-32,S0006538,2025FA,Enrolled,
PCS-2025FA-32,S0028385,2025FA,Enrolled,
PCS-2025FA-33,S0027720,2025FA,Enrolled,
PCS-2025FA-33,S0011583,2025FA,Enrolled,
PCS-2025FA-33,S0035155,2025FA,Enrolled,
PCS-2025FA-33,S0035930,2025FA,Enrolled,
PCS-2025FA-33,S0017293,2025FA,Enrolled,
PCS-2025FA-33,S0033872,2025FA,Enrolled,
PCS-2025FA-33,S0030928,2025FA,Enrolled,
PCS-2025FA-33,S0033379,2025FA,Enrolled,
PCS-2025FA-33,S0036112,2025FA,Enrolled,
PCS-2025FA-33,S0004480,2025FA,Enrolled,
PCS-2025FA-33,S0010715,2025FA,Enrolled,
PCS-2025FA-33,S0001113,2025FA,Enrolled,
PCS-2025FA-33,S0034379,2025FA,Enrolled,
PCS-2025FA-33,S0028651,2025FA,Enrolled,
PCS-2025FA-33,S0003254,2025FA,Enrolled,
PCS-2025FA-33,S0033983,2025FA,Enrolled,
PCS-2025FA-33,S0028085,2025FA,Enrolled,
PCS-2025FA-33,S0038712,2025FA,Enrolled,
PCS-2025FA-33,S0038045,2025FA,Enrolled,
PCS-2025FA-33,S0028906,2025FA,Enrolled,
PCS-2025FA-33,S0023041,2025FA,Enrolled,
PCS-2025FA-33,S0038630,2025FA,Enrolled,
PCS-2025FA-33,S0025662,2025FA,Enrolled,
PCS-2025FA-33,S0032538,2025FA,Enrolled,
PCS-2025FA-33,S0037582,2025FA,Enrolled,
PCS-2025FA-33,S0037204,2025FA,Enrolled,
PCS-2025FA-33,S0001588,2025FA,Enrolled,
PCS-2025FA-33,S0032791,2025FA,Enrolled,
PCS-2025FA-33,S0001243,2025FA,Enrolled,
PCS-2025FA-33,S0038878,2025FA,Enrolled,
PCS-2025FA-33,S0023598,2025FA,Enrolled,
PCS-2025FA-33,S0038433,2025FA,Enrolled,
PCS-2025FA-33,S0029332,2025FA,Enrolled,
PCS-2025FA-33,S0033743,2025FA,Enrolled,
PCS-2025FA-34,S0000603,2025FA,Enrolled,
PCS-2025FA-34,S0038252,2025FA,Enrolled,
PCS-2025FA-34,S0027234,2025FA,Enrolled,
PCS-2025FA-34,S0023221,2025FA,Enrolled,
PCS-2025FA-34,S0015084,2025FA,Enrolled,
PCS-2025FA-34,S0036156,2025FA,Enrolled,
PCS-2025FA-34,S0040069,2025FA,Enrolled,
PCS-2025FA-34,S0035446,2025FA,Enrolled,
PCS-2025FA-34,S0030453,2025FA,Enrolled,
PCS-2025FA-34,S0026178,2025FA,Enrolled,
PCS-2025FA-34,S0000167,2025FA,Enrolled,
PCS-2025FA-34,S0038418,2025FA,Enrolled,
PCS-2025FA-34,S0033783,2025FA,Enrolled,
PCS-2025FA-34,S0040484,2025FA,Enrolled,
PCS-2025FA-34,S0027931,2025FA,Enrolled,
PCS-2025FA-34,S0023014,2025FA,Enrolled,
PCS-2025FA-34,S0026828,2025FA,Enrolled,
PCS-2025FA-34,S0016253,2025FA,Enrolled,
PCS-2025FA-34,S0036438,2025FA,Enrolled,
PCS-2025FA-34,S0014004,2025FA,Enrolled,
PCS-2025FA-34,S0026064,2025FA,Enrolled,
PCS-2025FA-34,S0016339,2025FA,Enrolled,
PCS-2025FA-34,S0032899,2025FA,Enrolled,
PCS-2025FA-34,S0029156,2025FA,Enrolled,
PCS-2025FA-34,S0028553,2025FA,Enrolled,
PCS-2025FA-34,S0023918,2025FA,Enrolled,
PCS-2025FA-34,S0003077,2025FA,Enrolled,
PCS-2025FA-34,S0038336,2025FA,Enrolled,
PCS-2025FA-34,S0011287,2025FA,Enrolled,
PCS-2025FA-34,S0027814,2025FA,Enrolled,
PCS-2025FA-34,S0037370,2025FA,Enrolled,
PCS-2025FA-34,S0017756,2025FA,Enrolled,
PCS-2025FA-34,S0037820,2025FA,Enrolled,
PCS-2025FA-34,S0031996,2025FA,Enrolled,
PCS-2025FA-35,S0004499,2025FA,Enrolled,
PCS-2025FA-35,S0038738,2025FA,Enrolled,
PCS-2025FA-35,S0009042,2025FA,Enrolled,
PCS-2025FA-35,S0030476,2025FA,Enrolled,
PCS-2025FA-35,S0028737,2025FA,Enrolled,
PCS-2025FA-35,S0031123,2025FA,Enrolled,
PCS-2025FA-35,S0036142,2025FA,Enrolled,
PCS-2025FA-35,S0037417,2025FA,Enrolled,
PCS-2025FA-35,S0001968,2025FA,Enrolled,
PCS-2025FA-35,S0028962,2025FA,Enrolled,
PCS-2025FA-35,S0022380,2025FA,Enrolled,
PCS-2025FA-35,S0028992,2025FA,Enrolled,
PCS-2025FA-35,S0033436,2025FA,Enrolled,
PCS-2025FA-35,S0040169,2025FA,Enrolled,
PCS-2025FA-35,S0000548,2025FA,Enrolled,
PCS-2025FA-35,S0033673,2025FA,Enrolled,
PCS-2025FA-35,S0026190,2025FA,Enrolled,
PCS-2025FA-35,S0009005,2025FA,Enrolled,
PCS-2025FA-35,S0023431,2025FA,Enrolled,
PCS-2025FA-35,S0026390,2025FA,Enrolled,
PCS-2025FA-35,S0000385,2025FA,Enrolled,
PCS-2025FA-35,S0002059,2025FA,Enrolled,
PCS-2025FA-35,S0014027,2025FA,Enrolled,
PCS-2025FA-35,S0028141,2025FA,Enrolled,
PCS-2025FA-35,S0033469,2025FA,Enrolled,
PCS-2025FA-35,S0034083,2025FA,Enrolled,
PCS-2025FA-35,S0025776,2025FA,Enrolled,
PCS-2025FA-35,S0038208,2025FA,Enrolled,
PCS-2025FA-35,S0029279,2025FA,Enrolled,
PCS-2025FA-35,S0039534,2025FA,Enrolled,
PCS-2025FA-35,S0039025,2025FA,Enrolled,
PCS-2025FA-35,S0036851,2025FA,Enrolled,
PCS-2025FA-35,S0027376,2025FA,Enrolled,
PCS-2025FA-35,S0036877,2025FA,Enrolled,
PCS-2025FA-36,S0039964,2025FA,Enrolled,
PCS-2025FA-36,S0040379,2025FA,Enrolled,
PCS-2025FA-36,S0036333,2025FA,Enrolled,
PCS-2025FA-36,S0040248,2025FA,Enrolled,
PCS-2025FA-36,S0012339,2025FA,Enrolled,
PCS-2025FA-36,S0024308,2025FA,Enrolled,
PCS-2025FA-36,S0039561,2025FA,Enrolled,
PCS-2025FA-36,S0019475,2025FA,Enrolled,
PCS-2025FA-36,S0006599,2025FA,Enrolled,
PCS-2025FA-36,S0023103,2025FA,Enrolled,
PCS-2025FA-36,S0032530,2025FA,Enrolled,
PCS-2025FA-36,S0032399,2025FA,Enrolled,
PCS-2025FA-36,S0036937,2025FA,Enrolled,
PCS-2025FA-36,S0018955,2025FA,Enrolled,
PCS-2025FA-36,S0038090,2025FA,Enrolled,
PCS-2025FA-36,S0007173,2025FA,Enrolled,
PCS-2025FA-36,S0036192,2025FA,Enrolled,
PCS-2025FA-36,S0012501,2025FA,Enrolled,
PCS-2025FA-36,S0015271,2025FA,Enrolled,
PCS-2025FA-36,S0040187,2025FA,Enrolled,
PCS-2025FA-36,S0013336,2025FA,Enrolled,
PCS-2025FA-36,S0023532,2025FA,Enrolled,
PCS-2025FA-36,S0003849,2025FA,Enrolled,
PCS-2025FA-36,S0035503,2025FA,Enrolled,
PCS-2025FA-36,S0001153,2025FA,Enrolled,
PCS-2025FA-36,S0033444,2025FA,Enrolled,
PCS-2025FA-36,S0000522,2025FA,Enrolled,
PCS-2025FA-36,S0032930,2025FA,Enrolled,
PCS-2025FA-36,S0019638,2025FA,Enrolled,
PCS-2025FA-36,S0013389,2025FA,Enrolled,
PCS-2025FA-36,S0031805,2025FA,Enrolled,
PCS-2025FA-36,S0012774,2025FA,Enrolled,
PCS-2025FA-36,S0032658,2025FA,Enrolled,
PCS-2025FA-36,S0029057,2025FA,Enrolled,
PCS-2025FA-37,S0009792,2025FA,Enrolled,
PCS-2025FA-37,S0026880,2025FA,Enrolled,
PCS-2025FA-37,S0023521,2025FA,Enrolled,
PCS-2025FA-37,S0005329,2025FA,Enrolled,
PCS-2025FA-37,S0033258,2025FA,Enrolled,
PCS-2025FA-37,S0037506,2025FA,Enrolled,
PCS-2025FA-37,S0018024,2025FA,Enrolled,
PCS-2025FA-37,S0009776,2025FA,Enrolled,
PCS-2025FA-37,S0016787,2025FA,Enrolled,
PCS-2025FA-37,S0032669,2025FA,Enrolled,
PCS-2025FA-37,S0035429,2025FA,Enrolled,
PCS-2025FA-37,S0034003,2025FA,Enrolled,
PCS-2025FA-37,S0024143,2025FA,Enrolled,
PCS-2025FA-37,S0020904,2025FA,Enrolled,
PCS-2025FA-37,S0038024,2025FA,Enrolled,
PCS-2025FA-37,S0029371,2025FA,Enrolled,
PCS-2025FA-37,S0038150,2025FA,Enrolled,
PCS-2025FA-37,S0032619,2025FA,Enrolled,
PCS-2025FA-37,S0012927,2025FA,Enrolled,
PCS-2025FA-37,S0040281,2025FA,Enrolled,
PCS-2025FA-37,S0005867,2025FA,Enrolled,
PCS-2025FA-37,S0028621,2025FA,Enrolled,
PCS-2025FA-37,S0030575,2025FA,Enrolled,
PCS-2025FA-37,S0039593,2025FA,Enrolled,
PCS-2025FA-37,S0013167,2025FA,Enrolled,
PCS-2025FA-37,S0039672,2025FA,Enrolled,
PCS-2025FA-37,S0023916,2025FA,Enrolled,
PCS-2025FA-37,S0039892,2025FA,Enrolled,
PCS-2025FA-37,S0002094,2025FA,Enrolled,
PCS-2025FA-37,S0019641,2025FA,Enrolled,
PCS-2025FA-37,S0039104,2025FA,Enrolled,
PCS-2025FA-37,S0022361,2025FA,Enrolled,
PCS-2025FA-37,S0036041,2025FA,Enrolled,
PCS-2025FA-37,S0015597,2025FA,Enrolled,
PCS-2025FA-38,S0019095,2025FA,Enrolled,
PCS-2025FA-38,S0016182,2025FA,Enrolled,
PCS-2025FA-38,S0026864,2025FA,Enrolled,
PCS-2025FA-38,S0030620,2025FA,Enrolled,
PCS-2025FA-38,S0036967,2025FA,Enrolled,
PCS-2025FA-38,S0038235,2025FA,Enrolled,
PCS-2025FA-38,S0038952,2025FA,Enrolled,
PCS-2025FA-38,S0029553,2025FA,Enrolled,
PCS-2025FA-38,S0032462,2025FA,Enrolled,
PCS-2025FA-38,S0007321,2025FA,Enrolled,
PCS-2025FA-38,S0038577,2025FA,Enrolled,
PCS-2025FA-38,S0027408,2025FA,Enrolled,
PCS-2025FA-38,S0038258,2025FA,Enrolled,
PCS-2025FA-38,S0024319,2025FA,Enrolled,
PCS-2025FA-38,S0036903,2025FA,Enrolled,
PCS-2025FA-38,S0038843,2025FA,Enrolled,
PCS-2025FA-38,S0011854,2025FA,Enrolled,
PCS-2025FA-38,S0023627,2025FA,Enrolled,
PCS-2025FA-38,S0038972,2025FA,Enrolled,
PCS-2025FA-38,S0029525,2025FA,Enrolled,
PCS-2025FA-38,S0028532,2025FA,Enrolled,
PCS-2025FA-38,S0036462,2025FA,Enrolled,
PCS-2025FA-38,S0033998,2025FA,Enrolled,
PCS-2025FA-38,S0028462,2025FA,Enrolled,
PCS-2025FA-38,S0014444,2025FA,Enrolled,
PCS-2025FA-38,S0035372,2025FA,Enrolled,
PCS-2025FA-38,S0020689,2025FA,Enrolled,
PCS-2025FA-38,S0012262,2025FA,Enrolled,
PCS-2025FA-38,S0015715,2025FA,Enrolled,
PCS-2025FA-38,S0030604,2025FA,Enrolled,
PCS-2025FA-38,S0001000,2025FA,Enrolled,
PCS-2025FA-38,S0036339,2025FA,Enrolled,
PCS-2025FA-38,S0010626,2025FA,Enrolled,
PCS-2025FA-38,S0036868,2025FA,Enrolled,
PCS-2025FA-39,S0032872,2025FA,Enrolled,
PCS-2025FA-39,S0039328,2025FA,Enrolled,
PCS-2025FA-39,S0017159,2025FA,Enrolled,
PCS-2025FA-39,S0001038,2025FA,Enrolled,
PCS-2025FA-39,S0038446,2025FA,Enrolled,
PCS-2025FA-39,S0006027,2025FA,Enrolled,
PCS-2025FA-39,S0023841,2025FA,Enrolled,
PCS-2025FA-39,S0004884,2025FA,Enrolled,
PCS-2025FA-39,S0031448,2025FA,Enrolled,
PCS-2025FA-39,S0001679,2025FA,Enrolled,
PCS-2025FA-39,S0037858,2025FA,Enrolled,
PCS-2025FA-39,S0010272,2025FA,Enrolled,
PCS-2025FA-39,S0027543,2025FA,Enrolled,
PCS-2025FA-39,S0008319,2025FA,Enrolled,
PCS-2025FA-39,S0012630,2025FA,Enrolled,
PCS-2025FA-39,S0008966,2025FA,Enrolled,
PCS-2025FA-39,S0028221,2025FA,Enrolled,
PCS-2025FA-39,S0021025,2025FA,Enrolled,
PCS-2025FA-39,S0024090,2025FA,Enrolled,
PCS-2025FA-39,S0039518,2025FA,Enrolled,
PCS-2025FA-39,S0000951,2025FA,Enrolled,
PCS-2025FA-39,S0022166,2025FA,Enrolled,
PCS-2025FA-39,S0040091,2025FA,Enrolled,
PCS-2025FA-39,S0022406,2025FA,Enrolled,
PCS-2025FA-39,S0035698,2025FA,Enrolled,
PCS-2025FA-39,S0012438,2025FA,Enrolled,
PCS-2025FA-39,S0014134,2025FA,Enrolled,
PCS-2025FA-39,S0015997,2025FA,Enrolled,
PCS-2025FA-39,S0004357,2025FA,Enrolled,
PCS-2025FA-39,S0037528,2025FA,Enrolled,
PCS-2025FA-39,S0027353,2025FA,Enrolled,
PCS-2025FA-39,S0031164,2025FA,Enrolled,
PCS-2025FA-39,S0007692,2025FA,Enrolled,
PCS-2025FA-39,S0038296,2025FA,Enrolled,
PCS-2025FA-40,S0028915,2025FA,Enrolled,
PCS-2025FA-40,S0003224,2025FA,Enrolled,
PCS-2025FA-40,S0021506,2025FA,Enrolled,
PCS-2025FA-40,S0039268,2025FA,Enrolled,
PCS-2025FA-40,S0027472,2025FA,Enrolled,
PCS-2025FA-40,S0003491,2025FA,Enrolled,
PCS-2025FA-40,S0022632,2025FA,Enrolled,
PCS-2025FA-40,S0039006,2025FA,Enrolled,
PCS-2025FA-40,S0039881,2025FA,Enrolled,
PCS-2025FA-40,S0015507,2025FA,Enrolled,
PCS-2025FA-40,S0012133,2025FA,Enrolled,
PCS-2025FA-40,S0005094,2025FA,Enrolled,
PCS-2025FA-40,S0038464,2025FA,Enrolled,
PCS-2025FA-40,S0011331,2025FA,Enrolled,
PCS-2025FA-40,S0004608,2025FA,Enrolled,
PCS-2025FA-40,S0038069,2025FA,Enrolled,
PCS-2025FA-40,S0037256,2025FA,Enrolled,
PCS-2025FA-40,S0012668,2025FA,Enrolled,
PCS-2025FA-40,S0023719,2025FA,Enrolled,
PCS-2025FA-40,S0035401,2025FA,Enrolled,
PCS-2025FA-40,S0025742,2025FA,Enrolled,
PCS-2025FA-40,S0029050,2025FA,Enrolled,
PCS-2025FA-40,S0001537,2025FA,Enrolled,
PCS-2025FA-40,S0034425,2025FA,Enrolled,
PCS-2025FA-40,S0031405,2025FA,Enrolled,
PCS-2025FA-40,S0020713,2025FA,Enrolled,
PCS-2025FA-40,S0038262,2025FA,Enrolled,
PCS-2025FA-40,S0036300,2025FA,Enrolled,
PCS-2025FA-40,S0033640,2025FA,Enrolled,
PCS-2025FA-40,S0018244,2025FA,Enrolled,
PCS-2025FA-40,S0025665,2025FA,Enrolled,
PCS-2025FA-40,S0040247,2025FA,Enrolled,
PCS-2025FA-40,S0023768,2025FA,Enrolled,
PCS-2025FA-40,S0021062,2025FA,Enrolled,
PCS-2025FA-41,S0035979,2025FA,Enrolled,
PCS-2025FA-41,S0030823,2025FA,Enrolled,
PCS-2025FA-41,S0022947,2025FA,Enrolled,
PCS-2025FA-41,S0020980,2025FA,Enrolled,
PCS-2025FA-41,S0035205,2025FA,Enrolled,
PCS-2025FA-41,S0007353,2025FA,Enrolled,
PCS-2025FA-41,S0030850,2025FA,Enrolled,
PCS-2025FA-41,S0021393,2025FA,Enrolled,
PCS-2025FA-41,S0033113,2025FA,Enrolled,
PCS-2025FA-41,S0026136,2025FA,Enrolled,
PCS-2025FA-41,S0026679,2025FA,Enrolled,
PCS-2025FA-41,S0019167,2025FA,Enrolled,
PCS-2025FA-41,S0009448,2025FA,Enrolled,
PCS-2025FA-41,S0036446,2025FA,Enrolled,
PCS-2025FA-41,S0023503,2025FA,Enrolled,
PCS-2025FA-41,S0021899,2025FA,Enrolled,
PCS-2025FA-41,S0023602,2025FA,Enrolled,
PCS-2025FA-41,S0037722,2025FA,Enrolled,
PCS-2025FA-41,S0029135,2025FA,Enrolled,
PCS-2025FA-41,S0000995,2025FA,Enrolled,
PCS-2025FA-41,S0004899,2025FA,Enrolled,
PCS-2025FA-41,S0019379,2025FA,Enrolled,
PCS-2025FA-41,S0013771,2025FA,Enrolled,
PCS-2025FA-41,S0038279,2025FA,Enrolled,
PCS-2025FA-41,S0040250,2025FA,Enrolled,
PCS-2025FA-41,S0037167,2025FA,Enrolled,
PCS-2025FA-41,S0040346,2025FA,Enrolled,
PCS-2025FA-41,S0033596,2025FA,Enrolled,
PCS-2025FA-41,S0025411,2025FA,Enrolled,
PCS-2025FA-41,S0015881,2025FA,Enrolled,
PCS-2025FA-41,S0022138,2025FA,Enrolled,
PCS-2025FA-41,S0037606,2025FA,Enrolled,
PCS-2025FA-41,S0003203,2025FA,Enrolled,
PCS-2025FA-41,S0010979,2025FA,Enrolled,
PCS-2025FA-42,S0026666,2025FA,Enrolled,
PCS-2025FA-42,S0034198,2025FA,Enrolled,
PCS-2025FA-42,S0008195,2025FA,Enrolled,
PCS-2025FA-42,S0015562,2025FA,Enrolled,
PCS-2025FA-42,S0009924,2025FA,Enrolled,
PCS-2025FA-42,S0037872,2025FA,Enrolled,
PCS-2025FA-42,S0022740,2025FA,Enrolled,
PCS-2025FA-42,S0018526,2025FA,Enrolled,
PCS-2025FA-42,S0003564,2025FA,Enrolled,
PCS-2025FA-42,S0032419,2025FA,Enrolled,
PCS-2025FA-42,S0033075,2025FA,Enrolled,
PCS-2025FA-42,S0030545,2025FA,Enrolled,
PCS-2025FA-42,S0008860,2025FA,Enrolled,
PCS-2025FA-42,S0040121,2025FA,Enrolled,
PCS-2025FA-42,S0031721,2025FA,Enrolled,
PCS-2025FA-42,S0040294,2025FA,Enrolled,
PCS-2025FA-42,S0037698,2025FA,Enrolled,
PCS-2025FA-42,S0039505,2025FA,Enrolled,
PCS-2025FA-42,S0028827,2025FA,Enrolled,
PCS-2025FA-42,S0010176,2025FA,Enrolled,
PCS-2025FA-42,S0037061,2025FA,Enrolled,
PCS-2025FA-42,S0038887,2025FA,Enrolled,
PCS-2025FA-42,S0037833,2025FA,Enrolled,
PCS-2025FA-42,S0031078,2025FA,Enrolled,
PCS-2025FA-42,S0026240,2025FA,Enrolled,
PCS-2025FA-42,S0026018,2025FA,Enrolled,
PCS-2025FA-42,S0001786,2025FA,Enrolled,
PCS-2025FA-42,S0028160,2025FA,Enrolled,
PCS-2025FA-42,S0040158,2025FA,Enrolled,
PCS-2025FA-42,S0008216,2025FA,Enrolled,
PCS-2025FA-42,S0003108,2025FA,Enrolled,
PCS-2025FA-42,S0038290,2025FA,Enrolled,
PCS-2025FA-42,S0031172,2025FA,Enrolled,
PCS-2025FA-42,S0033365,2025FA,Enrolled,
PCS-2025FA-43,S0034137,2025FA,Enrolled,
PCS-2025FA-43,S0032158,2025FA,Enrolled,
PCS-2025FA-43,S0028342,2025FA,Enrolled,
PCS-2025FA-43,S0035762,2025FA,Enrolled,
PCS-2025FA-43,S0030749,2025FA,Enrolled,
PCS-2025FA-43,S0037699,2025FA,Enrolled,
PCS-2025FA-43,S0035396,2025FA,Enrolled,
PCS-2025FA-43,S0019679,2025FA,Enrolled,
PCS-2025FA-43,S0030954,2025FA,Enrolled,
PCS-2025FA-43,S0010516,2025FA,Enrolled,
PCS-2025FA-43,S0026495,2025FA,Enrolled,
PCS-2025FA-43,S0018105,2025FA,Enrolled,
PCS-2025FA-43,S0039698,2025FA,Enrolled,
PCS-2025FA-43,S0018106,2025FA,Enrolled,
PCS-2025FA-43,S0031262,2025FA,Enrolled,
PCS-2025FA-43,S0037868,2025FA,Enrolled,
PCS-2025FA-43,S0032728,2025FA,Enrolled,
PCS-2025FA-43,S0039654,2025FA,Enrolled,
PCS-2025FA-43,S0033965,2025FA,Enrolled,
PCS-2025FA-43,S0006978,2025FA,Enrolled,
PCS-2025FA-43,S0001560,2025FA,Enrolled,
PCS-2025FA-43,S0018531,2025FA,Enrolled,
PCS-2025FA-43,S0038832,2025FA,Enrolled,
PCS-2025FA-43,S0037465,2025FA,Enrolled,
PCS-2025FA-43,S0012735,2025FA,Enrolled,
PCS-2025FA-43,S0034074,2025FA,Enrolled,
PCS-2025FA-43,S0037532,2025FA,Enrolled,
PCS-2025FA-43,S0029002,2025FA,Enrolled,
PCS-2025FA-43,S0038796,2025FA,Enrolled,
PCS-2025FA-43,S0010337,2025FA,Enrolled,
PCS-2025FA-43,S0035797,2025FA,Enrolled,
PCS-2025FA-43,S0023254,2025FA,Enrolled,
PCS-2025FA-43,S0000730,2025FA,Enrolled,
PCS-2025FA-43,S0030707,2025FA,Enrolled,
PCS-2025FA-44,S0039239,2025FA,Enrolled,
PCS-2025FA-44,S0033683,2025FA,Enrolled,
PCS-2025FA-44,S0039381,2025FA,Enrolled,
PCS-2025FA-44,S0017832,2025FA,Enrolled,
PCS-2025FA-44,S0038281,2025FA,Enrolled,
PCS-2025FA-44,S0022168,2025FA,Enrolled,
PCS-2025FA-44,S0016374,2025FA,Enrolled,
PCS-2025FA-44,S0036381,2025FA,Enrolled,
PCS-2025FA-44,S0032400,2025FA,Enrolled,
PCS-2025FA-44,S0036177,2025FA,Enrolled,
PCS-2025FA-44,S0036570,2025FA,Enrolled,
PCS-2025FA-44,S0027474,2025FA,Enrolled,
PCS-2025FA-44,S0039818,2025FA,Enrolled,
PCS-2025FA-44,S0035236,2025FA,Enrolled,
PCS-2025FA-44,S0015157,2025FA,Enrolled,
PCS-2025FA-44,S0022580,2025FA,Enrolled,
PCS-2025FA-44,S0036069,2025FA,Enrolled,
PCS-2025FA-44,S0033055,2025FA,Enrolled,
PCS-2025FA-44,S0040006,2025FA,Enrolled,
PCS-2025FA-44,S0003561,2025FA,Enrolled,
PCS-2025FA-44,S0037597,2025FA,Enrolled,
PCS-2025FA-44,S0010451,2025FA,Enrolled,
PCS-2025FA-44,S0039736,2025FA,Enrolled,
PCS-2025FA-44,S0035462,2025FA,Enrolled,
PCS-2025FA-44,S0007623,2025FA,Enrolled,
PCS-2025FA-44,S0033143,2025FA,Enrolled,
PCS-2025FA-44,S0032229,2025FA,Enrolled,
PCS-2025FA-44,S0026857,2025FA,Enrolled,
PCS-2025FA-44,S0019210,2025FA,Enrolled,
PCS-2025FA-44,S0029463,2025FA,Enrolled,
PCS-2025FA-44,S0012875,2025FA,Enrolled,
PCS-2025FA-44,S0016974,2025FA,Enrolled,
PCS-2025FA-44,S0009018,2025FA,Enrolled,
PCS-2025FA-44,S0003950,2025FA,Enrolled,
PCS-2025FA-45,S0033656,2025FA,Enrolled,
PCS-2025FA-45,S0035838,2025FA,Enrolled,
PCS-2025FA-45,S0032999,2025FA,Enrolled,
PCS-2025FA-45,S0021037,2025FA,Enrolled,
PCS-2025FA-45,S0038661,2025FA,Enrolled,
PCS-2025FA-45,S0018261,2025FA,Enrolled,
PCS-2025FA-45,S0038703,2025FA,Enrolled,
PCS-2025FA-45,S0014279,2025FA,Enrolled,
PCS-2025FA-45,S0033818,2025FA,Enrolled,
PCS-2025FA-45,S0036371,2025FA,Enrolled,
PCS-2025FA-45,S0031311,2025FA,Enrolled,
PCS-2025FA-45,S0003332,2025FA,Enrolled,
PCS-2025FA-45,S0032846,2025FA,Enrolled,
PCS-2025FA-45,S0017444,2025FA,Enrolled,
PCS-2025FA-45,S0033560,2025FA,Enrolled,
PCS-2025FA-45,S0023476,2025FA,Enrolled,
PCS-2025FA-45,S0034095,2025FA,Enrolled,
PCS-2025FA-45,S0033321,2025FA,Enrolled,
PCS-2025FA-45,S0006847,2025FA,Enrolled,
PCS-2025FA-45,S0035900,2025FA,Enrolled,
PCS-2025FA-45,S0036699,2025FA,Enrolled,
PCS-2025FA-45,S0032960,2025FA,Enrolled,
PCS-2025FA-45,S0033587,2025FA,Enrolled,
PCS-2025FA-45,S0032439,2025FA,Enrolled,
PCS-2025FA-45,S0022679,2025FA,Enrolled,
PCS-2025FA-45,S0028995,2025FA,Enrolled,
PCS-2025FA-45,S0039380,2025FA,Enrolled,
PCS-2025FA-45,S0039222,2025FA,Enrolled,
PCS-2025FA-45,S0039182,2025FA,Enrolled,
PCS-2025FA-45,S0027548,2025FA,Enrolled,
PCS-2025FA-45,S0036506,2025FA,Enrolled,
PCS-2025FA-45,S0028223,2025FA,Enrolled,
PCS-2025FA-45,S0023478,2025FA,Enrolled,
PCS-2025FA-45,S0037273,2025FA,Enrolled,
PCS-2025FA-46,S0032501,2025FA,Enrolled,
PCS-2025FA-46,S0017261,2025FA,Enrolled,
PCS-2025FA-46,S0031596,2025FA,Enrolled,
PCS-2025FA-46,S0034056,2025FA,Enrolled,
PCS-2025FA-46,S0035113,2025FA,Enrolled,
PCS-2025FA-46,S0005614,2025FA,Enrolled,
PCS-2025FA-46,S0014580,2025FA,Enrolled,
PCS-2025FA-46,S0028782,2025FA,Enrolled,
PCS-2025FA-46,S0036979,2025FA,Enrolled,
PCS-2025FA-46,S0028517,2025FA,Enrolled,
PCS-2025FA-46,S0040212,2025FA,Enrolled,
PCS-2025FA-46,S0000460,2025FA,Enrolled,
PCS-2025FA-46,S0036873,2025FA,Enrolled,
PCS-2025FA-46,S0017001,2025FA,Enrolled,
PCS-2025FA-46,S0004444,2025FA,Enrolled,
PCS-2025FA-46,S0019529,2025FA,Enrolled,
PCS-2025FA-46,S0007356,2025FA,Enrolled,
PCS-2025FA-46,S0025885,2025FA,Enrolled,
PCS-2025FA-46,S0025894,2025FA,Enrolled,
PCS-2025FA-46,S0038475,2025FA,Enrolled,
PCS-2025FA-46,S0015528,2025FA,Enrolled,
PCS-2025FA-46,S0032484,2025FA,Enrolled,
PCS-2025FA-46,S0023703,2025FA,Enrolled,
PCS-2025FA-46,S0024202,2025FA,Enrolled,
PCS-2025FA-46,S0020607,2025FA,Enrolled,
PCS-2025FA-46,S0028563,2025FA,Enrolled,
PCS-2025FA-46,S0006596,2025FA,Enrolled,
PCS-2025FA-46,S0033018,2025FA,Enrolled,
PCS-2025FA-46,S0007234,2025FA,Enrolled,
PCS-2025FA-46,S0026662,2025FA,Enrolled,
PCS-2025FA-46,S0036916,2025FA,Enrolled,
PCS-2025FA-46,S0040092,2025FA,Enrolled,
PCS-2025FA-46,S0040665,2025FA,Enrolled,
PCS-2025FA-46,S0040355,2025FA,Enrolled,
PCS-2025FA-47,S0027313,2025FA,Enrolled,
PCS-2025FA-47,S0038341,2025FA,Enrolled,
PCS-2025FA-47,S0032112,2025FA,Enrolled,
PCS-2025FA-47,S0022757,2025FA,Enrolled,
PCS-2025FA-47,S0035604,2025FA,Enrolled,
PCS-2025FA-47,S0029534,2025FA,Enrolled,
PCS-2025FA-47,S0037406,2025FA,Enrolled,
PCS-2025FA-47,S0031687,2025FA,Enrolled,
PCS-2025FA-47,S0022922,2025FA,Enrolled,
PCS-2025FA-47,S0028975,2025FA,Enrolled,
PCS-2025FA-47,S0037047,2025FA,Enrolled,
PCS-2025FA-47,S0006020,2025FA,Enrolled,
PCS-2025FA-47,S0026340,2025FA,Enrolled,
PCS-2025FA-47,S0038166,2025FA,Enrolled,
PCS-2025FA-47,S0026332,2025FA,Enrolled,
PCS-2025FA-47,S0038603,2025FA,Enrolled,
PCS-2025FA-47,S0013309,2025FA,Enrolled,
PCS-2025FA-47,S0035878,2025FA,Enrolled,
PCS-2025FA-47,S0014238,2025FA,Enrolled,
PCS-2025FA-47,S0003284,2025FA,Enrolled,
PCS-2025FA-47,S0039674,2025FA,Enrolled,
PCS-2025FA-47,S0033947,2025FA,Enrolled,
PCS-2025FA-47,S0039993,2025FA,Enrolled,
PCS-2025FA-47,S0036190,2025FA,Enrolled,
PCS-2025FA-47,S0038436,2025FA,Enrolled,
PCS-2025FA-47,S0027689,2025FA,Enrolled,
PCS-2025FA-47,S0030960,2025FA,Enrolled,
PCS-2025FA-47,S0013808,2025FA,Enrolled,
PCS-2025FA-47,S0035576,2025FA,Enrolled,
PCS-2025FA-47,S0027926,2025FA,Enrolled,
PCS-2025FA-47,S0024175,2025FA,Enrolled,
PCS-2025FA-47,S0032932,2025FA,Enrolled,
PCS-2025FA-47,S0027369,2025FA,Enrolled,
PCS-2025FA-47,S0019480,2025FA,Enrolled,
PCS-2025FA-48,S0008277,2025FA,Enrolled,
PCS-2025FA-48,S0022487,2025FA,Enrolled,
PCS-2025FA-48,S0037485,2025FA,Enrolled,
PCS-2025FA-48,S0032131,2025FA,Enrolled,
PCS-2025FA-48,S0012777,2025FA,Enrolled,
PCS-2025FA-48,S0004238,2025FA,Enrolled,
PCS-2025FA-48,S0040593,2025FA,Enrolled,
PCS-2025FA-48,S0028132,2025FA,Enrolled,
PCS-2025FA-48,S0022889,2025FA,Enrolled,
PCS-2025FA-48,S0024037,2025FA,Enrolled,
PCS-2025FA-48,S0016997,2025FA,Enrolled,
PCS-2025FA-48,S0033464,2025FA,Enrolled,
PCS-2025FA-48,S0038217,2025FA,Enrolled,
PCS-2025FA-48,S0038868,2025FA,Enrolled,
PCS-2025FA-48,S0034085,2025FA,Enrolled,
PCS-2025FA-48,S0014448,2025FA,Enrolled,
PCS-2025FA-48,S0029267,2025FA,Enrolled,
PCS-2025FA-48,S0037418,2025FA,Enrolled,
PCS-2025FA-48,S0038124,2025FA,Enrolled,
PCS-2025FA-48,S0010466,2025FA,Enrolled,
PCS-2025FA-48,S0007911,2025FA,Enrolled,
PCS-2025FA-48,S0038086,2025FA,Enrolled,
PCS-2025FA-48,S0014406,2025FA,Enrolled,
PCS-2025FA-48,S0009975,2025FA,Enrolled,
PCS-2025FA-48,S0033554,2025FA,Enrolled,
PCS-2025FA-48,S0037118,2025FA,Enrolled,
PCS-2025FA-48,S0039495,2025FA,Enrolled,
PCS-2025FA-48,S0000481,2025FA,Enrolled,
PCS-2025FA-48,S0038487,2025FA,Enrolled,
PCS-2025FA-48,S0022541,2025FA,Enrolled,
PCS-2025FA-48,S0022470,2025FA,Enrolled,
PCS-2025FA-48,S0031221,2025FA,Enrolled,
PCS-2025FA-48,S0037731,2025FA,Enrolled,
PCS-2025FA-48,S0033156,2025FA,Enrolled,
PCS-2025FA-49,S0038409,2025FA,Enrolled,
PCS-2025FA-49,S0012245,2025FA,Enrolled,
PCS-2025FA-49,S0033622,2025FA,Enrolled,
PCS-2025FA-49,S0022763,2025FA,Enrolled,
PCS-2025FA-49,S0028067,2025FA,Enrolled,
PCS-2025FA-49,S0036552,2025FA,Enrolled,
PCS-2025FA-49,S0029293,2025FA,Enrolled,
PCS-2025FA-49,S0029250,2025FA,Enrolled,
PCS-2025FA-49,S0031967,2025FA,Enrolled,
PCS-2025FA-49,S0026983,2025FA,Enrolled,
PCS-2025FA-49,S0021718,2025FA,Enrolled,
PCS-2025FA-49,S0022285,2025FA,Enrolled,
PCS-2025FA-49,S0006140,2025FA,Enrolled,
PCS-2025FA-49,S0010929,2025FA,Enrolled,
PCS-2025FA-49,S0023332,2025FA,Enrolled,
PCS-2025FA-49,S0028626,2025FA,Enrolled,
PCS-2025FA-49,S0033262,2025FA,Enrolled,
PCS-2025FA-49,S0015144,2025FA,Enrolled,
PCS-2025FA-49,S0033585,2025FA,Enrolled,
PCS-2025FA-49,S0038115,2025FA,Enrolled,
PCS-2025FA-49,S0022641,2025FA,Enrolled,
PCS-2025FA-49,S0036197,2025FA,Enrolled,
PCS-2025FA-49,S0031820,2025FA,Enrolled,
PCS-2025FA-49,S0010327,2025FA,Enrolled,
PCS-2025FA-49,S0022840,2025FA,Enrolled,
PCS-2025FA-49,S0031170,2025FA,Enrolled,
PCS-2025FA-49,S0037321,2025FA,Enrolled,
PCS-2025FA-49,S0034327,2025FA,Enrolled,
PCS-2025FA-49,S0012915,2025FA,Enrolled,
PCS-2025FA-49,S0018315,2025FA,Enrolled,
PCS-2025FA-49,S0026536,2025FA,Enrolled,
PCS-2025FA-49,S0003301,2025FA,Enrolled,
PCS-2025FA-49,S0040336,2025FA,Enrolled,
PCS-2025FA-49,S0028568,2025FA,Enrolled,
PCS-2025FA-50,S0003156,2025FA,Enrolled,
PCS-2025FA-50,S0000358,2025FA,Enrolled,
PCS-2025FA-50,S0037333,2025FA,Enrolled,
PCS-2025FA-50,S0015032,2025FA,Enrolled,
PCS-2025FA-50,S0008495,2025FA,Enrolled,
PCS-2025FA-50,S0033559,2025FA,Enrolled,
PCS-2025FA-50,S0027734,2025FA,Enrolled,
PCS-2025FA-50,S0022120,2025FA,Enrolled,
PCS-2025FA-50,S0009522,2025FA,Enrolled,
PCS-2025FA-50,S0036145,2025FA,Enrolled,
PCS-2025FA-50,S0000020,2025FA,Enrolled,
PCS-2025FA-50,S0040098,2025FA,Enrolled,
PCS-2025FA-50,S0033739,2025FA,Enrolled,
PCS-2025FA-50,S0035510,2025FA,Enrolled,
PCS-2025FA-50,S0031588,2025FA,Enrolled,
PCS-2025FA-50,S0017394,2025FA,Enrolled,
PCS-2025FA-50,S0028308,2025FA,Enrolled,
PCS-2025FA-50,S0010801,2025FA,Enrolled,
PCS-2025FA-50,S0024017,2025FA,Enrolled,
PCS-2025FA-50,S0021923,2025FA,Enrolled,
PCS-2025FA-50,S0032975,2025FA,Enrolled,
PCS-2025FA-50,S0024451,2025FA,Enrolled,
PCS-2025FA-50,S0007815,2025FA,Enrolled,
PCS-2025FA-50,S0028708,2025FA,Enrolled,
PCS-2025FA-50,S0027394,2025FA,Enrolled,
PCS-2025FA-50,S0037775,2025FA,Enrolled,
PCS-2025FA-50,S0030939,2025FA,Enrolled,
PCS-2025FA-50,S0034362,2025FA,Enrolled,
PCS-2025FA-50,S0031156,2025FA,Enrolled,
PCS-2025FA-50,S0005267,2025FA,Enrolled,
PCS-2025FA-50,S0027647,2025FA,Enrolled,
PCS-2025FA-50,S0037894,2025FA,Enrolled,
PCS-2025FA-50,S0026293,2025FA,Enrolled,
PCS-2025FA-50,S0038782,2025FA,Enrolled,
PCS-2025FA-51,S0033961,2025FA,Enrolled,
PCS-2025FA-51,S0010007,2025FA,Enrolled,
PCS-2025FA-51,S0035484,2025FA,Enrolled,
PCS-2025FA-51,S0000979,2025FA,Enrolled,
PCS-2025FA-51,S0017816,2025FA,Enrolled,
PCS-2025FA-51,S0000980,2025FA,Enrolled,
PCS-2025FA-51,S0033999,2025FA,Enrolled,
PCS-2025FA-51,S0019112,2025FA,Enrolled,
PCS-2025FA-51,S0039136,2025FA,Enrolled,
PCS-2025FA-51,S0030846,2025FA,Enrolled,
PCS-2025FA-51,S0000326,2025FA,Enrolled,
PCS-2025FA-51,S0038717,2025FA,Enrolled,
PCS-2025FA-51,S0022433,2025FA,Enrolled,
PCS-2025FA-51,S0013513,2025FA,Enrolled,
PCS-2025FA-51,S0012536,2025FA,Enrolled,
PCS-2025FA-51,S0025634,2025FA,Enrolled,
PCS-2025FA-51,S0038973,2025FA,Enrolled,
PCS-2025FA-51,S0037389,2025FA,Enrolled,
PCS-2025FA-51,S0037924,2025FA,Enrolled,
PCS-2025FA-51,S0032542,2025FA,Enrolled,
PCS-2025FA-51,S0028772,2025FA,Enrolled,
PCS-2025FA-51,S0021854,2025FA,Enrolled,
PCS-2025FA-51,S0027617,2025FA,Enrolled,
PCS-2025FA-51,S0010873,2025FA,Enrolled,
PCS-2025FA-51,S0037948,2025FA,Enrolled,
PCS-2025FA-51,S0036713,2025FA,Enrolled,
PCS-2025FA-51,S0033169,2025FA,Enrolled,
PCS-2025FA-51,S0001517,2025FA,Enrolled,
PCS-2025FA-51,S0027320,2025FA,Enrolled,
PCS-2025FA-51,S0032387,2025FA,Enrolled,
PCS-2025FA-51,S0038951,2025FA,Enrolled,
PCS-2025FA-51,S0014607,2025FA,Enrolled,
PCS-2025FA-51,S0001245,2025FA,Enrolled,
PCS-2025FA-51,S0020807,2025FA,Enrolled,
PCS-2025FA-52,S0021068,2025FA,Enrolled,
PCS-2025FA-52,S0016433,2025FA,Enrolled,
PCS-2025FA-52,S0035213,2025FA,Enrolled,
PCS-2025FA-52,S0026215,2025FA,Enrolled,
PCS-2025FA-52,S0039799,2025FA,Enrolled,
PCS-2025FA-52,S0033824,2025FA,Enrolled,
PCS-2025FA-52,S0027744,2025FA,Enrolled,
PCS-2025FA-52,S0028052,2025FA,Enrolled,
PCS-2025FA-52,S0032918,2025FA,Enrolled,
PCS-2025FA-52,S0040339,2025FA,Enrolled,
PCS-2025FA-52,S0032498,2025FA,Enrolled,
PCS-2025FA-52,S0038611,2025FA,Enrolled,
PCS-2025FA-52,S0027499,2025FA,Enrolled,
PCS-2025FA-52,S0039828,2025FA,Enrolled,
PCS-2025FA-52,S0023723,2025FA,Enrolled,
PCS-2025FA-52,S0036959,2025FA,Enrolled,
PCS-2025FA-52,S0023432,2025FA,Enrolled,
PCS-2025FA-52,S0011326,2025FA,Enrolled,
PCS-2025FA-52,S0032616,2025FA,Enrolled,
PCS-2025FA-52,S0036841,2025FA,Enrolled,
PCS-2025FA-52,S0038213,2025FA,Enrolled,
PCS-2025FA-52,S0024177,2025FA,Enrolled,
PCS-2025FA-52,S0001383,2025FA,Enrolled,
PCS-2025FA-52,S0009000,2025FA,Enrolled,
PCS-2025FA-52,S0032648,2025FA,Enrolled,
PCS-2025FA-52,S0030686,2025FA,Enrolled,
PCS-2025FA-52,S0028016,2025FA,Enrolled,
PCS-2025FA-52,S0036082,2025FA,Enrolled,
PCS-2025FA-52,S0006720,2025FA,Enrolled,
PCS-2025FA-52,S0023726,2025FA,Enrolled,
PCS-2025FA-52,S0006538,2025FA,Enrolled,
PCS-2025FA-52,S0028385,2025FA,Enrolled,
PCS-2025FA-52,S0027720,2025FA,Enrolled,
PCS-2025FA-52,S0011583,2025FA,Enrolled,
PCS-2025FA-53,S0035155,2025FA,Enrolled,
PCS-2025FA-53,S0035930,2025FA,Enrolled,
PCS-2025FA-53,S0017293,2025FA,Enrolled,
PCS-2025FA-53,S0033872,2025FA,Enrolled,
PCS-2025FA-53,S0030928,2025FA,Enrolled,
PCS-2025FA-53,S0033379,2025FA,Enrolled,
PCS-2025FA-53,S0036112,2025FA,Enrolled,
PCS-2025FA-53,S0004480,2025FA,Enrolled,
PCS-2025FA-53,S0010715,2025FA,Enrolled,
PCS-2025FA-53,S0001113,2025FA,Enrolled,
PCS-2025FA-53,S0034379,2025FA,Enrolled,
PCS-2025FA-53,S0028651,2025FA,Enrolled,
PCS-2025FA-53,S0003254,2025FA,Enrolled,
PCS-2025FA-53,S0033983,2025FA,Enrolled,
PCS-2025FA-53,S0028085,2025FA,Enrolled,
PCS-2025FA-53,S0038712,2025FA,Enrolled,
PCS-2025FA-53,S0038045,2025FA,Enrolled,
PCS-2025FA-53,S0028906,2025FA,Enrolled,
PCS-2025FA-53,S0023041,2025FA,Enrolled,
PCS-2025FA-53,S0038630,2025FA,Enrolled,
PCS-2025FA-53,S0025662,2025FA,Enrolled,
PCS-2025FA-53,S0032538,2025FA,Enrolled,
PCS-2025FA-53,S0037582,2025FA,Enrolled,
PCS-2025FA-53,S0037204,2025FA,Enrolled,
PCS-2025FA-53,S0001588,2025FA,Enrolled,
PCS-2025FA-53,S0032791,2025FA,Enrolled,
PCS-2025FA-53,S0001243,2025FA,Enrolled,
PCS-2025FA-53,S0038878,2025FA,Enrolled,
PCS-2025FA-53,S0023598,2025FA,Enrolled,
PCS-2025FA-53,S0038433,2025FA,Enrolled,
PCS-2025FA-53,S0029332,2025FA,Enrolled,
PCS-2025FA-53,S0033743,2025FA,Enrolled,
PCS-2025FA-53,S0000603,2025FA,Enrolled,
PCS-2025FA-53,S0038252,2025FA,Enrolled,
PCS-2025FA-54,S0027234,2025FA,Enrolled,
PCS-2025FA-54,S0023221,2025FA,Enrolled,
PCS-2025FA-54,S0015084,2025FA,Enrolled,
PCS-2025FA-54,S0036156,2025FA,Enrolled,
PCS-2025FA-54,S0040069,2025FA,Enrolled,
PCS-2025FA-54,S0035446,2025FA,Enrolled,
PCS-2025FA-54,S0030453,2025FA,Enrolled,
PCS-2025FA-54,S0026178,2025FA,Enrolled,
PCS-2025FA-54,S0000167,2025FA,Enrolled,
PCS-2025FA-54,S0038418,2025FA,Enrolled,
PCS-2025FA-54,S0033783,2025FA,Enrolled,
PCS-2025FA-54,S0040484,2025FA,Enrolled,
PCS-2025FA-54,S0027931,2025FA,Enrolled,
PCS-2025FA-54,S0023014,2025FA,Enrolled,
PCS-2025FA-54,S0026828,2025FA,Enrolled,
PCS-2025FA-54,S0016253,2025FA,Enrolled,
PCS-2025FA-54,S0036438,2025FA,Enrolled,
PCS-2025FA-54,S0014004,2025FA,Enrolled,
PCS-2025FA-54,S0026064,2025FA,Enrolled,
PCS-2025FA-54,S0016339,2025FA,Enrolled,
PCS-2025FA-54,S0032899,2025FA,Enrolled,
PCS-2025FA-54,S0029156,2025FA,Enrolled,
PCS-2025FA-54,S0028553,2025FA,Enrolled,
PCS-2025FA-54,S0023918,2025FA,Enrolled,
PCS-2025FA-54,S0003077,2025FA,Enrolled,
PCS-2025FA-54,S0038336,2025FA,Enrolled,
PCS-2025FA-54,S0011287,2025FA,Enrolled,
PCS-2025FA-54,S0027814,2025FA,Enrolled,
PCS-2025FA-54,S0037370,2025FA,Enrolled,
PCS-2025FA-54,S0017756,2025FA,Enrolled,
PCS-2025FA-54,S0037820,2025FA,Enrolled,
PCS-2025FA-54,S0031996,2025FA,Enrolled,
PCS-2025FA-54,S0004499,2025FA,Enrolled,
PCS-2025FA-54,S0038738,2025FA,Enrolled,
PCS-2025FA-55,S0009042,2025FA,Enrolled,
PCS-2025FA-55,S0030476,2025FA,Enrolled,
PCS-2025FA-55,S0028737,2025FA,Enrolled,
PCS-2025FA-55,S0031123,2025FA,Enrolled,
PCS-2025FA-55,S0036142,2025FA,Enrolled,
PCS-2025FA-55,S0037417,2025FA,Enrolled,
PCS-2025FA-55,S0001968,2025FA,Enrolled,
PCS-2025FA-55,S0028962,2025FA,Enrolled,
PCS-2025FA-55,S0022380,2025FA,Enrolled,
PCS-2025FA-55,S0028992,2025FA,Enrolled,
PCS-2025FA-55,S0033436,2025FA,Enrolled,
PCS-2025FA-55,S0040169,2025FA,Enrolled,
PCS-2025FA-55,S0000548,2025FA,Enrolled,
PCS-2025FA-55,S0033673,2025FA,Enrolled,
PCS-2025FA-55,S0026190,2025FA,Enrolled,
PCS-2025FA-55,S0009005,2025FA,Enrolled,
PCS-2025FA-55,S0023431,2025FA,Enrolled,
PCS-2025FA-55,S0026390,2025FA,Enrolled,
PCS-2025FA-55,S0000385,2025FA,Enrolled,
PCS-2025FA-55,S0002059,2025FA,Enrolled,
PCS-2025FA-55,S0014027,2025FA,Enrolled,
PCS-2025FA-55,S0028141,2025FA,Enrolled,
PCS-2025FA-55,S0033469,2025FA,Enrolled,
PCS-2025FA-55,S0034083,2025FA,Enrolled,
PCS-2025FA-55,S0025776,2025FA,Enrolled,
PCS-2025FA-55,S0038208,2025FA,Enrolled,
PCS-2025FA-55,S0029279,2025FA,Enrolled,
PCS-2025FA-55,S0039534,2025FA,Enrolled,
PCS-2025FA-55,S0039025,2025FA,Enrolled,
PCS-2025FA-55,S0036851,2025FA,Enrolled,
PCS-2025FA-55,S0027376,2025FA,Enrolled,
PCS-2025FA-55,S0036877,2025FA,Enrolled,
PCS-2025FA-55,S0039964,2025FA,Enrolled,
PCS-2025FA-55,S0040379,2025FA,Enrolled,
PCS-2025FA-56,S0036333,2025FA,Enrolled,
PCS-2025FA-56,S0040248,2025FA,Enrolled,
PCS-2025FA-56,S0012339,2025FA,Enrolled,
PCS-2025FA-56,S0024308,2025FA,Enrolled,
PCS-2025FA-56,S0039561,2025FA,Enrolled,
PCS-2025FA-56,S0019475,2025FA,Enrolled,
PCS-2025FA-56,S0006599,2025FA,Enrolled,
PCS-2025FA-56,S0023103,2025FA,Enrolled,
PCS-2025FA-56,S0032530,2025FA,Enrolled,
PCS-2025FA-56,S0032399,2025FA,Enrolled,
PCS-2025FA-56,S0036937,2025FA,Enrolled,
PCS-2025FA-56,S0018955,2025FA,Enrolled,
PCS-2025FA-56,S0038090,2025FA,Enrolled,
PCS-2025FA-56,S0007173,2025FA,Enrolled,
PCS-2025FA-56,S0036192,2025FA,Enrolled,
PCS-2025FA-56,S0012501,2025FA,Enrolled,
PCS-2025FA-56,S0015271,2025FA,Enrolled,
PCS-2025FA-56,S0040187,2025FA,Enrolled,
PCS-2025FA-56,S0013336,2025FA,Enrolled,
PCS-2025FA-56,S0023532,2025FA,Enrolled,
PCS-2025FA-56,S0003849,2025FA,Enrolled,
PCS-2025FA-56,S0035503,2025FA,Enrolled,
PCS-2025FA-56,S0001153,2025FA,Enrolled,
PCS-2025FA-56,S0033444,2025FA,Enrolled,
PCS-2025FA-56,S0000522,2025FA,Enrolled,
PCS-2025FA-56,S0032930,2025FA,Enrolled,
PCS-2025FA-56,S0019638,2025FA,Enrolled,
PCS-2025FA-56,S0013389,2025FA,Enrolled,
PCS-2025FA-56,S0031805,2025FA,Enrolled,
PCS-2025FA-56,S0012774,2025FA,Enrolled,
PCS-2025FA-56,S0032658,2025FA,Enrolled,
PCS-2025FA-56,S0029057,2025FA,Enrolled,
PCS-2025FA-56,S0009792,2025FA,Enrolled,
PCS-2025FA-56,S0026880,2025FA,Enrolled,
PCS-2025FA-57,S0023521,2025FA,Enrolled,
PCS-2025FA-57,S0005329,2025FA,Enrolled,
PCS-2025FA-57,S0033258,2025FA,Enrolled,
PCS-2025FA-57,S0037506,2025FA,Enrolled,
PCS-2025FA-57,S0018024,2025FA,Enrolled,
PCS-2025FA-57,S0009776,2025FA,Enrolled,
PCS-2025FA-57,S0016787,2025FA,Enrolled,
PCS-2025FA-57,S0032669,2025FA,Enrolled,
PCS-2025FA-57,S0035429,2025FA,Enrolled,
PCS-2025FA-57,S0034003,2025FA,Enrolled,
PCS-2025FA-57,S0024143,2025FA,Enrolled,
PCS-2025FA-57,S0020904,2025FA,Enrolled,
PCS-2025FA-57,S0038024,2025FA,Enrolled,
PCS-2025FA-57,S0029371,2025FA,Enrolled,
PCS-2025FA-57,S0038150,2025FA,Enrolled,
PCS-2025FA-57,S0032619,2025FA,Enrolled,
PCS-2025FA-57,S0012927,2025FA,Enrolled,
PCS-2025FA-57,S0040281,2025FA,Enrolled,
PCS-2025FA-57,S0005867,2025FA,Enrolled,
PCS-2025FA-57,S0028621,2025FA,Enrolled,
PCS-2025FA-57,S0030575,2025FA,Enrolled,
PCS-2025FA-57,S0039593,2025FA,Enrolled,
PCS-2025FA-57,S0013167,2025FA,Enrolled,
PCS-2025FA-57,S0039672,2025FA,Enrolled,
PCS-2025FA-57,S0023916,2025FA,Enrolled,
PCS-2025FA-57,S0039892,2025FA,Enrolled,
PCS-2025FA-57,S0002094,2025FA,Enrolled,
PCS-2025FA-57,S0019641,2025FA,Enrolled,
PCS-2025FA-57,S0039104,2025FA,Enrolled,
PCS-2025FA-57,S0022361,2025FA,Enrolled,
PCS-2025FA-57,S0036041,2025FA,Enrolled,
PCS-2025FA-57,S0015597,2025FA,Enrolled,
PCS-2025FA-57,S0019095,2025FA,Enrolled,
PCS-2025FA-57,S0016182,2025FA,Enrolled,
PCS-2025FA-58,S0026864,2025FA,Enrolled,
PCS-2025FA-58,S0030620,2025FA,Enrolled,
PCS-2025FA-58,S0036967,2025FA,Enrolled,
PCS-2025FA-58,S0038235,2025FA,Enrolled,
PCS-2025FA-58,S0038952,2025FA,Enrolled,
PCS-2025FA-58,S0029553,2025FA,Enrolled,
PCS-2025FA-58,S0032462,2025FA,Enrolled,
PCS-2025FA-58,S0007321,2025FA,Enrolled,
PCS-2025FA-58,S0038577,2025FA,Enrolled,
PCS-2025FA-58,S0027408,2025FA,Enrolled,
PCS-2025FA-58,S0038258,2025FA,Enrolled,
PCS-2025FA-58,S0024319,2025FA,Enrolled,
PCS-2025FA-58,S0036903,2025FA,Enrolled,
PCS-2025FA-58,S0038843,2025FA,Enrolled,
PCS-2025FA-58,S0011854,2025FA,Enrolled,
PCS-2025FA-58,S0023627,2025FA,Enrolled,
PCS-2025FA-58,S0038972,2025FA,Enrolled,
PCS-2025FA-58,S0029525,2025FA,Enrolled,
PCS-2025FA-58,S0028532,2025FA,Enrolled,
PCS-2025FA-58,S0036462,2025FA,Enrolled,
PCS-2025FA-58,S0033998,2025FA,Enrolled,
PCS-2025FA-58,S0028462,2025FA,Enrolled,
PCS-2025FA-58,S0014444,2025FA,Enrolled,
PCS-2025FA-58,S0035372,2025FA,Enrolled,
PCS-2025FA-58,S0020689,2025FA,Enrolled,
PCS-2025FA-58,S0012262,2025FA,Enrolled,
PCS-2025FA-58,S0015715,2025FA,Enrolled,
PCS-2025FA-58,S0030604,2025FA,Enrolled,
PCS-2025FA-58,S0001000,2025FA,Enrolled,
PCS-2025FA-58,S0036339,2025FA,Enrolled,
PCS-2025FA-58,S0010626,2025FA,Enrolled,
PCS-2025FA-58,S0036868,2025FA,Enrolled,
PCS-2025FA-58,S0032872,2025FA,Enrolled,
PCS-2025FA-58,S0039328,2025FA,Enrolled,
PCS-2025FA-59,S0017159,2025FA,Enrolled,
PCS-2025FA-59,S0001038,2025FA,Enrolled,
PCS-2025FA-59,S0038446,2025FA,Enrolled,
PCS-2025FA-59,S0006027,2025FA,Enrolled,
PCS-2025FA-59,S0023841,2025FA,Enrolled,
PCS-2025FA-59,S0004884,2025FA,Enrolled,
PCS-2025FA-59,S0031448,2025FA,Enrolled,
PCS-2025FA-59,S0001679,2025FA,Enrolled,
PCS-2025FA-59,S0037858,2025FA,Enrolled,
PCS-2025FA-59,S0010272,2025FA,Enrolled,
PCS-2025FA-59,S0027543,2025FA,Enrolled,
PCS-2025FA-59,S0008319,2025FA,Enrolled,
PCS-2025FA-59,S0012630,2025FA,Enrolled,
PCS-2025FA-59,S0008966,2025FA,Enrolled,
PCS-2025FA-59,S0028221,2025FA,Enrolled,
PCS-2025FA-59,S0021025,2025FA,Enrolled,
PCS-2025FA-59,S0024090,2025FA,Enrolled,
PCS-2025FA-59,S0039518,2025FA,Enrolled,
PCS-2025FA-59,S0000951,2025FA,Enrolled,
PCS-2025FA-59,S0022166,2025FA,Enrolled,
PCS-2025FA-59,S0040091,2025FA,Enrolled,
PCS-2025FA-59,S0022406,2025FA,Enrolled,
PCS-2025FA-59,S0035698,2025FA,Enrolled,
PCS-2025FA-59,S0012438,2025FA,Enrolled,
PCS-2025FA-59,S0014134,2025FA,Enrolled,
PCS-2025FA-59,S0015997,2025FA,Enrolled,
PCS-2025FA-59,S0004357,2025FA,Enrolled,
PCS-2025FA-59,S0037528,2025FA,Enrolled,
PCS-2025FA-59,S0027353,2025FA,Enrolled,
PCS-2025FA-59,S0031164,2025FA,Enrolled,
PCS-2025FA-59,S0007692,2025FA,Enrolled,
PCS-2025FA-59,S0038296,2025FA,Enrolled,
PCS-2025FA-59,S0028915,2025FA,Enrolled,
PCS-2025FA-59,S0003224,2025FA,Enrolled,
PCS-2025FA-60,S0021506,2025FA,Enrolled,
PCS-2025FA-60,S0039268,2025FA,Enrolled,
PCS-2025FA-60,S0027472,2025FA,Enrolled,
PCS-2025FA-60,S0003491,2025FA,Enrolled,
PCS-2025FA-60,S0022632,2025FA,Enrolled,
PCS-2025FA-60,S0039006,2025FA,Enrolled,
PCS-2025FA-60,S0039881,2025FA,Enrolled,
PCS-2025FA-60,S0015507,2025FA,Enrolled,
PCS-2025FA-60,S0012133,2025FA,Enrolled,
PCS-2025FA-60,S0005094,2025FA,Enrolled,
PCS-2025FA-60,S0038464,2025FA,Enrolled,
PCS-2025FA-60,S0011331,2025FA,Enrolled,
PCS-2025FA-60,S0004608,2025FA,Enrolled,
PCS-2025FA-60,S0038069,2025FA,Enrolled,
PCS-2025FA-60,S0037256,2025FA,Enrolled,
PCS-2025FA-60,S0012668,2025FA,Enrolled,
PCS-2025FA-60,S0023719,2025FA,Enrolled,
PCS-2025FA-60,S0035401,2025FA,Enrolled,
PCS-2025FA-60,S0025742,2025FA,Enrolled,
PCS-2025FA-60,S0029050,2025FA,Enrolled,
PCS-2025FA-60,S0001537,2025FA,Enrolled,
PCS-2025FA-60,S0034425,2025FA,Enrolled,
PCS-2025FA-60,S0031405,2025FA,Enrolled,
PCS-2025FA-60,S0020713,2025FA,Enrolled,
PCS-2025FA-60,S0038262,2025FA,Enrolled,
PCS-2025FA-60,S0036300,2025FA,Enrolled,
PCS-2025FA-60,S0033640,2025FA,Enrolled,
PCS-2025FA-60,S0018244,2025FA,Enrolled,
PCS-2025FA-60,S0025665,2025FA,Enrolled,
PCS-2025FA-60,S0040247,2025FA,Enrolled,
PCS-2025FA-60,S0023768,2025FA,Enrolled,
PCS-2025FA-60,S0021062,2025FA,Enrolled,
PCS-2025FA-60,S0035979,2025FA,Enrolled,
PCS-2025FA-60,S0030823,2025FA,Enrolled,
PCS-2025FA-61,S0022947,2025FA,Enrolled,
PCS-2025FA-61,S0020980,2025FA,Enrolled,
PCS-2025FA-61,S0035205,2025FA,Enrolled,
PCS-2025FA-61,S0007353,2025FA,Enrolled,
PCS-2025FA-61,S0030850,2025FA,Enrolled,
PCS-2025FA-61,S0021393,2025FA,Enrolled,
PCS-2025FA-61,S0033113,2025FA,Enrolled,
PCS-2025FA-61,S0026136,2025FA,Enrolled,
PCS-2025FA-61,S0026679,2025FA,Enrolled,
PCS-2025FA-61,S0019167,2025FA,Enrolled,
PCS-2025FA-61,S0009448,2025FA,Enrolled,
PCS-2025FA-61,S0036446,2025FA,Enrolled,
PCS-2025FA-61,S0023503,2025FA,Enrolled,
PCS-2025FA-61,S0021899,2025FA,Enrolled,
PCS-2025FA-61,S0023602,2025FA,Enrolled,
PCS-2025FA-61,S0037722,2025FA,Enrolled,
PCS-2025FA-61,S0029135,2025FA,Enrolled,
PCS-2025FA-61,S0000995,2025FA,Enrolled,
PCS-2025FA-61,S0004899,2025FA,Enrolled,
PCS-2025FA-61,S0019379,2025FA,Enrolled,
PCS-2025FA-61,S0013771,2025FA,Enrolled,
PCS-2025FA-61,S0038279,2025FA,Enrolled,
PCS-2025FA-61,S0040250,2025FA,Enrolled,
PCS-2025FA-61,S0037167,2025FA,Enrolled,
PCS-2025FA-61,S0040346,2025FA,Enrolled,
PCS-2025FA-61,S0033596,2025FA,Enrolled,
PCS-2025FA-61,S0025411,2025FA,Enrolled,
PCS-2025FA-61,S0015881,2025FA,Enrolled,
PCS-2025FA-61,S0022138,2025FA,Enrolled,
PCS-2025FA-61,S0037606,2025FA,Enrolled,
PCS-2025FA-61,S0003203,2025FA,Enrolled,
PCS-2025FA-61,S0010979,2025FA,Enrolled,
PCS-2025FA-61,S0026666,2025FA,Enrolled,
PCS-2025FA-61,S0034198,2025FA,Enrolled,
PCS-2025FA-62,S0008195,2025FA,Enrolled,
PCS-2025FA-62,S0015562,2025FA,Enrolled,
PCS-2025FA-62,S0009924,2025FA,Enrolled,
PCS-2025FA-62,S0037872,2025FA,Enrolled,
PCS-2025FA-62,S0022740,2025FA,Enrolled,
PCS-2025FA-62,S0018526,2025FA,Enrolled,
PCS-2025FA-62,S0003564,2025FA,Enrolled,
PCS-2025FA-62,S0032419,2025FA,Enrolled,
PCS-2025FA-62,S0033075,2025FA,Enrolled,
PCS-2025FA-62,S0030545,2025FA,Enrolled,
PCS-2025FA-62,S0008860,2025FA,Enrolled,
PCS-2025FA-62,S0040121,2025FA,Enrolled,
PCS-2025FA-62,S0031721,2025FA,Enrolled,
PCS-2025FA-62,S0040294,2025FA,Enrolled,
PCS-2025FA-62,S0037698,2025FA,Enrolled,
PCS-2025FA-62,S0039505,2025FA,Enrolled,
PCS-2025FA-62,S0028827,2025FA,Enrolled,
PCS-2025FA-62,S0010176,2025FA,Enrolled,
PCS-2025FA-62,S0037061,2025FA,Enrolled,
PCS-2025FA-62,S0038887,2025FA,Enrolled,
PCS-2025FA-62,S0037833,2025FA,Enrolled,
PCS-2025FA-62,S0031078,2025FA,Enrolled,
PCS-2025FA-62,S0026240,2025FA,Enrolled,
PCS-2025FA-62,S0026018,2025FA,Enrolled,
PCS-2025FA-62,S0001786,2025FA,Enrolled,
PCS-2025FA-62,S0028160,2025FA,Enrolled,
PCS-2025FA-62,S0040158,2025FA,Enrolled,
PCS-2025FA-62,S0008216,2025FA,Enrolled,
PCS-2025FA-62,S0003108,2025FA,Enrolled,
PCS-2025FA-62,S0038290,2025FA,Enrolled,
PCS-2025FA-62,S0031172,2025FA,Enrolled,
PCS-2025FA-62,S0033365,2025FA,Enrolled,
PCS-2025FA-62,S0034137,2025FA,Enrolled,
PCS-2025FA-62,S0032158,2025FA,Enrolled,
PCS-2025FA-63,S0028342,2025FA,Enrolled,
PCS-2025FA-63,S0035762,2025FA,Enrolled,
PCS-2025FA-63,S0030749,2025FA,Enrolled,
PCS-2025FA-63,S0037699,2025FA,Enrolled,
PCS-2025FA-63,S0035396,2025FA,Enrolled,
PCS-2025FA-63,S0019679,2025FA,Enrolled,
PCS-2025FA-63,S0030954,2025FA,Enrolled,
PCS-2025FA-63,S0010516,2025FA,Enrolled,
PCS-2025FA-63,S0026495,2025FA,Enrolled,
PCS-2025FA-63,S0018105,2025FA,Enrolled,
PCS-2025FA-63,S0039698,2025FA,Enrolled,
PCS-2025FA-63,S0018106,2025FA,Enrolled,
PCS-2025FA-63,S0031262,2025FA,Enrolled,
PCS-2025FA-63,S0037868,2025FA,Enrolled,
PCS-2025FA-63,S0032728,2025FA,Enrolled,
PCS-2025FA-63,S0039654,2025FA,Enrolled,
PCS-2025FA-63,S0033965,2025FA,Enrolled,
PCS-2025FA-63,S0006978,2025FA,Enrolled,
PCS-2025FA-63,S0001560,2025FA,Enrolled,
PCS-2025FA-63,S0018531,2025FA,Enrolled,
PCS-2025FA-63,S0038832,2025FA,Enrolled,
PCS-2025FA-63,S0037465,2025FA,Enrolled,
PCS-2025FA-63,S0012735,2025FA,Enrolled,
PCS-2025FA-63,S0034074,2025FA,Enrolled,
PCS-2025FA-63,S0037532,2025FA,Enrolled,
PCS-2025FA-63,S0029002,2025FA,Enrolled,
PCS-2025FA-63,S0038796,2025FA,Enrolled,
PCS-2025FA-63,S0010337,2025FA,Enrolled,
PCS-2025FA-63,S0035797,2025FA,Enrolled,
PCS-2025FA-63,S0023254,2025FA,Enrolled,
PCS-2025FA-63,S0000730,2025FA,Enrolled,
PCS-2025FA-63,S0030707,2025FA,Enrolled,
PCS-2025FA-63,S0039239,2025FA,Enrolled,
PCS-2025FA-63,S0033683,2025FA,Enrolled,
PCS-2025FA-64,S0039381,2025FA,Enrolled,
PCS-2025FA-64,S0017832,2025FA,Enrolled,
PCS-2025FA-64,S0038281,2025FA,Enrolled,
PCS-2025FA-64,S0022168,2025FA,Enrolled,
PCS-2025FA-64,S0016374,2025FA,Enrolled,
PCS-2025FA-64,S0036381,2025FA,Enrolled,
PCS-2025FA-64,S0032400,2025FA,Enrolled,
PCS-2025FA-64,S0036177,2025FA,Enrolled,
PCS-2025FA-64,S0036570,2025FA,Enrolled,
PCS-2025FA-64,S0027474,2025FA,Enrolled,
PCS-2025FA-64,S0039818,2025FA,Enrolled,
PCS-2025FA-64,S0035236,2025FA,Enrolled,
PCS-2025FA-64,S0015157,2025FA,Enrolled,
PCS-2025FA-64,S0022580,2025FA,Enrolled,
PCS-2025FA-64,S0036069,2025FA,Enrolled,
PCS-2025FA-64,S0033055,2025FA,Enrolled,
PCS-2025FA-64,S0040006,2025FA,Enrolled,
PCS-2025FA-64,S0003561,2025FA,Enrolled,
PCS-2025FA-64,S0037597,2025FA,Enrolled,
PCS-2025FA-64,S0010451,2025FA,Enrolled,
PCS-2025FA-64,S0039736,2025FA,Enrolled,
PCS-2025FA-64,S0035462,2025FA,Enrolled,
PCS-2025FA-64,S0007623,2025FA,Enrolled,
PCS-2025FA-64,S0033143,2025FA,Enrolled,
PCS-2025FA-64,S0032229,2025FA,Enrolled,
PCS-2025FA-64,S0026857,2025FA,Enrolled,
PCS-2025FA-64,S0019210,2025FA,Enrolled,
PCS-2025FA-64,S0029463,2025FA,Enrolled,
PCS-2025FA-64,S0012875,2025FA,Enrolled,
PCS-2025FA-64,S0016974,2025FA,Enrolled,
PCS-2025FA-64,S0009018,2025FA,Enrolled,
PCS-2025FA-64,S0003950,2025FA,Enrolled,
PCS-2025FA-64,S0033656,2025FA,Enrolled,
PCS-2025FA-64,S0035838,2025FA,Enrolled,
PCS-2025FA-65,S0032999,2025FA,Enrolled,
PCS-2025FA-65,S0021037,2025FA,Enrolled,
PCS-2025FA-65,S0038661,2025FA,Enrolled,
PCS-2025FA-65,S0018261,2025FA,Enrolled,
PCS-2025FA-65,S0038703,2025FA,Enrolled,
PCS-2025FA-65,S0014279,2025FA,Enrolled,
PCS-2025FA-65,S0033818,2025FA,Enrolled,
PCS-2025FA-65,S0036371,2025FA,Enrolled,
PCS-2025FA-65,S0031311,2025FA,Enrolled,
PCS-2025FA-65,S0003332,2025FA,Enrolled,
PCS-2025FA-65,S0032846,2025FA,Enrolled,
PCS-2025FA-65,S0017444,2025FA,Enrolled,
PCS-2025FA-65,S0033560,2025FA,Enrolled,
PCS-2025FA-65,S0023476,2025FA,Enrolled,
PCS-2025FA-65,S0034095,2025FA,Enrolled,
PCS-2025FA-65,S0033321,2025FA,Enrolled,
PCS-2025FA-65,S0006847,2025FA,Enrolled,
PCS-2025FA-65,S0035900,2025FA,Enrolled,
PCS-2025FA-65,S0036699,2025FA,Enrolled,
PCS-2025FA-65,S0032960,2025FA,Enrolled,
PCS-2025FA-65,S0033587,2025FA,Enrolled,
PCS-2025FA-65,S0032439,2025FA,Enrolled,
PCS-2025FA-65,S0022679,2025FA,Enrolled,
PCS-2025FA-65,S0028995,2025FA,Enrolled,
PCS-2025FA-65,S0039380,2025FA,Enrolled,
PCS-2025FA-65,S0039222,2025FA,Enrolled,
PCS-2025FA-65,S0039182,2025FA,Enrolled,
PCS-2025FA-65,S0027548,2025FA,Enrolled,
PCS-2025FA-65,S0036506,2025FA,Enrolled,
PCS-2025FA-65,S0028223,2025FA,Enrolled,
PCS-2025FA-65,S0023478,2025FA,Enrolled,
PCS-2025FA-65,S0037273,2025FA,Enrolled,
PCS-2025FA-65,S0032501,2025FA,Enrolled,
PCS-2025FA-65,S0017261,2025FA,Enrolled,
PCS-2025FA-66,S0031596,2025FA,Enrolled,
PCS-2025FA-66,S0034056,2025FA,Enrolled,
PCS-2025FA-66,S0035113,2025FA,Enrolled,
PCS-2025FA-66,S0005614,2025FA,Enrolled,
PCS-2025FA-66,S0014580,2025FA,Enrolled,
PCS-2025FA-66,S0028782,2025FA,Enrolled,
PCS-2025FA-66,S0036979,2025FA,Enrolled,
PCS-2025FA-66,S0028517,2025FA,Enrolled,
PCS-2025FA-66,S0040212,2025FA,Enrolled,
PCS-2025FA-66,S0000460,2025FA,Enrolled,
PCS-2025FA-66,S0036873,2025FA,Enrolled,
PCS-2025FA-66,S0017001,2025FA,Enrolled,
PCS-2025FA-66,S0004444,2025FA,Enrolled,
PCS-2025FA-66,S0019529,2025FA,Enrolled,
PCS-2025FA-66,S0007356,2025FA,Enrolled,
PCS-2025FA-66,S0025885,2025FA,Enrolled,
PCS-2025FA-66,S0025894,2025FA,Enrolled,
PCS-2025FA-66,S0038475,2025FA,Enrolled,
PCS-2025FA-66,S0015528,2025FA,Enrolled,
PCS-2025FA-66,S0032484,2025FA,Enrolled,
PCS-2025FA-66,S0023703,2025FA,Enrolled,
PCS-2025FA-66,S0024202,2025FA,Enrolled,
PCS-2025FA-66,S0020607,2025FA,Enrolled,
PCS-2025FA-66,S0028563,2025FA,Enrolled,
PCS-2025FA-66,S0006596,2025FA,Enrolled,
PCS-2025FA-66,S0033018,2025FA,Enrolled,
PCS-2025FA-66,S0007234,2025FA,Enrolled,
PCS-2025FA-66,S0026662,2025FA,Enrolled,
PCS-2025FA-66,S0036916,2025FA,Enrolled,
PCS-2025FA-66,S0040092,2025FA,Enrolled,
PCS-2025FA-66,S0040665,2025FA,Enrolled,
PCS-2025FA-66,S0040355,2025FA,Enrolled,
PCS-2025FA-66,S0027313,2025FA,Enrolled,
PCS-2025FA-67,S0038341,2025FA,Enrolled,
PCS-2025FA-67,S0032112,2025FA,Enrolled,
PCS-2025FA-67,S0022757,2025FA,Enrolled,
PCS-2025FA-67,S0035604,2025FA,Enrolled,
PCS-2025FA-67,S0029534,2025FA,Enrolled,
PCS-2025FA-67,S0037406,2025FA,Enrolled,
PCS-2025FA-67,S0031687,2025FA,Enrolled,
PCS-2025FA-67,S0022922,2025FA,Enrolled,
PCS-2025FA-67,S0028975,2025FA,Enrolled,
PCS-2025FA-67,S0037047,2025FA,Enrolled,
PCS-2025FA-67,S0006020,2025FA,Enrolled,
PCS-2025FA-67,S0026340,2025FA,Enrolled,
PCS-2025FA-67,S0038166,2025FA,Enrolled,
PCS-2025FA-67,S0026332,2025FA,Enrolled,
PCS-2025FA-67,S0038603,2025FA,Enrolled,
PCS-2025FA-67,S0013309,2025FA,Enrolled,
PCS-2025FA-67,S0035878,2025FA,Enrolled,
PCS-2025FA-67,S0014238,2025FA,Enrolled,
PCS-2025FA-67,S0003284,2025FA,Enrolled,
PCS-2025FA-67,S0039674,2025FA,Enrolled,
PCS-2025FA-67,S0033947,2025FA,Enrolled,
PCS-2025FA-67,S0039993,2025FA,Enrolled,
PCS-2025FA-67,S0036190,2025FA,Enrolled,
PCS-2025FA-67,S0038436,2025FA,Enrolled,
PCS-2025FA-67,S0027689,2025FA,Enrolled,
PCS-2025FA-67,S0030960,2025FA,Enrolled,
PCS-2025FA-67,S0013808,2025FA,Enrolled,
PCS-2025FA-67,S0035576,2025FA,Enrolled,
PCS-2025FA-67,S0027926,2025FA,Enrolled,
PCS-2025FA-67,S0024175,2025FA,Enrolled,
PCS-2025FA-67,S0032932,2025FA,Enrolled,
PCS-2025FA-67,S0027369,2025FA,Enrolled,
PCS-2025FA-67,S0019480,2025FA,Enrolled,
PCS-2025FA-68,S0008277,2025FA,Enrolled,
PCS-2025FA-68,S0022487,2025FA,Enrolled,
PCS-2025FA-68,S0037485,2025FA,Enrolled,
PCS-2025FA-68,S0032131,2025FA,Enrolled,
PCS-2025FA-68,S0012777,2025FA,Enrolled,
PCS-2025FA-68,S0004238,2025FA,Enrolled,
PCS-2025FA-68,S0040593,2025FA,Enrolled,
PCS-2025FA-68,S0028132,2025FA,Enrolled,
PCS-2025FA-68,S0022889,2025FA,Enrolled,
PCS-2025FA-68,S0024037,2025FA,Enrolled,
PCS-2025FA-68,S0016997,2025FA,Enrolled,
PCS-2025FA-68,S0033464,2025FA,Enrolled,
PCS-2025FA-68,S0038217,2025FA,Enrolled,
PCS-2025FA-68,S0038868,2025FA,Enrolled,
PCS-2025FA-68,S0034085,2025FA,Enrolled,
PCS-2025FA-68,S0014448,2025FA,Enrolled,
PCS-2025FA-68,S0029267,2025FA,Enrolled,
PCS-2025FA-68,S0037418,2025FA,Enrolled,
PCS-2025FA-68,S0038124,2025FA,Enrolled,
PCS-2025FA-68,S0010466,2025FA,Enrolled,
PCS-2025FA-68,S0007911,2025FA,Enrolled,
PCS-2025FA-68,S0038086,2025FA,Enrolled,
PCS-2025FA-68,S0014406,2025FA,Enrolled,
PCS-2025FA-68,S0009975,2025FA,Enrolled,
PCS-2025FA-68,S0033554,2025FA,Enrolled,
PCS-2025FA-68,S0037118,2025FA,Enrolled,
PCS-2025FA-68,S0039495,2025FA,Enrolled,
PCS-2025FA-68,S0000481,2025FA,Enrolled,
PCS-2025FA-68,S0038487,2025FA,Enrolled,
PCS-2025FA-68,S0022541,2025FA,Enrolled,
PCS-2025FA-68,S0022470,2025FA,Enrolled,
PCS-2025FA-68,S0031221,2025FA,Enrolled,
PCS-2025FA-68,S0037731,2025FA,Enrolled,
PCS-2025FA-69,S0033156,2025FA,Enrolled,
PCS-2025FA-69,S0038409,2025FA,Enrolled,
PCS-2025FA-69,S0012245,2025FA,Enrolled,
PCS-2025FA-69,S0033622,2025FA,Enrolled,
PCS-2025FA-69,S0022763,2025FA,Enrolled,
PCS-2025FA-69,S0028067,2025FA,Enrolled,
PCS-2025FA-69,S0036552,2025FA,Enrolled,
PCS-2025FA-69,S0029293,2025FA,Enrolled,
PCS-2025FA-69,S0029250,2025FA,Enrolled,
PCS-2025FA-69,S0031967,2025FA,Enrolled,
PCS-2025FA-69,S0026983,2025FA,Enrolled,
PCS-2025FA-69,S0021718,2025FA,Enrolled,
PCS-2025FA-69,S0022285,2025FA,Enrolled,
PCS-2025FA-69,S0006140,2025FA,Enrolled,
PCS-2025FA-69,S0010929,2025FA,Enrolled,
PCS-2025FA-69,S0023332,2025FA,Enrolled,
PCS-2025FA-69,S0028626,2025FA,Enrolled,
PCS-2025FA-69,S0033262,2025FA,Enrolled,
PCS-2025FA-69,S0015144,2025FA,Enrolled,
PCS-2025FA-69,S0033585,2025FA,Enrolled,
PCS-2025FA-69,S0038115,2025FA,Enrolled,
PCS-2025FA-69,S0022641,2025FA,Enrolled,
PCS-2025FA-69,S0036197,2025FA,Enrolled,
PCS-2025FA-69,S0031820,2025FA,Enrolled,
PCS-2025FA-69,S0010327,2025FA,Enrolled,
PCS-2025FA-69,S0022840,2025FA,Enrolled,
PCS-2025FA-69,S0031170,2025FA,Enrolled,
PCS-2025FA-69,S0037321,2025FA,Enrolled,
PCS-2025FA-69,S0034327,2025FA,Enrolled,
PCS-2025FA-69,S0012915,2025FA,Enrolled,
PCS-2025FA-69,S0018315,2025FA,Enrolled,
PCS-2025FA-69,S0026536,2025FA,Enrolled,
PCS-2025FA-69,S0003301,2025FA,Enrolled,
PCS-2025FA-70,S0040336,2025FA,Enrolled,
PCS-2025FA-70,S0028568,2025FA,Enrolled,
PCS-2025FA-70,S0003156,2025FA,Enrolled,
PCS-2025FA-70,S0000358,2025FA,Enrolled,
PCS-2025FA-70,S0037333,2025FA,Enrolled,
PCS-2025FA-70,S0015032,2025FA,Enrolled,
PCS-2025FA-70,S0008495,2025FA,Enrolled,
PCS-2025FA-70,S0033559,2025FA,Enrolled,
PCS-2025FA-70,S0027734,2025FA,Enrolled,
PCS-2025FA-70,S0022120,2025FA,Enrolled,
PCS-2025FA-70,S0009522,2025FA,Enrolled,
PCS-2025FA-70,S0036145,2025FA,Enrolled,
PCS-2025FA-70,S0000020,2025FA,Enrolled,
PCS-2025FA-70,S0040098,2025FA,Enrolled,
PCS-2025FA-70,S0033739,2025FA,Enrolled,
PCS-2025FA-70,S0035510,2025FA,Enrolled,
PCS-2025FA-70,S0031588,2025FA,Enrolled,
PCS-2025FA-70,S0017394,2025FA,Enrolled,
PCS-2025FA-70,S0028308,2025FA,Enrolled,
PCS-2025FA-70,S0010801,2025FA,Enrolled,
PCS-2025FA-70,S0024017,2025FA,Enrolled,
PCS-2025FA-70,S0021923,2025FA,Enrolled,
PCS-2025FA-70,S0032975,2025FA,Enrolled,
PCS-2025FA-70,S0024451,2025FA,Enrolled,
PCS-2025FA-70,S0007815,2025FA,Enrolled,
PCS-2025FA-70,S0028708,2025FA,Enrolled,
PCS-2025FA-70,S0027394,2025FA,Enrolled,
PCS-2025FA-70,S0037775,2025FA,Enrolled,
PCS-2025FA-70,S0030939,2025FA,Enrolled,
PCS-2025FA-70,S0034362,2025FA,Enrolled,
PCS-2025FA-70,S0031156,2025FA,Enrolled,
PCS-2025FA-70,S0005267,2025FA,Enrolled,
PCS-2025FA-70,S0027647,2025FA,Enrolled,
PCS-2025FA-71,S0037894,2025FA,Enrolled,
PCS-2025FA-71,S0026293,2025FA,Enrolled,
PCS-2025FA-71,S0038782,2025FA,Enrolled,
PCS-2025FA-71,S0033961,2025FA,Enrolled,
PCS-2025FA-71,S0010007,2025FA,Enrolled,
PCS-2025FA-71,S0035484,2025FA,Enrolled,
PCS-2025FA-71,S0000979,2025FA,Enrolled,
PCS-2025FA-71,S0017816,2025FA,Enrolled,
PCS-2025FA-71,S0000980,2025FA,Enrolled,
PCS-2025FA-71,S0033999,2025FA,Enrolled,
PCS-2025FA-71,S0019112,2025FA,Enrolled,
PCS-2025FA-71,S0039136,2025FA,Enrolled,
PCS-2025FA-71,S0030846,2025FA,Enrolled,
PCS-2025FA-71,S0000326,2025FA,Enrolled,
PCS-2025FA-71,S0038717,2025FA,Enrolled,
PCS-2025FA-71,S0022433,2025FA,Enrolled,
PCS-2025FA-71,S0013513,2025FA,Enrolled,
PCS-2025FA-71,S0012536,2025FA,Enrolled,
PCS-2025FA-71,S0025634,2025FA,Enrolled,
PCS-2025FA-71,S0038973,2025FA,Enrolled,
PCS-2025FA-71,S0037389,2025FA,Enrolled,
PCS-2025FA-71,S0037924,2025FA,Enrolled,
PCS-2025FA-71,S0032542,2025FA,Enrolled,
PCS-2025FA-71,S0028772,2025FA,Enrolled,
PCS-2025FA-71,S0021854,2025FA,Enrolled,
PCS-2025FA-71,S0027617,2025FA,Enrolled,
PCS-2025FA-71,S0010873,2025FA,Enrolled,
PCS-2025FA-71,S0037948,2025FA,Enrolled,
PCS-2025FA-71,S0036713,2025FA,Enrolled,
PCS-2025FA-71,S0033169,2025FA,Enrolled,
PCS-2025FA-71,S0001517,2025FA,Enrolled,
PCS-2025FA-71,S0027320,2025FA,Enrolled,
PCS-2025FA-71,S0032387,2025FA,Enrolled,
PCS-2025FA-72,S0038951,2025FA,Enrolled,
PCS-2025FA-72,S0014607,2025FA,Enrolled,
PCS-2025FA-72,S0001245,2025FA,Enrolled,
PCS-2025FA-72,S0020807,2025FA,Enrolled,
PCS-2025FA-72,S0021068,2025FA,Enrolled,
PCS-2025FA-72,S0016433,2025FA,Enrolled,
PCS-2025FA-72,S0035213,2025FA,Enrolled,
PCS-2025FA-72,S0026215,2025FA,Enrolled,
PCS-2025FA-72,S0039799,2025FA,Enrolled,
PCS-2025FA-72,S0033824,2025FA,Enrolled,
PCS-2025FA-72,S0027744,2025FA,Enrolled,
PCS-2025FA-72,S0028052,2025FA,Enrolled,
PCS-2025FA-72,S0032918,2025FA,Enrolled,
PCS-2025FA-72,S0040339,2025FA,Enrolled,
PCS-2025FA-72,S0032498,2025FA,Enrolled,
PCS-2025FA-72,S0038611,2025FA,Enrolled,
PCS-2025FA-72,S0027499,2025FA,Enrolled,
PCS-2025FA-72,S0039828,2025FA,Enrolled,
PCS-2025FA-72,S0023723,2025FA,Enrolled,
PCS-2025FA-72,S0036959,2025FA,Enrolled,
PCS-2025FA-72,S0023432,2025FA,Enrolled,
PCS-2025FA-72,S0011326,2025FA,Enrolled,
PCS-2025FA-72,S0032616,2025FA,Enrolled,
PCS-2025FA-72,S0036841,2025FA,Enrolled,
PCS-2025FA-72,S0038213,2025FA,Enrolled,
PCS-2025FA-72,S0024177,2025FA,Enrolled,
PCS-2025FA-72,S0001383,2025FA,Enrolled,
PCS-2025FA-72,S0009000,2025FA,Enrolled,
PCS-2025FA-72,S0032648,2025FA,Enrolled,
PCS-2025FA-72,S0030686,2025FA,Enrolled,
PCS-2025FA-72,S0028016,2025FA,Enrolled,
PCS-2025FA-72,S0036082,2025FA,Enrolled,
PCS-2025FA-72,S0006720,2025FA,Enrolled,
PNUR-2025FA-01,S0017751,2025FA,Enrolled,
PNUR-2025FA-01,S0035866,2025FA,Enrolled,
PNUR-2025FA-01,S0037296,2025FA,Enrolled,
PNUR-2025FA-01,S0031148,2025FA,Enrolled,
PNUR-2025FA-01,S0032281,2025FA,Enrolled,
PNUR-2025FA-01,S0000420,2025FA,Enrolled,
PNUR-2025FA-01,S0028189,2025FA,Enrolled,
PNUR-2025FA-01,S0040467,2025FA,Enrolled,
PNUR-2025FA-01,S0026156,2025FA,Enrolled,
PNUR-2025FA-01,S0033578,2025FA,Enrolled,
PNUR-2025FA-01,S0037879,2025FA,Enrolled,
PNUR-2025FA-01,S0029018,2025FA,Enrolled,
PNUR-2025FA-01,S0039173,2025FA,Enrolled,
PNUR-2025FA-01,S0014933,2025FA,Enrolled,
PNUR-2025FA-01,S0003748,2025FA,Enrolled,
PNUR-2025FA-01,S0035847,2025FA,Enrolled,
PNUR-2025FA-01,S0026961,2025FA,Enrolled,
PNUR-2025FA-01,S0010314,2025FA,Enrolled,
PNUR-2025FA-01,S0014853,2025FA,Enrolled,
PNUR-2025FA-01,S0028066,2025FA,Enrolled,
PNUR-2025FA-01,S0022075,2025FA,Enrolled,
PNUR-2025FA-01,S0028241,2025FA,Enrolled,
PNUR-2025FA-01,S0027387,2025FA,Enrolled,
PNUR-2025FA-01,S0032627,2025FA,Enrolled,
PNUR-2025FA-01,S0040664,2025FA,Enrolled,
PNUR-2025FA-01,S0032761,2025FA,Enrolled,
PNUR-2025FA-01,S0024160,2025FA,Enrolled,
PNUR-2025FA-02,S0032300,2025FA,Enrolled,
PNUR-2025FA-02,S0009064,2025FA,Enrolled,
PNUR-2025FA-02,S0007848,2025FA,Enrolled,
PNUR-2025FA-02,S0018037,2025FA,Enrolled,
PNUR-2025FA-02,S0032887,2025FA,Enrolled,
PNUR-2025FA-02,S0001676,2025FA,Enrolled,
PNUR-2025FA-02,S0006304,2025FA,Enrolled,
PNUR-2025FA-02,S0023589,2025FA,Enrolled,
PNUR-2025FA-02,S0037195,2025FA,Enrolled,
PNUR-2025FA-02,S0025982,2025FA,Enrolled,
PNUR-2025FA-02,S0004452,2025FA,Enrolled,
PNUR-2025FA-02,S0038865,2025FA,Enrolled,
PNUR-2025FA-02,S0034210,2025FA,Enrolled,
PNUR-2025FA-02,S0017853,2025FA,Enrolled,
PNUR-2025FA-02,S0033230,2025FA,Enrolled,
PNUR-2025FA-02,S0028418,2025FA,Enrolled,
PNUR-2025FA-02,S0026116,2025FA,Enrolled,
PNUR-2025FA-02,S0026326,2025FA,Enrolled,
PNUR-2025FA-02,S0038959,2025FA,Enrolled,
PNUR-2025FA-02,S0019285,2025FA,Enrolled,
PNUR-2025FA-02,S0027683,2025FA,Enrolled,
PNUR-2025FA-02,S0013785,2025FA,Enrolled,
PNUR-2025FA-02,S0039057,2025FA,Enrolled,
PNUR-2025FA-02,S0038190,2025FA,Enrolled,
PNUR-2025FA-02,S0028407,2025FA,Enrolled,
PNUR-2025FA-02,S0009159,2025FA,Enrolled,
PNUR-2025FA-02,S0021732,2025FA,Enrolled,
PNUR-2025FA-03,S0032644,2025FA,Enrolled,
PNUR-2025FA-03,S0037972,2025FA,Enrolled,
PNUR-2025FA-03,S0033784,2025FA,Enrolled,
PNUR-2025FA-03,S0030775,2025FA,Enrolled,
PNUR-2025FA-03,S0010253,2025FA,Enrolled,
PNUR-2025FA-03,S0021156,2025FA,Enrolled,
PNUR-2025FA-03,S0034208,2025FA,Enrolled,
PNUR-2025FA-03,S0032876,2025FA,Enrolled,
PNUR-2025FA-03,S0007990,2025FA,Enrolled,
PNUR-2025FA-03,S0040224,2025FA,Enrolled,
PNUR-2025FA-03,S0022197,2025FA,Enrolled,
PNUR-2025FA-03,S0037300,2025FA,Enrolled,
PNUR-2025FA-03,S0024140,2025FA,Enrolled,
PNUR-2025FA-03,S0032141,2025FA,Enrolled,
PNUR-2025FA-03,S0030704,2025FA,Enrolled,
PNUR-2025FA-03,S0033514,2025FA,Enrolled,
PNUR-2025FA-03,S0022562,2025FA,Enrolled,
PNUR-2025FA-03,S0031468,2025FA,Enrolled,
PNUR-2025FA-03,S0033363,2025FA,Enrolled,
PNUR-2025FA-03,S0023907,2025FA,Enrolled,
PNUR-2025FA-03,S0037542,2025FA,Enrolled,
PNUR-2025FA-03,S0033257,2025FA,Enrolled,
PNUR-2025FA-03,S0023782,2025FA,Enrolled,
PNUR-2025FA-03,S0016175,2025FA,Enrolled,
PNUR-2025FA-03,S0025691,2025FA,Enrolled,
PNUR-2025FA-03,S0040507,2025FA,Enrolled,
PNUR-2025FA-03,S0031378,2025FA,Enrolled,
PNUR-2025FA-04,S0026469,2025FA,Enrolled,
PNUR-2025FA-04,S0039004,2025FA,Enrolled,
PNUR-2025FA-04,S0036948,2025FA,Enrolled,
PNUR-2025FA-04,S0037451,2025FA,Enrolled,
PNUR-2025FA-04,S0030370,2025FA,Enrolled,
PNUR-2025FA-04,S0012526,2025FA,Enrolled,
PNUR-2025FA-04,S0008992,2025FA,Enrolled,
PNUR-2025FA-04,S0016490,2025FA,Enrolled,
PNUR-2025FA-04,S0029129,2025FA,Enrolled,
PNUR-2025FA-04,S0025771,2025FA,Enrolled,
PNUR-2025FA-04,S0038981,2025FA,Enrolled,
PNUR-2025FA-04,S0039721,2025FA,Enrolled,
PNUR-2025FA-04,S0028252,2025FA,Enrolled,
PNUR-2025FA-04,S0008519,2025FA,Enrolled,
PNUR-2025FA-04,S0036989,2025FA,Enrolled,
PNUR-2025FA-04,S0033857,2025FA,Enrolled,
PNUR-2025FA-04,S0036147,2025FA,Enrolled,
PNUR-2025FA-04,S0024379,2025FA,Enrolled,
PNUR-2025FA-04,S0004747,2025FA,Enrolled,
PNUR-2025FA-04,S0032138,2025FA,Enrolled,
PNUR-2025FA-04,S0020996,2025FA,Enrolled,
PNUR-2025FA-04,S0032994,2025FA,Enrolled,
PNUR-2025FA-04,S0024142,2025FA,Enrolled,
PNUR-2025FA-04,S0019299,2025FA,Enrolled,
PNUR-2025FA-04,S0013301,2025FA,Enrolled,
PNUR-2025FA-04,S0016574,2025FA,Enrolled,
PNUR-2025FA-04,S0008918,2025FA,Enrolled,
PNUR-2025FA-05,S0015802,2025FA,Enrolled,
PNUR-2025FA-05,S0020840,2025FA,Enrolled,
PNUR-2025FA-05,S0025967,2025FA,Enrolled,
PNUR-2025FA-05,S0029318,2025FA,Enrolled,
PNUR-2025FA-05,S0003586,2025FA,Enrolled,
PNUR-2025FA-05,S0032745,2025FA,Enrolled,
PNUR-2025FA-05,S0034277,2025FA,Enrolled,
PNUR-2025FA-05,S0019509,2025FA,Enrolled,
PNUR-2025FA-05,S0035664,2025FA,Enrolled,
PNUR-2025FA-05,S0006133,2025FA,Enrolled,
PNUR-2025FA-05,S0029391,2025FA,Enrolled,
PNUR-2025FA-05,S0003085,2025FA,Enrolled,
PNUR-2025FA-05,S0033098,2025FA,Enrolled,
PNUR-2025FA-05,S0037307,2025FA,Enrolled,
PNUR-2025FA-05,S0039909,2025FA,Enrolled,
PNUR-2025FA-05,S0032652,2025FA,Enrolled,
PNUR-2025FA-05,S0028859,2025FA,Enrolled,
PNUR-2025FA-05,S0038956,2025FA,Enrolled,
PNUR-2025FA-05,S0026793,2025FA,Enrolled,
PNUR-2025FA-05,S0033093,2025FA,Enrolled,
PNUR-2025FA-05,S0026601,2025FA,Enrolled,
PNUR-2025FA-05,S0040050,2025FA,Enrolled,
PNUR-2025FA-05,S0032801,2025FA,Enrolled,
PNUR-2025FA-05,S0028389,2025FA,Enrolled,
PNUR-2025FA-05,S0016240,2025FA,Enrolled,
PNUR-2025FA-05,S0019178,2025FA,Enrolled,
PNUR-2025FA-05,S0023765,2025FA,Enrolled,
PNUR-2025FA-06,S0028890,2025FA,Enrolled,
PNUR-2025FA-06,S0033406,2025FA,Enrolled,
PNUR-2025FA-06,S0038645,2025FA,Enrolled,
PNUR-2025FA-06,S0027104,2025FA,Enrolled,
PNUR-2025FA-06,S0036347,2025FA,Enrolled,
PNUR-2025FA-06,S0032820,2025FA,Enrolled,
PNUR-2025FA-06,S0019375,2025FA,Enrolled,
PNUR-2025FA-06,S0039608,2025FA,Enrolled,
PNUR-2025FA-06,S0035815,2025FA,Enrolled,
PNUR-2025FA-06,S0028346,2025FA,Enrolled,
PNUR-2025FA-06,S0016999,2025FA,Enrolled,
PNUR-2025FA-06,S0000650,2025FA,Enrolled,
PNUR-2025FA-06,S0033463,2025FA,Enrolled,
PNUR-2025FA-06,S0035456,2025FA,Enrolled,
PNUR-2025FA-06,S0037184,2025FA,Enrolled,
PNUR-2025FA-06,S0034418,2025FA,Enrolled,
PNUR-2025FA-06,S0027413,2025FA,Enrolled,
PNUR-2025FA-06,S0017658,2025FA,Enrolled,
PNUR-2025FA-06,S0023654,2025FA,Enrolled,
PNUR-2025FA-06,S0024310,2025FA,Enrolled,
PNUR-2025FA-06,S0029600,2025FA,Enrolled,
PNUR-2025FA-06,S0008225,2025FA,Enrolled,
PNUR-2025FA-06,S0028423,2025FA,Enrolled,
PNUR-2025FA-06,S0008399,2025FA,Enrolled,
PNUR-2025FA-06,S0035505,2025FA,Enrolled,
PNUR-2025FA-06,S0024370,2025FA,Enrolled,
PNUR-2025FA-06,S0027898,2025FA,Enrolled,
PNUR-2025FA-07,S0033625,2025FA,Enrolled,
PNUR-2025FA-07,S0039830,2025FA,Enrolled,
PNUR-2025FA-07,S0008833,2025FA,Enrolled,
PNUR-2025FA-07,S0000432,2025FA,Enrolled,
PNUR-2025FA-07,S0034005,2025FA,Enrolled,
PNUR-2025FA-07,S0016343,2025FA,Enrolled,
PNUR-2025FA-07,S0001587,2025FA,Enrolled,
PNUR-2025FA-07,S0037981,2025FA,Enrolled,
PNUR-2025FA-07,S0005447,2025FA,Enrolled,
PNUR-2025FA-07,S0014399,2025FA,Enrolled,
PNUR-2025FA-07,S0037267,2025FA,Enrolled,
PNUR-2025FA-07,S0027457,2025FA,Enrolled,
PNUR-2025FA-07,S0032114,2025FA,Enrolled,
PNUR-2025FA-07,S0025767,2025FA,Enrolled,
PNUR-2025FA-07,S0025457,2025FA,Enrolled,
PNUR-2025FA-07,S0011845,2025FA,Enrolled,
PNUR-2025FA-07,S0003333,2025FA,Enrolled,
PNUR-2025FA-07,S0012338,2025FA,Enrolled,
PNUR-2025FA-07,S0032686,2025FA,Enrolled,
PNUR-2025FA-07,S0014820,2025FA,Enrolled,
PNUR-2025FA-07,S0036994,2025FA,Enrolled,
PNUR-2025FA-07,S0030902,2025FA,Enrolled,
PNUR-2025FA-07,S0016458,2025FA,Enrolled,
PNUR-2025FA-07,S0037227,2025FA,Enrolled,
PNUR-2025FA-07,S0015621,2025FA,Enrolled,
PNUR-2025FA-07,S0037255,2025FA,Enrolled,
PNUR-2025FA-07,S0034301,2025FA,Enrolled,
PNUR-2025FA-08,S0032632,2025FA,Enrolled,
PNUR-2025FA-08,S0037372,2025FA,Enrolled,
PNUR-2025FA-08,S0000693,2025FA,Enrolled,
PNUR-2025FA-08,S0010003,2025FA,Enrolled,
PNUR-2025FA-08,S0013645,2025FA,Enrolled,
PNUR-2025FA-08,S0015455,2025FA,Enrolled,
PNUR-2025FA-08,S0039391,2025FA,Enrolled,
PNUR-2025FA-08,S0026927,2025FA,Enrolled,
PNUR-2025FA-08,S0017710,2025FA,Enrolled,
PNUR-2025FA-08,S0008576,2025FA,Enrolled,
PNUR-2025FA-08,S0013588,2025FA,Enrolled,
PNUR-2025FA-08,S0028358,2025FA,Enrolled,
PNUR-2025FA-08,S0032660,2025FA,Enrolled,
PNUR-2025FA-08,S0033722,2025FA,Enrolled,
PNUR-2025FA-08,S0040164,2025FA,Enrolled,
PNUR-2025FA-08,S0034291,2025FA,Enrolled,
PNUR-2025FA-08,S0005057,2025FA,Enrolled,
PNUR-2025FA-08,S0038468,2025FA,Enrolled,
PNUR-2025FA-08,S0033892,2025FA,Enrolled,
PNUR-2025FA-08,S0035386,2025FA,Enrolled,
PNUR-2025FA-08,S0026981,2025FA,Enrolled,
PNUR-2025FA-08,S0040220,2025FA,Enrolled,
PNUR-2025FA-08,S0040495,2025FA,Enrolled,
PNUR-2025FA-08,S0040028,2025FA,Enrolled,
PNUR-2025FA-08,S0019420,2025FA,Enrolled,
PNUR-2025FA-08,S0039372,2025FA,Enrolled,
PNUR-2025FA-08,S0039019,2025FA,Enrolled,
PNUR-2025FA-09,S0009746,2025FA,Enrolled,
PNUR-2025FA-09,S0007188,2025FA,Enrolled,
PNUR-2025FA-09,S0037581,2025FA,Enrolled,
PNUR-2025FA-09,S0039807,2025FA,Enrolled,
PNUR-2025FA-09,S0038619,2025FA,Enrolled,
PNUR-2025FA-09,S0038060,2025FA,Enrolled,
PNUR-2025FA-09,S0020588,2025FA,Enrolled,
PNUR-2025FA-09,S0027134,2025FA,Enrolled,
PNUR-2025FA-09,S0005832,2025FA,Enrolled,
PNUR-2025FA-09,S0032831,2025FA,Enrolled,
PNUR-2025FA-09,S0016130,2025FA,Enrolled,
PNUR-2025FA-09,S0040180,2025FA,Enrolled,
PNUR-2025FA-09,S0035933,2025FA,Enrolled,
PNUR-2025FA-09,S0000273,2025FA,Enrolled,
PNUR-2025FA-09,S0032819,2025FA,Enrolled,
PNUR-2025FA-09,S0005010,2025FA,Enrolled,
PNUR-2025FA-09,S0007760,2025FA,Enrolled,
PNUR-2025FA-09,S0032234,2025FA,Enrolled,
PNUR-2025FA-09,S0029044,2025FA,Enrolled,
PNUR-2025FA-09,S0039754,2025FA,Enrolled,
PNUR-2025FA-09,S0018549,2025FA,Enrolled,
PNUR-2025FA-09,S0027546,2025FA,Enrolled,
PNUR-2025FA-09,S0026519,2025FA,Enrolled,
PNUR-2025FA-09,S0032595,2025FA,Enrolled,
PNUR-2025FA-09,S0039852,2025FA,Enrolled,
PNUR-2025FA-09,S0037613,2025FA,Enrolled,
PNUR-2025FA-09,S0040623,2025FA,Enrolled,
PNUR-2025FA-10,S0033658,2025FA,Enrolled,
PNUR-2025FA-10,S0031265,2025FA,Enrolled,
PNUR-2025FA-10,S0027614,2025FA,Enrolled,
PNUR-2025FA-10,S0033480,2025FA,Enrolled,
PNUR-2025FA-10,S0040388,2025FA,Enrolled,
PNUR-2025FA-10,S0019504,2025FA,Enrolled,
PNUR-2025FA-10,S0023364,2025FA,Enrolled,
PNUR-2025FA-10,S0025403,2025FA,Enrolled,
PNUR-2025FA-10,S0015800,2025FA,Enrolled,
PNUR-2025FA-10,S0039359,2025FA,Enrolled,
PNUR-2025FA-10,S0013134,2025FA,Enrolled,
PNUR-2025FA-10,S0012499,2025FA,Enrolled,
PNUR-2025FA-10,S0032793,2025FA,Enrolled,
PNUR-2025FA-10,S0032929,2025FA,Enrolled,
PNUR-2025FA-10,S0025708,2025FA,Enrolled,
PNUR-2025FA-10,S0018639,2025FA,Enrolled,
PNUR-2025FA-10,S0034139,2025FA,Enrolled,
PNUR-2025FA-10,S0032216,2025FA,Enrolled,
PNUR-2025FA-10,S0027874,2025FA,Enrolled,
PNUR-2025FA-10,S0014022,2025FA,Enrolled,
PNUR-2025FA-10,S0003158,2025FA,Enrolled,
PNUR-2025FA-10,S0020925,2025FA,Enrolled,
PNUR-2025FA-10,S0038678,2025FA,Enrolled,
PNUR-2025FA-10,S0024167,2025FA,Enrolled,
PNUR-2025FA-10,S0035909,2025FA,Enrolled,
PNUR-2025FA-10,S0037890,2025FA,Enrolled,
PNUR-2025FA-10,S0036289,2025FA,Enrolled,
PNUR-2025FA-11,S0039735,2025FA,Enrolled,
PNUR-2025FA-11,S0031109,2025FA,Enrolled,
PNUR-2025FA-11,S0028383,2025FA,Enrolled,
PNUR-2025FA-11,S0039144,2025FA,Enrolled,
PNUR-2025FA-11,S0037626,2025FA,Enrolled,
PNUR-2025FA-11,S0027517,2025FA,Enrolled,
PNUR-2025FA-11,S0030316,2025FA,Enrolled,
PNUR-2025FA-11,S0040587,2025FA,Enrolled,
PNUR-2025FA-11,S0031622,2025FA,Enrolled,
PNUR-2025FA-11,S0023323,2025FA,Enrolled,
PNUR-2025FA-11,S0039924,2025FA,Enrolled,
PNUR-2025FA-11,S0019559,2025FA,Enrolled,
PNUR-2025FA-11,S0026085,2025FA,Enrolled,
PNUR-2025FA-11,S0037488,2025FA,Enrolled,
PNUR-2025FA-11,S0036288,2025FA,Enrolled,
PNUR-2025FA-11,S0015687,2025FA,Enrolled,
PNUR-2025FA-11,S0034077,2025FA,Enrolled,
PNUR-2025FA-11,S0036199,2025FA,Enrolled,
PNUR-2025FA-11,S0007303,2025FA,Enrolled,
PNUR-2025FA-11,S0031896,2025FA,Enrolled,
PNUR-2025FA-11,S0032679,2025FA,Enrolled,
PNUR-2025FA-11,S0009083,2025FA,Enrolled,
PNUR-2025FA-11,S0039237,2025FA,Enrolled,
PNUR-2025FA-11,S0028979,2025FA,Enrolled,
PNUR-2025FA-11,S0004968,2025FA,Enrolled,
PNUR-2025FA-11,S0023492,2025FA,Enrolled,
PNUR-2025FA-11,S0005039,2025FA,Enrolled,
PNUR-2025FA-12,S0015175,2025FA,Enrolled,
PNUR-2025FA-12,S0036357,2025FA,Enrolled,
PNUR-2025FA-12,S0032241,2025FA,Enrolled,
PNUR-2025FA-12,S0000843,2025FA,Enrolled,
PNUR-2025FA-12,S0027659,2025FA,Enrolled,
PNUR-2025FA-12,S0018097,2025FA,Enrolled,
PNUR-2025FA-12,S0018932,2025FA,Enrolled,
PNUR-2025FA-12,S0031999,2025FA,Enrolled,
PNUR-2025FA-12,S0014010,2025FA,Enrolled,
PNUR-2025FA-12,S0021361,2025FA,Enrolled,
PNUR-2025FA-12,S0015984,2025FA,Enrolled,
PNUR-2025FA-12,S0040106,2025FA,Enrolled,
PNUR-2025FA-12,S0001865,2025FA,Enrolled,
PNUR-2025FA-12,S0033806,2025FA,Enrolled,
PNUR-2025FA-12,S0039760,2025FA,Enrolled,
PNUR-2025FA-12,S0035343,2025FA,Enrolled,
PNUR-2025FA-12,S0012575,2025FA,Enrolled,
PNUR-2025FA-12,S0032759,2025FA,Enrolled,
PNUR-2025FA-12,S0022554,2025FA,Enrolled,
PNUR-2025FA-12,S0038342,2025FA,Enrolled,
PNUR-2025FA-12,S0018579,2025FA,Enrolled,
PNUR-2025FA-12,S0032032,2025FA,Enrolled,
PNUR-2025FA-12,S0028165,2025FA,Enrolled,
PNUR-2025FA-12,S0026037,2025FA,Enrolled,
PNUR-2025FA-12,S0037785,2025FA,Enrolled,
PNUR-2025FA-12,S0021122,2025FA,Enrolled,
PNUR-2025FA-12,S0001064,2025FA,Enrolled,
PNUR-2025FA-13,S0039844,2025FA,Enrolled,
PNUR-2025FA-13,S0007393,2025FA,Enrolled,
PNUR-2025FA-13,S0001765,2025FA,Enrolled,
PNUR-2025FA-13,S0039616,2025FA,Enrolled,
PNUR-2025FA-13,S0015940,2025FA,Enrolled,
PNUR-2025FA-13,S0038900,2025FA,Enrolled,
PNUR-2025FA-13,S0029430,2025FA,Enrolled,
PNUR-2025FA-13,S0024064,2025FA,Enrolled,
PNUR-2025FA-13,S0028741,2025FA,Enrolled,
PNUR-2025FA-13,S0031935,2025FA,Enrolled,
PNUR-2025FA-13,S0040024,2025FA,Enrolled,
PNUR-2025FA-13,S0029247,2025FA,Enrolled,
PNUR-2025FA-13,S0023427,2025FA,Enrolled,
PNUR-2025FA-13,S0038206,2025FA,Enrolled,
PNUR-2025FA-13,S0007791,2025FA,Enrolled,
PNUR-2025FA-13,S0024249,2025FA,Enrolled,
PNUR-2025FA-13,S0036083,2025FA,Enrolled,
PNUR-2025FA-13,S0032109,2025FA,Enrolled,
PNUR-2025FA-13,S0002053,2025FA,Enrolled,
PNUR-2025FA-13,S0026345,2025FA,Enrolled,
PNUR-2025FA-13,S0032565,2025FA,Enrolled,
PNUR-2025FA-13,S0036360,2025FA,Enrolled,
PNUR-2025FA-13,S0001516,2025FA,Enrolled,
PNUR-2025FA-13,S0040112,2025FA,Enrolled,
PNUR-2025FA-13,S0011018,2025FA,Enrolled,
PNUR-2025FA-13,S0027946,2025FA,Enrolled,
PNUR-2025FA-13,S0009483,2025FA,Enrolled,
PNUR-2025FA-14,S0040573,2025FA,Enrolled,
PNUR-2025FA-14,S0028275,2025FA,Enrolled,
PNUR-2025FA-14,S0032323,2025FA,Enrolled,
PNUR-2025FA-14,S0012374,2025FA,Enrolled,
PNUR-2025FA-14,S0037864,2025FA,Enrolled,
PNUR-2025FA-14,S0039027,2025FA,Enrolled,
PNUR-2025FA-14,S0038654,2025FA,Enrolled,
PNUR-2025FA-14,S0033537,2025FA,Enrolled,
PNUR-2025FA-14,S0036864,2025FA,Enrolled,
PNUR-2025FA-14,S0033938,2025FA,Enrolled,
PNUR-2025FA-14,S0001403,2025FA,Enrolled,
PNUR-2025FA-14,S0023811,2025FA,Enrolled,
PNUR-2025FA-14,S0035952,2025FA,Enrolled,
PNUR-2025FA-14,S0015628,2025FA,Enrolled,
PNUR-2025FA-14,S0022525,2025FA,Enrolled,
PNUR-2025FA-14,S0037336,2025FA,Enrolled,
PNUR-2025FA-14,S0034100,2025FA,Enrolled,
PNUR-2025FA-14,S0002069,2025FA,Enrolled,
PNUR-2025FA-14,S0003122,2025FA,Enrolled,
PNUR-2025FA-14,S0030546,2025FA,Enrolled,
PNUR-2025FA-14,S0005613,2025FA,Enrolled,
PNUR-2025FA-14,S0032912,2025FA,Enrolled,
PNUR-2025FA-14,S0010358,2025FA,Enrolled,
PNUR-2025FA-14,S0017626,2025FA,Enrolled,
PNUR-2025FA-14,S0035725,2025FA,Enrolled,
PNUR-2025FA-14,S0031089,2025FA,Enrolled,
PNUR-2025FA-14,S0028696,2025FA,Enrolled,
PNUR-2025FA-15,S0015365,2025FA,Enrolled,
PNUR-2025FA-15,S0032375,2025FA,Enrolled,
PNUR-2025FA-15,S0010542,2025FA,Enrolled,
PNUR-2025FA-15,S0022090,2025FA,Enrolled,
PNUR-2025FA-15,S0033920,2025FA,Enrolled,
PNUR-2025FA-15,S0010537,2025FA,Enrolled,
PNUR-2025FA-15,S0021632,2025FA,Enrolled,
PNUR-2025FA-15,S0027127,2025FA,Enrolled,
PNUR-2025FA-15,S0010306,2025FA,Enrolled,
PNUR-2025FA-15,S0009892,2025FA,Enrolled,
PNUR-2025FA-15,S0001163,2025FA,Enrolled,
PNUR-2025FA-15,S0013374,2025FA,Enrolled,
PNUR-2025FA-15,S0025532,2025FA,Enrolled,
PNUR-2025FA-15,S0015504,2025FA,Enrolled,
PNUR-2025FA-15,S0030760,2025FA,Enrolled,
PNUR-2025FA-15,S0001486,2025FA,Enrolled,
PNUR-2025FA-15,S0027832,2025FA,Enrolled,
PNUR-2025FA-15,S0036222,2025FA,Enrolled,
PNUR-2025FA-15,S0033163,2025FA,Enrolled,
PNUR-2025FA-15,S0038417,2025FA,Enrolled,
PNUR-2025FA-15,S0038481,2025FA,Enrolled,
PNUR-2025FA-15,S0036596,2025FA,Enrolled,
PNUR-2025FA-15,S0033253,2025FA,Enrolled,
PNUR-2025FA-15,S0027031,2025FA,Enrolled,
PNUR-2025FA-15,S0032089,2025FA,Enrolled,
PNUR-2025FA-15,S0037552,2025FA,Enrolled,
PNUR-2025FA-15,S0033511,2025FA,Enrolled,
PNUR-2025FA-16,S0017653,2025FA,Enrolled,
PNUR-2025FA-16,S0025823,2025FA,Enrolled,
PNUR-2025FA-16,S0037076,2025FA,Enrolled,
PNUR-2025FA-16,S0037259,2025FA,Enrolled,
PNUR-2025FA-16,S0026204,2025FA,Enrolled,
PNUR-2025FA-16,S0032739,2025FA,Enrolled,
PNUR-2025FA-16,S0018664,2025FA,Enrolled,
PNUR-2025FA-16,S0038992,2025FA,Enrolled,
PNUR-2025FA-16,S0039436,2025FA,Enrolled,
PNUR-2025FA-16,S0028059,2025FA,Enrolled,
PNUR-2025FA-16,S0006442,2025FA,Enrolled,
PNUR-2025FA-16,S0029241,2025FA,Enrolled,
PNUR-2025FA-16,S0040021,2025FA,Enrolled,
PNUR-2025FA-16,S0025444,2025FA,Enrolled,
PNUR-2025FA-16,S0035862,2025FA,Enrolled,
PNUR-2025FA-16,S0031981,2025FA,Enrolled,
PNUR-2025FA-16,S0007756,2025FA,Enrolled,
PNUR-2025FA-16,S0021731,2025FA,Enrolled,
PNUR-2025FA-16,S0017024,2025FA,Enrolled,
PNUR-2025FA-16,S0037425,2025FA,Enrolled,
PNUR-2025FA-16,S0040365,2025FA,Enrolled,
PNUR-2025FA-16,S0038460,2025FA,Enrolled,
PNUR-2025FA-16,S0020741,2025FA,Enrolled,
PNUR-2025FA-16,S0032250,2025FA,Enrolled,
PNUR-2025FA-16,S0030533,2025FA,Enrolled,
PNUR-2025FA-16,S0037926,2025FA,Enrolled,
PNUR-2025FA-16,S0033440,2025FA,Enrolled,
PNUR-2025FA-17,S0033745,2025FA,Enrolled,
PNUR-2025FA-17,S0013755,2025FA,Enrolled,
PNUR-2025FA-17,S0022851,2025FA,Enrolled,
PNUR-2025FA-17,S0005833,2025FA,Enrolled,
PNUR-2025FA-17,S0039898,2025FA,Enrolled,
PNUR-2025FA-17,S0011099,2025FA,Enrolled,
PNUR-2025FA-17,S0009922,2025FA,Enrolled,
PNUR-2025FA-17,S0030992,2025FA,Enrolled,
PNUR-2025FA-17,S0037185,2025FA,Enrolled,
PNUR-2025FA-17,S0003759,2025FA,Enrolled,
PNUR-2025FA-17,S0023924,2025FA,Enrolled,
PNUR-2025FA-17,S0039869,2025FA,Enrolled,
PNUR-2025FA-17,S0007217,2025FA,Enrolled,
PNUR-2025FA-17,S0033899,2025FA,Enrolled,
PNUR-2025FA-17,S0023146,2025FA,Enrolled,
PNUR-2025FA-17,S0017368,2025FA,Enrolled,
PNUR-2025FA-17,S0017575,2025FA,Enrolled,
PNUR-2025FA-17,S0022519,2025FA,Enrolled,
PNUR-2025FA-17,S0037143,2025FA,Enrolled,
PNUR-2025FA-17,S0033676,2025FA,Enrolled,
PNUR-2025FA-17,S0034298,2025FA,Enrolled,
PNUR-2025FA-17,S0030478,2025FA,Enrolled,
PNUR-2025FA-17,S0039463,2025FA,Enrolled,
PNUR-2025FA-17,S0005164,2025FA,Enrolled,
PNUR-2025FA-17,S0026906,2025FA,Enrolled,
PNUR-2025FA-17,S0014588,2025FA,Enrolled,
PNUR-2025FA-17,S0040118,2025FA,Enrolled,
PNUR-2025FA-18,S0022153,2025FA,Enrolled,
PNUR-2025FA-18,S0026174,2025FA,Enrolled,
PNUR-2025FA-18,S0016596,2025FA,Enrolled,
PNUR-2025FA-18,S0033621,2025FA,Enrolled,
PNUR-2025FA-18,S0039316,2025FA,Enrolled,
PNUR-2025FA-18,S0006924,2025FA,Enrolled,
PNUR-2025FA-18,S0029027,2025FA,Enrolled,
PNUR-2025FA-18,S0032088,2025FA,Enrolled,
PNUR-2025FA-18,S0006187,2025FA,Enrolled,
PNUR-2025FA-18,S0009695,2025FA,Enrolled,
PNUR-2025FA-18,S0024121,2025FA,Enrolled,
PNUR-2025FA-18,S0036941,2025FA,Enrolled,
PNUR-2025FA-18,S0003020,2025FA,Enrolled,
PNUR-2025FA-18,S0027677,2025FA,Enrolled,
PNUR-2025FA-18,S0028601,2025FA,Enrolled,
PNUR-2025FA-18,S0027366,2025FA,Enrolled,
PNUR-2025FA-18,S0039646,2025FA,Enrolled,
PNUR-2025FA-18,S0026413,2025FA,Enrolled,
PNUR-2025FA-18,S0038272,2025FA,Enrolled,
PNUR-2025FA-18,S0024254,2025FA,Enrolled,
PNUR-2025FA-18,S0023502,2025FA,Enrolled,
PNUR-2025FA-18,S0037531,2025FA,Enrolled,
PNUR-2025FA-18,S0032461,2025FA,Enrolled,
PNUR-2025FA-18,S0031247,2025FA,Enrolled,
PNUR-2025FA-18,S0038142,2025FA,Enrolled,
PNUR-2025FA-18,S0032083,2025FA,Enrolled,
PNUR-2025FA-18,S0034082,2025FA,Enrolled,
PNUR-2025FA-19,S0040070,2025FA,Enrolled,
PNUR-2025FA-19,S0022982,2025FA,Enrolled,
PNUR-2025FA-19,S0033505,2025FA,Enrolled,
PNUR-2025FA-19,S0030549,2025FA,Enrolled,
PNUR-2025FA-19,S0011184,2025FA,Enrolled,
PNUR-2025FA-19,S0019668,2025FA,Enrolled,
PNUR-2025FA-19,S0017089,2025FA,Enrolled,
PNUR-2025FA-19,S0013790,2025FA,Enrolled,
PNUR-2025FA-19,S0009063,2025FA,Enrolled,
PNUR-2025FA-19,S0017817,2025FA,Enrolled,
PNUR-2025FA-19,S0035726,2025FA,Enrolled,
PNUR-2025FA-19,S0013074,2025FA,Enrolled,
PNUR-2025FA-19,S0035362,2025FA,Enrolled,
PNUR-2025FA-19,S0040359,2025FA,Enrolled,
PNUR-2025FA-19,S0022086,2025FA,Enrolled,
PNUR-2025FA-19,S0000327,2025FA,Enrolled,
PNUR-2025FA-19,S0036120,2025FA,Enrolled,
PNUR-2025FA-19,S0022717,2025FA,Enrolled,
PNUR-2025FA-19,S0023963,2025FA,Enrolled,
PNUR-2025FA-19,S0038515,2025FA,Enrolled,
PNUR-2025FA-19,S0033177,2025FA,Enrolled,
PNUR-2025FA-19,S0036478,2025FA,Enrolled,
PNUR-2025FA-19,S0034012,2025FA,Enrolled,
PNUR-2025FA-19,S0039629,2025FA,Enrolled,
PNUR-2025FA-19,S0027855,2025FA,Enrolled,
PNUR-2025FA-19,S0001482,2025FA,Enrolled,
PNUR-2025FA-19,S0038498,2025FA,Enrolled,
PNUR-2025FA-20,S0027778,2025FA,Enrolled,
PNUR-2025FA-20,S0001145,2025FA,Enrolled,
PNUR-2025FA-20,S0036433,2025FA,Enrolled,
PNUR-2025FA-20,S0039140,2025FA,Enrolled,
PNUR-2025FA-20,S0029198,2025FA,Enrolled,
PNUR-2025FA-20,S0024385,2025FA,Enrolled,
PNUR-2025FA-20,S0034156,2025FA,Enrolled,
PNUR-2025FA-20,S0028670,2025FA,Enrolled,
PNUR-2025FA-20,S0033090,2025FA,Enrolled,
PNUR-2025FA-20,S0033493,2025FA,Enrolled,
PNUR-2025FA-20,S0032675,2025FA,Enrolled,
PNUR-2025FA-20,S0003160,2025FA,Enrolled,
PNUR-2025FA-20,S0032132,2025FA,Enrolled,
PNUR-2025FA-20,S0032668,2025FA,Enrolled,
PNUR-2025FA-20,S0036227,2025FA,Enrolled,
PNUR-2025FA-20,S0023659,2025FA,Enrolled,
PNUR-2025FA-20,S0039193,2025FA,Enrolled,
PNUR-2025FA-20,S0037995,2025FA,Enrolled,
PNUR-2025FA-20,S0018550,2025FA,Enrolled,
PNUR-2025FA-20,S0027905,2025FA,Enrolled,
PNUR-2025FA-20,S0029404,2025FA,Enrolled,
PNUR-2025FA-20,S0028338,2025FA,Enrolled,
PNUR-2025FA-20,S0018273,2025FA,Enrolled,
PNUR-2025FA-20,S0033292,2025FA,Enrolled,
PNUR-2025FA-20,S0001713,2025FA,Enrolled,
PNUR-2025FA-20,S0001452,2025FA,Enrolled,
PNUR-2025FA-20,S0007431,2025FA,Enrolled,
PNUR-2025FA-21,S0017751,2025FA,Enrolled,
PNUR-2025FA-21,S0035866,2025FA,Enrolled,
PNUR-2025FA-21,S0037296,2025FA,Enrolled,
PNUR-2025FA-21,S0031148,2025FA,Enrolled,
PNUR-2025FA-21,S0032281,2025FA,Enrolled,
PNUR-2025FA-21,S0000420,2025FA,Enrolled,
PNUR-2025FA-21,S0028189,2025FA,Enrolled,
PNUR-2025FA-21,S0040467,2025FA,Enrolled,
PNUR-2025FA-21,S0026156,2025FA,Enrolled,
PNUR-2025FA-21,S0033578,2025FA,Enrolled,
PNUR-2025FA-21,S0037879,2025FA,Enrolled,
PNUR-2025FA-21,S0029018,2025FA,Enrolled,
PNUR-2025FA-21,S0039173,2025FA,Enrolled,
PNUR-2025FA-21,S0014933,2025FA,Enrolled,
PNUR-2025FA-21,S0003748,2025FA,Enrolled,
PNUR-2025FA-21,S0035847,2025FA,Enrolled,
PNUR-2025FA-21,S0026961,2025FA,Enrolled,
PNUR-2025FA-21,S0010314,2025FA,Enrolled,
PNUR-2025FA-21,S0014853,2025FA,Enrolled,
PNUR-2025FA-21,S0028066,2025FA,Enrolled,
PNUR-2025FA-21,S0022075,2025FA,Enrolled,
PNUR-2025FA-21,S0028241,2025FA,Enrolled,
PNUR-2025FA-21,S0027387,2025FA,Enrolled,
PNUR-2025FA-21,S0032627,2025FA,Enrolled,
PNUR-2025FA-21,S0040664,2025FA,Enrolled,
PNUR-2025FA-21,S0032761,2025FA,Enrolled,
PNUR-2025FA-21,S0024160,2025FA,Enrolled,
PNUR-2025FA-22,S0032300,2025FA,Enrolled,
PNUR-2025FA-22,S0009064,2025FA,Enrolled,
PNUR-2025FA-22,S0007848,2025FA,Enrolled,
PNUR-2025FA-22,S0018037,2025FA,Enrolled,
PNUR-2025FA-22,S0032887,2025FA,Enrolled,
PNUR-2025FA-22,S0001676,2025FA,Enrolled,
PNUR-2025FA-22,S0006304,2025FA,Enrolled,
PNUR-2025FA-22,S0023589,2025FA,Enrolled,
PNUR-2025FA-22,S0037195,2025FA,Enrolled,
PNUR-2025FA-22,S0025982,2025FA,Enrolled,
PNUR-2025FA-22,S0004452,2025FA,Enrolled,
PNUR-2025FA-22,S0038865,2025FA,Enrolled,
PNUR-2025FA-22,S0034210,2025FA,Enrolled,
PNUR-2025FA-22,S0017853,2025FA,Enrolled,
PNUR-2025FA-22,S0033230,2025FA,Enrolled,
PNUR-2025FA-22,S0028418,2025FA,Enrolled,
PNUR-2025FA-22,S0026116,2025FA,Enrolled,
PNUR-2025FA-22,S0026326,2025FA,Enrolled,
PNUR-2025FA-22,S0038959,2025FA,Enrolled,
PNUR-2025FA-22,S0019285,2025FA,Enrolled,
PNUR-2025FA-22,S0027683,2025FA,Enrolled,
PNUR-2025FA-22,S0013785,2025FA,Enrolled,
PNUR-2025FA-22,S0039057,2025FA,Enrolled,
PNUR-2025FA-22,S0038190,2025FA,Enrolled,
PNUR-2025FA-22,S0028407,2025FA,Enrolled,
PNUR-2025FA-22,S0009159,2025FA,Enrolled,
PNUR-2025FA-22,S0021732,2025FA,Enrolled,
PNUR-2025FA-23,S0032644,2025FA,Enrolled,
PNUR-2025FA-23,S0037972,2025FA,Enrolled,
PNUR-2025FA-23,S0033784,2025FA,Enrolled,
PNUR-2025FA-23,S0030775,2025FA,Enrolled,
PNUR-2025FA-23,S0010253,2025FA,Enrolled,
PNUR-2025FA-23,S0021156,2025FA,Enrolled,
PNUR-2025FA-23,S0034208,2025FA,Enrolled,
PNUR-2025FA-23,S0032876,2025FA,Enrolled,
PNUR-2025FA-23,S0007990,2025FA,Enrolled,
PNUR-2025FA-23,S0040224,2025FA,Enrolled,
PNUR-2025FA-23,S0022197,2025FA,Enrolled,
PNUR-2025FA-23,S0037300,2025FA,Enrolled,
PNUR-2025FA-23,S0024140,2025FA,Enrolled,
PNUR-2025FA-23,S0032141,2025FA,Enrolled,
PNUR-2025FA-23,S0030704,2025FA,Enrolled,
PNUR-2025FA-23,S0033514,2025FA,Enrolled,
PNUR-2025FA-23,S0022562,2025FA,Enrolled,
PNUR-2025FA-23,S0031468,2025FA,Enrolled,
PNUR-2025FA-23,S0033363,2025FA,Enrolled,
PNUR-2025FA-23,S0023907,2025FA,Enrolled,
PNUR-2025FA-23,S0037542,2025FA,Enrolled,
PNUR-2025FA-23,S0033257,2025FA,Enrolled,
PNUR-2025FA-23,S0023782,2025FA,Enrolled,
PNUR-2025FA-23,S0016175,2025FA,Enrolled,
PNUR-2025FA-23,S0025691,2025FA,Enrolled,
PNUR-2025FA-23,S0040507,2025FA,Enrolled,
PNUR-2025FA-23,S0031378,2025FA,Enrolled,
PNUR-2025FA-24,S0026469,2025FA,Enrolled,
PNUR-2025FA-24,S0039004,2025FA,Enrolled,
PNUR-2025FA-24,S0036948,2025FA,Enrolled,
PNUR-2025FA-24,S0037451,2025FA,Enrolled,
PNUR-2025FA-24,S0030370,2025FA,Enrolled,
PNUR-2025FA-24,S0012526,2025FA,Enrolled,
PNUR-2025FA-24,S0008992,2025FA,Enrolled,
PNUR-2025FA-24,S0016490,2025FA,Enrolled,
PNUR-2025FA-24,S0029129,2025FA,Enrolled,
PNUR-2025FA-24,S0025771,2025FA,Enrolled,
PNUR-2025FA-24,S0038981,2025FA,Enrolled,
PNUR-2025FA-24,S0039721,2025FA,Enrolled,
PNUR-2025FA-24,S0028252,2025FA,Enrolled,
PNUR-2025FA-24,S0008519,2025FA,Enrolled,
PNUR-2025FA-24,S0036989,2025FA,Enrolled,
PNUR-2025FA-24,S0033857,2025FA,Enrolled,
PNUR-2025FA-24,S0036147,2025FA,Enrolled,
PNUR-2025FA-24,S0024379,2025FA,Enrolled,
PNUR-2025FA-24,S0004747,2025FA,Enrolled,
PNUR-2025FA-24,S0032138,2025FA,Enrolled,
PNUR-2025FA-24,S0020996,2025FA,Enrolled,
PNUR-2025FA-24,S0032994,2025FA,Enrolled,
PNUR-2025FA-24,S0024142,2025FA,Enrolled,
PNUR-2025FA-24,S0019299,2025FA,Enrolled,
PNUR-2025FA-24,S0013301,2025FA,Enrolled,
PNUR-2025FA-24,S0016574,2025FA,Enrolled,
PNUR-2025FA-24,S0008918,2025FA,Enrolled,
PNUR-2025FA-25,S0015802,2025FA,Enrolled,
PNUR-2025FA-25,S0020840,2025FA,Enrolled,
PNUR-2025FA-25,S0025967,2025FA,Enrolled,
PNUR-2025FA-25,S0029318,2025FA,Enrolled,
PNUR-2025FA-25,S0003586,2025FA,Enrolled,
PNUR-2025FA-25,S0032745,2025FA,Enrolled,
PNUR-2025FA-25,S0034277,2025FA,Enrolled,
PNUR-2025FA-25,S0019509,2025FA,Enrolled,
PNUR-2025FA-25,S0035664,2025FA,Enrolled,
PNUR-2025FA-25,S0006133,2025FA,Enrolled,
PNUR-2025FA-25,S0029391,2025FA,Enrolled,
PNUR-2025FA-25,S0003085,2025FA,Enrolled,
PNUR-2025FA-25,S0033098,2025FA,Enrolled,
PNUR-2025FA-25,S0037307,2025FA,Enrolled,
PNUR-2025FA-25,S0039909,2025FA,Enrolled,
PNUR-2025FA-25,S0032652,2025FA,Enrolled,
PNUR-2025FA-25,S0028859,2025FA,Enrolled,
PNUR-2025FA-25,S0038956,2025FA,Enrolled,
PNUR-2025FA-25,S0026793,2025FA,Enrolled,
PNUR-2025FA-25,S0033093,2025FA,Enrolled,
PNUR-2025FA-25,S0026601,2025FA,Enrolled,
PNUR-2025FA-25,S0040050,2025FA,Enrolled,
PNUR-2025FA-25,S0032801,2025FA,Enrolled,
PNUR-2025FA-25,S0028389,2025FA,Enrolled,
PNUR-2025FA-25,S0016240,2025FA,Enrolled,
PNUR-2025FA-25,S0019178,2025FA,Enrolled,
PNUR-2025FA-25,S0023765,2025FA,Enrolled,
PNUR-2025FA-26,S0028890,2025FA,Enrolled,
PNUR-2025FA-26,S0033406,2025FA,Enrolled,
PNUR-2025FA-26,S0038645,2025FA,Enrolled,
PNUR-2025FA-26,S0027104,2025FA,Enrolled,
PNUR-2025FA-26,S0036347,2025FA,Enrolled,
PNUR-2025FA-26,S0032820,2025FA,Enrolled,
PNUR-2025FA-26,S0019375,2025FA,Enrolled,
PNUR-2025FA-26,S0039608,2025FA,Enrolled,
PNUR-2025FA-26,S0035815,2025FA,Enrolled,
PNUR-2025FA-26,S0028346,2025FA,Enrolled,
PNUR-2025FA-26,S0016999,2025FA,Enrolled,
PNUR-2025FA-26,S0000650,2025FA,Enrolled,
PNUR-2025FA-26,S0033463,2025FA,Enrolled,
PNUR-2025FA-26,S0035456,2025FA,Enrolled,
PNUR-2025FA-26,S0037184,2025FA,Enrolled,
PNUR-2025FA-26,S0034418,2025FA,Enrolled,
PNUR-2025FA-26,S0027413,2025FA,Enrolled,
PNUR-2025FA-26,S0017658,2025FA,Enrolled,
PNUR-2025FA-26,S0023654,2025FA,Enrolled,
PNUR-2025FA-26,S0024310,2025FA,Enrolled,
PNUR-2025FA-26,S0029600,2025FA,Enrolled,
PNUR-2025FA-26,S0008225,2025FA,Enrolled,
PNUR-2025FA-26,S0028423,2025FA,Enrolled,
PNUR-2025FA-26,S0008399,2025FA,Enrolled,
PNUR-2025FA-26,S0035505,2025FA,Enrolled,
PNUR-2025FA-26,S0024370,2025FA,Enrolled,
PNUR-2025FA-26,S0027898,2025FA,Enrolled,
PNUR-2025FA-27,S0033625,2025FA,Enrolled,
PNUR-2025FA-27,S0039830,2025FA,Enrolled,
PNUR-2025FA-27,S0008833,2025FA,Enrolled,
PNUR-2025FA-27,S0000432,2025FA,Enrolled,
PNUR-2025FA-27,S0034005,2025FA,Enrolled,
PNUR-2025FA-27,S0016343,2025FA,Enrolled,
PNUR-2025FA-27,S0001587,2025FA,Enrolled,
PNUR-2025FA-27,S0037981,2025FA,Enrolled,
PNUR-2025FA-27,S0005447,2025FA,Enrolled,
PNUR-2025FA-27,S0014399,2025FA,Enrolled,
PNUR-2025FA-27,S0037267,2025FA,Enrolled,
PNUR-2025FA-27,S0027457,2025FA,Enrolled,
PNUR-2025FA-27,S0032114,2025FA,Enrolled,
PNUR-2025FA-27,S0025767,2025FA,Enrolled,
PNUR-2025FA-27,S0025457,2025FA,Enrolled,
PNUR-2025FA-27,S0011845,2025FA,Enrolled,
PNUR-2025FA-27,S0003333,2025FA,Enrolled,
PNUR-2025FA-27,S0012338,2025FA,Enrolled,
PNUR-2025FA-27,S0032686,2025FA,Enrolled,
PNUR-2025FA-27,S0014820,2025FA,Enrolled,
PNUR-2025FA-27,S0036994,2025FA,Enrolled,
PNUR-2025FA-27,S0030902,2025FA,Enrolled,
PNUR-2025FA-27,S0016458,2025FA,Enrolled,
PNUR-2025FA-27,S0037227,2025FA,Enrolled,
PNUR-2025FA-27,S0015621,2025FA,Enrolled,
PNUR-2025FA-27,S0037255,2025FA,Enrolled,
PNUR-2025FA-27,S0034301,2025FA,Enrolled,
PNUR-2025FA-28,S0032632,2025FA,Enrolled,
PNUR-2025FA-28,S0037372,2025FA,Enrolled,
PNUR-2025FA-28,S0000693,2025FA,Enrolled,
PNUR-2025FA-28,S0010003,2025FA,Enrolled,
PNUR-2025FA-28,S0013645,2025FA,Enrolled,
PNUR-2025FA-28,S0015455,2025FA,Enrolled,
PNUR-2025FA-28,S0039391,2025FA,Enrolled,
PNUR-2025FA-28,S0026927,2025FA,Enrolled,
PNUR-2025FA-28,S0017710,2025FA,Enrolled,
PNUR-2025FA-28,S0008576,2025FA,Enrolled,
PNUR-2025FA-28,S0013588,2025FA,Enrolled,
PNUR-2025FA-28,S0028358,2025FA,Enrolled,
PNUR-2025FA-28,S0032660,2025FA,Enrolled,
PNUR-2025FA-28,S0033722,2025FA,Enrolled,
PNUR-2025FA-28,S0040164,2025FA,Enrolled,
PNUR-2025FA-28,S0034291,2025FA,Enrolled,
PNUR-2025FA-28,S0005057,2025FA,Enrolled,
PNUR-2025FA-28,S0038468,2025FA,Enrolled,
PNUR-2025FA-28,S0033892,2025FA,Enrolled,
PNUR-2025FA-28,S0035386,2025FA,Enrolled,
PNUR-2025FA-28,S0026981,2025FA,Enrolled,
PNUR-2025FA-28,S0040220,2025FA,Enrolled,
PNUR-2025FA-28,S0040495,2025FA,Enrolled,
PNUR-2025FA-28,S0040028,2025FA,Enrolled,
PNUR-2025FA-28,S0019420,2025FA,Enrolled,
PNUR-2025FA-28,S0039372,2025FA,Enrolled,
PNUR-2025FA-28,S0039019,2025FA,Enrolled,
PNUR-2025FA-29,S0009746,2025FA,Enrolled,
PNUR-2025FA-29,S0007188,2025FA,Enrolled,
PNUR-2025FA-29,S0037581,2025FA,Enrolled,
PNUR-2025FA-29,S0039807,2025FA,Enrolled,
PNUR-2025FA-29,S0038619,2025FA,Enrolled,
PNUR-2025FA-29,S0038060,2025FA,Enrolled,
PNUR-2025FA-29,S0020588,2025FA,Enrolled,
PNUR-2025FA-29,S0027134,2025FA,Enrolled,
PNUR-2025FA-29,S0005832,2025FA,Enrolled,
PNUR-2025FA-29,S0032831,2025FA,Enrolled,
PNUR-2025FA-29,S0016130,2025FA,Enrolled,
PNUR-2025FA-29,S0040180,2025FA,Enrolled,
PNUR-2025FA-29,S0035933,2025FA,Enrolled,
PNUR-2025FA-29,S0000273,2025FA,Enrolled,
PNUR-2025FA-29,S0032819,2025FA,Enrolled,
PNUR-2025FA-29,S0005010,2025FA,Enrolled,
PNUR-2025FA-29,S0007760,2025FA,Enrolled,
PNUR-2025FA-29,S0032234,2025FA,Enrolled,
PNUR-2025FA-29,S0029044,2025FA,Enrolled,
PNUR-2025FA-29,S0039754,2025FA,Enrolled,
PNUR-2025FA-29,S0018549,2025FA,Enrolled,
PNUR-2025FA-29,S0027546,2025FA,Enrolled,
PNUR-2025FA-29,S0026519,2025FA,Enrolled,
PNUR-2025FA-29,S0032595,2025FA,Enrolled,
PNUR-2025FA-29,S0039852,2025FA,Enrolled,
PNUR-2025FA-29,S0037613,2025FA,Enrolled,
PNUR-2025FA-29,S0040623,2025FA,Enrolled,
PNUR-2025FA-30,S0033658,2025FA,Enrolled,
PNUR-2025FA-30,S0031265,2025FA,Enrolled,
PNUR-2025FA-30,S0027614,2025FA,Enrolled,
PNUR-2025FA-30,S0033480,2025FA,Enrolled,
PNUR-2025FA-30,S0040388,2025FA,Enrolled,
PNUR-2025FA-30,S0019504,2025FA,Enrolled,
PNUR-2025FA-30,S0023364,2025FA,Enrolled,
PNUR-2025FA-30,S0025403,2025FA,Enrolled,
PNUR-2025FA-30,S0015800,2025FA,Enrolled,
PNUR-2025FA-30,S0039359,2025FA,Enrolled,
PNUR-2025FA-30,S0013134,2025FA,Enrolled,
PNUR-2025FA-30,S0012499,2025FA,Enrolled,
PNUR-2025FA-30,S0032793,2025FA,Enrolled,
PNUR-2025FA-30,S0032929,2025FA,Enrolled,
PNUR-2025FA-30,S0025708,2025FA,Enrolled,
PNUR-2025FA-30,S0018639,2025FA,Enrolled,
PNUR-2025FA-30,S0034139,2025FA,Enrolled,
PNUR-2025FA-30,S0032216,2025FA,Enrolled,
PNUR-2025FA-30,S0027874,2025FA,Enrolled,
PNUR-2025FA-30,S0014022,2025FA,Enrolled,
PNUR-2025FA-30,S0003158,2025FA,Enrolled,
PNUR-2025FA-30,S0020925,2025FA,Enrolled,
PNUR-2025FA-30,S0038678,2025FA,Enrolled,
PNUR-2025FA-30,S0024167,2025FA,Enrolled,
PNUR-2025FA-30,S0035909,2025FA,Enrolled,
PNUR-2025FA-30,S0037890,2025FA,Enrolled,
PNUR-2025FA-30,S0036289,2025FA,Enrolled,
PNUR-2025FA-31,S0039735,2025FA,Enrolled,
PNUR-2025FA-31,S0031109,2025FA,Enrolled,
PNUR-2025FA-31,S0028383,2025FA,Enrolled,
PNUR-2025FA-31,S0039144,2025FA,Enrolled,
PNUR-2025FA-31,S0037626,2025FA,Enrolled,
PNUR-2025FA-31,S0027517,2025FA,Enrolled,
PNUR-2025FA-31,S0030316,2025FA,Enrolled,
PNUR-2025FA-31,S0040587,2025FA,Enrolled,
PNUR-2025FA-31,S0031622,2025FA,Enrolled,
PNUR-2025FA-31,S0023323,2025FA,Enrolled,
PNUR-2025FA-31,S0039924,2025FA,Enrolled,
PNUR-2025FA-31,S0019559,2025FA,Enrolled,
PNUR-2025FA-31,S0026085,2025FA,Enrolled,
PNUR-2025FA-31,S0037488,2025FA,Enrolled,
PNUR-2025FA-31,S0036288,2025FA,Enrolled,
PNUR-2025FA-31,S0015687,2025FA,Enrolled,
PNUR-2025FA-31,S0034077,2025FA,Enrolled,
PNUR-2025FA-31,S0036199,2025FA,Enrolled,
PNUR-2025FA-31,S0007303,2025FA,Enrolled,
PNUR-2025FA-31,S0031896,2025FA,Enrolled,
PNUR-2025FA-31,S0032679,2025FA,Enrolled,
PNUR-2025FA-31,S0009083,2025FA,Enrolled,
PNUR-2025FA-31,S0039237,2025FA,Enrolled,
PNUR-2025FA-31,S0028979,2025FA,Enrolled,
PNUR-2025FA-31,S0004968,2025FA,Enrolled,
PNUR-2025FA-31,S0023492,2025FA,Enrolled,
PNUR-2025FA-31,S0005039,2025FA,Enrolled,
PNUR-2025FA-32,S0015175,2025FA,Enrolled,
PNUR-2025FA-32,S0036357,2025FA,Enrolled,
PNUR-2025FA-32,S0032241,2025FA,Enrolled,
PNUR-2025FA-32,S0000843,2025FA,Enrolled,
PNUR-2025FA-32,S0027659,2025FA,Enrolled,
PNUR-2025FA-32,S0018097,2025FA,Enrolled,
PNUR-2025FA-32,S0018932,2025FA,Enrolled,
PNUR-2025FA-32,S0031999,2025FA,Enrolled,
PNUR-2025FA-32,S0014010,2025FA,Enrolled,
PNUR-2025FA-32,S0021361,2025FA,Enrolled,
PNUR-2025FA-32,S0015984,2025FA,Enrolled,
PNUR-2025FA-32,S0040106,2025FA,Enrolled,
PNUR-2025FA-32,S0001865,2025FA,Enrolled,
PNUR-2025FA-32,S0033806,2025FA,Enrolled,
PNUR-2025FA-32,S0039760,2025FA,Enrolled,
PNUR-2025FA-32,S0035343,2025FA,Enrolled,
PNUR-2025FA-32,S0012575,2025FA,Enrolled,
PNUR-2025FA-32,S0032759,2025FA,Enrolled,
PNUR-2025FA-32,S0022554,2025FA,Enrolled,
PNUR-2025FA-32,S0038342,2025FA,Enrolled,
PNUR-2025FA-32,S0018579,2025FA,Enrolled,
PNUR-2025FA-32,S0032032,2025FA,Enrolled,
PNUR-2025FA-32,S0028165,2025FA,Enrolled,
PNUR-2025FA-32,S0026037,2025FA,Enrolled,
PNUR-2025FA-32,S0037785,2025FA,Enrolled,
PNUR-2025FA-32,S0021122,2025FA,Enrolled,
PNUR-2025FA-32,S0001064,2025FA,Enrolled,
PNUR-2025FA-33,S0039844,2025FA,Enrolled,
PNUR-2025FA-33,S0007393,2025FA,Enrolled,
PNUR-2025FA-33,S0001765,2025FA,Enrolled,
PNUR-2025FA-33,S0039616,2025FA,Enrolled,
PNUR-2025FA-33,S0015940,2025FA,Enrolled,
PNUR-2025FA-33,S0038900,2025FA,Enrolled,
PNUR-2025FA-33,S0029430,2025FA,Enrolled,
PNUR-2025FA-33,S0024064,2025FA,Enrolled,
PNUR-2025FA-33,S0028741,2025FA,Enrolled,
PNUR-2025FA-33,S0031935,2025FA,Enrolled,
PNUR-2025FA-33,S0040024,2025FA,Enrolled,
PNUR-2025FA-33,S0029247,2025FA,Enrolled,
PNUR-2025FA-33,S0023427,2025FA,Enrolled,
PNUR-2025FA-33,S0038206,2025FA,Enrolled,
PNUR-2025FA-33,S0007791,2025FA,Enrolled,
PNUR-2025FA-33,S0024249,2025FA,Enrolled,
PNUR-2025FA-33,S0036083,2025FA,Enrolled,
PNUR-2025FA-33,S0032109,2025FA,Enrolled,
PNUR-2025FA-33,S0002053,2025FA,Enrolled,
PNUR-2025FA-33,S0026345,2025FA,Enrolled,
PNUR-2025FA-33,S0032565,2025FA,Enrolled,
PNUR-2025FA-33,S0036360,2025FA,Enrolled,
PNUR-2025FA-33,S0001516,2025FA,Enrolled,
PNUR-2025FA-33,S0040112,2025FA,Enrolled,
PNUR-2025FA-33,S0011018,2025FA,Enrolled,
PNUR-2025FA-33,S0027946,2025FA,Enrolled,
PNUR-2025FA-33,S0009483,2025FA,Enrolled,
PNUR-2025FA-34,S0040573,2025FA,Enrolled,
PNUR-2025FA-34,S0028275,2025FA,Enrolled,
PNUR-2025FA-34,S0032323,2025FA,Enrolled,
PNUR-2025FA-34,S0012374,2025FA,Enrolled,
PNUR-2025FA-34,S0037864,2025FA,Enrolled,
PNUR-2025FA-34,S0039027,2025FA,Enrolled,
PNUR-2025FA-34,S0038654,2025FA,Enrolled,
PNUR-2025FA-34,S0033537,2025FA,Enrolled,
PNUR-2025FA-34,S0036864,2025FA,Enrolled,
PNUR-2025FA-34,S0033938,2025FA,Enrolled,
PNUR-2025FA-34,S0001403,2025FA,Enrolled,
PNUR-2025FA-34,S0023811,2025FA,Enrolled,
PNUR-2025FA-34,S0035952,2025FA,Enrolled,
PNUR-2025FA-34,S0015628,2025FA,Enrolled,
PNUR-2025FA-34,S0022525,2025FA,Enrolled,
PNUR-2025FA-34,S0037336,2025FA,Enrolled,
PNUR-2025FA-34,S0034100,2025FA,Enrolled,
PNUR-2025FA-34,S0002069,2025FA,Enrolled,
PNUR-2025FA-34,S0003122,2025FA,Enrolled,
PNUR-2025FA-34,S0030546,2025FA,Enrolled,
PNUR-2025FA-34,S0005613,2025FA,Enrolled,
PNUR-2025FA-34,S0032912,2025FA,Enrolled,
PNUR-2025FA-34,S0010358,2025FA,Enrolled,
PNUR-2025FA-34,S0017626,2025FA,Enrolled,
PNUR-2025FA-34,S0035725,2025FA,Enrolled,
PNUR-2025FA-34,S0031089,2025FA,Enrolled,
PNUR-2025FA-34,S0028696,2025FA,Enrolled,
PNUR-2025FA-35,S0015365,2025FA,Enrolled,
PNUR-2025FA-35,S0032375,2025FA,Enrolled,
PNUR-2025FA-35,S0010542,2025FA,Enrolled,
PNUR-2025FA-35,S0022090,2025FA,Enrolled,
PNUR-2025FA-35,S0033920,2025FA,Enrolled,
PNUR-2025FA-35,S0010537,2025FA,Enrolled,
PNUR-2025FA-35,S0021632,2025FA,Enrolled,
PNUR-2025FA-35,S0027127,2025FA,Enrolled,
PNUR-2025FA-35,S0010306,2025FA,Enrolled,
PNUR-2025FA-35,S0009892,2025FA,Enrolled,
PNUR-2025FA-35,S0001163,2025FA,Enrolled,
PNUR-2025FA-35,S0013374,2025FA,Enrolled,
PNUR-2025FA-35,S0025532,2025FA,Enrolled,
PNUR-2025FA-35,S0015504,2025FA,Enrolled,
PNUR-2025FA-35,S0030760,2025FA,Enrolled,
PNUR-2025FA-35,S0001486,2025FA,Enrolled,
PNUR-2025FA-35,S0027832,2025FA,Enrolled,
PNUR-2025FA-35,S0036222,2025FA,Enrolled,
PNUR-2025FA-35,S0033163,2025FA,Enrolled,
PNUR-2025FA-35,S0038417,2025FA,Enrolled,
PNUR-2025FA-35,S0038481,2025FA,Enrolled,
PNUR-2025FA-35,S0036596,2025FA,Enrolled,
PNUR-2025FA-35,S0033253,2025FA,Enrolled,
PNUR-2025FA-35,S0027031,2025FA,Enrolled,
PNUR-2025FA-35,S0032089,2025FA,Enrolled,
PNUR-2025FA-35,S0037552,2025FA,Enrolled,
PNUR-2025FA-35,S0033511,2025FA,Enrolled,
PNUR-2025FA-36,S0017653,2025FA,Enrolled,
PNUR-2025FA-36,S0025823,2025FA,Enrolled,
PNUR-2025FA-36,S0037076,2025FA,Enrolled,
PNUR-2025FA-36,S0037259,2025FA,Enrolled,
PNUR-2025FA-36,S0026204,2025FA,Enrolled,
PNUR-2025FA-36,S0032739,2025FA,Enrolled,
PNUR-2025FA-36,S0018664,2025FA,Enrolled,
PNUR-2025FA-36,S0038992,2025FA,Enrolled,
PNUR-2025FA-36,S0039436,2025FA,Enrolled,
PNUR-2025FA-36,S0028059,2025FA,Enrolled,
PNUR-2025FA-36,S0006442,2025FA,Enrolled,
PNUR-2025FA-36,S0029241,2025FA,Enrolled,
PNUR-2025FA-36,S0040021,2025FA,Enrolled,
PNUR-2025FA-36,S0025444,2025FA,Enrolled,
PNUR-2025FA-36,S0035862,2025FA,Enrolled,
PNUR-2025FA-36,S0031981,2025FA,Enrolled,
PNUR-2025FA-36,S0007756,2025FA,Enrolled,
PNUR-2025FA-36,S0021731,2025FA,Enrolled,
PNUR-2025FA-36,S0017024,2025FA,Enrolled,
PNUR-2025FA-36,S0037425,2025FA,Enrolled,
PNUR-2025FA-36,S0040365,2025FA,Enrolled,
PNUR-2025FA-36,S0038460,2025FA,Enrolled,
PNUR-2025FA-36,S0020741,2025FA,Enrolled,
PNUR-2025FA-36,S0032250,2025FA,Enrolled,
PNUR-2025FA-36,S0030533,2025FA,Enrolled,
PNUR-2025FA-36,S0037926,2025FA,Enrolled,
PNUR-2025FA-36,S0033440,2025FA,Enrolled,
PNUR-2025FA-37,S0033745,2025FA,Enrolled,
PNUR-2025FA-37,S0013755,2025FA,Enrolled,
PNUR-2025FA-37,S0022851,2025FA,Enrolled,
PNUR-2025FA-37,S0005833,2025FA,Enrolled,
PNUR-2025FA-37,S0039898,2025FA,Enrolled,
PNUR-2025FA-37,S0011099,2025FA,Enrolled,
PNUR-2025FA-37,S0009922,2025FA,Enrolled,
PNUR-2025FA-37,S0030992,2025FA,Enrolled,
PNUR-2025FA-37,S0037185,2025FA,Enrolled,
PNUR-2025FA-37,S0003759,2025FA,Enrolled,
PNUR-2025FA-37,S0023924,2025FA,Enrolled,
PNUR-2025FA-37,S0039869,2025FA,Enrolled,
PNUR-2025FA-37,S0007217,2025FA,Enrolled,
PNUR-2025FA-37,S0033899,2025FA,Enrolled,
PNUR-2025FA-37,S0023146,2025FA,Enrolled,
PNUR-2025FA-37,S0017368,2025FA,Enrolled,
PNUR-2025FA-37,S0017575,2025FA,Enrolled,
PNUR-2025FA-37,S0022519,2025FA,Enrolled,
PNUR-2025FA-37,S0037143,2025FA,Enrolled,
PNUR-2025FA-37,S0033676,2025FA,Enrolled,
PNUR-2025FA-37,S0034298,2025FA,Enrolled,
PNUR-2025FA-37,S0030478,2025FA,Enrolled,
PNUR-2025FA-37,S0039463,2025FA,Enrolled,
PNUR-2025FA-37,S0005164,2025FA,Enrolled,
PNUR-2025FA-37,S0026906,2025FA,Enrolled,
PNUR-2025FA-37,S0014588,2025FA,Enrolled,
PNUR-2025FA-37,S0040118,2025FA,Enrolled,
PNUR-2025FA-38,S0022153,2025FA,Enrolled,
PNUR-2025FA-38,S0026174,2025FA,Enrolled,
PNUR-2025FA-38,S0016596,2025FA,Enrolled,
PNUR-2025FA-38,S0033621,2025FA,Enrolled,
PNUR-2025FA-38,S0039316,2025FA,Enrolled,
PNUR-2025FA-38,S0006924,2025FA,Enrolled,
PNUR-2025FA-38,S0029027,2025FA,Enrolled,
PNUR-2025FA-38,S0032088,2025FA,Enrolled,
PNUR-2025FA-38,S0006187,2025FA,Enrolled,
PNUR-2025FA-38,S0009695,2025FA,Enrolled,
PNUR-2025FA-38,S0024121,2025FA,Enrolled,
PNUR-2025FA-38,S0036941,2025FA,Enrolled,
PNUR-2025FA-38,S0003020,2025FA,Enrolled,
PNUR-2025FA-38,S0027677,2025FA,Enrolled,
PNUR-2025FA-38,S0028601,2025FA,Enrolled,
PNUR-2025FA-38,S0027366,2025FA,Enrolled,
PNUR-2025FA-38,S0039646,2025FA,Enrolled,
PNUR-2025FA-38,S0026413,2025FA,Enrolled,
PNUR-2025FA-38,S0038272,2025FA,Enrolled,
PNUR-2025FA-38,S0024254,2025FA,Enrolled,
PNUR-2025FA-38,S0023502,2025FA,Enrolled,
PNUR-2025FA-38,S0037531,2025FA,Enrolled,
PNUR-2025FA-38,S0032461,2025FA,Enrolled,
PNUR-2025FA-38,S0031247,2025FA,Enrolled,
PNUR-2025FA-38,S0038142,2025FA,Enrolled,
PNUR-2025FA-38,S0032083,2025FA,Enrolled,
PNUR-2025FA-38,S0034082,2025FA,Enrolled,
PNUR-2025FA-39,S0040070,2025FA,Enrolled,
PNUR-2025FA-39,S0022982,2025FA,Enrolled,
PNUR-2025FA-39,S0033505,2025FA,Enrolled,
PNUR-2025FA-39,S0030549,2025FA,Enrolled,
PNUR-2025FA-39,S0011184,2025FA,Enrolled,
PNUR-2025FA-39,S0019668,2025FA,Enrolled,
PNUR-2025FA-39,S0017089,2025FA,Enrolled,
PNUR-2025FA-39,S0013790,2025FA,Enrolled,
PNUR-2025FA-39,S0009063,2025FA,Enrolled,
PNUR-2025FA-39,S0017817,2025FA,Enrolled,
PNUR-2025FA-39,S0035726,2025FA,Enrolled,
PNUR-2025FA-39,S0013074,2025FA,Enrolled,
PNUR-2025FA-39,S0035362,2025FA,Enrolled,
PNUR-2025FA-39,S0040359,2025FA,Enrolled,
PNUR-2025FA-39,S0022086,2025FA,Enrolled,
PNUR-2025FA-39,S0000327,2025FA,Enrolled,
PNUR-2025FA-39,S0036120,2025FA,Enrolled,
PNUR-2025FA-39,S0022717,2025FA,Enrolled,
PNUR-2025FA-39,S0023963,2025FA,Enrolled,
PNUR-2025FA-39,S0038515,2025FA,Enrolled,
PNUR-2025FA-39,S0033177,2025FA,Enrolled,
PNUR-2025FA-39,S0036478,2025FA,Enrolled,
PNUR-2025FA-39,S0034012,2025FA,Enrolled,
PNUR-2025FA-39,S0039629,2025FA,Enrolled,
PNUR-2025FA-39,S0027855,2025FA,Enrolled,
PNUR-2025FA-39,S0001482,2025FA,Enrolled,
PNUR-2025FA-39,S0038498,2025FA,Enrolled,
PNUR-2025FA-40,S0027778,2025FA,Enrolled,
PNUR-2025FA-40,S0001145,2025FA,Enrolled,
PNUR-2025FA-40,S0036433,2025FA,Enrolled,
PNUR-2025FA-40,S0039140,2025FA,Enrolled,
PNUR-2025FA-40,S0029198,2025FA,Enrolled,
PNUR-2025FA-40,S0024385,2025FA,Enrolled,
PNUR-2025FA-40,S0034156,2025FA,Enrolled,
PNUR-2025FA-40,S0028670,2025FA,Enrolled,
PNUR-2025FA-40,S0033090,2025FA,Enrolled,
PNUR-2025FA-40,S0033493,2025FA,Enrolled,
PNUR-2025FA-40,S0032675,2025FA,Enrolled,
PNUR-2025FA-40,S0003160,2025FA,Enrolled,
PNUR-2025FA-40,S0032132,2025FA,Enrolled,
PNUR-2025FA-40,S0032668,2025FA,Enrolled,
PNUR-2025FA-40,S0036227,2025FA,Enrolled,
PNUR-2025FA-40,S0023659,2025FA,Enrolled,
PNUR-2025FA-40,S0039193,2025FA,Enrolled,
PNUR-2025FA-40,S0037995,2025FA,Enrolled,
PNUR-2025FA-40,S0018550,2025FA,Enrolled,
PNUR-2025FA-40,S0027905,2025FA,Enrolled,
PNUR-2025FA-40,S0029404,2025FA,Enrolled,
PNUR-2025FA-40,S0028338,2025FA,Enrolled,
PNUR-2025FA-40,S0018273,2025FA,Enrolled,
PNUR-2025FA-40,S0033292,2025FA,Enrolled,
PNUR-2025FA-40,S0001713,2025FA,Enrolled,
PNUR-2025FA-40,S0001452,2025FA,Enrolled,
PNUR-2025FA-40,S0007431,2025FA,Enrolled,
PNUR-2025FA-41,S0017751,2025FA,Enrolled,
PNUR-2025FA-41,S0035866,2025FA,Enrolled,
PNUR-2025FA-41,S0037296,2025FA,Enrolled,
PNUR-2025FA-41,S0031148,2025FA,Enrolled,
PNUR-2025FA-41,S0032281,2025FA,Enrolled,
PNUR-2025FA-41,S0000420,2025FA,Enrolled,
PNUR-2025FA-41,S0028189,2025FA,Enrolled,
PNUR-2025FA-41,S0040467,2025FA,Enrolled,
PNUR-2025FA-41,S0026156,2025FA,Enrolled,
PNUR-2025FA-41,S0033578,2025FA,Enrolled,
PNUR-2025FA-41,S0037879,2025FA,Enrolled,
PNUR-2025FA-41,S0029018,2025FA,Enrolled,
PNUR-2025FA-41,S0039173,2025FA,Enrolled,
PNUR-2025FA-41,S0014933,2025FA,Enrolled,
PNUR-2025FA-41,S0003748,2025FA,Enrolled,
PNUR-2025FA-41,S0035847,2025FA,Enrolled,
PNUR-2025FA-41,S0026961,2025FA,Enrolled,
PNUR-2025FA-41,S0010314,2025FA,Enrolled,
PNUR-2025FA-41,S0014853,2025FA,Enrolled,
PNUR-2025FA-41,S0028066,2025FA,Enrolled,
PNUR-2025FA-41,S0022075,2025FA,Enrolled,
PNUR-2025FA-41,S0028241,2025FA,Enrolled,
PNUR-2025FA-41,S0027387,2025FA,Enrolled,
PNUR-2025FA-41,S0032627,2025FA,Enrolled,
PNUR-2025FA-41,S0040664,2025FA,Enrolled,
PNUR-2025FA-41,S0032761,2025FA,Enrolled,
PNUR-2025FA-41,S0024160,2025FA,Enrolled,
PNUR-2025FA-42,S0032300,2025FA,Enrolled,
PNUR-2025FA-42,S0009064,2025FA,Enrolled,
PNUR-2025FA-42,S0007848,2025FA,Enrolled,
PNUR-2025FA-42,S0018037,2025FA,Enrolled,
PNUR-2025FA-42,S0032887,2025FA,Enrolled,
PNUR-2025FA-42,S0001676,2025FA,Enrolled,
PNUR-2025FA-42,S0006304,2025FA,Enrolled,
PNUR-2025FA-42,S0023589,2025FA,Enrolled,
PNUR-2025FA-42,S0037195,2025FA,Enrolled,
PNUR-2025FA-42,S0025982,2025FA,Enrolled,
PNUR-2025FA-42,S0004452,2025FA,Enrolled,
PNUR-2025FA-42,S0038865,2025FA,Enrolled,
PNUR-2025FA-42,S0034210,2025FA,Enrolled,
PNUR-2025FA-42,S0017853,2025FA,Enrolled,
PNUR-2025FA-42,S0033230,2025FA,Enrolled,
PNUR-2025FA-42,S0028418,2025FA,Enrolled,
PNUR-2025FA-42,S0026116,2025FA,Enrolled,
PNUR-2025FA-42,S0026326,2025FA,Enrolled,
PNUR-2025FA-42,S0038959,2025FA,Enrolled,
PNUR-2025FA-42,S0019285,2025FA,Enrolled,
PNUR-2025FA-42,S0027683,2025FA,Enrolled,
PNUR-2025FA-42,S0013785,2025FA,Enrolled,
PNUR-2025FA-42,S0039057,2025FA,Enrolled,
PNUR-2025FA-42,S0038190,2025FA,Enrolled,
PNUR-2025FA-42,S0028407,2025FA,Enrolled,
PNUR-2025FA-42,S0009159,2025FA,Enrolled,
PNUR-2025FA-42,S0021732,2025FA,Enrolled,
PNUR-2025FA-43,S0032644,2025FA,Enrolled,
PNUR-2025FA-43,S0037972,2025FA,Enrolled,
PNUR-2025FA-43,S0033784,2025FA,Enrolled,
PNUR-2025FA-43,S0030775,2025FA,Enrolled,
PNUR-2025FA-43,S0010253,2025FA,Enrolled,
PNUR-2025FA-43,S0021156,2025FA,Enrolled,
PNUR-2025FA-43,S0034208,2025FA,Enrolled,
PNUR-2025FA-43,S0032876,2025FA,Enrolled,
PNUR-2025FA-43,S0007990,2025FA,Enrolled,
PNUR-2025FA-43,S0040224,2025FA,Enrolled,
PNUR-2025FA-43,S0022197,2025FA,Enrolled,
PNUR-2025FA-43,S0037300,2025FA,Enrolled,
PNUR-2025FA-43,S0024140,2025FA,Enrolled,
PNUR-2025FA-43,S0032141,2025FA,Enrolled,
PNUR-2025FA-43,S0030704,2025FA,Enrolled,
PNUR-2025FA-43,S0033514,2025FA,Enrolled,
PNUR-2025FA-43,S0022562,2025FA,Enrolled,
PNUR-2025FA-43,S0031468,2025FA,Enrolled,
PNUR-2025FA-43,S0033363,2025FA,Enrolled,
PNUR-2025FA-43,S0023907,2025FA,Enrolled,
PNUR-2025FA-43,S0037542,2025FA,Enrolled,
PNUR-2025FA-43,S0033257,2025FA,Enrolled,
PNUR-2025FA-43,S0023782,2025FA,Enrolled,
PNUR-2025FA-43,S0016175,2025FA,Enrolled,
PNUR-2025FA-43,S0025691,2025FA,Enrolled,
PNUR-2025FA-43,S0040507,2025FA,Enrolled,
PNUR-2025FA-43,S0031378,2025FA,Enrolled,
PNUR-2025FA-44,S0026469,2025FA,Enrolled,
PNUR-2025FA-44,S0039004,2025FA,Enrolled,
PNUR-2025FA-44,S0036948,2025FA,Enrolled,
PNUR-2025FA-44,S0037451,2025FA,Enrolled,
PNUR-2025FA-44,S0030370,2025FA,Enrolled,
PNUR-2025FA-44,S0012526,2025FA,Enrolled,
PNUR-2025FA-44,S0008992,2025FA,Enrolled,
PNUR-2025FA-44,S0016490,2025FA,Enrolled,
PNUR-2025FA-44,S0029129,2025FA,Enrolled,
PNUR-2025FA-44,S0025771,2025FA,Enrolled,
PNUR-2025FA-44,S0038981,2025FA,Enrolled,
PNUR-2025FA-44,S0039721,2025FA,Enrolled,
PNUR-2025FA-44,S0028252,2025FA,Enrolled,
PNUR-2025FA-44,S0008519,2025FA,Enrolled,
PNUR-2025FA-44,S0036989,2025FA,Enrolled,
PNUR-2025FA-44,S0033857,2025FA,Enrolled,
PNUR-2025FA-44,S0036147,2025FA,Enrolled,
PNUR-2025FA-44,S0024379,2025FA,Enrolled,
PNUR-2025FA-44,S0004747,2025FA,Enrolled,
PNUR-2025FA-44,S0032138,2025FA,Enrolled,
PNUR-2025FA-44,S0020996,2025FA,Enrolled,
PNUR-2025FA-44,S0032994,2025FA,Enrolled,
PNUR-2025FA-44,S0024142,2025FA,Enrolled,
PNUR-2025FA-44,S0019299,2025FA,Enrolled,
PNUR-2025FA-44,S0013301,2025FA,Enrolled,
PNUR-2025FA-44,S0016574,2025FA,Enrolled,
PNUR-2025FA-44,S0008918,2025FA,Enrolled,
PNUR-2025FA-45,S0015802,2025FA,Enrolled,
PNUR-2025FA-45,S0020840,2025FA,Enrolled,
PNUR-2025FA-45,S0025967,2025FA,Enrolled,
PNUR-2025FA-45,S0029318,2025FA,Enrolled,
PNUR-2025FA-45,S0003586,2025FA,Enrolled,
PNUR-2025FA-45,S0032745,2025FA,Enrolled,
PNUR-2025FA-45,S0034277,2025FA,Enrolled,
PNUR-2025FA-45,S0019509,2025FA,Enrolled,
PNUR-2025FA-45,S0035664,2025FA,Enrolled,
PNUR-2025FA-45,S0006133,2025FA,Enrolled,
PNUR-2025FA-45,S0029391,2025FA,Enrolled,
PNUR-2025FA-45,S0003085,2025FA,Enrolled,
PNUR-2025FA-45,S0033098,2025FA,Enrolled,
PNUR-2025FA-45,S0037307,2025FA,Enrolled,
PNUR-2025FA-45,S0039909,2025FA,Enrolled,
PNUR-2025FA-45,S0032652,2025FA,Enrolled,
PNUR-2025FA-45,S0028859,2025FA,Enrolled,
PNUR-2025FA-45,S0038956,2025FA,Enrolled,
PNUR-2025FA-45,S0026793,2025FA,Enrolled,
PNUR-2025FA-45,S0033093,2025FA,Enrolled,
PNUR-2025FA-45,S0026601,2025FA,Enrolled,
PNUR-2025FA-45,S0040050,2025FA,Enrolled,
PNUR-2025FA-45,S0032801,2025FA,Enrolled,
PNUR-2025FA-45,S0028389,2025FA,Enrolled,
PNUR-2025FA-45,S0016240,2025FA,Enrolled,
PNUR-2025FA-45,S0019178,2025FA,Enrolled,
PNUR-2025FA-45,S0023765,2025FA,Enrolled,
PNUR-2025FA-46,S0028890,2025FA,Enrolled,
PNUR-2025FA-46,S0033406,2025FA,Enrolled,
PNUR-2025FA-46,S0038645,2025FA,Enrolled,
PNUR-2025FA-46,S0027104,2025FA,Enrolled,
PNUR-2025FA-46,S0036347,2025FA,Enrolled,
PNUR-2025FA-46,S0032820,2025FA,Enrolled,
PNUR-2025FA-46,S0019375,2025FA,Enrolled,
PNUR-2025FA-46,S0039608,2025FA,Enrolled,
PNUR-2025FA-46,S0035815,2025FA,Enrolled,
PNUR-2025FA-46,S0028346,2025FA,Enrolled,
PNUR-2025FA-46,S0016999,2025FA,Enrolled,
PNUR-2025FA-46,S0000650,2025FA,Enrolled,
PNUR-2025FA-46,S0033463,2025FA,Enrolled,
PNUR-2025FA-46,S0035456,2025FA,Enrolled,
PNUR-2025FA-46,S0037184,2025FA,Enrolled,
PNUR-2025FA-46,S0034418,2025FA,Enrolled,
PNUR-2025FA-46,S0027413,2025FA,Enrolled,
PNUR-2025FA-46,S0017658,2025FA,Enrolled,
PNUR-2025FA-46,S0023654,2025FA,Enrolled,
PNUR-2025FA-46,S0024310,2025FA,Enrolled,
PNUR-2025FA-46,S0029600,2025FA,Enrolled,
PNUR-2025FA-46,S0008225,2025FA,Enrolled,
PNUR-2025FA-46,S0028423,2025FA,Enrolled,
PNUR-2025FA-46,S0008399,2025FA,Enrolled,
PNUR-2025FA-46,S0035505,2025FA,Enrolled,
PNUR-2025FA-46,S0024370,2025FA,Enrolled,
PNUR-2025FA-46,S0027898,2025FA,Enrolled,
PNUR-2025FA-47,S0033625,2025FA,Enrolled,
PNUR-2025FA-47,S0039830,2025FA,Enrolled,
PNUR-2025FA-47,S0008833,2025FA,Enrolled,
PNUR-2025FA-47,S0000432,2025FA,Enrolled,
PNUR-2025FA-47,S0034005,2025FA,Enrolled,
PNUR-2025FA-47,S0016343,2025FA,Enrolled,
PNUR-2025FA-47,S0001587,2025FA,Enrolled,
PNUR-2025FA-47,S0037981,2025FA,Enrolled,
PNUR-2025FA-47,S0005447,2025FA,Enrolled,
PNUR-2025FA-47,S0014399,2025FA,Enrolled,
PNUR-2025FA-47,S0037267,2025FA,Enrolled,
PNUR-2025FA-47,S0027457,2025FA,Enrolled,
PNUR-2025FA-47,S0032114,2025FA,Enrolled,
PNUR-2025FA-47,S0025767,2025FA,Enrolled,
PNUR-2025FA-47,S0025457,2025FA,Enrolled,
PNUR-2025FA-47,S0011845,2025FA,Enrolled,
PNUR-2025FA-47,S0003333,2025FA,Enrolled,
PNUR-2025FA-47,S0012338,2025FA,Enrolled,
PNUR-2025FA-47,S0032686,2025FA,Enrolled,
PNUR-2025FA-47,S0014820,2025FA,Enrolled,
PNUR-2025FA-47,S0036994,2025FA,Enrolled,
PNUR-2025FA-47,S0030902,2025FA,Enrolled,
PNUR-2025FA-47,S0016458,2025FA,Enrolled,
PNUR-2025FA-47,S0037227,2025FA,Enrolled,
PNUR-2025FA-47,S0015621,2025FA,Enrolled,
PNUR-2025FA-47,S0037255,2025FA,Enrolled,
PNUR-2025FA-47,S0034301,2025FA,Enrolled,
PNUR-2025FA-48,S0032632,2025FA,Enrolled,
PNUR-2025FA-48,S0037372,2025FA,Enrolled,
PNUR-2025FA-48,S0000693,2025FA,Enrolled,
PNUR-2025FA-48,S0010003,2025FA,Enrolled,
PNUR-2025FA-48,S0013645,2025FA,Enrolled,
PNUR-2025FA-48,S0015455,2025FA,Enrolled,
PNUR-2025FA-48,S0039391,2025FA,Enrolled,
PNUR-2025FA-48,S0026927,2025FA,Enrolled,
PNUR-2025FA-48,S0017710,2025FA,Enrolled,
PNUR-2025FA-48,S0008576,2025FA,Enrolled,
PNUR-2025FA-48,S0013588,2025FA,Enrolled,
PNUR-2025FA-48,S0028358,2025FA,Enrolled,
PNUR-2025FA-48,S0032660,2025FA,Enrolled,
PNUR-2025FA-48,S0033722,2025FA,Enrolled,
PNUR-2025FA-48,S0040164,2025FA,Enrolled,
PNUR-2025FA-48,S0034291,2025FA,Enrolled,
PNUR-2025FA-48,S0005057,2025FA,Enrolled,
PNUR-2025FA-48,S0038468,2025FA,Enrolled,
PNUR-2025FA-48,S0033892,2025FA,Enrolled,
PNUR-2025FA-48,S0035386,2025FA,Enrolled,
PNUR-2025FA-48,S0026981,2025FA,Enrolled,
PNUR-2025FA-48,S0040220,2025FA,Enrolled,
PNUR-2025FA-48,S0040495,2025FA,Enrolled,
PNUR-2025FA-48,S0040028,2025FA,Enrolled,
PNUR-2025FA-48,S0019420,2025FA,Enrolled,
PNUR-2025FA-48,S0039372,2025FA,Enrolled,
PNUR-2025FA-48,S0039019,2025FA,Enrolled,
PNUR-2025FA-49,S0009746,2025FA,Enrolled,
PNUR-2025FA-49,S0007188,2025FA,Enrolled,
PNUR-2025FA-49,S0037581,2025FA,Enrolled,
PNUR-2025FA-49,S0039807,2025FA,Enrolled,
PNUR-2025FA-49,S0038619,2025FA,Enrolled,
PNUR-2025FA-49,S0038060,2025FA,Enrolled,
PNUR-2025FA-49,S0020588,2025FA,Enrolled,
PNUR-2025FA-49,S0027134,2025FA,Enrolled,
PNUR-2025FA-49,S0005832,2025FA,Enrolled,
PNUR-2025FA-49,S0032831,2025FA,Enrolled,
PNUR-2025FA-49,S0016130,2025FA,Enrolled,
PNUR-2025FA-49,S0040180,2025FA,Enrolled,
PNUR-2025FA-49,S0035933,2025FA,Enrolled,
PNUR-2025FA-49,S0000273,2025FA,Enrolled,
PNUR-2025FA-49,S0032819,2025FA,Enrolled,
PNUR-2025FA-49,S0005010,2025FA,Enrolled,
PNUR-2025FA-49,S0007760,2025FA,Enrolled,
PNUR-2025FA-49,S0032234,2025FA,Enrolled,
PNUR-2025FA-49,S0029044,2025FA,Enrolled,
PNUR-2025FA-49,S0039754,2025FA,Enrolled,
PNUR-2025FA-49,S0018549,2025FA,Enrolled,
PNUR-2025FA-49,S0027546,2025FA,Enrolled,
PNUR-2025FA-49,S0026519,2025FA,Enrolled,
PNUR-2025FA-49,S0032595,2025FA,Enrolled,
PNUR-2025FA-49,S0039852,2025FA,Enrolled,
PNUR-2025FA-49,S0037613,2025FA,Enrolled,
PNUR-2025FA-49,S0040623,2025FA,Enrolled,
PNUR-2025FA-50,S0033658,2025FA,Enrolled,
PNUR-2025FA-50,S0031265,2025FA,Enrolled,
PNUR-2025FA-50,S0027614,2025FA,Enrolled,
PNUR-2025FA-50,S0033480,2025FA,Enrolled,
PNUR-2025FA-50,S0040388,2025FA,Enrolled,
PNUR-2025FA-50,S0019504,2025FA,Enrolled,
PNUR-2025FA-50,S0023364,2025FA,Enrolled,
PNUR-2025FA-50,S0025403,2025FA,Enrolled,
PNUR-2025FA-50,S0015800,2025FA,Enrolled,
PNUR-2025FA-50,S0039359,2025FA,Enrolled,
PNUR-2025FA-50,S0013134,2025FA,Enrolled,
PNUR-2025FA-50,S0012499,2025FA,Enrolled,
PNUR-2025FA-50,S0032793,2025FA,Enrolled,
PNUR-2025FA-50,S0032929,2025FA,Enrolled,
PNUR-2025FA-50,S0025708,2025FA,Enrolled,
PNUR-2025FA-50,S0018639,2025FA,Enrolled,
PNUR-2025FA-50,S0034139,2025FA,Enrolled,
PNUR-2025FA-50,S0032216,2025FA,Enrolled,
PNUR-2025FA-50,S0027874,2025FA,Enrolled,
PNUR-2025FA-50,S0014022,2025FA,Enrolled,
PNUR-2025FA-50,S0003158,2025FA,Enrolled,
PNUR-2025FA-50,S0020925,2025FA,Enrolled,
PNUR-2025FA-50,S0038678,2025FA,Enrolled,
PNUR-2025FA-50,S0024167,2025FA,Enrolled,
PNUR-2025FA-50,S0035909,2025FA,Enrolled,
PNUR-2025FA-50,S0037890,2025FA,Enrolled,
PNUR-2025FA-50,S0036289,2025FA,Enrolled,
PNUR-2025FA-51,S0039735,2025FA,Enrolled,
PNUR-2025FA-51,S0031109,2025FA,Enrolled,
PNUR-2025FA-51,S0028383,2025FA,Enrolled,
PNUR-2025FA-51,S0039144,2025FA,Enrolled,
PNUR-2025FA-51,S0037626,2025FA,Enrolled,
PNUR-2025FA-51,S0027517,2025FA,Enrolled,
PNUR-2025FA-51,S0030316,2025FA,Enrolled,
PNUR-2025FA-51,S0040587,2025FA,Enrolled,
PNUR-2025FA-51,S0031622,2025FA,Enrolled,
PNUR-2025FA-51,S0023323,2025FA,Enrolled,
PNUR-2025FA-51,S0039924,2025FA,Enrolled,
PNUR-2025FA-51,S0019559,2025FA,Enrolled,
PNUR-2025FA-51,S0026085,2025FA,Enrolled,
PNUR-2025FA-51,S0037488,2025FA,Enrolled,
PNUR-2025FA-51,S0036288,2025FA,Enrolled,
PNUR-2025FA-51,S0015687,2025FA,Enrolled,
PNUR-2025FA-51,S0034077,2025FA,Enrolled,
PNUR-2025FA-51,S0036199,2025FA,Enrolled,
PNUR-2025FA-51,S0007303,2025FA,Enrolled,
PNUR-2025FA-51,S0031896,2025FA,Enrolled,
PNUR-2025FA-51,S0032679,2025FA,Enrolled,
PNUR-2025FA-51,S0009083,2025FA,Enrolled,
PNUR-2025FA-51,S0039237,2025FA,Enrolled,
PNUR-2025FA-51,S0028979,2025FA,Enrolled,
PNUR-2025FA-51,S0004968,2025FA,Enrolled,
PNUR-2025FA-51,S0023492,2025FA,Enrolled,
PNUR-2025FA-51,S0005039,2025FA,Enrolled,
PNUR-2025FA-52,S0015175,2025FA,Enrolled,
PNUR-2025FA-52,S0036357,2025FA,Enrolled,
PNUR-2025FA-52,S0032241,2025FA,Enrolled,
PNUR-2025FA-52,S0000843,2025FA,Enrolled,
PNUR-2025FA-52,S0027659,2025FA,Enrolled,
PNUR-2025FA-52,S0018097,2025FA,Enrolled,
PNUR-2025FA-52,S0018932,2025FA,Enrolled,
PNUR-2025FA-52,S0031999,2025FA,Enrolled,
PNUR-2025FA-52,S0014010,2025FA,Enrolled,
PNUR-2025FA-52,S0021361,2025FA,Enrolled,
PNUR-2025FA-52,S0015984,2025FA,Enrolled,
PNUR-2025FA-52,S0040106,2025FA,Enrolled,
PNUR-2025FA-52,S0001865,2025FA,Enrolled,
PNUR-2025FA-52,S0033806,2025FA,Enrolled,
PNUR-2025FA-52,S0039760,2025FA,Enrolled,
PNUR-2025FA-52,S0035343,2025FA,Enrolled,
PNUR-2025FA-52,S0012575,2025FA,Enrolled,
PNUR-2025FA-52,S0032759,2025FA,Enrolled,
PNUR-2025FA-52,S0022554,2025FA,Enrolled,
PNUR-2025FA-52,S0038342,2025FA,Enrolled,
PNUR-2025FA-52,S0018579,2025FA,Enrolled,
PNUR-2025FA-52,S0032032,2025FA,Enrolled,
PNUR-2025FA-52,S0028165,2025FA,Enrolled,
PNUR-2025FA-52,S0026037,2025FA,Enrolled,
PNUR-2025FA-52,S0037785,2025FA,Enrolled,
PNUR-2025FA-52,S0021122,2025FA,Enrolled,
PNUR-2025FA-52,S0001064,2025FA,Enrolled,
PNUR-2025FA-53,S0039844,2025FA,Enrolled,
PNUR-2025FA-53,S0007393,2025FA,Enrolled,
PNUR-2025FA-53,S0001765,2025FA,Enrolled,
PNUR-2025FA-53,S0039616,2025FA,Enrolled,
PNUR-2025FA-53,S0015940,2025FA,Enrolled,
PNUR-2025FA-53,S0038900,2025FA,Enrolled,
PNUR-2025FA-53,S0029430,2025FA,Enrolled,
PNUR-2025FA-53,S0024064,2025FA,Enrolled,
PNUR-2025FA-53,S0028741,2025FA,Enrolled,
PNUR-2025FA-53,S0031935,2025FA,Enrolled,
PNUR-2025FA-53,S0040024,2025FA,Enrolled,
PNUR-2025FA-53,S0029247,2025FA,Enrolled,
PNUR-2025FA-53,S0023427,2025FA,Enrolled,
PNUR-2025FA-53,S0038206,2025FA,Enrolled,
PNUR-2025FA-53,S0007791,2025FA,Enrolled,
PNUR-2025FA-53,S0024249,2025FA,Enrolled,
PNUR-2025FA-53,S0036083,2025FA,Enrolled,
PNUR-2025FA-53,S0032109,2025FA,Enrolled,
PNUR-2025FA-53,S0002053,2025FA,Enrolled,
PNUR-2025FA-53,S0026345,2025FA,Enrolled,
PNUR-2025FA-53,S0032565,2025FA,Enrolled,
PNUR-2025FA-53,S0036360,2025FA,Enrolled,
PNUR-2025FA-53,S0001516,2025FA,Enrolled,
PNUR-2025FA-53,S0040112,2025FA,Enrolled,
PNUR-2025FA-53,S0011018,2025FA,Enrolled,
PNUR-2025FA-53,S0027946,2025FA,Enrolled,
PNUR-2025FA-53,S0009483,2025FA,Enrolled,
PNUR-2025FA-54,S0040573,2025FA,Enrolled,
PNUR-2025FA-54,S0028275,2025FA,Enrolled,
PNUR-2025FA-54,S0032323,2025FA,Enrolled,
PNUR-2025FA-54,S0012374,2025FA,Enrolled,
PNUR-2025FA-54,S0037864,2025FA,Enrolled,
PNUR-2025FA-54,S0039027,2025FA,Enrolled,
PNUR-2025FA-54,S0038654,2025FA,Enrolled,
PNUR-2025FA-54,S0033537,2025FA,Enrolled,
PNUR-2025FA-54,S0036864,2025FA,Enrolled,
PNUR-2025FA-54,S0033938,2025FA,Enrolled,
PNUR-2025FA-54,S0001403,2025FA,Enrolled,
PNUR-2025FA-54,S0023811,2025FA,Enrolled,
PNUR-2025FA-54,S0035952,2025FA,Enrolled,
PNUR-2025FA-54,S0015628,2025FA,Enrolled,
PNUR-2025FA-54,S0022525,2025FA,Enrolled,
PNUR-2025FA-54,S0037336,2025FA,Enrolled,
PNUR-2025FA-54,S0034100,2025FA,Enrolled,
PNUR-2025FA-54,S0002069,2025FA,Enrolled,
PNUR-2025FA-54,S0003122,2025FA,Enrolled,
PNUR-2025FA-54,S0030546,2025FA,Enrolled,
PNUR-2025FA-54,S0005613,2025FA,Enrolled,
PNUR-2025FA-54,S0032912,2025FA,Enrolled,
PNUR-2025FA-54,S0010358,2025FA,Enrolled,
PNUR-2025FA-54,S0017626,2025FA,Enrolled,
PNUR-2025FA-54,S0035725,2025FA,Enrolled,
PNUR-2025FA-54,S0031089,2025FA,Enrolled,
PNUR-2025FA-54,S0028696,2025FA,Enrolled,
PNUR-2025FA-55,S0015365,2025FA,Enrolled,
PNUR-2025FA-55,S0032375,2025FA,Enrolled,
PNUR-2025FA-55,S0010542,2025FA,Enrolled,
PNUR-2025FA-55,S0022090,2025FA,Enrolled,
PNUR-2025FA-55,S0033920,2025FA,Enrolled,
PNUR-2025FA-55,S0010537,2025FA,Enrolled,
PNUR-2025FA-55,S0021632,2025FA,Enrolled,
PNUR-2025FA-55,S0027127,2025FA,Enrolled,
PNUR-2025FA-55,S0010306,2025FA,Enrolled,
PNUR-2025FA-55,S0009892,2025FA,Enrolled,
PNUR-2025FA-55,S0001163,2025FA,Enrolled,
PNUR-2025FA-55,S0013374,2025FA,Enrolled,
PNUR-2025FA-55,S0025532,2025FA,Enrolled,
PNUR-2025FA-55,S0015504,2025FA,Enrolled,
PNUR-2025FA-55,S0030760,2025FA,Enrolled,
PNUR-2025FA-55,S0001486,2025FA,Enrolled,
PNUR-2025FA-55,S0027832,2025FA,Enrolled,
PNUR-2025FA-55,S0036222,2025FA,Enrolled,
PNUR-2025FA-55,S0033163,2025FA,Enrolled,
PNUR-2025FA-55,S0038417,2025FA,Enrolled,
PNUR-2025FA-55,S0038481,2025FA,Enrolled,
PNUR-2025FA-55,S0036596,2025FA,Enrolled,
PNUR-2025FA-55,S0033253,2025FA,Enrolled,
PNUR-2025FA-55,S0027031,2025FA,Enrolled,
PNUR-2025FA-55,S0032089,2025FA,Enrolled,
PNUR-2025FA-55,S0037552,2025FA,Enrolled,
PNUR-2025FA-55,S0033511,2025FA,Enrolled,
PNUR-2025FA-56,S0017653,2025FA,Enrolled,
PNUR-2025FA-56,S0025823,2025FA,Enrolled,
PNUR-2025FA-56,S0037076,2025FA,Enrolled,
PNUR-2025FA-56,S0037259,2025FA,Enrolled,
PNUR-2025FA-56,S0026204,2025FA,Enrolled,
PNUR-2025FA-56,S0032739,2025FA,Enrolled,
PNUR-2025FA-56,S0018664,2025FA,Enrolled,
PNUR-2025FA-56,S0038992,2025FA,Enrolled,
PNUR-2025FA-56,S0039436,2025FA,Enrolled,
PNUR-2025FA-56,S0028059,2025FA,Enrolled,
PNUR-2025FA-56,S0006442,2025FA,Enrolled,
PNUR-2025FA-56,S0029241,2025FA,Enrolled,
PNUR-2025FA-56,S0040021,2025FA,Enrolled,
PNUR-2025FA-56,S0025444,2025FA,Enrolled,
PNUR-2025FA-56,S0035862,2025FA,Enrolled,
PNUR-2025FA-56,S0031981,2025FA,Enrolled,
PNUR-2025FA-56,S0007756,2025FA,Enrolled,
PNUR-2025FA-56,S0021731,2025FA,Enrolled,
PNUR-2025FA-56,S0017024,2025FA,Enrolled,
PNUR-2025FA-56,S0037425,2025FA,Enrolled,
PNUR-2025FA-56,S0040365,2025FA,Enrolled,
PNUR-2025FA-56,S0038460,2025FA,Enrolled,
PNUR-2025FA-56,S0020741,2025FA,Enrolled,
PNUR-2025FA-56,S0032250,2025FA,Enrolled,
PNUR-2025FA-56,S0030533,2025FA,Enrolled,
PNUR-2025FA-56,S0037926,2025FA,Enrolled,
PNUR-2025FA-56,S0033440,2025FA,Enrolled,
PNUR-2025FA-57,S0033745,2025FA,Enrolled,
PNUR-2025FA-57,S0013755,2025FA,Enrolled,
PNUR-2025FA-57,S0022851,2025FA,Enrolled,
PNUR-2025FA-57,S0005833,2025FA,Enrolled,
PNUR-2025FA-57,S0039898,2025FA,Enrolled,
PNUR-2025FA-57,S0011099,2025FA,Enrolled,
PNUR-2025FA-57,S0009922,2025FA,Enrolled,
PNUR-2025FA-57,S0030992,2025FA,Enrolled,
PNUR-2025FA-57,S0037185,2025FA,Enrolled,
PNUR-2025FA-57,S0003759,2025FA,Enrolled,
PNUR-2025FA-57,S0023924,2025FA,Enrolled,
PNUR-2025FA-57,S0039869,2025FA,Enrolled,
PNUR-2025FA-57,S0007217,2025FA,Enrolled,
PNUR-2025FA-57,S0033899,2025FA,Enrolled,
PNUR-2025FA-57,S0023146,2025FA,Enrolled,
PNUR-2025FA-57,S0017368,2025FA,Enrolled,
PNUR-2025FA-57,S0017575,2025FA,Enrolled,
PNUR-2025FA-57,S0022519,2025FA,Enrolled,
PNUR-2025FA-57,S0037143,2025FA,Enrolled,
PNUR-2025FA-57,S0033676,2025FA,Enrolled,
PNUR-2025FA-57,S0034298,2025FA,Enrolled,
PNUR-2025FA-57,S0030478,2025FA,Enrolled,
PNUR-2025FA-57,S0039463,2025FA,Enrolled,
PNUR-2025FA-57,S0005164,2025FA,Enrolled,
PNUR-2025FA-57,S0026906,2025FA,Enrolled,
PNUR-2025FA-57,S0014588,2025FA,Enrolled,
PNUR-2025FA-57,S0040118,2025FA,Enrolled,
PNUR-2025FA-58,S0022153,2025FA,Enrolled,
PNUR-2025FA-58,S0026174,2025FA,Enrolled,
PNUR-2025FA-58,S0016596,2025FA,Enrolled,
PNUR-2025FA-58,S0033621,2025FA,Enrolled,
PNUR-2025FA-58,S0039316,2025FA,Enrolled,
PNUR-2025FA-58,S0006924,2025FA,Enrolled,
PNUR-2025FA-58,S0029027,2025FA,Enrolled,
PNUR-2025FA-58,S0032088,2025FA,Enrolled,
PNUR-2025FA-58,S0006187,2025FA,Enrolled,
PNUR-2025FA-58,S0009695,2025FA,Enrolled,
PNUR-2025FA-58,S0024121,2025FA,Enrolled,
PNUR-2025FA-58,S0036941,2025FA,Enrolled,
PNUR-2025FA-58,S0003020,2025FA,Enrolled,
PNUR-2025FA-58,S0027677,2025FA,Enrolled,
PNUR-2025FA-58,S0028601,2025FA,Enrolled,
PNUR-2025FA-58,S0027366,2025FA,Enrolled,
PNUR-2025FA-58,S0039646,2025FA,Enrolled,
PNUR-2025FA-58,S0026413,2025FA,Enrolled,
PNUR-2025FA-58,S0038272,2025FA,Enrolled,
PNUR-2025FA-58,S0024254,2025FA,Enrolled,
PNUR-2025FA-58,S0023502,2025FA,Enrolled,
PNUR-2025FA-58,S0037531,2025FA,Enrolled,
PNUR-2025FA-58,S0032461,2025FA,Enrolled,
PNUR-2025FA-58,S0031247,2025FA,Enrolled,
PNUR-2025FA-58,S0038142,2025FA,Enrolled,
PNUR-2025FA-58,S0032083,2025FA,Enrolled,
PNUR-2025FA-58,S0034082,2025FA,Enrolled,
PNUR-2025FA-59,S0040070,2025FA,Enrolled,
PNUR-2025FA-59,S0022982,2025FA,Enrolled,
PNUR-2025FA-59,S0033505,2025FA,Enrolled,
PNUR-2025FA-59,S0030549,2025FA,Enrolled,
PNUR-2025FA-59,S0011184,2025FA,Enrolled,
PNUR-2025FA-59,S0019668,2025FA,Enrolled,
PNUR-2025FA-59,S0017089,2025FA,Enrolled,
PNUR-2025FA-59,S0013790,2025FA,Enrolled,
PNUR-2025FA-59,S0009063,2025FA,Enrolled,
PNUR-2025FA-59,S0017817,2025FA,Enrolled,
PNUR-2025FA-59,S0035726,2025FA,Enrolled,
PNUR-2025FA-59,S0013074,2025FA,Enrolled,
PNUR-2025FA-59,S0035362,2025FA,Enrolled,
PNUR-2025FA-59,S0040359,2025FA,Enrolled,
PNUR-2025FA-59,S0022086,2025FA,Enrolled,
PNUR-2025FA-59,S0000327,2025FA,Enrolled,
PNUR-2025FA-59,S0036120,2025FA,Enrolled,
PNUR-2025FA-59,S0022717,2025FA,Enrolled,
PNUR-2025FA-59,S0023963,2025FA,Enrolled,
PNUR-2025FA-59,S0038515,2025FA,Enrolled,
PNUR-2025FA-59,S0033177,2025FA,Enrolled,
PNUR-2025FA-59,S0036478,2025FA,Enrolled,
PNUR-2025FA-59,S0034012,2025FA,Enrolled,
PNUR-2025FA-59,S0039629,2025FA,Enrolled,
PNUR-2025FA-59,S0027855,2025FA,Enrolled,
PNUR-2025FA-59,S0001482,2025FA,Enrolled,
PNUR-2025FA-59,S0038498,2025FA,Enrolled,
PNUR-2025FA-60,S0027778,2025FA,Enrolled,
PNUR-2025FA-60,S0001145,2025FA,Enrolled,
PNUR-2025FA-60,S0036433,2025FA,Enrolled,
PNUR-2025FA-60,S0039140,2025FA,Enrolled,
PNUR-2025FA-60,S0029198,2025FA,Enrolled,
PNUR-2025FA-60,S0024385,2025FA,Enrolled,
PNUR-2025FA-60,S0034156,2025FA,Enrolled,
PNUR-2025FA-60,S0028670,2025FA,Enrolled,
PNUR-2025FA-60,S0033090,2025FA,Enrolled,
PNUR-2025FA-60,S0033493,2025FA,Enrolled,
PNUR-2025FA-60,S0032675,2025FA,Enrolled,
PNUR-2025FA-60,S0003160,2025FA,Enrolled,
PNUR-2025FA-60,S0032132,2025FA,Enrolled,
PNUR-2025FA-60,S0032668,2025FA,Enrolled,
PNUR-2025FA-60,S0036227,2025FA,Enrolled,
PNUR-2025FA-60,S0023659,2025FA,Enrolled,
PNUR-2025FA-60,S0039193,2025FA,Enrolled,
PNUR-2025FA-60,S0037995,2025FA,Enrolled,
PNUR-2025FA-60,S0018550,2025FA,Enrolled,
PNUR-2025FA-60,S0027905,2025FA,Enrolled,
PNUR-2025FA-60,S0029404,2025FA,Enrolled,
PNUR-2025FA-60,S0028338,2025FA,Enrolled,
PNUR-2025FA-60,S0018273,2025FA,Enrolled,
PNUR-2025FA-60,S0033292,2025FA,Enrolled,
PNUR-2025FA-60,S0001713,2025FA,Enrolled,
PNUR-2025FA-60,S0001452,2025FA,Enrolled,
PNUR-2025FA-60,S0007431,2025FA,Enrolled,
PNUR-2025FA-61,S0017751,2025FA,Enrolled,
PNUR-2025FA-61,S0035866,2025FA,Enrolled,
PNUR-2025FA-61,S0037296,2025FA,Enrolled,
PNUR-2025FA-61,S0031148,2025FA,Enrolled,
PNUR-2025FA-61,S0032281,2025FA,Enrolled,
PNUR-2025FA-61,S0000420,2025FA,Enrolled,
PNUR-2025FA-61,S0028189,2025FA,Enrolled,
PNUR-2025FA-61,S0040467,2025FA,Enrolled,
PNUR-2025FA-61,S0026156,2025FA,Enrolled,
PNUR-2025FA-61,S0033578,2025FA,Enrolled,
PNUR-2025FA-61,S0037879,2025FA,Enrolled,
PNUR-2025FA-61,S0029018,2025FA,Enrolled,
PNUR-2025FA-61,S0039173,2025FA,Enrolled,
PNUR-2025FA-61,S0014933,2025FA,Enrolled,
PNUR-2025FA-61,S0003748,2025FA,Enrolled,
PNUR-2025FA-61,S0035847,2025FA,Enrolled,
PNUR-2025FA-61,S0026961,2025FA,Enrolled,
PNUR-2025FA-61,S0010314,2025FA,Enrolled,
PNUR-2025FA-61,S0014853,2025FA,Enrolled,
PNUR-2025FA-61,S0028066,2025FA,Enrolled,
PNUR-2025FA-61,S0022075,2025FA,Enrolled,
PNUR-2025FA-61,S0028241,2025FA,Enrolled,
PNUR-2025FA-61,S0027387,2025FA,Enrolled,
PNUR-2025FA-61,S0032627,2025FA,Enrolled,
PNUR-2025FA-61,S0040664,2025FA,Enrolled,
PNUR-2025FA-61,S0032761,2025FA,Enrolled,
PNUR-2025FA-61,S0024160,2025FA,Enrolled,
PNUR-2025FA-62,S0032300,2025FA,Enrolled,
PNUR-2025FA-62,S0009064,2025FA,Enrolled,
PNUR-2025FA-62,S0007848,2025FA,Enrolled,
PNUR-2025FA-62,S0018037,2025FA,Enrolled,
PNUR-2025FA-62,S0032887,2025FA,Enrolled,
PNUR-2025FA-62,S0001676,2025FA,Enrolled,
PNUR-2025FA-62,S0006304,2025FA,Enrolled,
PNUR-2025FA-62,S0023589,2025FA,Enrolled,
PNUR-2025FA-62,S0037195,2025FA,Enrolled,
PNUR-2025FA-62,S0025982,2025FA,Enrolled,
PNUR-2025FA-62,S0004452,2025FA,Enrolled,
PNUR-2025FA-62,S0038865,2025FA,Enrolled,
PNUR-2025FA-62,S0034210,2025FA,Enrolled,
PNUR-2025FA-62,S0017853,2025FA,Enrolled,
PNUR-2025FA-62,S0033230,2025FA,Enrolled,
PNUR-2025FA-62,S0028418,2025FA,Enrolled,
PNUR-2025FA-62,S0026116,2025FA,Enrolled,
PNUR-2025FA-62,S0026326,2025FA,Enrolled,
PNUR-2025FA-62,S0038959,2025FA,Enrolled,
PNUR-2025FA-62,S0019285,2025FA,Enrolled,
PNUR-2025FA-62,S0027683,2025FA,Enrolled,
PNUR-2025FA-62,S0013785,2025FA,Enrolled,
PNUR-2025FA-62,S0039057,2025FA,Enrolled,
PNUR-2025FA-62,S0038190,2025FA,Enrolled,
PNUR-2025FA-62,S0028407,2025FA,Enrolled,
PNUR-2025FA-62,S0009159,2025FA,Enrolled,
PNUR-2025FA-62,S0021732,2025FA,Enrolled,
PNUR-2025FA-63,S0032644,2025FA,Enrolled,
PNUR-2025FA-63,S0037972,2025FA,Enrolled,
PNUR-2025FA-63,S0033784,2025FA,Enrolled,
PNUR-2025FA-63,S0030775,2025FA,Enrolled,
PNUR-2025FA-63,S0010253,2025FA,Enrolled,
PNUR-2025FA-63,S0021156,2025FA,Enrolled,
PNUR-2025FA-63,S0034208,2025FA,Enrolled,
PNUR-2025FA-63,S0032876,2025FA,Enrolled,
PNUR-2025FA-63,S0007990,2025FA,Enrolled,
PNUR-2025FA-63,S0040224,2025FA,Enrolled,
PNUR-2025FA-63,S0022197,2025FA,Enrolled,
PNUR-2025FA-63,S0037300,2025FA,Enrolled,
PNUR-2025FA-63,S0024140,2025FA,Enrolled,
PNUR-2025FA-63,S0032141,2025FA,Enrolled,
PNUR-2025FA-63,S0030704,2025FA,Enrolled,
PNUR-2025FA-63,S0033514,2025FA,Enrolled,
PNUR-2025FA-63,S0022562,2025FA,Enrolled,
PNUR-2025FA-63,S0031468,2025FA,Enrolled,
PNUR-2025FA-63,S0033363,2025FA,Enrolled,
PNUR-2025FA-63,S0023907,2025FA,Enrolled,
PNUR-2025FA-63,S0037542,2025FA,Enrolled,
PNUR-2025FA-63,S0033257,2025FA,Enrolled,
PNUR-2025FA-63,S0023782,2025FA,Enrolled,
PNUR-2025FA-63,S0016175,2025FA,Enrolled,
PNUR-2025FA-63,S0025691,2025FA,Enrolled,
PNUR-2025FA-63,S0040507,2025FA,Enrolled,
PNUR-2025FA-63,S0031378,2025FA,Enrolled,
PNUR-2025FA-64,S0026469,2025FA,Enrolled,
PNUR-2025FA-64,S0039004,2025FA,Enrolled,
PNUR-2025FA-64,S0036948,2025FA,Enrolled,
PNUR-2025FA-64,S0037451,2025FA,Enrolled,
PNUR-2025FA-64,S0030370,2025FA,Enrolled,
PNUR-2025FA-64,S0012526,2025FA,Enrolled,
PNUR-2025FA-64,S0008992,2025FA,Enrolled,
PNUR-2025FA-64,S0016490,2025FA,Enrolled,
PNUR-2025FA-64,S0029129,2025FA,Enrolled,
PNUR-2025FA-64,S0025771,2025FA,Enrolled,
PNUR-2025FA-64,S0038981,2025FA,Enrolled,
PNUR-2025FA-64,S0039721,2025FA,Enrolled,
PNUR-2025FA-64,S0028252,2025FA,Enrolled,
PNUR-2025FA-64,S0008519,2025FA,Enrolled,
PNUR-2025FA-64,S0036989,2025FA,Enrolled,
PNUR-2025FA-64,S0033857,2025FA,Enrolled,
PNUR-2025FA-64,S0036147,2025FA,Enrolled,
PNUR-2025FA-64,S0024379,2025FA,Enrolled,
PNUR-2025FA-64,S0004747,2025FA,Enrolled,
PNUR-2025FA-64,S0032138,2025FA,Enrolled,
PNUR-2025FA-64,S0020996,2025FA,Enrolled,
PNUR-2025FA-64,S0032994,2025FA,Enrolled,
PNUR-2025FA-64,S0024142,2025FA,Enrolled,
PNUR-2025FA-64,S0019299,2025FA,Enrolled,
PNUR-2025FA-64,S0013301,2025FA,Enrolled,
PNUR-2025FA-64,S0016574,2025FA,Enrolled,
PNUR-2025FA-64,S0008918,2025FA,Enrolled,
PPA-2025FA-01,S0021198,2025FA,Enrolled,
PPA-2025FA-01,S0034374,2025FA,Enrolled,
PPA-2025FA-01,S0022708,2025FA,Enrolled,
PPA-2025FA-01,S0039598,2025FA,Enrolled,
PPA-2025FA-01,S0022363,2025FA,Enrolled,
PPA-2025FA-01,S0022382,2025FA,Enrolled,
PPA-2025FA-01,S0028642,2025FA,Enrolled,
PPA-2025FA-01,S0001303,2025FA,Enrolled,
PPA-2025FA-01,S0028400,2025FA,Enrolled,
PPA-2025FA-01,S0031096,2025FA,Enrolled,
PPA-2025FA-01,S0016995,2025FA,Enrolled,
PPA-2025FA-01,S0030372,2025FA,Enrolled,
PPA-2025FA-01,S0037122,2025FA,Enrolled,
PPA-2025FA-01,S0037075,2025FA,Enrolled,
PPA-2025FA-01,S0007414,2025FA,Enrolled,
PPA-2025FA-01,S0018023,2025FA,Enrolled,
PPA-2025FA-01,S0023566,2025FA,Enrolled,
PPA-2025FA-01,S0036906,2025FA,Enrolled,
PPA-2025FA-01,S0005968,2025FA,Enrolled,
PPA-2025FA-01,S0032174,2025FA,Enrolled,
PPA-2025FA-01,S0000768,2025FA,Enrolled,
PPA-2025FA-01,S0025924,2025FA,Enrolled,
PPA-2025FA-01,S0030974,2025FA,Enrolled,
PPA-2025FA-01,S0032184,2025FA,Enrolled,
PPA-2025FA-02,S0039438,2025FA,Enrolled,
PPA-2025FA-02,S0029033,2025FA,Enrolled,
PPA-2025FA-02,S0036716,2025FA,Enrolled,
PPA-2025FA-02,S0011894,2025FA,Enrolled,
PPA-2025FA-02,S0036133,2025FA,Enrolled,
PPA-2025FA-02,S0032340,2025FA,Enrolled,
PPA-2025FA-02,S0028210,2025FA,Enrolled,
PPA-2025FA-02,S0000010,2025FA,Enrolled,
PPA-2025FA-02,S0027370,2025FA,Enrolled,
PPA-2025FA-02,S0018082,2025FA,Enrolled,
PPA-2025FA-02,S0013723,2025FA,Enrolled,
PPA-2025FA-02,S0023393,2025FA,Enrolled,
PPA-2025FA-02,S0009779,2025FA,Enrolled,
PPA-2025FA-02,S0032907,2025FA,Enrolled,
PPA-2025FA-02,S0008364,2025FA,Enrolled,
PPA-2025FA-02,S0023692,2025FA,Enrolled,
PPA-2025FA-02,S0039839,2025FA,Enrolled,
PPA-2025FA-02,S0035794,2025FA,Enrolled,
PPA-2025FA-02,S0035134,2025FA,Enrolled,
PPA-2025FA-02,S0009602,2025FA,Enrolled,
PPA-2025FA-02,S0022125,2025FA,Enrolled,
PPA-2025FA-02,S0038050,2025FA,Enrolled,
PPA-2025FA-02,S0003082,2025FA,Enrolled,
PPA-2025FA-02,S0001665,2025FA,Enrolled,
PPA-2025FA-03,S0020942,2025FA,Enrolled,
PPA-2025FA-03,S0022823,2025FA,Enrolled,
PPA-2025FA-03,S0032402,2025FA,Enrolled,
PPA-2025FA-03,S0038617,2025FA,Enrolled,
PPA-2025FA-03,S0013503,2025FA,Enrolled,
PPA-2025FA-03,S0032098,2025FA,Enrolled,
PPA-2025FA-03,S0040218,2025FA,Enrolled,
PPA-2025FA-03,S0010644,2025FA,Enrolled,
PPA-2025FA-03,S0013104,2025FA,Enrolled,
PPA-2025FA-03,S0033682,2025FA,Enrolled,
PPA-2025FA-03,S0039145,2025FA,Enrolled,
PPA-2025FA-03,S0037378,2025FA,Enrolled,
PPA-2025FA-03,S0011203,2025FA,Enrolled,
PPA-2025FA-03,S0036214,2025FA,Enrolled,
PPA-2025FA-03,S0037138,2025FA,Enrolled,
PPA-2025FA-03,S0011481,2025FA,Enrolled,
PPA-2025FA-03,S0010045,2025FA,Enrolled,
PPA-2025FA-03,S0037444,2025FA,Enrolled,
PPA-2025FA-03,S0038328,2025FA,Enrolled,
PPA-2025FA-03,S0040011,2025FA,Enrolled,
PPA-2025FA-03,S0035965,2025FA,Enrolled,
PPA-2025FA-03,S0032365,2025FA,Enrolled,
PPA-2025FA-03,S0018817,2025FA,Enrolled,
PPA-2025FA-03,S0013024,2025FA,Enrolled,
PPA-2025FA-04,S0007960,2025FA,Enrolled,
PPA-2025FA-04,S0036951,2025FA,Enrolled,
PPA-2025FA-04,S0014801,2025FA,Enrolled,
PPA-2025FA-04,S0036287,2025FA,Enrolled,
PPA-2025FA-04,S0032905,2025FA,Enrolled,
PPA-2025FA-04,S0018718,2025FA,Enrolled,
PPA-2025FA-04,S0011070,2025FA,Enrolled,
PPA-2025FA-04,S0035840,2025FA,Enrolled,
PPA-2025FA-04,S0020894,2025FA,Enrolled,
PPA-2025FA-04,S0039042,2025FA,Enrolled,
PPA-2025FA-04,S0000150,2025FA,Enrolled,
PPA-2025FA-04,S0037081,2025FA,Enrolled,
PPA-2025FA-04,S0038199,2025FA,Enrolled,
PPA-2025FA-04,S0031635,2025FA,Enrolled,
PPA-2025FA-04,S0019486,2025FA,Enrolled,
PPA-2025FA-04,S0032288,2025FA,Enrolled,
PPA-2025FA-04,S0035784,2025FA,Enrolled,
PPA-2025FA-04,S0008605,2025FA,Enrolled,
PPA-2025FA-04,S0000680,2025FA,Enrolled,
PPA-2025FA-04,S0033000,2025FA,Enrolled,
PPA-2025FA-04,S0036270,2025FA,Enrolled,
PPA-2025FA-04,S0026282,2025FA,Enrolled,
PPA-2025FA-04,S0038745,2025FA,Enrolled,
PPA-2025FA-04,S0003358,2025FA,Enrolled,
PPA-2025FA-05,S0039018,2025FA,Enrolled,
PPA-2025FA-05,S0026038,2025FA,Enrolled,
PPA-2025FA-05,S0014370,2025FA,Enrolled,
PPA-2025FA-05,S0029604,2025FA,Enrolled,
PPA-2025FA-05,S0029180,2025FA,Enrolled,
PPA-2025FA-05,S0017702,2025FA,Enrolled,
PPA-2025FA-05,S0010014,2025FA,Enrolled,
PPA-2025FA-05,S0003620,2025FA,Enrolled,
PPA-2025FA-05,S0000534,2025FA,Enrolled,
PPA-2025FA-05,S0026008,2025FA,Enrolled,
PPA-2025FA-05,S0021257,2025FA,Enrolled,
PPA-2025FA-05,S0030425,2025FA,Enrolled,
PPA-2025FA-05,S0031238,2025FA,Enrolled,
PPA-2025FA-05,S0003585,2025FA,Enrolled,
PPA-2025FA-05,S0034090,2025FA,Enrolled,
PPA-2025FA-05,S0015846,2025FA,Enrolled,
PPA-2025FA-05,S0038399,2025FA,Enrolled,
PPA-2025FA-05,S0038376,2025FA,Enrolled,
PPA-2025FA-05,S0034387,2025FA,Enrolled,
PPA-2025FA-05,S0030451,2025FA,Enrolled,
PPA-2025FA-05,S0015089,2025FA,Enrolled,
PPA-2025FA-05,S0022666,2025FA,Enrolled,
PPA-2025FA-05,S0028835,2025FA,Enrolled,
PPA-2025FA-05,S0027286,2025FA,Enrolled,
PPA-2025FA-06,S0039932,2025FA,Enrolled,
PPA-2025FA-06,S0021491,2025FA,Enrolled,
PPA-2025FA-06,S0035998,2025FA,Enrolled,
PPA-2025FA-06,S0025350,2025FA,Enrolled,
PPA-2025FA-06,S0037988,2025FA,Enrolled,
PPA-2025FA-06,S0032789,2025FA,Enrolled,
PPA-2025FA-06,S0040567,2025FA,Enrolled,
PPA-2025FA-06,S0038565,2025FA,Enrolled,
PPA-2025FA-06,S0031527,2025FA,Enrolled,
PPA-2025FA-06,S0011931,2025FA,Enrolled,
PPA-2025FA-06,S0017085,2025FA,Enrolled,
PPA-2025FA-06,S0017726,2025FA,Enrolled,
PPA-2025FA-06,S0030680,2025FA,Enrolled,
PPA-2025FA-06,S0004985,2025FA,Enrolled,
PPA-2025FA-06,S0023559,2025FA,Enrolled,
PPA-2025FA-06,S0027441,2025FA,Enrolled,
PPA-2025FA-06,S0035968,2025FA,Enrolled,
PPA-2025FA-06,S0023258,2025FA,Enrolled,
PPA-2025FA-06,S0037905,2025FA,Enrolled,
PPA-2025FA-06,S0011402,2025FA,Enrolled,
PPA-2025FA-06,S0000490,2025FA,Enrolled,
PPA-2025FA-06,S0030330,2025FA,Enrolled,
PPA-2025FA-06,S0032897,2025FA,Enrolled,
PPA-2025FA-06,S0030674,2025FA,Enrolled,
PPA-2025FA-07,S0032623,2025FA,Enrolled,
PPA-2025FA-07,S0009604,2025FA,Enrolled,
PPA-2025FA-07,S0028624,2025FA,Enrolled,
PPA-2025FA-07,S0033201,2025FA,Enrolled,
PPA-2025FA-07,S0039854,2025FA,Enrolled,
PPA-2025FA-07,S0029118,2025FA,Enrolled,
PPA-2025FA-07,S0004939,2025FA,Enrolled,
PPA-2025FA-07,S0040514,2025FA,Enrolled,
PPA-2025FA-07,S0013109,2025FA,Enrolled,
PPA-2025FA-07,S0035232,2025FA,Enrolled,
PPA-2025FA-07,S0031481,2025FA,Enrolled,
PPA-2025FA-07,S0029342,2025FA,Enrolled,
PPA-2025FA-07,S0031451,2025FA,Enrolled,
PPA-2025FA-07,S0014571,2025FA,Enrolled,
PPA-2025FA-07,S0011790,2025FA,Enrolled,
PPA-2025FA-07,S0027766,2025FA,Enrolled,
PPA-2025FA-07,S0038552,2025FA,Enrolled,
PPA-2025FA-07,S0039011,2025FA,Enrolled,
PPA-2025FA-07,S0034254,2025FA,Enrolled,
PPA-2025FA-07,S0034397,2025FA,Enrolled,
PPA-2025FA-07,S0013363,2025FA,Enrolled,
PPA-2025FA-07,S0011442,2025FA,Enrolled,
PPA-2025FA-07,S0021579,2025FA,Enrolled,
PPA-2025FA-07,S0006017,2025FA,Enrolled,
PPA-2025FA-08,S0019134,2025FA,Enrolled,
PPA-2025FA-08,S0035294,2025FA,Enrolled,
PPA-2025FA-08,S0032078,2025FA,Enrolled,
PPA-2025FA-08,S0030802,2025FA,Enrolled,
PPA-2025FA-08,S0035095,2025FA,Enrolled,
PPA-2025FA-08,S0022760,2025FA,Enrolled,
PPA-2025FA-08,S0021852,2025FA,Enrolled,
PPA-2025FA-08,S0015501,2025FA,Enrolled,
PPA-2025FA-08,S0039782,2025FA,Enrolled,
PPA-2025FA-08,S0028811,2025FA,Enrolled,
PPA-2025FA-08,S0003438,2025FA,Enrolled,
PPA-2025FA-08,S0040439,2025FA,Enrolled,
PPA-2025FA-08,S0032826,2025FA,Enrolled,
PPA-2025FA-08,S0038602,2025FA,Enrolled,
PPA-2025FA-08,S0038894,2025FA,Enrolled,
PPA-2025FA-08,S0039911,2025FA,Enrolled,
PPA-2025FA-08,S0021406,2025FA,Enrolled,
PPA-2025FA-08,S0008884,2025FA,Enrolled,
PPA-2025FA-08,S0033671,2025FA,Enrolled,
PPA-2025FA-08,S0036174,2025FA,Enrolled,
PPA-2025FA-08,S0038741,2025FA,Enrolled,
PPA-2025FA-08,S0000145,2025FA,Enrolled,
PPA-2025FA-08,S0040611,2025FA,Enrolled,
PPA-2025FA-08,S0010850,2025FA,Enrolled,
PPA-2025FA-09,S0037906,2025FA,Enrolled,
PPA-2025FA-09,S0024279,2025FA,Enrolled,
PPA-2025FA-09,S0037965,2025FA,Enrolled,
PPA-2025FA-09,S0016140,2025FA,Enrolled,
PPA-2025FA-09,S0004318,2025FA,Enrolled,
PPA-2025FA-09,S0021791,2025FA,Enrolled,
PPA-2025FA-09,S0036504,2025FA,Enrolled,
PPA-2025FA-09,S0022892,2025FA,Enrolled,
PPA-2025FA-09,S0039939,2025FA,Enrolled,
PPA-2025FA-09,S0009675,2025FA,Enrolled,
PPA-2025FA-09,S0039675,2025FA,Enrolled,
PPA-2025FA-09,S0003410,2025FA,Enrolled,
PPA-2025FA-09,S0039276,2025FA,Enrolled,
PPA-2025FA-09,S0040481,2025FA,Enrolled,
PPA-2025FA-09,S0040487,2025FA,Enrolled,
PPA-2025FA-09,S0013243,2025FA,Enrolled,
PPA-2025FA-09,S0014219,2025FA,Enrolled,
PPA-2025FA-09,S0010325,2025FA,Enrolled,
PPA-2025FA-09,S0032446,2025FA,Enrolled,
PPA-2025FA-09,S0022901,2025FA,Enrolled,
PPA-2025FA-09,S0004662,2025FA,Enrolled,
PPA-2025FA-09,S0027536,2025FA,Enrolled,
PPA-2025FA-09,S0005095,2025FA,Enrolled,
PPA-2025FA-09,S0032893,2025FA,Enrolled,
PPA-2025FA-10,S0040327,2025FA,Enrolled,
PPA-2025FA-10,S0006727,2025FA,Enrolled,
PPA-2025FA-10,S0029458,2025FA,Enrolled,
PPA-2025FA-10,S0037643,2025FA,Enrolled,
PPA-2025FA-10,S0000974,2025FA,Enrolled,
PPA-2025FA-10,S0036972,2025FA,Enrolled,
PPA-2025FA-10,S0010867,2025FA,Enrolled,
PPA-2025FA-10,S0033192,2025FA,Enrolled,
PPA-2025FA-10,S0005695,2025FA,Enrolled,
PPA-2025FA-10,S0039900,2025FA,Enrolled,
PPA-2025FA-10,S0029162,2025FA,Enrolled,
PPA-2025FA-10,S0001559,2025FA,Enrolled,
PPA-2025FA-10,S0015669,2025FA,Enrolled,
PPA-2025FA-10,S0031779,2025FA,Enrolled,
PPA-2025FA-10,S0026851,2025FA,Enrolled,
PPA-2025FA-10,S0010978,2025FA,Enrolled,
PPA-2025FA-10,S0009424,2025FA,Enrolled,
PPA-2025FA-10,S0030495,2025FA,Enrolled,
PPA-2025FA-10,S0029470,2025FA,Enrolled,
PPA-2025FA-10,S0040458,2025FA,Enrolled,
PPA-2025FA-10,S0013971,2025FA,Enrolled,
PPA-2025FA-10,S0022015,2025FA,Enrolled,
PPA-2025FA-10,S0012016,2025FA,Enrolled,
PPA-2025FA-10,S0032857,2025FA,Enrolled,
PPA-2025FA-11,S0003046,2025FA,Enrolled,
PPA-2025FA-11,S0012914,2025FA,Enrolled,
PPA-2025FA-11,S0037351,2025FA,Enrolled,
PPA-2025FA-11,S0027102,2025FA,Enrolled,
PPA-2025FA-11,S0033791,2025FA,Enrolled,
PPA-2025FA-11,S0008969,2025FA,Enrolled,
PPA-2025FA-11,S0037427,2025FA,Enrolled,
PPA-2025FA-11,S0028440,2025FA,Enrolled,
PPA-2025FA-11,S0007019,2025FA,Enrolled,
PPA-2025FA-11,S0032921,2025FA,Enrolled,
PPA-2025FA-11,S0017588,2025FA,Enrolled,
PPA-2025FA-11,S0000380,2025FA,Enrolled,
PPA-2025FA-11,S0032767,2025FA,Enrolled,
PPA-2025FA-11,S0039337,2025FA,Enrolled,
PPA-2025FA-11,S0036465,2025FA,Enrolled,
PPA-2025FA-11,S0007670,2025FA,Enrolled,
PPA-2025FA-11,S0017669,2025FA,Enrolled,
PPA-2025FA-11,S0035560,2025FA,Enrolled,
PPA-2025FA-11,S0036219,2025FA,Enrolled,
PPA-2025FA-11,S0011487,2025FA,Enrolled,
PPA-2025FA-11,S0017122,2025FA,Enrolled,
PPA-2025FA-11,S0028114,2025FA,Enrolled,
PPA-2025FA-11,S0033579,2025FA,Enrolled,
PPA-2025FA-11,S0032754,2025FA,Enrolled,
PPA-2025FA-12,S0036071,2025FA,Enrolled,
PPA-2025FA-12,S0005755,2025FA,Enrolled,
PPA-2025FA-12,S0039169,2025FA,Enrolled,
PPA-2025FA-12,S0036157,2025FA,Enrolled,
PPA-2025FA-12,S0013418,2025FA,Enrolled,
PPA-2025FA-12,S0039370,2025FA,Enrolled,
PPA-2025FA-12,S0028401,2025FA,Enrolled,
PPA-2025FA-12,S0039510,2025FA,Enrolled,
PPA-2025FA-12,S0011412,2025FA,Enrolled,
PPA-2025FA-12,S0033372,2025FA,Enrolled,
PPA-2025FA-12,S0023483,2025FA,Enrolled,
PPA-2025FA-12,S0037446,2025FA,Enrolled,
PPA-2025FA-12,S0000224,2025FA,Enrolled,
PPA-2025FA-12,S0040323,2025FA,Enrolled,
PPA-2025FA-12,S0031559,2025FA,Enrolled,
PPA-2025FA-12,S0033318,2025FA,Enrolled,
PPA-2025FA-12,S0040034,2025FA,Enrolled,
PPA-2025FA-12,S0034185,2025FA,Enrolled,
PPA-2025FA-12,S0034408,2025FA,Enrolled,
PPA-2025FA-12,S0040035,2025FA,Enrolled,
PPA-2025FA-12,S0001626,2025FA,Enrolled,
PPA-2025FA-12,S0035566,2025FA,Enrolled,
PPA-2025FA-12,S0011115,2025FA,Enrolled,
PPA-2025FA-12,S0019314,2025FA,Enrolled,
PPA-2025FA-13,S0037896,2025FA,Enrolled,
PPA-2025FA-13,S0024157,2025FA,Enrolled,
PPA-2025FA-13,S0034038,2025FA,Enrolled,
PPA-2025FA-13,S0038767,2025FA,Enrolled,
PPA-2025FA-13,S0003790,2025FA,Enrolled,
PPA-2025FA-13,S0036123,2025FA,Enrolled,
PPA-2025FA-13,S0031623,2025FA,Enrolled,
PPA-2025FA-13,S0034288,2025FA,Enrolled,
PPA-2025FA-13,S0015630,2025FA,Enrolled,
PPA-2025FA-13,S0001265,2025FA,Enrolled,
PPA-2025FA-13,S0007527,2025FA,Enrolled,
PPA-2025FA-13,S0031150,2025FA,Enrolled,
PPA-2025FA-13,S0040348,2025FA,Enrolled,
PPA-2025FA-13,S0003067,2025FA,Enrolled,
PPA-2025FA-13,S0008287,2025FA,Enrolled,
PPA-2025FA-13,S0039213,2025FA,Enrolled,
PPA-2025FA-13,S0040273,2025FA,Enrolled,
PPA-2025FA-13,S0009056,2025FA,Enrolled,
PPA-2025FA-13,S0037362,2025FA,Enrolled,
PPA-2025FA-13,S0028602,2025FA,Enrolled,
PPA-2025FA-13,S0031712,2025FA,Enrolled,
PPA-2025FA-13,S0038932,2025FA,Enrolled,
PPA-2025FA-13,S0035570,2025FA,Enrolled,
PPA-2025FA-13,S0031611,2025FA,Enrolled,
PPA-2025FA-14,S0028087,2025FA,Enrolled,
PPA-2025FA-14,S0014774,2025FA,Enrolled,
PPA-2025FA-14,S0012755,2025FA,Enrolled,
PPA-2025FA-14,S0026441,2025FA,Enrolled,
PPA-2025FA-14,S0008020,2025FA,Enrolled,
PPA-2025FA-14,S0025761,2025FA,Enrolled,
PPA-2025FA-14,S0026885,2025FA,Enrolled,
PPA-2025FA-14,S0023273,2025FA,Enrolled,
PPA-2025FA-14,S0030467,2025FA,Enrolled,
PPA-2025FA-14,S0003455,2025FA,Enrolled,
PPA-2025FA-14,S0025863,2025FA,Enrolled,
PPA-2025FA-14,S0033249,2025FA,Enrolled,
PPA-2025FA-14,S0039043,2025FA,Enrolled,
PPA-2025FA-14,S0035961,2025FA,Enrolled,
PPA-2025FA-14,S0029410,2025FA,Enrolled,
PPA-2025FA-14,S0022560,2025FA,Enrolled,
PPA-2025FA-14,S0008678,2025FA,Enrolled,
PPA-2025FA-14,S0032153,2025FA,Enrolled,
PPA-2025FA-14,S0024321,2025FA,Enrolled,
PPA-2025FA-14,S0035839,2025FA,Enrolled,
PPA-2025FA-14,S0039580,2025FA,Enrolled,
PPA-2025FA-14,S0033063,2025FA,Enrolled,
PPA-2025FA-14,S0028949,2025FA,Enrolled,
PPA-2025FA-14,S0028197,2025FA,Enrolled,
PPA-2025FA-15,S0016011,2025FA,Enrolled,
PPA-2025FA-15,S0039349,2025FA,Enrolled,
PPA-2025FA-15,S0039692,2025FA,Enrolled,
PPA-2025FA-15,S0015601,2025FA,Enrolled,
PPA-2025FA-15,S0037589,2025FA,Enrolled,
PPA-2025FA-15,S0006299,2025FA,Enrolled,
PPA-2025FA-15,S0032476,2025FA,Enrolled,
PPA-2025FA-15,S0025441,2025FA,Enrolled,
PPA-2025FA-15,S0019648,2025FA,Enrolled,
PPA-2025FA-15,S0017877,2025FA,Enrolled,
PPA-2025FA-15,S0018030,2025FA,Enrolled,
PPA-2025FA-15,S0032534,2025FA,Enrolled,
PPA-2025FA-15,S0015448,2025FA,Enrolled,
PPA-2025FA-15,S0032395,2025FA,Enrolled,
PPA-2025FA-15,S0039449,2025FA,Enrolled,
PPA-2025FA-15,S0003536,2025FA,Enrolled,
PPA-2025FA-15,S0015240,2025FA,Enrolled,
PPA-2025FA-15,S0013262,2025FA,Enrolled,
PPA-2025FA-15,S0037844,2025FA,Enrolled,
PPA-2025FA-15,S0012824,2025FA,Enrolled,
PPA-2025FA-15,S0015445,2025FA,Enrolled,
PPA-2025FA-15,S0039155,2025FA,Enrolled,
PPA-2025FA-15,S0021150,2025FA,Enrolled,
PPA-2025FA-15,S0033996,2025FA,Enrolled,
PPA-2025FA-16,S0038892,2025FA,Enrolled,
PPA-2025FA-16,S0037990,2025FA,Enrolled,
PPA-2025FA-16,S0040269,2025FA,Enrolled,
PPA-2025FA-16,S0038842,2025FA,Enrolled,
PPA-2025FA-16,S0015877,2025FA,Enrolled,
PPA-2025FA-16,S0037483,2025FA,Enrolled,
PPA-2025FA-16,S0028196,2025FA,Enrolled,
PPA-2025FA-16,S0001565,2025FA,Enrolled,
PPA-2025FA-16,S0003441,2025FA,Enrolled,
PPA-2025FA-16,S0032325,2025FA,Enrolled,
PPA-2025FA-16,S0036530,2025FA,Enrolled,
PPA-2025FA-16,S0036821,2025FA,Enrolled,
PPA-2025FA-16,S0039686,2025FA,Enrolled,
PPA-2025FA-16,S0014559,2025FA,Enrolled,
PPA-2025FA-16,S0036975,2025FA,Enrolled,
PPA-2025FA-16,S0001958,2025FA,Enrolled,
PPA-2025FA-16,S0004049,2025FA,Enrolled,
PPA-2025FA-16,S0031716,2025FA,Enrolled,
PPA-2025FA-16,S0039999,2025FA,Enrolled,
PPA-2025FA-16,S0023663,2025FA,Enrolled,
PPA-2025FA-16,S0005887,2025FA,Enrolled,
PPA-2025FA-16,S0038875,2025FA,Enrolled,
PPA-2025FA-16,S0022754,2025FA,Enrolled,
PPA-2025FA-16,S0023069,2025FA,Enrolled,
PPA-2025FA-17,S0023233,2025FA,Enrolled,
PPA-2025FA-17,S0032077,2025FA,Enrolled,
PPA-2025FA-17,S0039809,2025FA,Enrolled,
PPA-2025FA-17,S0004090,2025FA,Enrolled,
PPA-2025FA-17,S0035648,2025FA,Enrolled,
PPA-2025FA-17,S0038748,2025FA,Enrolled,
PPA-2025FA-17,S0036038,2025FA,Enrolled,
PPA-2025FA-17,S0035786,2025FA,Enrolled,
PPA-2025FA-17,S0032645,2025FA,Enrolled,
PPA-2025FA-17,S0031800,2025FA,Enrolled,
PPA-2025FA-17,S0024331,2025FA,Enrolled,
PPA-2025FA-17,S0039429,2025FA,Enrolled,
PPA-2025FA-17,S0021295,2025FA,Enrolled,
PPA-2025FA-17,S0037176,2025FA,Enrolled,
PPA-2025FA-17,S0006336,2025FA,Enrolled,
PPA-2025FA-17,S0027192,2025FA,Enrolled,
PPA-2025FA-17,S0039991,2025FA,Enrolled,
PPA-2025FA-17,S0001875,2025FA,Enrolled,
PPA-2025FA-17,S0029359,2025FA,Enrolled,
PPA-2025FA-17,S0001784,2025FA,Enrolled,
PPA-2025FA-17,S0037750,2025FA,Enrolled,
PPA-2025FA-17,S0021902,2025FA,Enrolled,
PPA-2025FA-17,S0008221,2025FA,Enrolled,
PPA-2025FA-17,S0022542,2025FA,Enrolled,
PPA-2025FA-18,S0006804,2025FA,Enrolled,
PPA-2025FA-18,S0039178,2025FA,Enrolled,
PPA-2025FA-18,S0021183,2025FA,Enrolled,
PPA-2025FA-18,S0023279,2025FA,Enrolled,
PPA-2025FA-18,S0030564,2025FA,Enrolled,
PPA-2025FA-18,S0011563,2025FA,Enrolled,
PPA-2025FA-18,S0040356,2025FA,Enrolled,
PPA-2025FA-18,S0028483,2025FA,Enrolled,
PPA-2025FA-18,S0039091,2025FA,Enrolled,
PPA-2025FA-18,S0027867,2025FA,Enrolled,
PPA-2025FA-18,S0040155,2025FA,Enrolled,
PPA-2025FA-18,S0018723,2025FA,Enrolled,
PPA-2025FA-18,S0031015,2025FA,Enrolled,
PPA-2025FA-18,S0017205,2025FA,Enrolled,
PPA-2025FA-18,S0035818,2025FA,Enrolled,
PPA-2025FA-18,S0036575,2025FA,Enrolled,
PPA-2025FA-18,S0013753,2025FA,Enrolled,
PPA-2025FA-18,S0006106,2025FA,Enrolled,
PPA-2025FA-18,S0025519,2025FA,Enrolled,
PPA-2025FA-18,S0007491,2025FA,Enrolled,
PPA-2025FA-18,S0039976,2025FA,Enrolled,
PPA-2025FA-18,S0028038,2025FA,Enrolled,
PPA-2025FA-18,S0004789,2025FA,Enrolled,
PPA-2025FA-18,S0022019,2025FA,Enrolled,
PPA-2025FA-19,S0031581,2025FA,Enrolled,
PPA-2025FA-19,S0015700,2025FA,Enrolled,
PPA-2025FA-19,S0023522,2025FA,Enrolled,
PPA-2025FA-19,S0023357,2025FA,Enrolled,
PPA-2025FA-19,S0018357,2025FA,Enrolled,
PPA-2025FA-19,S0010699,2025FA,Enrolled,
PPA-2025FA-19,S0023729,2025FA,Enrolled,
PPA-2025FA-19,S0021822,2025FA,Enrolled,
PPA-2025FA-19,S0032508,2025FA,Enrolled,
PPA-2025FA-19,S0023156,2025FA,Enrolled,
PPA-2025FA-19,S0039404,2025FA,Enrolled,
PPA-2025FA-19,S0028265,2025FA,Enrolled,
PPA-2025FA-19,S0012033,2025FA,Enrolled,
PPA-2025FA-19,S0038733,2025FA,Enrolled,
PPA-2025FA-19,S0000313,2025FA,Enrolled,
PPA-2025FA-19,S0032851,2025FA,Enrolled,
PPA-2025FA-19,S0004539,2025FA,Enrolled,
PPA-2025FA-19,S0020711,2025FA,Enrolled,
PPA-2025FA-19,S0035842,2025FA,Enrolled,
PPA-2025FA-19,S0010747,2025FA,Enrolled,
PPA-2025FA-19,S0001983,2025FA,Enrolled,
PPA-2025FA-19,S0035607,2025FA,Enrolled,
PPA-2025FA-19,S0038799,2025FA,Enrolled,
PPA-2025FA-19,S0007826,2025FA,Enrolled,
PPA-2025FA-20,S0030628,2025FA,Enrolled,
PPA-2025FA-20,S0036657,2025FA,Enrolled,
PPA-2025FA-20,S0010403,2025FA,Enrolled,
PPA-2025FA-20,S0039596,2025FA,Enrolled,
PPA-2025FA-20,S0038282,2025FA,Enrolled,
PPA-2025FA-20,S0026392,2025FA,Enrolled,
PPA-2025FA-20,S0031086,2025FA,Enrolled,
PPA-2025FA-20,S0040190,2025FA,Enrolled,
PPA-2025FA-20,S0012871,2025FA,Enrolled,
PPA-2025FA-20,S0026855,2025FA,Enrolled,
PPA-2025FA-20,S0040267,2025FA,Enrolled,
PPA-2025FA-20,S0012935,2025FA,Enrolled,
PPA-2025FA-20,S0032567,2025FA,Enrolled,
PPA-2025FA-20,S0035234,2025FA,Enrolled,
PPA-2025FA-20,S0032582,2025FA,Enrolled,
PPA-2025FA-20,S0028659,2025FA,Enrolled,
PPA-2025FA-20,S0010612,2025FA,Enrolled,
PPA-2025FA-20,S0001529,2025FA,Enrolled,
PPA-2025FA-20,S0015343,2025FA,Enrolled,
PPA-2025FA-20,S0030427,2025FA,Enrolled,
PPA-2025FA-20,S0013120,2025FA,Enrolled,
PPA-2025FA-20,S0037599,2025FA,Enrolled,
PPA-2025FA-20,S0021424,2025FA,Enrolled,
PPA-2025FA-20,S0027923,2025FA,Enrolled,
PPA-2025FA-21,S0021198,2025FA,Enrolled,
PPA-2025FA-21,S0034374,2025FA,Enrolled,
PPA-2025FA-21,S0022708,2025FA,Enrolled,
PPA-2025FA-21,S0039598,2025FA,Enrolled,
PPA-2025FA-21,S0022363,2025FA,Enrolled,
PPA-2025FA-21,S0022382,2025FA,Enrolled,
PPA-2025FA-21,S0028642,2025FA,Enrolled,
PPA-2025FA-21,S0001303,2025FA,Enrolled,
PPA-2025FA-21,S0028400,2025FA,Enrolled,
PPA-2025FA-21,S0031096,2025FA,Enrolled,
PPA-2025FA-21,S0016995,2025FA,Enrolled,
PPA-2025FA-21,S0030372,2025FA,Enrolled,
PPA-2025FA-21,S0037122,2025FA,Enrolled,
PPA-2025FA-21,S0037075,2025FA,Enrolled,
PPA-2025FA-21,S0007414,2025FA,Enrolled,
PPA-2025FA-21,S0018023,2025FA,Enrolled,
PPA-2025FA-21,S0023566,2025FA,Enrolled,
PPA-2025FA-21,S0036906,2025FA,Enrolled,
PPA-2025FA-21,S0005968,2025FA,Enrolled,
PPA-2025FA-21,S0032174,2025FA,Enrolled,
PPA-2025FA-21,S0000768,2025FA,Enrolled,
PPA-2025FA-21,S0025924,2025FA,Enrolled,
PPA-2025FA-21,S0030974,2025FA,Enrolled,
PPA-2025FA-21,S0032184,2025FA,Enrolled,
PPA-2025FA-22,S0039438,2025FA,Enrolled,
PPA-2025FA-22,S0029033,2025FA,Enrolled,
PPA-2025FA-22,S0036716,2025FA,Enrolled,
PPA-2025FA-22,S0011894,2025FA,Enrolled,
PPA-2025FA-22,S0036133,2025FA,Enrolled,
PPA-2025FA-22,S0032340,2025FA,Enrolled,
PPA-2025FA-22,S0028210,2025FA,Enrolled,
PPA-2025FA-22,S0000010,2025FA,Enrolled,
PPA-2025FA-22,S0027370,2025FA,Enrolled,
PPA-2025FA-22,S0018082,2025FA,Enrolled,
PPA-2025FA-22,S0013723,2025FA,Enrolled,
PPA-2025FA-22,S0023393,2025FA,Enrolled,
PPA-2025FA-22,S0009779,2025FA,Enrolled,
PPA-2025FA-22,S0032907,2025FA,Enrolled,
PPA-2025FA-22,S0008364,2025FA,Enrolled,
PPA-2025FA-22,S0023692,2025FA,Enrolled,
PPA-2025FA-22,S0039839,2025FA,Enrolled,
PPA-2025FA-22,S0035794,2025FA,Enrolled,
PPA-2025FA-22,S0035134,2025FA,Enrolled,
PPA-2025FA-22,S0009602,2025FA,Enrolled,
PPA-2025FA-22,S0022125,2025FA,Enrolled,
PPA-2025FA-22,S0038050,2025FA,Enrolled,
PPA-2025FA-22,S0003082,2025FA,Enrolled,
PPA-2025FA-22,S0001665,2025FA,Enrolled,
PPA-2025FA-23,S0020942,2025FA,Enrolled,
PPA-2025FA-23,S0022823,2025FA,Enrolled,
PPA-2025FA-23,S0032402,2025FA,Enrolled,
PPA-2025FA-23,S0038617,2025FA,Enrolled,
PPA-2025FA-23,S0013503,2025FA,Enrolled,
PPA-2025FA-23,S0032098,2025FA,Enrolled,
PPA-2025FA-23,S0040218,2025FA,Enrolled,
PPA-2025FA-23,S0010644,2025FA,Enrolled,
PPA-2025FA-23,S0013104,2025FA,Enrolled,
PPA-2025FA-23,S0033682,2025FA,Enrolled,
PPA-2025FA-23,S0039145,2025FA,Enrolled,
PPA-2025FA-23,S0037378,2025FA,Enrolled,
PPA-2025FA-23,S0011203,2025FA,Enrolled,
PPA-2025FA-23,S0036214,2025FA,Enrolled,
PPA-2025FA-23,S0037138,2025FA,Enrolled,
PPA-2025FA-23,S0011481,2025FA,Enrolled,
PPA-2025FA-23,S0010045,2025FA,Enrolled,
PPA-2025FA-23,S0037444,2025FA,Enrolled,
PPA-2025FA-23,S0038328,2025FA,Enrolled,
PPA-2025FA-23,S0040011,2025FA,Enrolled,
PPA-2025FA-23,S0035965,2025FA,Enrolled,
PPA-2025FA-23,S0032365,2025FA,Enrolled,
PPA-2025FA-23,S0018817,2025FA,Enrolled,
PPA-2025FA-23,S0013024,2025FA,Enrolled,
PPA-2025FA-24,S0007960,2025FA,Enrolled,
PPA-2025FA-24,S0036951,2025FA,Enrolled,
PPA-2025FA-24,S0014801,2025FA,Enrolled,
PPA-2025FA-24,S0036287,2025FA,Enrolled,
PPA-2025FA-24,S0032905,2025FA,Enrolled,
PPA-2025FA-24,S0018718,2025FA,Enrolled,
PPA-2025FA-24,S0011070,2025FA,Enrolled,
PPA-2025FA-24,S0035840,2025FA,Enrolled,
PPA-2025FA-24,S0020894,2025FA,Enrolled,
PPA-2025FA-24,S0039042,2025FA,Enrolled,
PPA-2025FA-24,S0000150,2025FA,Enrolled,
PPA-2025FA-24,S0037081,2025FA,Enrolled,
PPA-2025FA-24,S0038199,2025FA,Enrolled,
PPA-2025FA-24,S0031635,2025FA,Enrolled,
PPA-2025FA-24,S0019486,2025FA,Enrolled,
PPA-2025FA-24,S0032288,2025FA,Enrolled,
PPA-2025FA-24,S0035784,2025FA,Enrolled,
PPA-2025FA-24,S0008605,2025FA,Enrolled,
PPA-2025FA-24,S0000680,2025FA,Enrolled,
PPA-2025FA-24,S0033000,2025FA,Enrolled,
PPA-2025FA-24,S0036270,2025FA,Enrolled,
PPA-2025FA-24,S0026282,2025FA,Enrolled,
PPA-2025FA-24,S0038745,2025FA,Enrolled,
PPA-2025FA-24,S0003358,2025FA,Enrolled,
PPA-2025FA-25,S0039018,2025FA,Enrolled,
PPA-2025FA-25,S0026038,2025FA,Enrolled,
PPA-2025FA-25,S0014370,2025FA,Enrolled,
PPA-2025FA-25,S0029604,2025FA,Enrolled,
PPA-2025FA-25,S0029180,2025FA,Enrolled,
PPA-2025FA-25,S0017702,2025FA,Enrolled,
PPA-2025FA-25,S0010014,2025FA,Enrolled,
PPA-2025FA-25,S0003620,2025FA,Enrolled,
PPA-2025FA-25,S0000534,2025FA,Enrolled,
PPA-2025FA-25,S0026008,2025FA,Enrolled,
PPA-2025FA-25,S0021257,2025FA,Enrolled,
PPA-2025FA-25,S0030425,2025FA,Enrolled,
PPA-2025FA-25,S0031238,2025FA,Enrolled,
PPA-2025FA-25,S0003585,2025FA,Enrolled,
PPA-2025FA-25,S0034090,2025FA,Enrolled,
PPA-2025FA-25,S0015846,2025FA,Enrolled,
PPA-2025FA-25,S0038399,2025FA,Enrolled,
PPA-2025FA-25,S0038376,2025FA,Enrolled,
PPA-2025FA-25,S0034387,2025FA,Enrolled,
PPA-2025FA-25,S0030451,2025FA,Enrolled,
PPA-2025FA-25,S0015089,2025FA,Enrolled,
PPA-2025FA-25,S0022666,2025FA,Enrolled,
PPA-2025FA-25,S0028835,2025FA,Enrolled,
PPA-2025FA-25,S0027286,2025FA,Enrolled,
PPA-2025FA-26,S0039932,2025FA,Enrolled,
PPA-2025FA-26,S0021491,2025FA,Enrolled,
PPA-2025FA-26,S0035998,2025FA,Enrolled,
PPA-2025FA-26,S0025350,2025FA,Enrolled,
PPA-2025FA-26,S0037988,2025FA,Enrolled,
PPA-2025FA-26,S0032789,2025FA,Enrolled,
PPA-2025FA-26,S0040567,2025FA,Enrolled,
PPA-2025FA-26,S0038565,2025FA,Enrolled,
PPA-2025FA-26,S0031527,2025FA,Enrolled,
PPA-2025FA-26,S0011931,2025FA,Enrolled,
PPA-2025FA-26,S0017085,2025FA,Enrolled,
PPA-2025FA-26,S0017726,2025FA,Enrolled,
PPA-2025FA-26,S0030680,2025FA,Enrolled,
PPA-2025FA-26,S0004985,2025FA,Enrolled,
PPA-2025FA-26,S0023559,2025FA,Enrolled,
PPA-2025FA-26,S0027441,2025FA,Enrolled,
PPA-2025FA-26,S0035968,2025FA,Enrolled,
PPA-2025FA-26,S0023258,2025FA,Enrolled,
PPA-2025FA-26,S0037905,2025FA,Enrolled,
PPA-2025FA-26,S0011402,2025FA,Enrolled,
PPA-2025FA-26,S0000490,2025FA,Enrolled,
PPA-2025FA-26,S0030330,2025FA,Enrolled,
PPA-2025FA-26,S0032897,2025FA,Enrolled,
PPA-2025FA-26,S0030674,2025FA,Enrolled,
PPA-2025FA-27,S0032623,2025FA,Enrolled,
PPA-2025FA-27,S0009604,2025FA,Enrolled,
PPA-2025FA-27,S0028624,2025FA,Enrolled,
PPA-2025FA-27,S0033201,2025FA,Enrolled,
PPA-2025FA-27,S0039854,2025FA,Enrolled,
PPA-2025FA-27,S0029118,2025FA,Enrolled,
PPA-2025FA-27,S0004939,2025FA,Enrolled,
PPA-2025FA-27,S0040514,2025FA,Enrolled,
PPA-2025FA-27,S0013109,2025FA,Enrolled,
PPA-2025FA-27,S0035232,2025FA,Enrolled,
PPA-2025FA-27,S0031481,2025FA,Enrolled,
PPA-2025FA-27,S0029342,2025FA,Enrolled,
PPA-2025FA-27,S0031451,2025FA,Enrolled,
PPA-2025FA-27,S0014571,2025FA,Enrolled,
PPA-2025FA-27,S0011790,2025FA,Enrolled,
PPA-2025FA-27,S0027766,2025FA,Enrolled,
PPA-2025FA-27,S0038552,2025FA,Enrolled,
PPA-2025FA-27,S0039011,2025FA,Enrolled,
PPA-2025FA-27,S0034254,2025FA,Enrolled,
PPA-2025FA-27,S0034397,2025FA,Enrolled,
PPA-2025FA-27,S0013363,2025FA,Enrolled,
PPA-2025FA-27,S0011442,2025FA,Enrolled,
PPA-2025FA-27,S0021579,2025FA,Enrolled,
PPA-2025FA-27,S0006017,2025FA,Enrolled,
PPA-2025FA-28,S0019134,2025FA,Enrolled,
PPA-2025FA-28,S0035294,2025FA,Enrolled,
PPA-2025FA-28,S0032078,2025FA,Enrolled,
PPA-2025FA-28,S0030802,2025FA,Enrolled,
PPA-2025FA-28,S0035095,2025FA,Enrolled,
PPA-2025FA-28,S0022760,2025FA,Enrolled,
PPA-2025FA-28,S0021852,2025FA,Enrolled,
PPA-2025FA-28,S0015501,2025FA,Enrolled,
PPA-2025FA-28,S0039782,2025FA,Enrolled,
PPA-2025FA-28,S0028811,2025FA,Enrolled,
PPA-2025FA-28,S0003438,2025FA,Enrolled,
PPA-2025FA-28,S0040439,2025FA,Enrolled,
PPA-2025FA-28,S0032826,2025FA,Enrolled,
PPA-2025FA-28,S0038602,2025FA,Enrolled,
PPA-2025FA-28,S0038894,2025FA,Enrolled,
PPA-2025FA-28,S0039911,2025FA,Enrolled,
PPA-2025FA-28,S0021406,2025FA,Enrolled,
PPA-2025FA-28,S0008884,2025FA,Enrolled,
PPA-2025FA-28,S0033671,2025FA,Enrolled,
PPA-2025FA-28,S0036174,2025FA,Enrolled,
PPA-2025FA-28,S0038741,2025FA,Enrolled,
PPA-2025FA-28,S0000145,2025FA,Enrolled,
PPA-2025FA-28,S0040611,2025FA,Enrolled,
PPA-2025FA-28,S0010850,2025FA,Enrolled,
PPA-2025FA-29,S0037906,2025FA,Enrolled,
PPA-2025FA-29,S0024279,2025FA,Enrolled,
PPA-2025FA-29,S0037965,2025FA,Enrolled,
PPA-2025FA-29,S0016140,2025FA,Enrolled,
PPA-2025FA-29,S0004318,2025FA,Enrolled,
PPA-2025FA-29,S0021791,2025FA,Enrolled,
PPA-2025FA-29,S0036504,2025FA,Enrolled,
PPA-2025FA-29,S0022892,2025FA,Enrolled,
PPA-2025FA-29,S0039939,2025FA,Enrolled,
PPA-2025FA-29,S0009675,2025FA,Enrolled,
PPA-2025FA-29,S0039675,2025FA,Enrolled,
PPA-2025FA-29,S0003410,2025FA,Enrolled,
PPA-2025FA-29,S0039276,2025FA,Enrolled,
PPA-2025FA-29,S0040481,2025FA,Enrolled,
PPA-2025FA-29,S0040487,2025FA,Enrolled,
PPA-2025FA-29,S0013243,2025FA,Enrolled,
PPA-2025FA-29,S0014219,2025FA,Enrolled,
PPA-2025FA-29,S0010325,2025FA,Enrolled,
PPA-2025FA-29,S0032446,2025FA,Enrolled,
PPA-2025FA-29,S0022901,2025FA,Enrolled,
PPA-2025FA-29,S0004662,2025FA,Enrolled,
PPA-2025FA-29,S0027536,2025FA,Enrolled,
PPA-2025FA-29,S0005095,2025FA,Enrolled,
PPA-2025FA-29,S0032893,2025FA,Enrolled,
PPA-2025FA-30,S0040327,2025FA,Enrolled,
PPA-2025FA-30,S0006727,2025FA,Enrolled,
PPA-2025FA-30,S0029458,2025FA,Enrolled,
PPA-2025FA-30,S0037643,2025FA,Enrolled,
PPA-2025FA-30,S0000974,2025FA,Enrolled,
PPA-2025FA-30,S0036972,2025FA,Enrolled,
PPA-2025FA-30,S0010867,2025FA,Enrolled,
PPA-2025FA-30,S0033192,2025FA,Enrolled,
PPA-2025FA-30,S0005695,2025FA,Enrolled,
PPA-2025FA-30,S0039900,2025FA,Enrolled,
PPA-2025FA-30,S0029162,2025FA,Enrolled,
PPA-2025FA-30,S0001559,2025FA,Enrolled,
PPA-2025FA-30,S0015669,2025FA,Enrolled,
PPA-2025FA-30,S0031779,2025FA,Enrolled,
PPA-2025FA-30,S0026851,2025FA,Enrolled,
PPA-2025FA-30,S0010978,2025FA,Enrolled,
PPA-2025FA-30,S0009424,2025FA,Enrolled,
PPA-2025FA-30,S0030495,2025FA,Enrolled,
PPA-2025FA-30,S0029470,2025FA,Enrolled,
PPA-2025FA-30,S0040458,2025FA,Enrolled,
PPA-2025FA-30,S0013971,2025FA,Enrolled,
PPA-2025FA-30,S0022015,2025FA,Enrolled,
PPA-2025FA-30,S0012016,2025FA,Enrolled,
PPA-2025FA-30,S0032857,2025FA,Enrolled,
PPA-2025FA-31,S0003046,2025FA,Enrolled,
PPA-2025FA-31,S0012914,2025FA,Enrolled,
PPA-2025FA-31,S0037351,2025FA,Enrolled,
PPA-2025FA-31,S0027102,2025FA,Enrolled,
PPA-2025FA-31,S0033791,2025FA,Enrolled,
PPA-2025FA-31,S0008969,2025FA,Enrolled,
PPA-2025FA-31,S0037427,2025FA,Enrolled,
PPA-2025FA-31,S0028440,2025FA,Enrolled,
PPA-2025FA-31,S0007019,2025FA,Enrolled,
PPA-2025FA-31,S0032921,2025FA,Enrolled,
PPA-2025FA-31,S0017588,2025FA,Enrolled,
PPA-2025FA-31,S0000380,2025FA,Enrolled,
PPA-2025FA-31,S0032767,2025FA,Enrolled,
PPA-2025FA-31,S0039337,2025FA,Enrolled,
PPA-2025FA-31,S0036465,2025FA,Enrolled,
PPA-2025FA-31,S0007670,2025FA,Enrolled,
PPA-2025FA-31,S0017669,2025FA,Enrolled,
PPA-2025FA-31,S0035560,2025FA,Enrolled,
PPA-2025FA-31,S0036219,2025FA,Enrolled,
PPA-2025FA-31,S0011487,2025FA,Enrolled,
PPA-2025FA-31,S0017122,2025FA,Enrolled,
PPA-2025FA-31,S0028114,2025FA,Enrolled,
PPA-2025FA-31,S0033579,2025FA,Enrolled,
PPA-2025FA-31,S0032754,2025FA,Enrolled,
PPA-2025FA-32,S0036071,2025FA,Enrolled,
PPA-2025FA-32,S0005755,2025FA,Enrolled,
PPA-2025FA-32,S0039169,2025FA,Enrolled,
PPA-2025FA-32,S0036157,2025FA,Enrolled,
PPA-2025FA-32,S0013418,2025FA,Enrolled,
PPA-2025FA-32,S0039370,2025FA,Enrolled,
PPA-2025FA-32,S0028401,2025FA,Enrolled,
PPA-2025FA-32,S0039510,2025FA,Enrolled,
PPA-2025FA-32,S0011412,2025FA,Enrolled,
PPA-2025FA-32,S0033372,2025FA,Enrolled,
PPA-2025FA-32,S0023483,2025FA,Enrolled,
PPA-2025FA-32,S0037446,2025FA,Enrolled,
PPA-2025FA-32,S0000224,2025FA,Enrolled,
PPA-2025FA-32,S0040323,2025FA,Enrolled,
PPA-2025FA-32,S0031559,2025FA,Enrolled,
PPA-2025FA-32,S0033318,2025FA,Enrolled,
PPA-2025FA-32,S0040034,2025FA,Enrolled,
PPA-2025FA-32,S0034185,2025FA,Enrolled,
PPA-2025FA-32,S0034408,2025FA,Enrolled,
PPA-2025FA-32,S0040035,2025FA,Enrolled,
PPA-2025FA-32,S0001626,2025FA,Enrolled,
PPA-2025FA-32,S0035566,2025FA,Enrolled,
PPA-2025FA-32,S0011115,2025FA,Enrolled,
PPA-2025FA-32,S0019314,2025FA,Enrolled,
PPA-2025FA-33,S0037896,2025FA,Enrolled,
PPA-2025FA-33,S0024157,2025FA,Enrolled,
PPA-2025FA-33,S0034038,2025FA,Enrolled,
PPA-2025FA-33,S0038767,2025FA,Enrolled,
PPA-2025FA-33,S0003790,2025FA,Enrolled,
PPA-2025FA-33,S0036123,2025FA,Enrolled,
PPA-2025FA-33,S0031623,2025FA,Enrolled,
PPA-2025FA-33,S0034288,2025FA,Enrolled,
PPA-2025FA-33,S0015630,2025FA,Enrolled,
PPA-2025FA-33,S0001265,2025FA,Enrolled,
PPA-2025FA-33,S0007527,2025FA,Enrolled,
PPA-2025FA-33,S0031150,2025FA,Enrolled,
PPA-2025FA-33,S0040348,2025FA,Enrolled,
PPA-2025FA-33,S0003067,2025FA,Enrolled,
PPA-2025FA-33,S0008287,2025FA,Enrolled,
PPA-2025FA-33,S0039213,2025FA,Enrolled,
PPA-2025FA-33,S0040273,2025FA,Enrolled,
PPA-2025FA-33,S0009056,2025FA,Enrolled,
PPA-2025FA-33,S0037362,2025FA,Enrolled,
PPA-2025FA-33,S0028602,2025FA,Enrolled,
PPA-2025FA-33,S0031712,2025FA,Enrolled,
PPA-2025FA-33,S0038932,2025FA,Enrolled,
PPA-2025FA-33,S0035570,2025FA,Enrolled,
PPA-2025FA-33,S0031611,2025FA,Enrolled,
PPA-2025FA-34,S0028087,2025FA,Enrolled,
PPA-2025FA-34,S0014774,2025FA,Enrolled,
PPA-2025FA-34,S0012755,2025FA,Enrolled,
PPA-2025FA-34,S0026441,2025FA,Enrolled,
PPA-2025FA-34,S0008020,2025FA,Enrolled,
PPA-2025FA-34,S0025761,2025FA,Enrolled,
PPA-2025FA-34,S0026885,2025FA,Enrolled,
PPA-2025FA-34,S0023273,2025FA,Enrolled,
PPA-2025FA-34,S0030467,2025FA,Enrolled,
PPA-2025FA-34,S0003455,2025FA,Enrolled,
PPA-2025FA-34,S0025863,2025FA,Enrolled,
PPA-2025FA-34,S0033249,2025FA,Enrolled,
PPA-2025FA-34,S0039043,2025FA,Enrolled,
PPA-2025FA-34,S0035961,2025FA,Enrolled,
PPA-2025FA-34,S0029410,2025FA,Enrolled,
PPA-2025FA-34,S0022560,2025FA,Enrolled,
PPA-2025FA-34,S0008678,2025FA,Enrolled,
PPA-2025FA-34,S0032153,2025FA,Enrolled,
PPA-2025FA-34,S0024321,2025FA,Enrolled,
PPA-2025FA-34,S0035839,2025FA,Enrolled,
PPA-2025FA-34,S0039580,2025FA,Enrolled,
PPA-2025FA-34,S0033063,2025FA,Enrolled,
PPA-2025FA-34,S0028949,2025FA,Enrolled,
PPA-2025FA-34,S0028197,2025FA,Enrolled,
PPA-2025FA-35,S0016011,2025FA,Enrolled,
PPA-2025FA-35,S0039349,2025FA,Enrolled,
PPA-2025FA-35,S0039692,2025FA,Enrolled,
PPA-2025FA-35,S0015601,2025FA,Enrolled,
PPA-2025FA-35,S0037589,2025FA,Enrolled,
PPA-2025FA-35,S0006299,2025FA,Enrolled,
PPA-2025FA-35,S0032476,2025FA,Enrolled,
PPA-2025FA-35,S0025441,2025FA,Enrolled,
PPA-2025FA-35,S0019648,2025FA,Enrolled,
PPA-2025FA-35,S0017877,2025FA,Enrolled,
PPA-2025FA-35,S0018030,2025FA,Enrolled,
PPA-2025FA-35,S0032534,2025FA,Enrolled,
PPA-2025FA-35,S0015448,2025FA,Enrolled,
PPA-2025FA-35,S0032395,2025FA,Enrolled,
PPA-2025FA-35,S0039449,2025FA,Enrolled,
PPA-2025FA-35,S0003536,2025FA,Enrolled,
PPA-2025FA-35,S0015240,2025FA,Enrolled,
PPA-2025FA-35,S0013262,2025FA,Enrolled,
PPA-2025FA-35,S0037844,2025FA,Enrolled,
PPA-2025FA-35,S0012824,2025FA,Enrolled,
PPA-2025FA-35,S0015445,2025FA,Enrolled,
PPA-2025FA-35,S0039155,2025FA,Enrolled,
PPA-2025FA-35,S0021150,2025FA,Enrolled,
PPA-2025FA-35,S0033996,2025FA,Enrolled,
PPA-2025FA-36,S0038892,2025FA,Enrolled,
PPA-2025FA-36,S0037990,2025FA,Enrolled,
PPA-2025FA-36,S0040269,2025FA,Enrolled,
PPA-2025FA-36,S0038842,2025FA,Enrolled,
PPA-2025FA-36,S0015877,2025FA,Enrolled,
PPA-2025FA-36,S0037483,2025FA,Enrolled,
PPA-2025FA-36,S0028196,2025FA,Enrolled,
PPA-2025FA-36,S0001565,2025FA,Enrolled,
PPA-2025FA-36,S0003441,2025FA,Enrolled,
PPA-2025FA-36,S0032325,2025FA,Enrolled,
PPA-2025FA-36,S0036530,2025FA,Enrolled,
PPA-2025FA-36,S0036821,2025FA,Enrolled,
PPA-2025FA-36,S0039686,2025FA,Enrolled,
PPA-2025FA-36,S0014559,2025FA,Enrolled,
PPA-2025FA-36,S0036975,2025FA,Enrolled,
PPA-2025FA-36,S0001958,2025FA,Enrolled,
PPA-2025FA-36,S0004049,2025FA,Enrolled,
PPA-2025FA-36,S0031716,2025FA,Enrolled,
PPA-2025FA-36,S0039999,2025FA,Enrolled,
PPA-2025FA-36,S0023663,2025FA,Enrolled,
PPA-2025FA-36,S0005887,2025FA,Enrolled,
PPA-2025FA-36,S0038875,2025FA,Enrolled,
PPA-2025FA-36,S0022754,2025FA,Enrolled,
PPA-2025FA-36,S0023069,2025FA,Enrolled,
PPA-2025FA-37,S0023233,2025FA,Enrolled,
PPA-2025FA-37,S0032077,2025FA,Enrolled,
PPA-2025FA-37,S0039809,2025FA,Enrolled,
PPA-2025FA-37,S0004090,2025FA,Enrolled,
PPA-2025FA-37,S0035648,2025FA,Enrolled,
PPA-2025FA-37,S0038748,2025FA,Enrolled,
PPA-2025FA-37,S0036038,2025FA,Enrolled,
PPA-2025FA-37,S0035786,2025FA,Enrolled,
PPA-2025FA-37,S0032645,2025FA,Enrolled,
PPA-2025FA-37,S0031800,2025FA,Enrolled,
PPA-2025FA-37,S0024331,2025FA,Enrolled,
PPA-2025FA-37,S0039429,2025FA,Enrolled,
PPA-2025FA-37,S0021295,2025FA,Enrolled,
PPA-2025FA-37,S0037176,2025FA,Enrolled,
PPA-2025FA-37,S0006336,2025FA,Enrolled,
PPA-2025FA-37,S0027192,2025FA,Enrolled,
PPA-2025FA-37,S0039991,2025FA,Enrolled,
PPA-2025FA-37,S0001875,2025FA,Enrolled,
PPA-2025FA-37,S0029359,2025FA,Enrolled,
PPA-2025FA-37,S0001784,2025FA,Enrolled,
PPA-2025FA-37,S0037750,2025FA,Enrolled,
PPA-2025FA-37,S0021902,2025FA,Enrolled,
PPA-2025FA-37,S0008221,2025FA,Enrolled,
PPA-2025FA-37,S0022542,2025FA,Enrolled,
PPA-2025FA-38,S0006804,2025FA,Enrolled,
PPA-2025FA-38,S0039178,2025FA,Enrolled,
PPA-2025FA-38,S0021183,2025FA,Enrolled,
PPA-2025FA-38,S0023279,2025FA,Enrolled,
PPA-2025FA-38,S0030564,2025FA,Enrolled,
PPA-2025FA-38,S0011563,2025FA,Enrolled,
PPA-2025FA-38,S0040356,2025FA,Enrolled,
PPA-2025FA-38,S0028483,2025FA,Enrolled,
PPA-2025FA-38,S0039091,2025FA,Enrolled,
PPA-2025FA-38,S0027867,2025FA,Enrolled,
PPA-2025FA-38,S0040155,2025FA,Enrolled,
PPA-2025FA-38,S0018723,2025FA,Enrolled,
PPA-2025FA-38,S0031015,2025FA,Enrolled,
PPA-2025FA-38,S0017205,2025FA,Enrolled,
PPA-2025FA-38,S0035818,2025FA,Enrolled,
PPA-2025FA-38,S0036575,2025FA,Enrolled,
PPA-2025FA-38,S0013753,2025FA,Enrolled,
PPA-2025FA-38,S0006106,2025FA,Enrolled,
PPA-2025FA-38,S0025519,2025FA,Enrolled,
PPA-2025FA-38,S0007491,2025FA,Enrolled,
PPA-2025FA-38,S0039976,2025FA,Enrolled,
PPA-2025FA-38,S0028038,2025FA,Enrolled,
PPA-2025FA-38,S0004789,2025FA,Enrolled,
PPA-2025FA-38,S0022019,2025FA,Enrolled,
PPA-2025FA-39,S0031581,2025FA,Enrolled,
PPA-2025FA-39,S0015700,2025FA,Enrolled,
PPA-2025FA-39,S0023522,2025FA,Enrolled,
PPA-2025FA-39,S0023357,2025FA,Enrolled,
PPA-2025FA-39,S0018357,2025FA,Enrolled,
PPA-2025FA-39,S0010699,2025FA,Enrolled,
PPA-2025FA-39,S0023729,2025FA,Enrolled,
PPA-2025FA-39,S0021822,2025FA,Enrolled,
PPA-2025FA-39,S0032508,2025FA,Enrolled,
PPA-2025FA-39,S0023156,2025FA,Enrolled,
PPA-2025FA-39,S0039404,2025FA,Enrolled,
PPA-2025FA-39,S0028265,2025FA,Enrolled,
PPA-2025FA-39,S0012033,2025FA,Enrolled,
PPA-2025FA-39,S0038733,2025FA,Enrolled,
PPA-2025FA-39,S0000313,2025FA,Enrolled,
PPA-2025FA-39,S0032851,2025FA,Enrolled,
PPA-2025FA-39,S0004539,2025FA,Enrolled,
PPA-2025FA-39,S0020711,2025FA,Enrolled,
PPA-2025FA-39,S0035842,2025FA,Enrolled,
PPA-2025FA-39,S0010747,2025FA,Enrolled,
PPA-2025FA-39,S0001983,2025FA,Enrolled,
PPA-2025FA-39,S0035607,2025FA,Enrolled,
PPA-2025FA-39,S0038799,2025FA,Enrolled,
PPA-2025FA-39,S0007826,2025FA,Enrolled,
PPA-2025FA-40,S0030628,2025FA,Enrolled,
PPA-2025FA-40,S0036657,2025FA,Enrolled,
PPA-2025FA-40,S0010403,2025FA,Enrolled,
PPA-2025FA-40,S0039596,2025FA,Enrolled,
PPA-2025FA-40,S0038282,2025FA,Enrolled,
PPA-2025FA-40,S0026392,2025FA,Enrolled,
PPA-2025FA-40,S0031086,2025FA,Enrolled,
PPA-2025FA-40,S0040190,2025FA,Enrolled,
PPA-2025FA-40,S0012871,2025FA,Enrolled,
PPA-2025FA-40,S0026855,2025FA,Enrolled,
PPA-2025FA-40,S0040267,2025FA,Enrolled,
PPA-2025FA-40,S0012935,2025FA,Enrolled,
PPA-2025FA-40,S0032567,2025FA,Enrolled,
PPA-2025FA-40,S0035234,2025FA,Enrolled,
PPA-2025FA-40,S0032582,2025FA,Enrolled,
PPA-2025FA-40,S0028659,2025FA,Enrolled,
PPA-2025FA-40,S0010612,2025FA,Enrolled,
PPA-2025FA-40,S0001529,2025FA,Enrolled,
PPA-2025FA-40,S0015343,2025FA,Enrolled,
PPA-2025FA-40,S0030427,2025FA,Enrolled,
PPA-2025FA-40,S0013120,2025FA,Enrolled,
PPA-2025FA-40,S0037599,2025FA,Enrolled,
PPA-2025FA-40,S0021424,2025FA,Enrolled,
PPA-2025FA-40,S0027923,2025FA,Enrolled,
PPA-2025FA-41,S0021198,2025FA,Enrolled,
PPA-2025FA-41,S0034374,2025FA,Enrolled,
PPA-2025FA-41,S0022708,2025FA,Enrolled,
PPA-2025FA-41,S0039598,2025FA,Enrolled,
PPA-2025FA-41,S0022363,2025FA,Enrolled,
PPA-2025FA-41,S0022382,2025FA,Enrolled,
PPA-2025FA-41,S0028642,2025FA,Enrolled,
PPA-2025FA-41,S0001303,2025FA,Enrolled,
PPA-2025FA-41,S0028400,2025FA,Enrolled,
PPA-2025FA-41,S0031096,2025FA,Enrolled,
PPA-2025FA-41,S0016995,2025FA,Enrolled,
PPA-2025FA-41,S0030372,2025FA,Enrolled,
PPA-2025FA-41,S0037122,2025FA,Enrolled,
PPA-2025FA-41,S0037075,2025FA,Enrolled,
PPA-2025FA-41,S0007414,2025FA,Enrolled,
PPA-2025FA-41,S0018023,2025FA,Enrolled,
PPA-2025FA-41,S0023566,2025FA,Enrolled,
PPA-2025FA-41,S0036906,2025FA,Enrolled,
PPA-2025FA-41,S0005968,2025FA,Enrolled,
PPA-2025FA-41,S0032174,2025FA,Enrolled,
PPA-2025FA-41,S0000768,2025FA,Enrolled,
PPA-2025FA-41,S0025924,2025FA,Enrolled,
PPA-2025FA-41,S0030974,2025FA,Enrolled,
PPA-2025FA-41,S0032184,2025FA,Enrolled,
PPA-2025FA-42,S0039438,2025FA,Enrolled,
PPA-2025FA-42,S0029033,2025FA,Enrolled,
PPA-2025FA-42,S0036716,2025FA,Enrolled,
PPA-2025FA-42,S0011894,2025FA,Enrolled,
PPA-2025FA-42,S0036133,2025FA,Enrolled,
PPA-2025FA-42,S0032340,2025FA,Enrolled,
PPA-2025FA-42,S0028210,2025FA,Enrolled,
PPA-2025FA-42,S0000010,2025FA,Enrolled,
PPA-2025FA-42,S0027370,2025FA,Enrolled,
PPA-2025FA-42,S0018082,2025FA,Enrolled,
PPA-2025FA-42,S0013723,2025FA,Enrolled,
PPA-2025FA-42,S0023393,2025FA,Enrolled,
PPA-2025FA-42,S0009779,2025FA,Enrolled,
PPA-2025FA-42,S0032907,2025FA,Enrolled,
PPA-2025FA-42,S0008364,2025FA,Enrolled,
PPA-2025FA-42,S0023692,2025FA,Enrolled,
PPA-2025FA-42,S0039839,2025FA,Enrolled,
PPA-2025FA-42,S0035794,2025FA,Enrolled,
PPA-2025FA-42,S0035134,2025FA,Enrolled,
PPA-2025FA-42,S0009602,2025FA,Enrolled,
PPA-2025FA-42,S0022125,2025FA,Enrolled,
PPA-2025FA-42,S0038050,2025FA,Enrolled,
PPA-2025FA-42,S0003082,2025FA,Enrolled,
PPA-2025FA-42,S0001665,2025FA,Enrolled,
PPA-2025FA-43,S0020942,2025FA,Enrolled,
PPA-2025FA-43,S0022823,2025FA,Enrolled,
PPA-2025FA-43,S0032402,2025FA,Enrolled,
PPA-2025FA-43,S0038617,2025FA,Enrolled,
PPA-2025FA-43,S0013503,2025FA,Enrolled,
PPA-2025FA-43,S0032098,2025FA,Enrolled,
PPA-2025FA-43,S0040218,2025FA,Enrolled,
PPA-2025FA-43,S0010644,2025FA,Enrolled,
PPA-2025FA-43,S0013104,2025FA,Enrolled,
PPA-2025FA-43,S0033682,2025FA,Enrolled,
PPA-2025FA-43,S0039145,2025FA,Enrolled,
PPA-2025FA-43,S0037378,2025FA,Enrolled,
PPA-2025FA-43,S0011203,2025FA,Enrolled,
PPA-2025FA-43,S0036214,2025FA,Enrolled,
PPA-2025FA-43,S0037138,2025FA,Enrolled,
PPA-2025FA-43,S0011481,2025FA,Enrolled,
PPA-2025FA-43,S0010045,2025FA,Enrolled,
PPA-2025FA-43,S0037444,2025FA,Enrolled,
PPA-2025FA-43,S0038328,2025FA,Enrolled,
PPA-2025FA-43,S0040011,2025FA,Enrolled,
PPA-2025FA-43,S0035965,2025FA,Enrolled,
PPA-2025FA-43,S0032365,2025FA,Enrolled,
PPA-2025FA-43,S0018817,2025FA,Enrolled,
PPA-2025FA-43,S0013024,2025FA,Enrolled,
PPA-2025FA-44,S0007960,2025FA,Enrolled,
PPA-2025FA-44,S0036951,2025FA,Enrolled,
PPA-2025FA-44,S0014801,2025FA,Enrolled,
PPA-2025FA-44,S0036287,2025FA,Enrolled,
PPA-2025FA-44,S0032905,2025FA,Enrolled,
PPA-2025FA-44,S0018718,2025FA,Enrolled,
PPA-2025FA-44,S0011070,2025FA,Enrolled,
PPA-2025FA-44,S0035840,2025FA,Enrolled,
PPA-2025FA-44,S0020894,2025FA,Enrolled,
PPA-2025FA-44,S0039042,2025FA,Enrolled,
PPA-2025FA-44,S0000150,2025FA,Enrolled,
PPA-2025FA-44,S0037081,2025FA,Enrolled,
PPA-2025FA-44,S0038199,2025FA,Enrolled,
PPA-2025FA-44,S0031635,2025FA,Enrolled,
PPA-2025FA-44,S0019486,2025FA,Enrolled,
PPA-2025FA-44,S0032288,2025FA,Enrolled,
PPA-2025FA-44,S0035784,2025FA,Enrolled,
PPA-2025FA-44,S0008605,2025FA,Enrolled,
PPA-2025FA-44,S0000680,2025FA,Enrolled,
PPA-2025FA-44,S0033000,2025FA,Enrolled,
PPA-2025FA-44,S0036270,2025FA,Enrolled,
PPA-2025FA-44,S0026282,2025FA,Enrolled,
PPA-2025FA-44,S0038745,2025FA,Enrolled,
PPA-2025FA-44,S0003358,2025FA,Enrolled,
PPA-2025FA-45,S0039018,2025FA,Enrolled,
PPA-2025FA-45,S0026038,2025FA,Enrolled,
PPA-2025FA-45,S0014370,2025FA,Enrolled,
PPA-2025FA-45,S0029604,2025FA,Enrolled,
PPA-2025FA-45,S0029180,2025FA,Enrolled,
PPA-2025FA-45,S0017702,2025FA,Enrolled,
PPA-2025FA-45,S0010014,2025FA,Enrolled,
PPA-2025FA-45,S0003620,2025FA,Enrolled,
PPA-2025FA-45,S0000534,2025FA,Enrolled,
PPA-2025FA-45,S0026008,2025FA,Enrolled,
PPA-2025FA-45,S0021257,2025FA,Enrolled,
PPA-2025FA-45,S0030425,2025FA,Enrolled,
PPA-2025FA-45,S0031238,2025FA,Enrolled,
PPA-2025FA-45,S0003585,2025FA,Enrolled,
PPA-2025FA-45,S0034090,2025FA,Enrolled,
PPA-2025FA-45,S0015846,2025FA,Enrolled,
PPA-2025FA-45,S0038399,2025FA,Enrolled,
PPA-2025FA-45,S0038376,2025FA,Enrolled,
PPA-2025FA-45,S0034387,2025FA,Enrolled,
PPA-2025FA-45,S0030451,2025FA,Enrolled,
PPA-2025FA-45,S0015089,2025FA,Enrolled,
PPA-2025FA-45,S0022666,2025FA,Enrolled,
PPA-2025FA-45,S0028835,2025FA,Enrolled,
PPA-2025FA-45,S0027286,2025FA,Enrolled,
PPA-2025FA-46,S0039932,2025FA,Enrolled,
PPA-2025FA-46,S0021491,2025FA,Enrolled,
PPA-2025FA-46,S0035998,2025FA,Enrolled,
PPA-2025FA-46,S0025350,2025FA,Enrolled,
PPA-2025FA-46,S0037988,2025FA,Enrolled,
PPA-2025FA-46,S0032789,2025FA,Enrolled,
PPA-2025FA-46,S0040567,2025FA,Enrolled,
PPA-2025FA-46,S0038565,2025FA,Enrolled,
PPA-2025FA-46,S0031527,2025FA,Enrolled,
PPA-2025FA-46,S0011931,2025FA,Enrolled,
PPA-2025FA-46,S0017085,2025FA,Enrolled,
PPA-2025FA-46,S0017726,2025FA,Enrolled,
PPA-2025FA-46,S0030680,2025FA,Enrolled,
PPA-2025FA-46,S0004985,2025FA,Enrolled,
PPA-2025FA-46,S0023559,2025FA,Enrolled,
PPA-2025FA-46,S0027441,2025FA,Enrolled,
PPA-2025FA-46,S0035968,2025FA,Enrolled,
PPA-2025FA-46,S0023258,2025FA,Enrolled,
PPA-2025FA-46,S0037905,2025FA,Enrolled,
PPA-2025FA-46,S0011402,2025FA,Enrolled,
PPA-2025FA-46,S0000490,2025FA,Enrolled,
PPA-2025FA-46,S0030330,2025FA,Enrolled,
PPA-2025FA-46,S0032897,2025FA,Enrolled,
PPA-2025FA-46,S0030674,2025FA,Enrolled,
PPA-2025FA-47,S0032623,2025FA,Enrolled,
PPA-2025FA-47,S0009604,2025FA,Enrolled,
PPA-2025FA-47,S0028624,2025FA,Enrolled,
PPA-2025FA-47,S0033201,2025FA,Enrolled,
PPA-2025FA-47,S0039854,2025FA,Enrolled,
PPA-2025FA-47,S0029118,2025FA,Enrolled,
PPA-2025FA-47,S0004939,2025FA,Enrolled,
PPA-2025FA-47,S0040514,2025FA,Enrolled,
PPA-2025FA-47,S0013109,2025FA,Enrolled,
PPA-2025FA-47,S0035232,2025FA,Enrolled,
PPA-2025FA-47,S0031481,2025FA,Enrolled,
PPA-2025FA-47,S0029342,2025FA,Enrolled,
PPA-2025FA-47,S0031451,2025FA,Enrolled,
PPA-2025FA-47,S0014571,2025FA,Enrolled,
PPA-2025FA-47,S0011790,2025FA,Enrolled,
PPA-2025FA-47,S0027766,2025FA,Enrolled,
PPA-2025FA-47,S0038552,2025FA,Enrolled,
PPA-2025FA-47,S0039011,2025FA,Enrolled,
PPA-2025FA-47,S0034254,2025FA,Enrolled,
PPA-2025FA-47,S0034397,2025FA,Enrolled,
PPA-2025FA-47,S0013363,2025FA,Enrolled,
PPA-2025FA-47,S0011442,2025FA,Enrolled,
PPA-2025FA-47,S0021579,2025FA,Enrolled,
PPA-2025FA-47,S0006017,2025FA,Enrolled,
PPA-2025FA-48,S0019134,2025FA,Enrolled,
PPA-2025FA-48,S0035294,2025FA,Enrolled,
PPA-2025FA-48,S0032078,2025FA,Enrolled,
PPA-2025FA-48,S0030802,2025FA,Enrolled,
PPA-2025FA-48,S0035095,2025FA,Enrolled,
PPA-2025FA-48,S0022760,2025FA,Enrolled,
PPA-2025FA-48,S0021852,2025FA,Enrolled,
PPA-2025FA-48,S0015501,2025FA,Enrolled,
PPA-2025FA-48,S0039782,2025FA,Enrolled,
PPA-2025FA-48,S0028811,2025FA,Enrolled,
PPA-2025FA-48,S0003438,2025FA,Enrolled,
PPA-2025FA-48,S0040439,2025FA,Enrolled,
PPA-2025FA-48,S0032826,2025FA,Enrolled,
PPA-2025FA-48,S0038602,2025FA,Enrolled,
PPA-2025FA-48,S0038894,2025FA,Enrolled,
PPA-2025FA-48,S0039911,2025FA,Enrolled,
PPA-2025FA-48,S0021406,2025FA,Enrolled,
PPA-2025FA-48,S0008884,2025FA,Enrolled,
PPA-2025FA-48,S0033671,2025FA,Enrolled,
PPA-2025FA-48,S0036174,2025FA,Enrolled,
PPA-2025FA-48,S0038741,2025FA,Enrolled,
PPA-2025FA-48,S0000145,2025FA,Enrolled,
PPA-2025FA-48,S0040611,2025FA,Enrolled,
PPA-2025FA-48,S0010850,2025FA,Enrolled,
PPA-2025FA-49,S0037906,2025FA,Enrolled,
PPA-2025FA-49,S0024279,2025FA,Enrolled,
PPA-2025FA-49,S0037965,2025FA,Enrolled,
PPA-2025FA-49,S0016140,2025FA,Enrolled,
PPA-2025FA-49,S0004318,2025FA,Enrolled,
PPA-2025FA-49,S0021791,2025FA,Enrolled,
PPA-2025FA-49,S0036504,2025FA,Enrolled,
PPA-2025FA-49,S0022892,2025FA,Enrolled,
PPA-2025FA-49,S0039939,2025FA,Enrolled,
PPA-2025FA-49,S0009675,2025FA,Enrolled,
PPA-2025FA-49,S0039675,2025FA,Enrolled,
PPA-2025FA-49,S0003410,2025FA,Enrolled,
PPA-2025FA-49,S0039276,2025FA,Enrolled,
PPA-2025FA-49,S0040481,2025FA,Enrolled,
PPA-2025FA-49,S0040487,2025FA,Enrolled,
PPA-2025FA-49,S0013243,2025FA,Enrolled,
PPA-2025FA-49,S0014219,2025FA,Enrolled,
PPA-2025FA-49,S0010325,2025FA,Enrolled,
PPA-2025FA-49,S0032446,2025FA,Enrolled,
PPA-2025FA-49,S0022901,2025FA,Enrolled,
PPA-2025FA-49,S0004662,2025FA,Enrolled,
PPA-2025FA-49,S0027536,2025FA,Enrolled,
PPA-2025FA-49,S0005095,2025FA,Enrolled,
PPA-2025FA-49,S0032893,2025FA,Enrolled,
PPA-2025FA-50,S0040327,2025FA,Enrolled,
PPA-2025FA-50,S0006727,2025FA,Enrolled,
PPA-2025FA-50,S0029458,2025FA,Enrolled,
PPA-2025FA-50,S0037643,2025FA,Enrolled,
PPA-2025FA-50,S0000974,2025FA,Enrolled,
PPA-2025FA-50,S0036972,2025FA,Enrolled,
PPA-2025FA-50,S0010867,2025FA,Enrolled,
PPA-2025FA-50,S0033192,2025FA,Enrolled,
PPA-2025FA-50,S0005695,2025FA,Enrolled,
PPA-2025FA-50,S0039900,2025FA,Enrolled,
PPA-2025FA-50,S0029162,2025FA,Enrolled,
PPA-2025FA-50,S0001559,2025FA,Enrolled,
PPA-2025FA-50,S0015669,2025FA,Enrolled,
PPA-2025FA-50,S0031779,2025FA,Enrolled,
PPA-2025FA-50,S0026851,2025FA,Enrolled,
PPA-2025FA-50,S0010978,2025FA,Enrolled,
PPA-2025FA-50,S0009424,2025FA,Enrolled,
PPA-2025FA-50,S0030495,2025FA,Enrolled,
PPA-2025FA-50,S0029470,2025FA,Enrolled,
PPA-2025FA-50,S0040458,2025FA,Enrolled,
PPA-2025FA-50,S0013971,2025FA,Enrolled,
PPA-2025FA-50,S0022015,2025FA,Enrolled,
PPA-2025FA-50,S0012016,2025FA,Enrolled,
PPA-2025FA-50,S0032857,2025FA,Enrolled,
PPA-2025FA-51,S0003046,2025FA,Enrolled,
PPA-2025FA-51,S0012914,2025FA,Enrolled,
PPA-2025FA-51,S0037351,2025FA,Enrolled,
PPA-2025FA-51,S0027102,2025FA,Enrolled,
PPA-2025FA-51,S0033791,2025FA,Enrolled,
PPA-2025FA-51,S0008969,2025FA,Enrolled,
PPA-2025FA-51,S0037427,2025FA,Enrolled,
PPA-2025FA-51,S0028440,2025FA,Enrolled,
PPA-2025FA-51,S0007019,2025FA,Enrolled,
PPA-2025FA-51,S0032921,2025FA,Enrolled,
PPA-2025FA-51,S0017588,2025FA,Enrolled,
PPA-2025FA-51,S0000380,2025FA,Enrolled,
PPA-2025FA-51,S0032767,2025FA,Enrolled,
PPA-2025FA-51,S0039337,2025FA,Enrolled,
PPA-2025FA-51,S0036465,2025FA,Enrolled,
PPA-2025FA-51,S0007670,2025FA,Enrolled,
PPA-2025FA-51,S0017669,2025FA,Enrolled,
PPA-2025FA-51,S0035560,2025FA,Enrolled,
PPA-2025FA-51,S0036219,2025FA,Enrolled,
PPA-2025FA-51,S0011487,2025FA,Enrolled,
PPA-2025FA-51,S0017122,2025FA,Enrolled,
PPA-2025FA-51,S0028114,2025FA,Enrolled,
PPA-2025FA-51,S0033579,2025FA,Enrolled,
PPA-2025FA-51,S0032754,2025FA,Enrolled,
PPA-2025FA-52,S0036071,2025FA,Enrolled,
PPA-2025FA-52,S0005755,2025FA,Enrolled,
PPA-2025FA-52,S0039169,2025FA,Enrolled,
PPA-2025FA-52,S0036157,2025FA,Enrolled,
PPA-2025FA-52,S0013418,2025FA,Enrolled,
PPA-2025FA-52,S0039370,2025FA,Enrolled,
PPA-2025FA-52,S0028401,2025FA,Enrolled,
PPA-2025FA-52,S0039510,2025FA,Enrolled,
PPA-2025FA-52,S0011412,2025FA,Enrolled,
PPA-2025FA-52,S0033372,2025FA,Enrolled,
PPA-2025FA-52,S0023483,2025FA,Enrolled,
PPA-2025FA-52,S0037446,2025FA,Enrolled,
PPA-2025FA-52,S0000224,2025FA,Enrolled,
PPA-2025FA-52,S0040323,2025FA,Enrolled,
PPA-2025FA-52,S0031559,2025FA,Enrolled,
PPA-2025FA-52,S0033318,2025FA,Enrolled,
PPA-2025FA-52,S0040034,2025FA,Enrolled,
PPA-2025FA-52,S0034185,2025FA,Enrolled,
PPA-2025FA-52,S0034408,2025FA,Enrolled,
PPA-2025FA-52,S0040035,2025FA,Enrolled,
PPA-2025FA-52,S0001626,2025FA,Enrolled,
PPA-2025FA-52,S0035566,2025FA,Enrolled,
PPA-2025FA-52,S0011115,2025FA,Enrolled,
PPA-2025FA-52,S0019314,2025FA,Enrolled,
PPA-2025FA-53,S0037896,2025FA,Enrolled,
PPA-2025FA-53,S0024157,2025FA,Enrolled,
PPA-2025FA-53,S0034038,2025FA,Enrolled,
PPA-2025FA-53,S0038767,2025FA,Enrolled,
PPA-2025FA-53,S0003790,2025FA,Enrolled,
PPA-2025FA-53,S0036123,2025FA,Enrolled,
PPA-2025FA-53,S0031623,2025FA,Enrolled,
PPA-2025FA-53,S0034288,2025FA,Enrolled,
PPA-2025FA-53,S0015630,2025FA,Enrolled,
PPA-2025FA-53,S0001265,2025FA,Enrolled,
PPA-2025FA-53,S0007527,2025FA,Enrolled,
PPA-2025FA-53,S0031150,2025FA,Enrolled,
PPA-2025FA-53,S0040348,2025FA,Enrolled,
PPA-2025FA-53,S0003067,2025FA,Enrolled,
PPA-2025FA-53,S0008287,2025FA,Enrolled,
PPA-2025FA-53,S0039213,2025FA,Enrolled,
PPA-2025FA-53,S0040273,2025FA,Enrolled,
PPA-2025FA-53,S0009056,2025FA,Enrolled,
PPA-2025FA-53,S0037362,2025FA,Enrolled,
PPA-2025FA-53,S0028602,2025FA,Enrolled,
PPA-2025FA-53,S0031712,2025FA,Enrolled,
PPA-2025FA-53,S0038932,2025FA,Enrolled,
PPA-2025FA-53,S0035570,2025FA,Enrolled,
PPA-2025FA-53,S0031611,2025FA,Enrolled,
PPA-2025FA-54,S0028087,2025FA,Enrolled,
PPA-2025FA-54,S0014774,2025FA,Enrolled,
PPA-2025FA-54,S0012755,2025FA,Enrolled,
PPA-2025FA-54,S0026441,2025FA,Enrolled,
PPA-2025FA-54,S0008020,2025FA,Enrolled,
PPA-2025FA-54,S0025761,2025FA,Enrolled,
PPA-2025FA-54,S0026885,2025FA,Enrolled,
PPA-2025FA-54,S0023273,2025FA,Enrolled,
PPA-2025FA-54,S0030467,2025FA,Enrolled,
PPA-2025FA-54,S0003455,2025FA,Enrolled,
PPA-2025FA-54,S0025863,2025FA,Enrolled,
PPA-2025FA-54,S0033249,2025FA,Enrolled,
PPA-2025FA-54,S0039043,2025FA,Enrolled,
PPA-2025FA-54,S0035961,2025FA,Enrolled,
PPA-2025FA-54,S0029410,2025FA,Enrolled,
PPA-2025FA-54,S0022560,2025FA,Enrolled,
PPA-2025FA-54,S0008678,2025FA,Enrolled,
PPA-2025FA-54,S0032153,2025FA,Enrolled,
PPA-2025FA-54,S0024321,2025FA,Enrolled,
PPA-2025FA-54,S0035839,2025FA,Enrolled,
PPA-2025FA-54,S0039580,2025FA,Enrolled,
PPA-2025FA-54,S0033063,2025FA,Enrolled,
PPA-2025FA-54,S0028949,2025FA,Enrolled,
PPA-2025FA-54,S0028197,2025FA,Enrolled,
PPA-2025FA-55,S0016011,2025FA,Enrolled,
PPA-2025FA-55,S0039349,2025FA,Enrolled,
PPA-2025FA-55,S0039692,2025FA,Enrolled,
PPA-2025FA-55,S0015601,2025FA,Enrolled,
PPA-2025FA-55,S0037589,2025FA,Enrolled,
PPA-2025FA-55,S0006299,2025FA,Enrolled,
PPA-2025FA-55,S0032476,2025FA,Enrolled,
PPA-2025FA-55,S0025441,2025FA,Enrolled,
PPA-2025FA-55,S0019648,2025FA,Enrolled,
PPA-2025FA-55,S0017877,2025FA,Enrolled,
PPA-2025FA-55,S0018030,2025FA,Enrolled,
PPA-2025FA-55,S0032534,2025FA,Enrolled,
PPA-2025FA-55,S0015448,2025FA,Enrolled,
PPA-2025FA-55,S0032395,2025FA,Enrolled,
PPA-2025FA-55,S0039449,2025FA,Enrolled,
PPA-2025FA-55,S0003536,2025FA,Enrolled,
PPA-2025FA-55,S0015240,2025FA,Enrolled,
PPA-2025FA-55,S0013262,2025FA,Enrolled,
PPA-2025FA-55,S0037844,2025FA,Enrolled,
PPA-2025FA-55,S0012824,2025FA,Enrolled,
PPA-2025FA-55,S0015445,2025FA,Enrolled,
PPA-2025FA-55,S0039155,2025FA,Enrolled,
PPA-2025FA-55,S0021150,2025FA,Enrolled,
PPA-2025FA-55,S0033996,2025FA,Enrolled,
PPA-2025FA-56,S0038892,2025FA,Enrolled,
PPA-2025FA-56,S0037990,2025FA,Enrolled,
PPA-2025FA-56,S0040269,2025FA,Enrolled,
PPA-2025FA-56,S0038842,2025FA,Enrolled,
PPA-2025FA-56,S0015877,2025FA,Enrolled,
PPA-2025FA-56,S0037483,2025FA,Enrolled,
PPA-2025FA-56,S0028196,2025FA,Enrolled,
PPA-2025FA-56,S0001565,2025FA,Enrolled,
PPA-2025FA-56,S0003441,2025FA,Enrolled,
PPA-2025FA-56,S0032325,2025FA,Enrolled,
PPA-2025FA-56,S0036530,2025FA,Enrolled,
PPA-2025FA-56,S0036821,2025FA,Enrolled,
PPA-2025FA-56,S0039686,2025FA,Enrolled,
PPA-2025FA-56,S0014559,2025FA,Enrolled,
PPA-2025FA-56,S0036975,2025FA,Enrolled,
PPA-2025FA-56,S0001958,2025FA,Enrolled,
PPA-2025FA-56,S0004049,2025FA,Enrolled,
PPA-2025FA-56,S0031716,2025FA,Enrolled,
PPA-2025FA-56,S0039999,2025FA,Enrolled,
PPA-2025FA-56,S0023663,2025FA,Enrolled,
PPA-2025FA-56,S0005887,2025FA,Enrolled,
PPA-2025FA-56,S0038875,2025FA,Enrolled,
PPA-2025FA-56,S0022754,2025FA,Enrolled,
PPA-2025FA-56,S0023069,2025FA,Enrolled,
